ib_refresh_loop started; rebuilding every 600 s
8,358 accounts under IBs
MT5 done: 1,260,934 trades
MT4 done: 1,996 trades

trades built: 1,262,930   short(<5min): 545,627
commission WITHOUT 5-min rule: $198,480.92
commission WITH 5-min rule:    $111,852.15
SAVINGS from 5-min rule:       $86,628.77
short-trade rows: (545968, Decimal('210813.08'))
8,358 accounts under IBs
MT5 done: 1,261,286 trades
MT4 done: 1,999 trades

trades built: 1,263,285   short(<5min): 545,774
commission WITHOUT 5-min rule: $198,528.52
commission WITH 5-min rule:    $111,882.89
SAVINGS from 5-min rule:       $86,645.63
short-trade rows: (546118, Decimal('210861.78'))
8,358 accounts under IBs
MT5 done: 1,261,394 trades
MT4 done: 1,999 trades

trades built: 1,263,393   short(<5min): 545,831
commission WITHOUT 5-min rule: $198,541.23
commission WITH 5-min rule:    $111,888.80
SAVINGS from 5-min rule:       $86,652.43
short-trade rows: (546204, Decimal('210183.49'))
8,358 accounts under IBs
MT5 done: 1,261,394 trades
MT4 done: 2,003 trades

trades built: 1,263,397   short(<5min): 545,831
commission WITHOUT 5-min rule: $198,541.77
commission WITH 5-min rule:    $111,889.34
SAVINGS from 5-min rule:       $86,652.43
short-trade rows: (546204, Decimal('210183.49'))
8,358 accounts under IBs
MT5 done: 1,262,196 trades
MT4 done: 2,047 trades

trades built: 1,264,243   short(<5min): 546,236
commission WITHOUT 5-min rule: $198,793.77
commission WITH 5-min rule:    $112,018.23
SAVINGS from 5-min rule:       $86,775.54
short-trade rows: (546694, Decimal('207691.70'))
8,360 accounts under IBs
MT5 done: 1,262,815 trades
MT4 done: 2,050 trades

trades built: 1,264,865   short(<5min): 546,422
commission WITHOUT 5-min rule: $198,888.04
commission WITH 5-min rule:    $112,082.18
SAVINGS from 5-min rule:       $86,805.86
short-trade rows: (546898, Decimal('207860.39'))
8,358 accounts under IBs
MT5 done: 1,262,815 trades
MT4 done: 2,093 trades

trades built: 1,264,908   short(<5min): 546,431
commission WITHOUT 5-min rule: $198,905.03
commission WITH 5-min rule:    $112,098.71
SAVINGS from 5-min rule:       $86,806.31
short-trade rows: (546907, Decimal('207860.39'))
8,358 accounts under IBs
MT5 done: 1,262,997 trades
MT4 done: 2,184 trades

trades built: 1,265,181   short(<5min): 546,570
commission WITHOUT 5-min rule: $198,941.94
commission WITH 5-min rule:    $112,120.32
SAVINGS from 5-min rule:       $86,821.62
short-trade rows: (547076, Decimal('209724.07'))
8,358 accounts under IBs
MT5 done: 1,262,997 trades
MT4 done: 2,220 trades

trades built: 1,265,217   short(<5min): 546,580
commission WITHOUT 5-min rule: $198,963.98
commission WITH 5-min rule:    $112,141.85
SAVINGS from 5-min rule:       $86,822.12
short-trade rows: (547086, Decimal('209724.07'))
8,358 accounts under IBs
MT5 done: 1,263,166 trades
MT4 done: 2,230 trades

trades built: 1,265,396   short(<5min): 546,653
commission WITHOUT 5-min rule: $198,985.80
commission WITH 5-min rule:    $112,156.37
SAVINGS from 5-min rule:       $86,829.43
short-trade rows: (547199, Decimal('208727.24'))
8,358 accounts under IBs
MT5 done: 1,263,300 trades
MT4 done: 2,334 trades

trades built: 1,265,634   short(<5min): 546,743
commission WITHOUT 5-min rule: $199,016.11
commission WITH 5-min rule:    $112,179.15
SAVINGS from 5-min rule:       $86,836.97
short-trade rows: (547289, Decimal('209255.41'))
8,359 accounts under IBs
MT5 done: 1,263,300 trades
MT4 done: 2,360 trades

trades built: 1,265,660   short(<5min): 546,743
commission WITHOUT 5-min rule: $199,024.11
commission WITH 5-min rule:    $112,187.14
SAVINGS from 5-min rule:       $86,836.97
short-trade rows: (547289, Decimal('209255.41'))
8,359 accounts under IBs
MT5 done: 1,263,376 trades
MT4 done: 2,398 trades

trades built: 1,265,774   short(<5min): 546,808
commission WITHOUT 5-min rule: $199,058.61
commission WITH 5-min rule:    $112,205.73
SAVINGS from 5-min rule:       $86,852.88
short-trade rows: (547354, Decimal('210047.81'))
8,359 accounts under IBs
MT5 done: 1,263,376 trades
MT4 done: 2,406 trades

trades built: 1,265,782   short(<5min): 546,814
commission WITHOUT 5-min rule: $199,059.48
commission WITH 5-min rule:    $112,206.17
SAVINGS from 5-min rule:       $86,853.31
short-trade rows: (547360, Decimal('210047.81'))
8,359 accounts under IBs
MT5 done: 1,263,523 trades
MT4 done: 2,415 trades

trades built: 1,265,938   short(<5min): 546,891
commission WITHOUT 5-min rule: $199,078.51
commission WITH 5-min rule:    $112,213.77
SAVINGS from 5-min rule:       $86,864.74
short-trade rows: (547437, Decimal('209562.31'))
8,359 accounts under IBs
MT5 done: 1,263,523 trades
MT4 done: 2,431 trades

trades built: 1,265,954   short(<5min): 546,892
commission WITHOUT 5-min rule: $199,079.95
commission WITH 5-min rule:    $112,215.16
SAVINGS from 5-min rule:       $86,864.79
short-trade rows: (547438, Decimal('209562.31'))
8,359 accounts under IBs
MT5 done: 1,263,633 trades
MT4 done: 2,442 trades

trades built: 1,266,075   short(<5min): 546,951
commission WITHOUT 5-min rule: $199,096.15
commission WITH 5-min rule:    $112,220.85
SAVINGS from 5-min rule:       $86,875.30
short-trade rows: (547497, Decimal('209543.98'))
8,361 accounts under IBs
MT5 done: 1,263,866 trades
MT4 done: 2,472 trades

trades built: 1,266,338   short(<5min): 547,008
commission WITHOUT 5-min rule: $199,128.13
commission WITH 5-min rule:    $112,247.74
SAVINGS from 5-min rule:       $86,880.38
short-trade rows: (547554, Decimal('208804.77'))
8,359 accounts under IBs
MT5 done: 1,263,866 trades
MT4 done: 2,487 trades

trades built: 1,266,353   short(<5min): 547,012
commission WITHOUT 5-min rule: $199,135.64
commission WITH 5-min rule:    $112,255.06
SAVINGS from 5-min rule:       $86,880.58
short-trade rows: (547558, Decimal('208804.77'))
8,360 accounts under IBs
MT5 done: 1,263,938 trades
MT4 done: 2,505 trades

trades built: 1,266,443   short(<5min): 547,045
commission WITHOUT 5-min rule: $199,151.78
commission WITH 5-min rule:    $112,265.68
SAVINGS from 5-min rule:       $86,886.09
short-trade rows: (547591, Decimal('207904.22'))
8,362 accounts under IBs
MT5 done: 1,264,090 trades
MT4 done: 2,532 trades

trades built: 1,266,622   short(<5min): 547,122
commission WITHOUT 5-min rule: $199,183.41
commission WITH 5-min rule:    $112,284.52
SAVINGS from 5-min rule:       $86,898.89
short-trade rows: (547668, Decimal('207267.47'))
8,360 accounts under IBs
MT5 done: 1,264,090 trades
MT4 done: 2,540 trades

trades built: 1,266,630   short(<5min): 547,123
commission WITHOUT 5-min rule: $199,183.53
commission WITH 5-min rule:    $112,284.59
SAVINGS from 5-min rule:       $86,898.94
short-trade rows: (547669, Decimal('207267.47'))
8,360 accounts under IBs
MT5 done: 1,264,477 trades
MT4 done: 2,540 trades

trades built: 1,267,017   short(<5min): 547,261
commission WITHOUT 5-min rule: $199,237.62
commission WITH 5-min rule:    $112,319.95
SAVINGS from 5-min rule:       $86,917.67
short-trade rows: (547807, Decimal('207321.91'))
8,360 accounts under IBs
MT5 done: 1,264,664 trades
MT4 done: 2,540 trades

trades built: 1,267,204   short(<5min): 547,352
commission WITHOUT 5-min rule: $199,264.03
commission WITH 5-min rule:    $112,333.86
SAVINGS from 5-min rule:       $86,930.16
short-trade rows: (547912, Decimal('208490.68'))
8,360 accounts under IBs
MT5 done: 1,264,664 trades
MT4 done: 2,540 trades

trades built: 1,267,204   short(<5min): 547,352
commission WITHOUT 5-min rule: $199,264.03
commission WITH 5-min rule:    $112,333.86
SAVINGS from 5-min rule:       $86,930.16
short-trade rows: (547912, Decimal('208490.68'))
8,360 accounts under IBs
MT5 done: 1,265,793 trades
MT4 done: 2,540 trades

trades built: 1,268,333   short(<5min): 547,793
commission WITHOUT 5-min rule: $199,418.71
commission WITH 5-min rule:    $112,409.69
SAVINGS from 5-min rule:       $87,009.02
short-trade rows: (548062, Decimal('207557.97'))
8,360 accounts under IBs
MT5 done: 1,266,034 trades
MT4 done: 2,540 trades

trades built: 1,268,574   short(<5min): 548,019
commission WITHOUT 5-min rule: $199,458.73
commission WITH 5-min rule:    $112,422.98
SAVINGS from 5-min rule:       $87,035.75
short-trade rows: (548360, Decimal('208114.91'))
8,360 accounts under IBs
MT5 done: 1,266,520 trades
MT4 done: 2,540 trades

trades built: 1,269,060   short(<5min): 548,365
commission WITHOUT 5-min rule: $199,501.15
commission WITH 5-min rule:    $112,433.59
SAVINGS from 5-min rule:       $87,067.56
short-trade rows: (548706, Decimal('207888.66'))
8,360 accounts under IBs
MT5 done: 1,267,073 trades
MT4 done: 2,540 trades

trades built: 1,269,613   short(<5min): 548,730
commission WITHOUT 5-min rule: $199,577.78
commission WITH 5-min rule:    $112,465.13
SAVINGS from 5-min rule:       $87,112.65
short-trade rows: (549139, Decimal('207642.85'))
8,360 accounts under IBs
MT5 done: 1,267,524 trades
MT4 done: 2,540 trades

trades built: 1,270,064   short(<5min): 548,907
commission WITHOUT 5-min rule: $199,604.36
commission WITH 5-min rule:    $112,471.02
SAVINGS from 5-min rule:       $87,133.34
short-trade rows: (549385, Decimal('205273.59'))
8,360 accounts under IBs
MT5 done: 1,267,907 trades
MT4 done: 2,540 trades

trades built: 1,270,447   short(<5min): 549,211
commission WITHOUT 5-min rule: $199,649.32
commission WITH 5-min rule:    $112,476.54
SAVINGS from 5-min rule:       $87,172.78
short-trade rows: (549713, Decimal('204470.51'))
8,361 accounts under IBs
MT5 done: 1,268,550 trades
MT4 done: 2,540 trades

trades built: 1,271,090   short(<5min): 549,760
commission WITHOUT 5-min rule: $199,727.53
commission WITH 5-min rule:    $112,495.71
SAVINGS from 5-min rule:       $87,231.82
short-trade rows: (550280, Decimal('205058.97'))
8,361 accounts under IBs
MT5 done: 1,268,888 trades
MT4 done: 2,540 trades

trades built: 1,271,428   short(<5min): 550,029
commission WITHOUT 5-min rule: $199,771.45
commission WITH 5-min rule:    $112,506.09
SAVINGS from 5-min rule:       $87,265.36
short-trade rows: (550619, Decimal('205470.73'))
8,361 accounts under IBs
MT5 done: 1,269,096 trades
MT4 done: 2,540 trades

trades built: 1,271,636   short(<5min): 550,184
commission WITHOUT 5-min rule: $199,815.81
commission WITH 5-min rule:    $112,514.14
SAVINGS from 5-min rule:       $87,301.67
short-trade rows: (550774, Decimal('202678.97'))
8,361 accounts under IBs
MT5 done: 1,269,643 trades
MT4 done: 2,540 trades

trades built: 1,272,183   short(<5min): 550,566
commission WITHOUT 5-min rule: $199,912.15
commission WITH 5-min rule:    $112,545.89
SAVINGS from 5-min rule:       $87,366.25
short-trade rows: (551168, Decimal('202186.75'))
8,361 accounts under IBs
MT5 done: 1,269,643 trades
MT4 done: 2,540 trades

trades built: 1,272,183   short(<5min): 550,566
commission WITHOUT 5-min rule: $199,912.15
commission WITH 5-min rule:    $112,545.89
SAVINGS from 5-min rule:       $87,366.25
short-trade rows: (551168, Decimal('202186.75'))
8,362 accounts under IBs
MT5 done: 1,270,002 trades
MT4 done: 2,540 trades

trades built: 1,272,542   short(<5min): 550,797
commission WITHOUT 5-min rule: $199,977.67
commission WITH 5-min rule:    $112,563.57
SAVINGS from 5-min rule:       $87,414.10
short-trade rows: (551423, Decimal('200770.10'))
8,362 accounts under IBs
MT5 done: 1,270,301 trades
MT4 done: 2,540 trades

trades built: 1,272,841   short(<5min): 550,995
commission WITHOUT 5-min rule: $200,030.17
commission WITH 5-min rule:    $112,581.90
SAVINGS from 5-min rule:       $87,448.27
short-trade rows: (551037, Decimal('202316.86'))
8,363 accounts under IBs
MT5 done: 1,270,301 trades
MT4 done: 2,540 trades

trades built: 1,272,841   short(<5min): 550,995
commission WITHOUT 5-min rule: $200,030.17
commission WITH 5-min rule:    $112,581.90
SAVINGS from 5-min rule:       $87,448.27
short-trade rows: (551037, Decimal('202316.86'))
8,363 accounts under IBs
MT5 done: 1,270,506 trades
MT4 done: 2,540 trades

trades built: 1,273,046   short(<5min): 551,109
commission WITHOUT 5-min rule: $200,054.10
commission WITH 5-min rule:    $112,592.43
SAVINGS from 5-min rule:       $87,461.67
short-trade rows: (551241, Decimal('201877.80'))
8,363 accounts under IBs
MT5 done: 1,270,600 trades
MT4 done: 2,540 trades

trades built: 1,273,140   short(<5min): 551,157
commission WITHOUT 5-min rule: $200,067.75
commission WITH 5-min rule:    $112,601.60
SAVINGS from 5-min rule:       $87,466.15
short-trade rows: (551305, Decimal('202178.79'))
8,363 accounts under IBs
MT5 done: 1,270,600 trades
MT4 done: 2,540 trades

trades built: 1,273,140   short(<5min): 551,157
commission WITHOUT 5-min rule: $200,067.75
commission WITH 5-min rule:    $112,601.60
SAVINGS from 5-min rule:       $87,466.15
short-trade rows: (551305, Decimal('202178.79'))
8,363 accounts under IBs
MT5 done: 1,270,639 trades
MT4 done: 2,628 trades

trades built: 1,273,267   short(<5min): 551,222
commission WITHOUT 5-min rule: $200,081.92
commission WITH 5-min rule:    $112,611.96
SAVINGS from 5-min rule:       $87,469.97
short-trade rows: (551372, Decimal('201176.63'))
8,363 accounts under IBs
MT5 done: 1,270,639 trades
MT4 done: 2,628 trades

trades built: 1,273,267   short(<5min): 551,222
commission WITHOUT 5-min rule: $200,081.92
commission WITH 5-min rule:    $112,611.96
SAVINGS from 5-min rule:       $87,469.97
short-trade rows: (551372, Decimal('201176.63'))
8,363 accounts under IBs
MT5 done: 1,270,665 trades
MT4 done: 2,629 trades

trades built: 1,273,294   short(<5min): 551,223
commission WITHOUT 5-min rule: $200,089.40
commission WITH 5-min rule:    $112,619.38
SAVINGS from 5-min rule:       $87,470.02
short-trade rows: (551373, Decimal('201672.92'))
8,363 accounts under IBs
MT5 done: 1,270,665 trades
MT4 done: 2,629 trades

trades built: 1,273,294   short(<5min): 551,223
commission WITHOUT 5-min rule: $200,089.40
commission WITH 5-min rule:    $112,619.38
SAVINGS from 5-min rule:       $87,470.02
short-trade rows: (551373, Decimal('201672.92'))
8,363 accounts under IBs
MT5 done: 1,270,671 trades
MT4 done: 2,632 trades

trades built: 1,273,303   short(<5min): 551,223
commission WITHOUT 5-min rule: $200,090.58
commission WITH 5-min rule:    $112,620.56
SAVINGS from 5-min rule:       $87,470.02
short-trade rows: (551393, Decimal('201706.56'))
8,365 accounts under IBs
MT5 done: 1,270,677 trades
MT4 done: 2,637 trades

trades built: 1,273,314   short(<5min): 551,229
commission WITHOUT 5-min rule: $200,090.73
commission WITH 5-min rule:    $112,620.71
SAVINGS from 5-min rule:       $87,470.02
short-trade rows: (551399, Decimal('201706.56'))
8,363 accounts under IBs
MT5 done: 1,270,677 trades
MT4 done: 2,642 trades

trades built: 1,273,319   short(<5min): 551,229
commission WITHOUT 5-min rule: $200,091.08
commission WITH 5-min rule:    $112,621.06
SAVINGS from 5-min rule:       $87,470.02
short-trade rows: (551399, Decimal('201706.56'))
8,363 accounts under IBs
MT5 done: 1,270,712 trades
MT4 done: 2,644 trades

trades built: 1,273,356   short(<5min): 551,256
commission WITHOUT 5-min rule: $200,095.83
commission WITH 5-min rule:    $112,623.72
SAVINGS from 5-min rule:       $87,472.10
short-trade rows: (551443, Decimal('201578.61'))
8,363 accounts under IBs
MT5 done: 1,270,876 trades
MT4 done: 2,648 trades

trades built: 1,273,524   short(<5min): 551,332
commission WITHOUT 5-min rule: $200,111.73
commission WITH 5-min rule:    $112,630.76
SAVINGS from 5-min rule:       $87,480.96
short-trade rows: (551652, Decimal('201886.60'))
8,363 accounts under IBs
MT5 done: 1,270,876 trades
MT4 done: 2,649 trades

trades built: 1,273,525   short(<5min): 551,332
commission WITHOUT 5-min rule: $200,111.80
commission WITH 5-min rule:    $112,630.84
SAVINGS from 5-min rule:       $87,480.96
short-trade rows: (551652, Decimal('201886.60'))
8,363 accounts under IBs
MT5 done: 1,271,020 trades
MT4 done: 2,649 trades

trades built: 1,273,669   short(<5min): 551,430
commission WITHOUT 5-min rule: $200,127.43
commission WITH 5-min rule:    $112,635.62
SAVINGS from 5-min rule:       $87,491.81
short-trade rows: (551825, Decimal('202245.29'))
8,363 accounts under IBs
MT5 done: 1,271,020 trades
MT4 done: 2,654 trades

trades built: 1,273,674   short(<5min): 551,430
commission WITHOUT 5-min rule: $200,129.02
commission WITH 5-min rule:    $112,637.21
SAVINGS from 5-min rule:       $87,491.81
short-trade rows: (551825, Decimal('202245.29'))
8,364 accounts under IBs
MT5 done: 1,271,133 trades
MT4 done: 2,654 trades

trades built: 1,273,787   short(<5min): 551,516
commission WITHOUT 5-min rule: $200,149.90
commission WITH 5-min rule:    $112,641.42
SAVINGS from 5-min rule:       $87,508.48
short-trade rows: (551938, Decimal('205353.89'))
8,366 accounts under IBs
MT5 done: 1,271,203 trades
MT4 done: 2,654 trades

trades built: 1,273,857   short(<5min): 551,540
commission WITHOUT 5-min rule: $200,157.44
commission WITH 5-min rule:    $112,645.01
SAVINGS from 5-min rule:       $87,512.44
short-trade rows: (551962, Decimal('205075.35'))
8,364 accounts under IBs
MT5 done: 1,271,203 trades
MT4 done: 2,655 trades

trades built: 1,273,858   short(<5min): 551,540
commission WITHOUT 5-min rule: $200,157.60
commission WITH 5-min rule:    $112,645.17
SAVINGS from 5-min rule:       $87,512.44
short-trade rows: (551962, Decimal('205075.35'))
8,364 accounts under IBs
MT5 done: 1,271,436 trades
MT4 done: 2,655 trades

trades built: 1,274,091   short(<5min): 551,652
commission WITHOUT 5-min rule: $200,196.06
commission WITH 5-min rule:    $112,658.20
SAVINGS from 5-min rule:       $87,537.86
short-trade rows: (552074, Decimal('202205.73'))
8,366 accounts under IBs
MT5 done: 1,271,560 trades
MT4 done: 2,655 trades

trades built: 1,274,215   short(<5min): 551,722
commission WITHOUT 5-min rule: $200,219.73
commission WITH 5-min rule:    $112,662.42
SAVINGS from 5-min rule:       $87,557.31
short-trade rows: (552144, Decimal('203222.39'))
8,364 accounts under IBs
MT5 done: 1,271,560 trades
MT4 done: 2,657 trades

trades built: 1,274,217   short(<5min): 551,724
commission WITHOUT 5-min rule: $200,219.83
commission WITH 5-min rule:    $112,662.42
SAVINGS from 5-min rule:       $87,557.41
short-trade rows: (552146, Decimal('203222.39'))
8,364 accounts under IBs
MT5 done: 1,271,714 trades
MT4 done: 2,659 trades

trades built: 1,274,373   short(<5min): 551,797
commission WITHOUT 5-min rule: $200,234.95
commission WITH 5-min rule:    $112,667.60
SAVINGS from 5-min rule:       $87,567.34
short-trade rows: (552219, Decimal('201940.94'))
8,364 accounts under IBs
MT5 done: 1,271,714 trades
MT4 done: 2,660 trades

trades built: 1,274,374   short(<5min): 551,798
commission WITHOUT 5-min rule: $200,235.00
commission WITH 5-min rule:    $112,667.60
SAVINGS from 5-min rule:       $87,567.39
short-trade rows: (552220, Decimal('201940.94'))
8,364 accounts under IBs
MT5 done: 1,271,714 trades
MT4 done: 2,660 trades

trades built: 1,274,374   short(<5min): 551,798
commission WITHOUT 5-min rule: $200,235.00
commission WITH 5-min rule:    $112,667.60
SAVINGS from 5-min rule:       $87,567.39
short-trade rows: (552220, Decimal('201940.94'))
8,364 accounts under IBs
MT5 done: 1,271,714 trades
MT4 done: 2,660 trades

trades built: 1,274,374   short(<5min): 551,798
commission WITHOUT 5-min rule: $200,235.00
commission WITH 5-min rule:    $112,667.60
SAVINGS from 5-min rule:       $87,567.39
short-trade rows: (552220, Decimal('201940.94'))
8,364 accounts under IBs
MT5 done: 1,271,714 trades
MT4 done: 2,660 trades

trades built: 1,274,374   short(<5min): 551,798
commission WITHOUT 5-min rule: $200,235.00
commission WITH 5-min rule:    $112,667.60
SAVINGS from 5-min rule:       $87,567.39
short-trade rows: (552220, Decimal('201940.94'))
8,364 accounts under IBs
MT5 done: 1,271,714 trades
MT4 done: 2,660 trades

trades built: 1,274,374   short(<5min): 551,798
commission WITHOUT 5-min rule: $200,235.00
commission WITH 5-min rule:    $112,667.60
SAVINGS from 5-min rule:       $87,567.39
short-trade rows: (552220, Decimal('201940.94'))
8,364 accounts under IBs
MT5 done: 1,271,714 trades
MT4 done: 2,660 trades

trades built: 1,274,374   short(<5min): 551,798
commission WITHOUT 5-min rule: $200,235.00
commission WITH 5-min rule:    $112,667.60
SAVINGS from 5-min rule:       $87,567.39
short-trade rows: (552220, Decimal('201940.94'))
8,364 accounts under IBs
MT5 done: 1,272,617 trades
MT4 done: 2,660 trades

trades built: 1,275,277   short(<5min): 552,354
commission WITHOUT 5-min rule: $200,391.58
commission WITH 5-min rule:    $112,734.21
SAVINGS from 5-min rule:       $87,657.37
short-trade rows: (552891, Decimal('181848.66'))
8,364 accounts under IBs
MT5 done: 1,272,685 trades
MT4 done: 2,660 trades

trades built: 1,275,345   short(<5min): 552,408
commission WITHOUT 5-min rule: $200,397.40
commission WITH 5-min rule:    $112,735.27
SAVINGS from 5-min rule:       $87,662.13
short-trade rows: (552945, Decimal('181773.17'))
8,366 accounts under IBs
MT5 done: 1,272,770 trades
MT4 done: 2,660 trades

trades built: 1,275,430   short(<5min): 552,470
commission WITHOUT 5-min rule: $200,411.48
commission WITH 5-min rule:    $112,739.89
SAVINGS from 5-min rule:       $87,671.58
short-trade rows: (553007, Decimal('181783.58'))
8,364 accounts under IBs
MT5 done: 1,272,770 trades
MT4 done: 2,660 trades

trades built: 1,275,430   short(<5min): 552,470
commission WITHOUT 5-min rule: $200,411.48
commission WITH 5-min rule:    $112,739.89
SAVINGS from 5-min rule:       $87,671.58
short-trade rows: (553007, Decimal('181783.58'))
8,364 accounts under IBs
MT5 done: 1,272,804 trades
MT4 done: 2,661 trades

trades built: 1,275,465   short(<5min): 552,489
commission WITHOUT 5-min rule: $200,415.65
commission WITH 5-min rule:    $112,741.15
SAVINGS from 5-min rule:       $87,674.50
short-trade rows: (553026, Decimal('181820.29'))
8,366 accounts under IBs
MT5 done: 1,272,892 trades
MT4 done: 2,663 trades

trades built: 1,275,555   short(<5min): 552,550
commission WITHOUT 5-min rule: $200,425.27
commission WITH 5-min rule:    $112,742.34
SAVINGS from 5-min rule:       $87,682.93
short-trade rows: (553089, Decimal('181363.22'))
8,364 accounts under IBs
MT5 done: 1,272,892 trades
MT4 done: 2,663 trades

trades built: 1,275,555   short(<5min): 552,550
commission WITHOUT 5-min rule: $200,425.27
commission WITH 5-min rule:    $112,742.34
SAVINGS from 5-min rule:       $87,682.93
short-trade rows: (553089, Decimal('181363.22'))
8,364 accounts under IBs
MT5 done: 1,272,960 trades
MT4 done: 2,665 trades

trades built: 1,275,625   short(<5min): 552,589
commission WITHOUT 5-min rule: $200,435.28
commission WITH 5-min rule:    $112,746.42
SAVINGS from 5-min rule:       $87,688.86
short-trade rows: (553128, Decimal('181404.01'))
8,364 accounts under IBs
MT5 done: 1,272,993 trades
MT4 done: 2,665 trades

trades built: 1,275,658   short(<5min): 552,612
commission WITHOUT 5-min rule: $200,439.32
commission WITH 5-min rule:    $112,747.64
SAVINGS from 5-min rule:       $87,691.68
short-trade rows: (553151, Decimal('181789.72'))
8,365 accounts under IBs
MT5 done: 1,272,993 trades
MT4 done: 2,670 trades

trades built: 1,275,663   short(<5min): 552,612
commission WITHOUT 5-min rule: $200,439.72
commission WITH 5-min rule:    $112,748.04
SAVINGS from 5-min rule:       $87,691.68
short-trade rows: (553151, Decimal('181789.72'))
8,365 accounts under IBs
MT5 done: 1,273,015 trades
MT4 done: 2,678 trades

trades built: 1,275,693   short(<5min): 552,629
commission WITHOUT 5-min rule: $200,443.16
commission WITH 5-min rule:    $112,749.69
SAVINGS from 5-min rule:       $87,693.47
short-trade rows: (553168, Decimal('182814.32'))
8,365 accounts under IBs
MT5 done: 1,273,015 trades
MT4 done: 2,685 trades

trades built: 1,275,700   short(<5min): 552,629
commission WITHOUT 5-min rule: $200,444.15
commission WITH 5-min rule:    $112,750.68
SAVINGS from 5-min rule:       $87,693.47
short-trade rows: (553168, Decimal('182814.32'))
8,365 accounts under IBs
MT5 done: 1,273,053 trades
MT4 done: 2,698 trades

trades built: 1,275,751   short(<5min): 552,643
commission WITHOUT 5-min rule: $200,449.15
commission WITH 5-min rule:    $112,754.18
SAVINGS from 5-min rule:       $87,694.97
short-trade rows: (553182, Decimal('182897.56'))
8,365 accounts under IBs
MT5 done: 1,273,068 trades
MT4 done: 2,701 trades

trades built: 1,275,769   short(<5min): 552,648
commission WITHOUT 5-min rule: $200,449.95
commission WITH 5-min rule:    $112,754.78
SAVINGS from 5-min rule:       $87,695.17
short-trade rows: (553187, Decimal('182892.96'))
8,365 accounts under IBs
MT5 done: 1,273,082 trades
MT4 done: 2,705 trades

trades built: 1,275,787   short(<5min): 552,653
commission WITHOUT 5-min rule: $200,451.15
commission WITH 5-min rule:    $112,755.87
SAVINGS from 5-min rule:       $87,695.28
short-trade rows: (553192, Decimal('182889.00'))
8,366 accounts under IBs
8,368 accounts under IBs
MT5 done: 1,273,105 trades
MT4 done: 2,707 trades

trades built: 1,275,812   short(<5min): 552,659
commission WITHOUT 5-min rule: $200,452.63
commission WITH 5-min rule:    $112,757.00
SAVINGS from 5-min rule:       $87,695.64
short-trade rows: (553198, Decimal('182857.78'))
8,368 accounts under IBs
MT5 done: 1,273,101 trades
MT4 done: 2,707 trades

trades built: 1,275,808   short(<5min): 552,658
commission WITHOUT 5-min rule: $200,452.71
commission WITH 5-min rule:    $112,757.07
SAVINGS from 5-min rule:       $87,695.64
short-trade rows: (553197, Decimal('182854.19'))
8,369 accounts under IBs
MT5 done: 1,273,101 trades
MT4 done: 2,715 trades

trades built: 1,275,816   short(<5min): 552,658
commission WITHOUT 5-min rule: $200,453.52
commission WITH 5-min rule:    $112,757.88
SAVINGS from 5-min rule:       $87,695.64
short-trade rows: (553197, Decimal('182854.19'))
8,369 accounts under IBs
MT5 done: 1,273,114 trades
MT4 done: 2,719 trades

trades built: 1,275,833   short(<5min): 552,660
commission WITHOUT 5-min rule: $200,454.52
commission WITH 5-min rule:    $112,758.87
SAVINGS from 5-min rule:       $87,695.65
short-trade rows: (553199, Decimal('182868.74'))
8,369 accounts under IBs
MT5 done: 1,273,126 trades
MT4 done: 2,726 trades

trades built: 1,275,852   short(<5min): 552,662
commission WITHOUT 5-min rule: $200,455.64
commission WITH 5-min rule:    $112,759.80
SAVINGS from 5-min rule:       $87,695.85
short-trade rows: (553201, Decimal('182865.96'))
8,369 accounts under IBs
MT5 done: 1,273,127 trades
MT4 done: 2,735 trades

trades built: 1,275,862   short(<5min): 552,675
commission WITHOUT 5-min rule: $200,457.31
commission WITH 5-min rule:    $112,760.27
SAVINGS from 5-min rule:       $87,697.05
short-trade rows: (553214, Decimal('182835.73'))
8,369 accounts under IBs
MT5 done: 1,273,156 trades
MT4 done: 2,739 trades

trades built: 1,275,895   short(<5min): 552,680
commission WITHOUT 5-min rule: $200,458.69
commission WITH 5-min rule:    $112,761.24
SAVINGS from 5-min rule:       $87,697.45
short-trade rows: (553219, Decimal('182824.89'))
8,369 accounts under IBs
MT5 done: 1,273,156 trades
MT4 done: 2,746 trades

trades built: 1,275,902   short(<5min): 552,685
commission WITHOUT 5-min rule: $200,459.07
commission WITH 5-min rule:    $112,761.37
SAVINGS from 5-min rule:       $87,697.70
short-trade rows: (553224, Decimal('182824.89'))
8,370 accounts under IBs
MT5 done: 1,273,168 trades
MT4 done: 2,753 trades

trades built: 1,275,921   short(<5min): 552,689
commission WITHOUT 5-min rule: $200,460.40
commission WITH 5-min rule:    $112,762.42
SAVINGS from 5-min rule:       $87,697.99
short-trade rows: (553228, Decimal('181683.41'))
8,370 accounts under IBs
MT5 done: 1,273,221 trades
MT4 done: 2,761 trades

trades built: 1,275,982   short(<5min): 552,711
commission WITHOUT 5-min rule: $200,464.02
commission WITH 5-min rule:    $112,764.45
SAVINGS from 5-min rule:       $87,699.58
short-trade rows: (553250, Decimal('181684.09'))
8,370 accounts under IBs
MT5 done: 1,273,288 trades
MT4 done: 2,768 trades

trades built: 1,276,056   short(<5min): 552,751
commission WITHOUT 5-min rule: $200,473.04
commission WITH 5-min rule:    $112,769.40
SAVINGS from 5-min rule:       $87,703.64
short-trade rows: (553290, Decimal('182375.57'))
8,370 accounts under IBs
MT5 done: 1,273,288 trades
MT4 done: 2,777 trades

trades built: 1,276,065   short(<5min): 552,753
commission WITHOUT 5-min rule: $200,473.27
commission WITH 5-min rule:    $112,769.53
SAVINGS from 5-min rule:       $87,703.74
short-trade rows: (553292, Decimal('182375.57'))
8,370 accounts under IBs
MT5 done: 1,273,389 trades
MT4 done: 2,791 trades

trades built: 1,276,180   short(<5min): 552,842
commission WITHOUT 5-min rule: $200,492.09
commission WITH 5-min rule:    $112,776.09
SAVINGS from 5-min rule:       $87,716.00
short-trade rows: (553383, Decimal('182585.43'))
8,371 accounts under IBs
MT5 done: 1,273,496 trades
MT4 done: 2,816 trades

trades built: 1,276,312   short(<5min): 552,916
commission WITHOUT 5-min rule: $200,510.44
commission WITH 5-min rule:    $112,786.72
SAVINGS from 5-min rule:       $87,723.72
short-trade rows: (553457, Decimal('182006.46'))
8,373 accounts under IBs
MT5 done: 1,273,713 trades
MT4 done: 2,820 trades

trades built: 1,276,533   short(<5min): 553,039
commission WITHOUT 5-min rule: $200,537.38
commission WITH 5-min rule:    $112,804.06
SAVINGS from 5-min rule:       $87,733.32
short-trade rows: (553626, Decimal('182325.78'))
8,371 accounts under IBs
MT5 done: 1,273,713 trades
MT4 done: 2,861 trades

trades built: 1,276,574   short(<5min): 553,041
commission WITHOUT 5-min rule: $200,549.69
commission WITH 5-min rule:    $112,816.27
SAVINGS from 5-min rule:       $87,733.42
short-trade rows: (553628, Decimal('182325.78'))
8,371 accounts under IBs
MT5 done: 1,273,773 trades
MT4 done: 2,863 trades

trades built: 1,276,636   short(<5min): 553,077
commission WITHOUT 5-min rule: $200,564.08
commission WITH 5-min rule:    $112,821.50
SAVINGS from 5-min rule:       $87,742.58
short-trade rows: (553664, Decimal('182217.25'))
8,371 accounts under IBs
MT5 done: 1,273,810 trades
MT4 done: 2,864 trades

trades built: 1,276,674   short(<5min): 553,103
commission WITHOUT 5-min rule: $200,570.98
commission WITH 5-min rule:    $112,822.34
SAVINGS from 5-min rule:       $87,748.65
short-trade rows: (553690, Decimal('182085.54'))
8,371 accounts under IBs
MT5 done: 1,273,857 trades
MT4 done: 2,873 trades

trades built: 1,276,730   short(<5min): 553,112
commission WITHOUT 5-min rule: $200,578.30
commission WITH 5-min rule:    $112,826.49
SAVINGS from 5-min rule:       $87,751.82
short-trade rows: (553699, Decimal('182126.81'))
8,371 accounts under IBs
MT5 done: 1,273,901 trades
MT4 done: 2,875 trades

trades built: 1,276,776   short(<5min): 553,127
commission WITHOUT 5-min rule: $200,585.61
commission WITH 5-min rule:    $112,828.97
SAVINGS from 5-min rule:       $87,756.64
short-trade rows: (553727, Decimal('182127.27'))
8,371 accounts under IBs
MT5 done: 1,273,955 trades
MT4 done: 2,876 trades

trades built: 1,276,831   short(<5min): 553,157
commission WITHOUT 5-min rule: $200,596.70
commission WITH 5-min rule:    $112,832.78
SAVINGS from 5-min rule:       $87,763.92
short-trade rows: (553784, Decimal('181681.65'))
8,371 accounts under IBs
MT5 done: 1,273,955 trades
MT4 done: 2,884 trades

trades built: 1,276,839   short(<5min): 553,157
commission WITHOUT 5-min rule: $200,597.35
commission WITH 5-min rule:    $112,833.43
SAVINGS from 5-min rule:       $87,763.92
short-trade rows: (553784, Decimal('181681.65'))
8,371 accounts under IBs
MT5 done: 1,273,979 trades
MT4 done: 2,886 trades

trades built: 1,276,865   short(<5min): 553,175
commission WITHOUT 5-min rule: $200,600.46
commission WITH 5-min rule:    $112,834.89
SAVINGS from 5-min rule:       $87,765.57
short-trade rows: (553802, Decimal('182550.73'))
8,371 accounts under IBs
MT5 done: 1,274,202 trades
MT4 done: 2,887 trades

trades built: 1,277,089   short(<5min): 553,222
commission WITHOUT 5-min rule: $200,620.50
commission WITH 5-min rule:    $112,851.68
SAVINGS from 5-min rule:       $87,768.82
short-trade rows: (553850, Decimal('181165.06'))
8,371 accounts under IBs
MT5 done: 1,274,202 trades
MT4 done: 2,892 trades

trades built: 1,277,094   short(<5min): 553,222
commission WITHOUT 5-min rule: $200,620.68
commission WITH 5-min rule:    $112,851.86
SAVINGS from 5-min rule:       $87,768.82
short-trade rows: (553850, Decimal('181165.06'))
8,371 accounts under IBs
MT5 done: 1,274,293 trades
MT4 done: 2,902 trades

trades built: 1,277,195   short(<5min): 553,268
commission WITHOUT 5-min rule: $200,631.12
commission WITH 5-min rule:    $112,858.44
SAVINGS from 5-min rule:       $87,772.68
short-trade rows: (553898, Decimal('181964.55'))
8,371 accounts under IBs
MT5 done: 1,274,405 trades
MT4 done: 2,911 trades

trades built: 1,277,316   short(<5min): 553,324
commission WITHOUT 5-min rule: $200,641.67
commission WITH 5-min rule:    $112,864.65
SAVINGS from 5-min rule:       $87,777.02
short-trade rows: (553954, Decimal('181004.93'))
8,371 accounts under IBs
MT5 done: 1,274,405 trades
MT4 done: 2,935 trades

trades built: 1,277,340   short(<5min): 553,324
commission WITHOUT 5-min rule: $200,644.39
commission WITH 5-min rule:    $112,867.37
SAVINGS from 5-min rule:       $87,777.02
short-trade rows: (553954, Decimal('181004.93'))
8,371 accounts under IBs
MT5 done: 1,274,533 trades
MT4 done: 2,938 trades

trades built: 1,277,471   short(<5min): 553,398
commission WITHOUT 5-min rule: $200,655.98
commission WITH 5-min rule:    $112,871.00
SAVINGS from 5-min rule:       $87,784.97
short-trade rows: (554028, Decimal('180917.11'))
8,371 accounts under IBs
MT5 done: 1,274,715 trades
MT4 done: 2,949 trades

trades built: 1,277,664   short(<5min): 553,502
commission WITHOUT 5-min rule: $200,680.88
commission WITH 5-min rule:    $112,880.97
SAVINGS from 5-min rule:       $87,799.91
short-trade rows: (554132, Decimal('180411.85'))
8,371 accounts under IBs
MT5 done: 1,274,715 trades
MT4 done: 2,960 trades

trades built: 1,277,675   short(<5min): 553,506
commission WITHOUT 5-min rule: $200,681.90
commission WITH 5-min rule:    $112,881.79
SAVINGS from 5-min rule:       $87,800.11
short-trade rows: (554136, Decimal('180411.85'))
8,372 accounts under IBs
MT5 done: 1,274,848 trades
MT4 done: 2,961 trades

trades built: 1,277,809   short(<5min): 553,582
commission WITHOUT 5-min rule: $200,709.29
commission WITH 5-min rule:    $112,893.50
SAVINGS from 5-min rule:       $87,815.79
short-trade rows: (554212, Decimal('180659.30'))
8,374 accounts under IBs
MT5 done: 1,275,127 trades
MT4 done: 2,961 trades

trades built: 1,278,088   short(<5min): 553,728
commission WITHOUT 5-min rule: $200,748.60
commission WITH 5-min rule:    $112,902.34
SAVINGS from 5-min rule:       $87,846.26
short-trade rows: (553742, Decimal('180192.37'))
8,372 accounts under IBs
MT5 done: 1,275,127 trades
MT4 done: 2,985 trades

trades built: 1,278,112   short(<5min): 553,729
commission WITHOUT 5-min rule: $200,749.72
commission WITH 5-min rule:    $112,903.46
SAVINGS from 5-min rule:       $87,846.27
short-trade rows: (553743, Decimal('180192.37'))
8,373 accounts under IBs
MT5 done: 1,275,327 trades
MT4 done: 2,986 trades

trades built: 1,278,313   short(<5min): 553,820
commission WITHOUT 5-min rule: $200,778.06
commission WITH 5-min rule:    $112,915.93
SAVINGS from 5-min rule:       $87,862.13
short-trade rows: (553882, Decimal('180288.13'))
8,374 accounts under IBs
MT5 done: 1,275,495 trades
MT4 done: 3,012 trades

trades built: 1,278,507   short(<5min): 553,918
commission WITHOUT 5-min rule: $200,837.62
commission WITH 5-min rule:    $112,964.90
SAVINGS from 5-min rule:       $87,872.73
short-trade rows: (554040, Decimal('179354.22'))
8,374 accounts under IBs
MT5 done: 1,275,495 trades
MT4 done: 3,027 trades

trades built: 1,278,522   short(<5min): 553,919
commission WITHOUT 5-min rule: $200,840.39
commission WITH 5-min rule:    $112,967.66
SAVINGS from 5-min rule:       $87,872.73
short-trade rows: (554041, Decimal('179354.22'))
8,375 accounts under IBs
MT5 done: 1,275,660 trades
MT4 done: 3,036 trades

trades built: 1,278,696   short(<5min): 554,038
commission WITHOUT 5-min rule: $200,857.22
commission WITH 5-min rule:    $112,974.12
SAVINGS from 5-min rule:       $87,883.09
short-trade rows: (554210, Decimal('180171.12'))
8,378 accounts under IBs
MT5 done: 1,275,774 trades
MT4 done: 3,041 trades

trades built: 1,278,815   short(<5min): 554,072
commission WITHOUT 5-min rule: $200,875.52
commission WITH 5-min rule:    $112,984.65
SAVINGS from 5-min rule:       $87,890.87
short-trade rows: (554323, Decimal('178777.00'))
8,376 accounts under IBs
MT5 done: 1,275,774 trades
MT4 done: 3,058 trades

trades built: 1,278,832   short(<5min): 554,072
commission WITHOUT 5-min rule: $200,879.02
commission WITH 5-min rule:    $112,988.14
SAVINGS from 5-min rule:       $87,890.87
short-trade rows: (554323, Decimal('178777.00'))
8,376 accounts under IBs
MT5 done: 1,275,923 trades
MT4 done: 3,087 trades

trades built: 1,279,010   short(<5min): 554,147
commission WITHOUT 5-min rule: $200,905.80
commission WITH 5-min rule:    $113,004.78
SAVINGS from 5-min rule:       $87,901.02
short-trade rows: (554493, Decimal('179199.61'))
8,377 accounts under IBs
MT5 done: 1,275,923 trades
MT4 done: 3,114 trades

trades built: 1,279,037   short(<5min): 554,148
commission WITHOUT 5-min rule: $200,909.22
commission WITH 5-min rule:    $113,008.19
SAVINGS from 5-min rule:       $87,901.03
short-trade rows: (554494, Decimal('179199.61'))
8,378 accounts under IBs
MT5 done: 1,276,013 trades
MT4 done: 3,125 trades

trades built: 1,279,138   short(<5min): 554,190
commission WITHOUT 5-min rule: $200,920.78
commission WITH 5-min rule:    $113,014.42
SAVINGS from 5-min rule:       $87,906.36
short-trade rows: (554582, Decimal('179203.33'))
8,380 accounts under IBs
MT5 done: 1,276,153 trades
MT4 done: 3,151 trades

trades built: 1,279,304   short(<5min): 554,236
commission WITHOUT 5-min rule: $200,942.03
commission WITH 5-min rule:    $113,027.94
SAVINGS from 5-min rule:       $87,914.10
short-trade rows: (554661, Decimal('179103.35'))
8,378 accounts under IBs
MT5 done: 1,276,153 trades
MT4 done: 3,187 trades

trades built: 1,279,340   short(<5min): 554,243
commission WITHOUT 5-min rule: $200,945.24
commission WITH 5-min rule:    $113,030.80
SAVINGS from 5-min rule:       $87,914.45
short-trade rows: (554668, Decimal('179103.35'))
8,378 accounts under IBs
MT5 done: 1,276,591 trades
MT4 done: 3,194 trades

trades built: 1,279,785   short(<5min): 554,438
commission WITHOUT 5-min rule: $200,996.84
commission WITH 5-min rule:    $113,060.79
SAVINGS from 5-min rule:       $87,936.05
short-trade rows: (554863, Decimal('178375.43'))
8,380 accounts under IBs
MT5 done: 1,276,878 trades
MT4 done: 3,207 trades

trades built: 1,280,085   short(<5min): 554,614
commission WITHOUT 5-min rule: $201,026.25
commission WITH 5-min rule:    $113,074.56
SAVINGS from 5-min rule:       $87,951.69
short-trade rows: (555039, Decimal('178133.83'))
8,378 accounts under IBs
MT5 done: 1,276,878 trades
MT4 done: 3,228 trades

trades built: 1,280,106   short(<5min): 554,615
commission WITHOUT 5-min rule: $201,028.45
commission WITH 5-min rule:    $113,076.62
SAVINGS from 5-min rule:       $87,951.83
short-trade rows: (555040, Decimal('178133.83'))
8,378 accounts under IBs
MT5 done: 1,277,068 trades
MT4 done: 3,231 trades

trades built: 1,280,299   short(<5min): 554,689
commission WITHOUT 5-min rule: $201,049.42
commission WITH 5-min rule:    $113,088.78
SAVINGS from 5-min rule:       $87,960.64
short-trade rows: (555117, Decimal('178112.50'))
8,378 accounts under IBs
MT5 done: 1,277,177 trades
MT4 done: 3,246 trades

trades built: 1,280,423   short(<5min): 554,740
commission WITHOUT 5-min rule: $201,067.33
commission WITH 5-min rule:    $113,095.38
SAVINGS from 5-min rule:       $87,971.95
short-trade rows: (555182, Decimal('178887.59'))
8,378 accounts under IBs
MT5 done: 1,277,177 trades
MT4 done: 3,248 trades

trades built: 1,280,425   short(<5min): 554,740
commission WITHOUT 5-min rule: $201,071.05
commission WITH 5-min rule:    $113,099.11
SAVINGS from 5-min rule:       $87,971.95
short-trade rows: (555182, Decimal('178887.59'))
8,378 accounts under IBs
MT5 done: 1,277,479 trades
MT4 done: 3,257 trades

trades built: 1,280,736   short(<5min): 554,843
commission WITHOUT 5-min rule: $201,107.29
commission WITH 5-min rule:    $113,122.33
SAVINGS from 5-min rule:       $87,984.96
short-trade rows: (555333, Decimal('178905.66'))
8,380 accounts under IBs
MT5 done: 1,277,879 trades
MT4 done: 3,262 trades

trades built: 1,281,141   short(<5min): 554,998
commission WITHOUT 5-min rule: $201,151.44
commission WITH 5-min rule:    $113,144.70
SAVINGS from 5-min rule:       $88,006.74
short-trade rows: (555538, Decimal('179875.75'))
8,378 accounts under IBs
MT5 done: 1,277,879 trades
MT4 done: 3,274 trades

trades built: 1,281,153   short(<5min): 555,005
commission WITHOUT 5-min rule: $201,152.12
commission WITH 5-min rule:    $113,145.03
SAVINGS from 5-min rule:       $88,007.09
short-trade rows: (555545, Decimal('179875.75'))
8,378 accounts under IBs
MT5 done: 1,278,263 trades
MT4 done: 3,277 trades

trades built: 1,281,540   short(<5min): 555,136
commission WITHOUT 5-min rule: $201,188.61
commission WITH 5-min rule:    $113,164.16
SAVINGS from 5-min rule:       $88,024.45
short-trade rows: (555678, Decimal('179817.21'))
8,380 accounts under IBs
MT5 done: 1,278,411 trades
MT4 done: 3,281 trades

trades built: 1,281,692   short(<5min): 555,208
commission WITHOUT 5-min rule: $201,208.14
commission WITH 5-min rule:    $113,172.41
SAVINGS from 5-min rule:       $88,035.73
short-trade rows: (555751, Decimal('180997.16'))
8,378 accounts under IBs
MT5 done: 1,278,411 trades
MT4 done: 3,287 trades

trades built: 1,281,698   short(<5min): 555,208
commission WITHOUT 5-min rule: $201,208.41
commission WITH 5-min rule:    $113,172.68
SAVINGS from 5-min rule:       $88,035.73
short-trade rows: (555751, Decimal('180997.16'))
8,378 accounts under IBs
MT5 done: 1,278,685 trades
MT4 done: 3,290 trades

trades built: 1,281,975   short(<5min): 555,354
commission WITHOUT 5-min rule: $201,242.60
commission WITH 5-min rule:    $113,187.55
SAVINGS from 5-min rule:       $88,055.05
short-trade rows: (555915, Decimal('182000.09'))
8,378 accounts under IBs
MT5 done: 1,278,861 trades
MT4 done: 3,292 trades

trades built: 1,282,153   short(<5min): 555,437
commission WITHOUT 5-min rule: $201,265.15
commission WITH 5-min rule:    $113,201.20
SAVINGS from 5-min rule:       $88,063.95
short-trade rows: (556027, Decimal('182691.05'))
8,378 accounts under IBs
MT5 done: 1,278,861 trades
MT4 done: 3,318 trades

trades built: 1,282,179   short(<5min): 555,437
commission WITHOUT 5-min rule: $201,268.43
commission WITH 5-min rule:    $113,204.48
SAVINGS from 5-min rule:       $88,063.95
short-trade rows: (556027, Decimal('182691.05'))
8,379 accounts under IBs
MT5 done: 1,279,284 trades
MT4 done: 3,323 trades

trades built: 1,282,607   short(<5min): 555,655
commission WITHOUT 5-min rule: $201,320.26
commission WITH 5-min rule:    $113,219.17
SAVINGS from 5-min rule:       $88,101.09
short-trade rows: (556286, Decimal('182428.03'))
8,379 accounts under IBs
MT5 done: 1,279,951 trades
MT4 done: 3,325 trades

trades built: 1,283,276   short(<5min): 556,089
commission WITHOUT 5-min rule: $201,406.06
commission WITH 5-min rule:    $113,254.68
SAVINGS from 5-min rule:       $88,151.38
short-trade rows: (556720, Decimal('185238.36'))
8,379 accounts under IBs
MT5 done: 1,279,951 trades
MT4 done: 3,325 trades

trades built: 1,283,276   short(<5min): 556,089
commission WITHOUT 5-min rule: $201,406.06
commission WITH 5-min rule:    $113,254.68
SAVINGS from 5-min rule:       $88,151.38
short-trade rows: (556720, Decimal('185238.36'))
8,380 accounts under IBs
MT5 done: 1,280,265 trades
MT4 done: 3,334 trades

trades built: 1,283,599   short(<5min): 556,337
commission WITHOUT 5-min rule: $201,453.29
commission WITH 5-min rule:    $113,263.31
SAVINGS from 5-min rule:       $88,189.99
short-trade rows: (556374, Decimal('185349.06'))
8,381 accounts under IBs
MT5 done: 1,280,530 trades
MT4 done: 3,338 trades

trades built: 1,283,868   short(<5min): 556,454
commission WITHOUT 5-min rule: $201,494.27
commission WITH 5-min rule:    $113,280.07
SAVINGS from 5-min rule:       $88,214.20
short-trade rows: (556579, Decimal('185696.60'))
8,381 accounts under IBs
MT5 done: 1,280,530 trades
MT4 done: 3,340 trades

trades built: 1,283,870   short(<5min): 556,454
commission WITHOUT 5-min rule: $201,494.34
commission WITH 5-min rule:    $113,280.14
SAVINGS from 5-min rule:       $88,214.20
short-trade rows: (556579, Decimal('185696.60'))
8,381 accounts under IBs
MT5 done: 1,280,711 trades
MT4 done: 3,340 trades

trades built: 1,284,051   short(<5min): 556,544
commission WITHOUT 5-min rule: $201,540.13
commission WITH 5-min rule:    $113,295.13
SAVINGS from 5-min rule:       $88,245.00
short-trade rows: (556718, Decimal('186824.25'))
8,382 accounts under IBs
MT5 done: 1,280,789 trades
MT4 done: 3,348 trades

trades built: 1,284,137   short(<5min): 556,585
commission WITHOUT 5-min rule: $201,556.24
commission WITH 5-min rule:    $113,302.08
SAVINGS from 5-min rule:       $88,254.16
short-trade rows: (556827, Decimal('187598.26'))
8,382 accounts under IBs
MT5 done: 1,280,914 trades
MT4 done: 3,350 trades

trades built: 1,284,264   short(<5min): 556,620
commission WITHOUT 5-min rule: $201,569.85
commission WITH 5-min rule:    $113,307.90
SAVINGS from 5-min rule:       $88,261.95
short-trade rows: (556981, Decimal('187924.64'))
8,382 accounts under IBs
MT5 done: 1,280,914 trades
MT4 done: 3,356 trades

trades built: 1,284,270   short(<5min): 556,620
commission WITHOUT 5-min rule: $201,569.88
commission WITH 5-min rule:    $113,307.93
SAVINGS from 5-min rule:       $88,261.95
short-trade rows: (556981, Decimal('187924.64'))
8,382 accounts under IBs
MT5 done: 1,281,131 trades
MT4 done: 3,362 trades

trades built: 1,284,493   short(<5min): 556,717
commission WITHOUT 5-min rule: $201,623.73
commission WITH 5-min rule:    $113,336.25
SAVINGS from 5-min rule:       $88,287.48
short-trade rows: (557132, Decimal('185637.69'))
8,382 accounts under IBs
MT5 done: 1,281,402 trades
MT4 done: 3,363 trades

trades built: 1,284,765   short(<5min): 556,863
commission WITHOUT 5-min rule: $201,663.45
commission WITH 5-min rule:    $113,349.74
SAVINGS from 5-min rule:       $88,313.71
short-trade rows: (557290, Decimal('186390.24'))
8,382 accounts under IBs
MT5 done: 1,281,402 trades
MT4 done: 3,363 trades

trades built: 1,284,765   short(<5min): 556,863
commission WITHOUT 5-min rule: $201,663.45
commission WITH 5-min rule:    $113,349.74
SAVINGS from 5-min rule:       $88,313.71
short-trade rows: (557290, Decimal('186390.24'))
8,382 accounts under IBs
MT5 done: 1,281,577 trades
MT4 done: 3,368 trades

trades built: 1,284,945   short(<5min): 556,951
commission WITHOUT 5-min rule: $201,689.91
commission WITH 5-min rule:    $113,365.14
SAVINGS from 5-min rule:       $88,324.77
short-trade rows: (557378, Decimal('186980.56'))
8,382 accounts under IBs
MT5 done: 1,281,692 trades
MT4 done: 3,394 trades

trades built: 1,285,086   short(<5min): 557,010
commission WITHOUT 5-min rule: $201,711.52
commission WITH 5-min rule:    $113,377.45
SAVINGS from 5-min rule:       $88,334.07
short-trade rows: (557437, Decimal('186788.11'))
8,382 accounts under IBs
MT5 done: 1,281,692 trades
MT4 done: 3,417 trades

trades built: 1,285,109   short(<5min): 557,010
commission WITHOUT 5-min rule: $201,712.34
commission WITH 5-min rule:    $113,378.26
SAVINGS from 5-min rule:       $88,334.07
short-trade rows: (557437, Decimal('186788.11'))
8,383 accounts under IBs
MT5 done: 1,281,823 trades
MT4 done: 3,421 trades

trades built: 1,285,244   short(<5min): 557,060
commission WITHOUT 5-min rule: $201,731.67
commission WITH 5-min rule:    $113,387.69
SAVINGS from 5-min rule:       $88,343.98
short-trade rows: (557487, Decimal('184912.47'))
8,383 accounts under IBs
MT5 done: 1,282,017 trades
MT4 done: 3,431 trades

trades built: 1,285,448   short(<5min): 557,157
commission WITHOUT 5-min rule: $201,755.34
commission WITH 5-min rule:    $113,402.37
SAVINGS from 5-min rule:       $88,352.97
short-trade rows: (557584, Decimal('186547.78'))
8,383 accounts under IBs
MT5 done: 1,282,017 trades
MT4 done: 3,439 trades

trades built: 1,285,456   short(<5min): 557,157
commission WITHOUT 5-min rule: $201,756.10
commission WITH 5-min rule:    $113,403.14
SAVINGS from 5-min rule:       $88,352.97
short-trade rows: (557584, Decimal('186547.78'))
8,385 accounts under IBs
MT5 done: 1,282,218 trades
MT4 done: 3,440 trades

trades built: 1,285,658   short(<5min): 557,268
commission WITHOUT 5-min rule: $201,773.22
commission WITH 5-min rule:    $113,408.63
SAVINGS from 5-min rule:       $88,364.60
short-trade rows: (557727, Decimal('187079.63'))
8,385 accounts under IBs
MT5 done: 1,282,398 trades
MT4 done: 3,440 trades

trades built: 1,285,838   short(<5min): 557,341
commission WITHOUT 5-min rule: $201,837.92
commission WITH 5-min rule:    $113,467.19
SAVINGS from 5-min rule:       $88,370.73
short-trade rows: (557828, Decimal('186407.69'))
8,387 accounts under IBs
MT5 done: 1,282,509 trades
MT4 done: 3,440 trades

trades built: 1,285,949   short(<5min): 557,375
commission WITHOUT 5-min rule: $201,896.11
commission WITH 5-min rule:    $113,521.79
SAVINGS from 5-min rule:       $88,374.32
short-trade rows: (557883, Decimal('186043.13'))
8,385 accounts under IBs
MT5 done: 1,282,509 trades
MT4 done: 3,440 trades

trades built: 1,285,949   short(<5min): 557,375
commission WITHOUT 5-min rule: $201,896.11
commission WITH 5-min rule:    $113,521.79
SAVINGS from 5-min rule:       $88,374.32
short-trade rows: (557883, Decimal('186043.13'))
8,385 accounts under IBs
MT5 done: 1,282,646 trades
MT4 done: 3,440 trades

trades built: 1,286,086   short(<5min): 557,449
commission WITHOUT 5-min rule: $201,911.43
commission WITH 5-min rule:    $113,528.99
SAVINGS from 5-min rule:       $88,382.44
short-trade rows: (557991, Decimal('186629.70'))
8,386 accounts under IBs
MT5 done: 1,282,741 trades
MT4 done: 3,440 trades

trades built: 1,286,181   short(<5min): 557,496
commission WITHOUT 5-min rule: $201,971.20
commission WITH 5-min rule:    $113,583.77
SAVINGS from 5-min rule:       $88,387.43
short-trade rows: (558038, Decimal('185180.40'))
8,386 accounts under IBs
MT5 done: 1,282,851 trades
MT4 done: 3,444 trades

trades built: 1,286,295   short(<5min): 557,537
commission WITHOUT 5-min rule: $202,040.52
commission WITH 5-min rule:    $113,649.81
SAVINGS from 5-min rule:       $88,390.71
short-trade rows: (558079, Decimal('183988.71'))
8,386 accounts under IBs
MT5 done: 1,282,851 trades
MT4 done: 3,444 trades

trades built: 1,286,295   short(<5min): 557,537
commission WITHOUT 5-min rule: $202,040.52
commission WITH 5-min rule:    $113,649.81
SAVINGS from 5-min rule:       $88,390.71
short-trade rows: (558079, Decimal('183988.71'))
8,386 accounts under IBs
MT5 done: 1,282,914 trades
MT4 done: 3,444 trades

trades built: 1,286,358   short(<5min): 557,561
commission WITHOUT 5-min rule: $202,054.15
commission WITH 5-min rule:    $113,657.30
SAVINGS from 5-min rule:       $88,396.85
short-trade rows: (558103, Decimal('183978.34'))
8,386 accounts under IBs
MT5 done: 1,282,950 trades
MT4 done: 3,444 trades

trades built: 1,286,394   short(<5min): 557,583
commission WITHOUT 5-min rule: $202,058.60
commission WITH 5-min rule:    $113,658.38
SAVINGS from 5-min rule:       $88,400.22
short-trade rows: (558125, Decimal('183838.57'))
8,386 accounts under IBs
8,386 accounts under IBs
MT5 done: 1,283,017 trades
MT4 done: 3,444 trades

trades built: 1,286,461   short(<5min): 557,600
commission WITHOUT 5-min rule: $202,069.34
commission WITH 5-min rule:    $113,664.52
SAVINGS from 5-min rule:       $88,404.83
short-trade rows: (558142, Decimal('183977.55'))
8,386 accounts under IBs
MT5 done: 1,283,066 trades
MT4 done: 3,444 trades

trades built: 1,286,510   short(<5min): 557,627
commission WITHOUT 5-min rule: $202,075.49
commission WITH 5-min rule:    $113,668.37
SAVINGS from 5-min rule:       $88,407.11
short-trade rows: (558171, Decimal('183811.28'))
8,386 accounts under IBs
MT5 done: 1,283,217 trades
MT4 done: 3,444 trades

trades built: 1,286,661   short(<5min): 557,691
commission WITHOUT 5-min rule: $202,103.51
commission WITH 5-min rule:    $113,681.18
SAVINGS from 5-min rule:       $88,422.33
short-trade rows: (558235, Decimal('181762.74'))
8,386 accounts under IBs
MT5 done: 1,283,217 trades
MT4 done: 3,444 trades

trades built: 1,286,661   short(<5min): 557,691
commission WITHOUT 5-min rule: $202,103.51
commission WITH 5-min rule:    $113,681.18
SAVINGS from 5-min rule:       $88,422.33
short-trade rows: (558235, Decimal('181762.74'))
8,386 accounts under IBs
MT5 done: 1,283,357 trades
MT4 done: 3,444 trades

trades built: 1,286,801   short(<5min): 557,770
commission WITHOUT 5-min rule: $202,133.84
commission WITH 5-min rule:    $113,694.88
SAVINGS from 5-min rule:       $88,438.96
short-trade rows: (558314, Decimal('180616.07'))
8,388 accounts under IBs
MT5 done: 1,283,484 trades
MT4 done: 3,444 trades

trades built: 1,286,928   short(<5min): 557,819
commission WITHOUT 5-min rule: $202,159.50
commission WITH 5-min rule:    $113,711.05
SAVINGS from 5-min rule:       $88,448.45
short-trade rows: (558366, Decimal('179898.41'))
8,386 accounts under IBs
MT5 done: 1,283,484 trades
MT4 done: 3,444 trades

trades built: 1,286,928   short(<5min): 557,819
commission WITHOUT 5-min rule: $202,159.50
commission WITH 5-min rule:    $113,711.05
SAVINGS from 5-min rule:       $88,448.45
short-trade rows: (558366, Decimal('179898.41'))
8,386 accounts under IBs
MT5 done: 1,283,595 trades
MT4 done: 3,444 trades

trades built: 1,287,039   short(<5min): 557,842
commission WITHOUT 5-min rule: $202,180.44
commission WITH 5-min rule:    $113,725.58
SAVINGS from 5-min rule:       $88,454.86
short-trade rows: (558389, Decimal('179623.86'))
8,388 accounts under IBs
MT5 done: 1,283,683 trades
MT4 done: 3,444 trades

trades built: 1,287,127   short(<5min): 557,886
commission WITHOUT 5-min rule: $202,189.52
commission WITH 5-min rule:    $113,732.20
SAVINGS from 5-min rule:       $88,457.33
short-trade rows: (558472, Decimal('178910.33'))
8,386 accounts under IBs
MT5 done: 1,283,683 trades
MT4 done: 3,444 trades

trades built: 1,287,127   short(<5min): 557,886
commission WITHOUT 5-min rule: $202,189.52
commission WITH 5-min rule:    $113,732.20
SAVINGS from 5-min rule:       $88,457.33
short-trade rows: (558472, Decimal('178910.33'))
8,386 accounts under IBs
MT5 done: 1,283,716 trades
MT4 done: 3,444 trades

trades built: 1,287,160   short(<5min): 557,902
commission WITHOUT 5-min rule: $202,192.89
commission WITH 5-min rule:    $113,734.62
SAVINGS from 5-min rule:       $88,458.28
short-trade rows: (558495, Decimal('178563.45'))
8,386 accounts under IBs
MT5 done: 1,283,773 trades
MT4 done: 3,444 trades

trades built: 1,287,217   short(<5min): 557,923
commission WITHOUT 5-min rule: $202,201.74
commission WITH 5-min rule:    $113,742.02
SAVINGS from 5-min rule:       $88,459.73
short-trade rows: (558516, Decimal('179923.92'))
8,386 accounts under IBs
MT5 done: 1,283,864 trades
MT4 done: 3,444 trades

trades built: 1,287,308   short(<5min): 557,961
commission WITHOUT 5-min rule: $202,210.02
commission WITH 5-min rule:    $113,747.15
SAVINGS from 5-min rule:       $88,462.88
short-trade rows: (558554, Decimal('179707.88'))
8,386 accounts under IBs
MT5 done: 1,283,864 trades
MT4 done: 3,470 trades

trades built: 1,287,334   short(<5min): 557,962
commission WITHOUT 5-min rule: $202,216.04
commission WITH 5-min rule:    $113,753.11
SAVINGS from 5-min rule:       $88,462.93
short-trade rows: (558555, Decimal('179707.88'))
8,386 accounts under IBs
MT5 done: 1,283,919 trades
MT4 done: 3,484 trades

trades built: 1,287,403   short(<5min): 557,963
commission WITHOUT 5-min rule: $202,234.94
commission WITH 5-min rule:    $113,771.51
SAVINGS from 5-min rule:       $88,463.44
short-trade rows: (558570, Decimal('179663.85'))
8,388 accounts under IBs
MT5 done: 1,283,919 trades
MT4 done: 3,489 trades

trades built: 1,287,408   short(<5min): 557,965
commission WITHOUT 5-min rule: $202,266.04
commission WITH 5-min rule:    $113,802.51
SAVINGS from 5-min rule:       $88,463.54
short-trade rows: (558572, Decimal('179663.85'))
8,386 accounts under IBs
MT5 done: 1,283,919 trades
MT4 done: 3,494 trades

trades built: 1,287,413   short(<5min): 557,967
commission WITHOUT 5-min rule: $202,267.34
commission WITH 5-min rule:    $113,803.71
SAVINGS from 5-min rule:       $88,463.64
short-trade rows: (558574, Decimal('179663.85'))
8,386 accounts under IBs
MT5 done: 1,283,919 trades
MT4 done: 3,499 trades

trades built: 1,287,418   short(<5min): 557,970
commission WITHOUT 5-min rule: $202,267.56
commission WITH 5-min rule:    $113,803.78
SAVINGS from 5-min rule:       $88,463.79
short-trade rows: (558577, Decimal('179663.85'))
8,386 accounts under IBs
MT5 done: 1,283,919 trades
MT4 done: 3,501 trades

trades built: 1,287,420   short(<5min): 557,970
commission WITHOUT 5-min rule: $202,267.80
commission WITH 5-min rule:    $113,804.02
SAVINGS from 5-min rule:       $88,463.79
short-trade rows: (558577, Decimal('179663.85'))
8,386 accounts under IBs
MT5 done: 1,283,919 trades
MT4 done: 3,507 trades

trades built: 1,287,426   short(<5min): 557,973
commission WITHOUT 5-min rule: $202,268.24
commission WITH 5-min rule:    $113,804.31
SAVINGS from 5-min rule:       $88,463.94
short-trade rows: (558580, Decimal('179663.85'))
8,386 accounts under IBs
MT5 done: 1,283,918 trades
MT4 done: 3,508 trades

trades built: 1,287,426   short(<5min): 557,976
commission WITHOUT 5-min rule: $202,273.41
commission WITH 5-min rule:    $113,807.86
SAVINGS from 5-min rule:       $88,465.56
short-trade rows: (558578, Decimal('180063.83'))
8,386 accounts under IBs
MT5 done: 1,284,076 trades
MT4 done: 3,508 trades

trades built: 1,287,584   short(<5min): 558,080
commission WITHOUT 5-min rule: $202,295.88
commission WITH 5-min rule:    $113,820.82
SAVINGS from 5-min rule:       $88,475.05
short-trade rows: (558713, Decimal('179449.82'))
8,386 accounts under IBs
MT5 done: 1,284,154 trades
MT4 done: 3,508 trades

trades built: 1,287,662   short(<5min): 558,098
commission WITHOUT 5-min rule: $202,301.41
commission WITH 5-min rule:    $113,823.39
SAVINGS from 5-min rule:       $88,478.01
short-trade rows: (558731, Decimal('179356.03'))
8,386 accounts under IBs
MT5 done: 1,284,154 trades
MT4 done: 3,508 trades

trades built: 1,287,662   short(<5min): 558,098
commission WITHOUT 5-min rule: $202,301.41
commission WITH 5-min rule:    $113,823.39
SAVINGS from 5-min rule:       $88,478.01
short-trade rows: (558731, Decimal('179356.03'))
8,386 accounts under IBs
MT5 done: 1,284,182 trades
MT4 done: 3,509 trades

trades built: 1,287,691   short(<5min): 558,111
commission WITHOUT 5-min rule: $202,313.29
commission WITH 5-min rule:    $113,834.72
SAVINGS from 5-min rule:       $88,478.57
short-trade rows: (558744, Decimal('179442.28'))
8,386 accounts under IBs
MT5 done: 1,284,273 trades
MT4 done: 3,515 trades

trades built: 1,287,788   short(<5min): 558,129
commission WITHOUT 5-min rule: $202,320.30
commission WITH 5-min rule:    $113,840.53
SAVINGS from 5-min rule:       $88,479.77
short-trade rows: (558762, Decimal('182072.40'))
8,386 accounts under IBs
MT5 done: 1,284,355 trades
MT4 done: 3,517 trades

trades built: 1,287,872   short(<5min): 558,173
commission WITHOUT 5-min rule: $202,366.70
commission WITH 5-min rule:    $113,879.72
SAVINGS from 5-min rule:       $88,486.98
short-trade rows: (558806, Decimal('178863.55'))
8,386 accounts under IBs
MT5 done: 1,284,355 trades
MT4 done: 3,523 trades

trades built: 1,287,878   short(<5min): 558,173
commission WITHOUT 5-min rule: $202,371.50
commission WITH 5-min rule:    $113,884.52
SAVINGS from 5-min rule:       $88,486.98
short-trade rows: (558806, Decimal('178863.55'))
8,386 accounts under IBs
MT5 done: 1,284,445 trades
MT4 done: 3,527 trades

trades built: 1,287,972   short(<5min): 558,218
commission WITHOUT 5-min rule: $202,381.89
commission WITH 5-min rule:    $113,889.31
SAVINGS from 5-min rule:       $88,492.58
short-trade rows: (558851, Decimal('179353.15'))
8,386 accounts under IBs
MT5 done: 1,284,548 trades
MT4 done: 3,529 trades

trades built: 1,288,077   short(<5min): 558,243
commission WITHOUT 5-min rule: $202,400.96
commission WITH 5-min rule:    $113,905.05
SAVINGS from 5-min rule:       $88,495.91
short-trade rows: (558876, Decimal('179716.80'))
8,386 accounts under IBs
MT5 done: 1,284,683 trades
MT4 done: 3,531 trades

trades built: 1,288,214   short(<5min): 558,309
commission WITHOUT 5-min rule: $202,412.21
commission WITH 5-min rule:    $113,911.58
SAVINGS from 5-min rule:       $88,500.63
short-trade rows: (558942, Decimal('179337.98'))
8,386 accounts under IBs
MT5 done: 1,284,683 trades
MT4 done: 3,537 trades

trades built: 1,288,220   short(<5min): 558,309
commission WITHOUT 5-min rule: $202,412.75
commission WITH 5-min rule:    $113,912.12
SAVINGS from 5-min rule:       $88,500.63
short-trade rows: (558942, Decimal('179337.98'))
8,386 accounts under IBs
MT5 done: 1,284,797 trades
MT4 done: 3,545 trades

trades built: 1,288,342   short(<5min): 558,376
commission WITHOUT 5-min rule: $202,434.57
commission WITH 5-min rule:    $113,925.23
SAVINGS from 5-min rule:       $88,509.34
short-trade rows: (559009, Decimal('179299.22'))
8,386 accounts under IBs
MT5 done: 1,284,901 trades
MT4 done: 3,551 trades

trades built: 1,288,452   short(<5min): 558,428
commission WITHOUT 5-min rule: $202,451.73
commission WITH 5-min rule:    $113,933.17
SAVINGS from 5-min rule:       $88,518.57
short-trade rows: (559061, Decimal('179157.90'))
8,386 accounts under IBs
MT5 done: 1,284,901 trades
MT4 done: 3,555 trades

trades built: 1,288,456   short(<5min): 558,428
commission WITHOUT 5-min rule: $202,452.09
commission WITH 5-min rule:    $113,933.53
SAVINGS from 5-min rule:       $88,518.57
short-trade rows: (559061, Decimal('179157.90'))
8,386 accounts under IBs
MT5 done: 1,284,964 trades
MT4 done: 3,567 trades

trades built: 1,288,531   short(<5min): 558,456
commission WITHOUT 5-min rule: $202,461.72
commission WITH 5-min rule:    $113,936.48
SAVINGS from 5-min rule:       $88,525.24
short-trade rows: (559089, Decimal('179016.53'))
8,386 accounts under IBs
MT5 done: 1,285,030 trades
MT4 done: 3,569 trades

trades built: 1,288,599   short(<5min): 558,495
commission WITHOUT 5-min rule: $202,473.53
commission WITH 5-min rule:    $113,942.57
SAVINGS from 5-min rule:       $88,530.97
short-trade rows: (558499, Decimal('178934.17'))
8,386 accounts under IBs
MT5 done: 1,285,092 trades
MT4 done: 3,622 trades

trades built: 1,288,714   short(<5min): 558,516
commission WITHOUT 5-min rule: $202,492.36
commission WITH 5-min rule:    $113,955.22
SAVINGS from 5-min rule:       $88,537.14
short-trade rows: (558526, Decimal('178652.16'))
8,386 accounts under IBs
MT5 done: 1,285,092 trades
MT4 done: 3,639 trades

trades built: 1,288,731   short(<5min): 558,516
commission WITHOUT 5-min rule: $202,493.67
commission WITH 5-min rule:    $113,956.53
SAVINGS from 5-min rule:       $88,537.14
short-trade rows: (558526, Decimal('178652.16'))
8,386 accounts under IBs
MT5 done: 1,285,153 trades
MT4 done: 3,676 trades

trades built: 1,288,829   short(<5min): 558,548
commission WITHOUT 5-min rule: $202,508.87
commission WITH 5-min rule:    $113,963.63
SAVINGS from 5-min rule:       $88,545.25
short-trade rows: (558562, Decimal('178222.95'))
8,386 accounts under IBs
MT5 done: 1,285,204 trades
MT4 done: 3,683 trades

trades built: 1,288,887   short(<5min): 558,579
commission WITHOUT 5-min rule: $202,521.31
commission WITH 5-min rule:    $113,966.33
SAVINGS from 5-min rule:       $88,554.99
short-trade rows: (558596, Decimal('178135.21'))
8,386 accounts under IBs
MT5 done: 1,285,247 trades
MT4 done: 3,710 trades

trades built: 1,288,957   short(<5min): 558,619
commission WITHOUT 5-min rule: $202,532.18
commission WITH 5-min rule:    $113,972.53
SAVINGS from 5-min rule:       $88,559.65
short-trade rows: (558636, Decimal('177814.54'))
8,386 accounts under IBs
MT5 done: 1,285,247 trades
MT4 done: 3,712 trades

trades built: 1,288,959   short(<5min): 558,619
commission WITHOUT 5-min rule: $202,532.30
commission WITH 5-min rule:    $113,972.65
SAVINGS from 5-min rule:       $88,559.65
short-trade rows: (558636, Decimal('177814.54'))
8,387 accounts under IBs
MT5 done: 1,285,283 trades
MT4 done: 3,717 trades

trades built: 1,289,000   short(<5min): 558,633
commission WITHOUT 5-min rule: $202,538.84
commission WITH 5-min rule:    $113,975.36
SAVINGS from 5-min rule:       $88,563.48
short-trade rows: (558672, Decimal('177708.23'))
8,387 accounts under IBs
MT5 done: 1,285,370 trades
MT4 done: 3,727 trades

trades built: 1,289,097   short(<5min): 558,680
commission WITHOUT 5-min rule: $202,554.31
commission WITH 5-min rule:    $113,985.39
SAVINGS from 5-min rule:       $88,568.93
short-trade rows: (558775, Decimal('176218.32'))
8,387 accounts under IBs
MT5 done: 1,285,370 trades
MT4 done: 3,729 trades

trades built: 1,289,099   short(<5min): 558,680
commission WITHOUT 5-min rule: $202,554.42
commission WITH 5-min rule:    $113,985.50
SAVINGS from 5-min rule:       $88,568.93
short-trade rows: (558775, Decimal('176218.32'))
8,387 accounts under IBs
MT5 done: 1,285,419 trades
MT4 done: 3,772 trades

trades built: 1,289,191   short(<5min): 558,697
commission WITHOUT 5-min rule: $202,562.64
commission WITH 5-min rule:    $113,991.57
SAVINGS from 5-min rule:       $88,571.07
short-trade rows: (558807, Decimal('174832.89'))
8,387 accounts under IBs
MT5 done: 1,285,443 trades
MT4 done: 3,776 trades

trades built: 1,289,219   short(<5min): 558,715
commission WITHOUT 5-min rule: $202,567.24
commission WITH 5-min rule:    $113,991.91
SAVINGS from 5-min rule:       $88,575.33
short-trade rows: (558828, Decimal('174697.38'))
8,389 accounts under IBs
MT5 done: 1,285,473 trades
MT4 done: 3,779 trades

trades built: 1,289,252   short(<5min): 558,732
commission WITHOUT 5-min rule: $202,575.71
commission WITH 5-min rule:    $113,997.36
SAVINGS from 5-min rule:       $88,578.35
short-trade rows: (558854, Decimal('174702.01'))
8,389 accounts under IBs
MT5 done: 1,285,473 trades
MT4 done: 3,793 trades

trades built: 1,289,266   short(<5min): 558,735
commission WITHOUT 5-min rule: $202,576.25
commission WITH 5-min rule:    $113,997.76
SAVINGS from 5-min rule:       $88,578.50
short-trade rows: (558857, Decimal('174702.01'))
8,389 accounts under IBs
MT5 done: 1,285,526 trades
MT4 done: 3,805 trades

trades built: 1,289,331   short(<5min): 558,775
commission WITHOUT 5-min rule: $202,586.93
commission WITH 5-min rule:    $114,002.12
SAVINGS from 5-min rule:       $88,584.81
short-trade rows: (558907, Decimal('174756.22'))
8,389 accounts under IBs
MT5 done: 1,285,568 trades
MT4 done: 3,821 trades

trades built: 1,289,389   short(<5min): 558,791
commission WITHOUT 5-min rule: $202,597.29
commission WITH 5-min rule:    $114,007.78
SAVINGS from 5-min rule:       $88,589.52
short-trade rows: (558940, Decimal('174001.18'))
8,391 accounts under IBs
MT5 done: 1,285,637 trades
MT4 done: 3,826 trades

trades built: 1,289,463   short(<5min): 558,801
commission WITHOUT 5-min rule: $202,606.22
commission WITH 5-min rule:    $114,015.80
SAVINGS from 5-min rule:       $88,590.42
short-trade rows: (558959, Decimal('173988.44'))
8,389 accounts under IBs
MT5 done: 1,285,637 trades
MT4 done: 3,832 trades

trades built: 1,289,469   short(<5min): 558,801
commission WITHOUT 5-min rule: $202,607.43
commission WITH 5-min rule:    $114,017.01
SAVINGS from 5-min rule:       $88,590.42
short-trade rows: (558959, Decimal('173988.44'))
8,389 accounts under IBs
MT5 done: 1,285,688 trades
MT4 done: 3,838 trades

trades built: 1,289,526   short(<5min): 558,829
commission WITHOUT 5-min rule: $202,619.45
commission WITH 5-min rule:    $114,024.26
SAVINGS from 5-min rule:       $88,595.19
short-trade rows: (558992, Decimal('175206.08'))
8,389 accounts under IBs
MT5 done: 1,285,723 trades
MT4 done: 3,847 trades

trades built: 1,289,570   short(<5min): 558,846
commission WITHOUT 5-min rule: $202,626.24
commission WITH 5-min rule:    $114,028.77
SAVINGS from 5-min rule:       $88,597.47
short-trade rows: (559044, Decimal('174708.49'))
8,389 accounts under IBs
MT5 done: 1,285,723 trades
MT4 done: 3,876 trades

trades built: 1,289,599   short(<5min): 558,851
commission WITHOUT 5-min rule: $202,628.59
commission WITH 5-min rule:    $114,030.87
SAVINGS from 5-min rule:       $88,597.72
short-trade rows: (559049, Decimal('174708.49'))
8,389 accounts under IBs
MT5 done: 1,285,784 trades
MT4 done: 3,893 trades

trades built: 1,289,677   short(<5min): 558,897
commission WITHOUT 5-min rule: $202,651.46
commission WITH 5-min rule:    $114,050.19
SAVINGS from 5-min rule:       $88,601.26
short-trade rows: (559163, Decimal('173653.95'))
8,389 accounts under IBs
MT5 done: 1,285,857 trades
MT4 done: 3,894 trades

trades built: 1,289,751   short(<5min): 558,908
commission WITHOUT 5-min rule: $202,656.02
commission WITH 5-min rule:    $114,052.44
SAVINGS from 5-min rule:       $88,603.58
short-trade rows: (559240, Decimal('174288.60'))
8,391 accounts under IBs
MT5 done: 1,285,925 trades
MT4 done: 3,913 trades

trades built: 1,289,838   short(<5min): 558,931
commission WITHOUT 5-min rule: $202,667.11
commission WITH 5-min rule:    $114,061.30
SAVINGS from 5-min rule:       $88,605.80
short-trade rows: (559281, Decimal('176281.52'))
8,389 accounts under IBs
MT5 done: 1,285,925 trades
MT4 done: 3,916 trades

trades built: 1,289,841   short(<5min): 558,931
commission WITHOUT 5-min rule: $202,667.17
commission WITH 5-min rule:    $114,061.36
SAVINGS from 5-min rule:       $88,605.80
short-trade rows: (559281, Decimal('176281.52'))
8,391 accounts under IBs
MT5 done: 1,286,716 trades
MT4 done: 3,933 trades

trades built: 1,290,649   short(<5min): 559,244
commission WITHOUT 5-min rule: $202,718.88
commission WITH 5-min rule:    $114,091.40
SAVINGS from 5-min rule:       $88,627.48
short-trade rows: (559673, Decimal('175076.47'))
8,392 accounts under IBs
MT5 done: 1,286,795 trades
MT4 done: 3,943 trades

trades built: 1,290,738   short(<5min): 559,300
commission WITHOUT 5-min rule: $202,756.61
commission WITH 5-min rule:    $114,114.44
SAVINGS from 5-min rule:       $88,642.16
short-trade rows: (559729, Decimal('176578.99'))
8,392 accounts under IBs
MT5 done: 1,286,795 trades
MT4 done: 3,946 trades

trades built: 1,290,741   short(<5min): 559,303
commission WITHOUT 5-min rule: $202,756.76
commission WITH 5-min rule:    $114,114.44
SAVINGS from 5-min rule:       $88,642.31
short-trade rows: (559732, Decimal('176578.99'))
8,392 accounts under IBs
MT5 done: 1,286,900 trades
MT4 done: 3,959 trades

trades built: 1,290,859   short(<5min): 559,346
commission WITHOUT 5-min rule: $202,772.62
commission WITH 5-min rule:    $114,124.35
SAVINGS from 5-min rule:       $88,648.27
short-trade rows: (559775, Decimal('176679.62'))
8,393 accounts under IBs
MT5 done: 1,287,016 trades
MT4 done: 3,991 trades

trades built: 1,291,007   short(<5min): 559,387
commission WITHOUT 5-min rule: $202,798.93
commission WITH 5-min rule:    $114,143.93
SAVINGS from 5-min rule:       $88,655.00
short-trade rows: (559819, Decimal('175653.15'))
8,395 accounts under IBs
MT5 done: 1,287,050 trades
MT4 done: 3,994 trades

trades built: 1,291,044   short(<5min): 559,407
commission WITHOUT 5-min rule: $202,807.93
commission WITH 5-min rule:    $114,147.80
SAVINGS from 5-min rule:       $88,660.13
short-trade rows: (559839, Decimal('175900.07'))
8,393 accounts under IBs
MT5 done: 1,287,050 trades
MT4 done: 4,000 trades

trades built: 1,291,050   short(<5min): 559,407
commission WITHOUT 5-min rule: $202,808.50
commission WITH 5-min rule:    $114,148.37
SAVINGS from 5-min rule:       $88,660.13
short-trade rows: (559839, Decimal('175900.07'))
8,393 accounts under IBs
MT5 done: 1,287,107 trades
MT4 done: 4,001 trades

trades built: 1,291,108   short(<5min): 559,442
commission WITHOUT 5-min rule: $202,817.89
commission WITH 5-min rule:    $114,154.06
SAVINGS from 5-min rule:       $88,663.83
short-trade rows: (559874, Decimal('175564.84'))
8,393 accounts under IBs
MT5 done: 1,287,207 trades
MT4 done: 4,001 trades

trades built: 1,291,208   short(<5min): 559,509
commission WITHOUT 5-min rule: $202,833.90
commission WITH 5-min rule:    $114,163.71
SAVINGS from 5-min rule:       $88,670.18
short-trade rows: (559970, Decimal('175980.40'))
8,393 accounts under IBs
MT5 done: 1,287,207 trades
MT4 done: 4,001 trades

trades built: 1,291,208   short(<5min): 559,509
commission WITHOUT 5-min rule: $202,833.90
commission WITH 5-min rule:    $114,163.71
SAVINGS from 5-min rule:       $88,670.18
short-trade rows: (559970, Decimal('175980.40'))
8,395 accounts under IBs
MT5 done: 1,287,682 trades
MT4 done: 4,008 trades

trades built: 1,291,690   short(<5min): 559,696
commission WITHOUT 5-min rule: $202,879.65
commission WITH 5-min rule:    $114,185.81
SAVINGS from 5-min rule:       $88,693.84
short-trade rows: (560241, Decimal('177115.56'))
8,393 accounts under IBs
MT5 done: 1,287,682 trades
MT4 done: 4,010 trades

trades built: 1,291,692   short(<5min): 559,696
commission WITHOUT 5-min rule: $202,879.79
commission WITH 5-min rule:    $114,185.95
SAVINGS from 5-min rule:       $88,693.84
short-trade rows: (560241, Decimal('177115.56'))
8,393 accounts under IBs
MT5 done: 1,287,771 trades
MT4 done: 4,010 trades

trades built: 1,291,781   short(<5min): 559,751
commission WITHOUT 5-min rule: $202,897.11
commission WITH 5-min rule:    $114,192.94
SAVINGS from 5-min rule:       $88,704.17
short-trade rows: (560296, Decimal('177152.02'))
8,393 accounts under IBs
MT5 done: 1,287,822 trades
MT4 done: 4,017 trades

trades built: 1,291,839   short(<5min): 559,775
commission WITHOUT 5-min rule: $202,908.79
commission WITH 5-min rule:    $114,200.17
SAVINGS from 5-min rule:       $88,708.62
short-trade rows: (560320, Decimal('177405.55'))
8,393 accounts under IBs
MT5 done: 1,287,822 trades
MT4 done: 4,021 trades

trades built: 1,291,843   short(<5min): 559,775
commission WITHOUT 5-min rule: $202,908.98
commission WITH 5-min rule:    $114,200.36
SAVINGS from 5-min rule:       $88,708.62
short-trade rows: (560320, Decimal('177405.55'))
8,393 accounts under IBs
MT5 done: 1,287,977 trades
MT4 done: 4,030 trades

trades built: 1,292,007   short(<5min): 559,872
commission WITHOUT 5-min rule: $202,919.91
commission WITH 5-min rule:    $114,208.01
SAVINGS from 5-min rule:       $88,711.90
short-trade rows: (560417, Decimal('177184.92'))
8,393 accounts under IBs
MT5 done: 1,288,083 trades
MT4 done: 4,041 trades

trades built: 1,292,124   short(<5min): 559,937
commission WITHOUT 5-min rule: $202,943.37
commission WITH 5-min rule:    $114,217.30
SAVINGS from 5-min rule:       $88,726.07
short-trade rows: (560484, Decimal('177417.96'))
8,393 accounts under IBs
MT5 done: 1,288,233 trades
MT4 done: 4,044 trades

trades built: 1,292,277   short(<5min): 560,021
commission WITHOUT 5-min rule: $202,976.29
commission WITH 5-min rule:    $114,224.15
SAVINGS from 5-min rule:       $88,752.13
short-trade rows: (560568, Decimal('177677.27'))
8,393 accounts under IBs
MT5 done: 1,288,233 trades
MT4 done: 4,048 trades

trades built: 1,292,281   short(<5min): 560,021
commission WITHOUT 5-min rule: $202,976.53
commission WITH 5-min rule:    $114,224.39
SAVINGS from 5-min rule:       $88,752.13
short-trade rows: (560568, Decimal('177677.27'))
8,393 accounts under IBs
MT5 done: 1,288,406 trades
MT4 done: 4,060 trades

trades built: 1,292,466   short(<5min): 560,100
commission WITHOUT 5-min rule: $203,002.46
commission WITH 5-min rule:    $114,233.42
SAVINGS from 5-min rule:       $88,769.04
short-trade rows: (560648, Decimal('177253.17'))
8,393 accounts under IBs
MT5 done: 1,288,526 trades
MT4 done: 4,064 trades

trades built: 1,292,590   short(<5min): 560,159
commission WITHOUT 5-min rule: $203,019.68
commission WITH 5-min rule:    $114,242.33
SAVINGS from 5-min rule:       $88,777.35
short-trade rows: (560708, Decimal('176947.74'))
8,393 accounts under IBs
MT5 done: 1,288,613 trades
MT4 done: 4,077 trades

trades built: 1,292,690   short(<5min): 560,188
commission WITHOUT 5-min rule: $203,031.82
commission WITH 5-min rule:    $114,249.46
SAVINGS from 5-min rule:       $88,782.37
short-trade rows: (560737, Decimal('177231.49'))
8,393 accounts under IBs
MT5 done: 1,288,613 trades
MT4 done: 4,087 trades

trades built: 1,292,700   short(<5min): 560,190
commission WITHOUT 5-min rule: $203,032.99
commission WITH 5-min rule:    $114,250.53
SAVINGS from 5-min rule:       $88,782.47
short-trade rows: (560739, Decimal('177231.49'))
8,393 accounts under IBs
MT5 done: 1,288,681 trades
MT4 done: 4,093 trades

trades built: 1,292,774   short(<5min): 560,236
commission WITHOUT 5-min rule: $203,045.76
commission WITH 5-min rule:    $114,260.28
SAVINGS from 5-min rule:       $88,785.48
short-trade rows: (560816, Decimal('177392.25'))
8,395 accounts under IBs
MT5 done: 1,288,717 trades
MT4 done: 4,098 trades

trades built: 1,292,815   short(<5min): 560,253
commission WITHOUT 5-min rule: $203,063.45
commission WITH 5-min rule:    $114,268.43
SAVINGS from 5-min rule:       $88,795.02
short-trade rows: (560848, Decimal('176952.71'))
8,393 accounts under IBs
8,393 accounts under IBs
MT5 done: 1,288,780 trades
MT4 done: 4,121 trades

trades built: 1,292,901   short(<5min): 560,286
commission WITHOUT 5-min rule: $203,080.14
commission WITH 5-min rule:    $114,272.60
SAVINGS from 5-min rule:       $88,807.54
short-trade rows: (560881, Decimal('177027.47'))
8,395 accounts under IBs
MT5 done: 1,288,865 trades
MT4 done: 4,138 trades

trades built: 1,293,003   short(<5min): 560,341
commission WITHOUT 5-min rule: $203,106.26
commission WITH 5-min rule:    $114,292.65
SAVINGS from 5-min rule:       $88,813.61
short-trade rows: (560936, Decimal('176637.04'))
8,395 accounts under IBs
8,395 accounts under IBs
MT5 done: 1,288,997 trades
MT4 done: 4,153 trades

trades built: 1,293,150   short(<5min): 560,421
commission WITHOUT 5-min rule: $203,138.82
commission WITH 5-min rule:    $114,312.67
SAVINGS from 5-min rule:       $88,826.15
short-trade rows: (561056, Decimal('177597.47'))
8,395 accounts under IBs
MT5 done: 1,288,997 trades
MT4 done: 4,153 trades

trades built: 1,293,150   short(<5min): 560,421
commission WITHOUT 5-min rule: $203,138.82
commission WITH 5-min rule:    $114,312.67
SAVINGS from 5-min rule:       $88,826.15
short-trade rows: (561056, Decimal('177597.47'))
8,395 accounts under IBs
8,395 accounts under IBs
MT5 done: 1,289,138 trades
MT4 done: 4,163 trades

trades built: 1,293,301   short(<5min): 560,482
commission WITHOUT 5-min rule: $203,177.31
commission WITH 5-min rule:    $114,331.93
SAVINGS from 5-min rule:       $88,845.38
short-trade rows: (561117, Decimal('179640.40'))
8,399 accounts under IBs
MT5 done: 1,289,298 trades
MT4 done: 4,170 trades

trades built: 1,293,468   short(<5min): 560,583
commission WITHOUT 5-min rule: $203,221.53
commission WITH 5-min rule:    $114,352.33
SAVINGS from 5-min rule:       $88,869.20
short-trade rows: (561218, Decimal('179118.61'))
8,397 accounts under IBs
MT5 done: 1,289,298 trades
MT4 done: 4,176 trades

trades built: 1,293,474   short(<5min): 560,583
commission WITHOUT 5-min rule: $203,227.16
commission WITH 5-min rule:    $114,357.96
SAVINGS from 5-min rule:       $88,869.20
short-trade rows: (561218, Decimal('179118.61'))
8,397 accounts under IBs
MT5 done: 1,289,452 trades
MT4 done: 4,178 trades

trades built: 1,293,630   short(<5min): 560,689
commission WITHOUT 5-min rule: $203,258.28
commission WITH 5-min rule:    $114,366.18
SAVINGS from 5-min rule:       $88,892.09
short-trade rows: (561324, Decimal('178811.99'))
8,397 accounts under IBs
MT5 done: 1,289,609 trades
MT4 done: 4,178 trades

trades built: 1,293,787   short(<5min): 560,738
commission WITHOUT 5-min rule: $203,272.64
commission WITH 5-min rule:    $114,377.09
SAVINGS from 5-min rule:       $88,895.55
short-trade rows: (561373, Decimal('178849.16'))
8,397 accounts under IBs
MT5 done: 1,289,609 trades
MT4 done: 4,184 trades

trades built: 1,293,793   short(<5min): 560,738
commission WITHOUT 5-min rule: $203,272.84
commission WITH 5-min rule:    $114,377.29
SAVINGS from 5-min rule:       $88,895.55
short-trade rows: (561373, Decimal('178849.16'))
8,397 accounts under IBs
MT5 done: 1,289,757 trades
MT4 done: 4,189 trades

trades built: 1,293,946   short(<5min): 560,794
commission WITHOUT 5-min rule: $202,886.67
commission WITH 5-min rule:    $114,123.89
SAVINGS from 5-min rule:       $88,762.77
short-trade rows: (561429, Decimal('178804.97'))
8,397 accounts under IBs
MT5 done: 1,289,825 trades
MT4 done: 4,197 trades

trades built: 1,294,022   short(<5min): 560,827
commission WITHOUT 5-min rule: $202,905.62
commission WITH 5-min rule:    $114,137.88
SAVINGS from 5-min rule:       $88,767.74
short-trade rows: (561462, Decimal('179227.47'))
8,397 accounts under IBs
MT5 done: 1,289,825 trades
MT4 done: 4,205 trades

trades built: 1,294,030   short(<5min): 560,827
commission WITHOUT 5-min rule: $202,906.42
commission WITH 5-min rule:    $114,138.68
SAVINGS from 5-min rule:       $88,767.74
short-trade rows: (561462, Decimal('179227.47'))
8,397 accounts under IBs
MT5 done: 1,289,946 trades
MT4 done: 4,213 trades

trades built: 1,294,159   short(<5min): 560,865
commission WITHOUT 5-min rule: $202,919.12
commission WITH 5-min rule:    $114,148.49
SAVINGS from 5-min rule:       $88,770.63
short-trade rows: (561500, Decimal('179389.15'))
8,397 accounts under IBs
MT5 done: 1,290,021 trades
MT4 done: 4,223 trades

trades built: 1,294,244   short(<5min): 560,898
commission WITHOUT 5-min rule: $202,934.29
commission WITH 5-min rule:    $114,160.72
SAVINGS from 5-min rule:       $88,773.57
short-trade rows: (561533, Decimal('177841.14'))
8,397 accounts under IBs
MT5 done: 1,290,105 trades
MT4 done: 4,232 trades

trades built: 1,294,337   short(<5min): 560,938
commission WITHOUT 5-min rule: $202,952.26
commission WITH 5-min rule:    $114,170.73
SAVINGS from 5-min rule:       $88,781.54
short-trade rows: (560949, Decimal('179250.59'))
8,397 accounts under IBs
MT5 done: 1,290,105 trades
MT4 done: 4,241 trades

trades built: 1,294,346   short(<5min): 560,940
commission WITHOUT 5-min rule: $202,953.40
commission WITH 5-min rule:    $114,171.47
SAVINGS from 5-min rule:       $88,781.94
short-trade rows: (560951, Decimal('179250.59'))
8,397 accounts under IBs
MT5 done: 1,290,341 trades
MT4 done: 4,247 trades

trades built: 1,294,588   short(<5min): 561,055
commission WITHOUT 5-min rule: $203,009.78
commission WITH 5-min rule:    $114,191.36
SAVINGS from 5-min rule:       $88,818.43
short-trade rows: (561130, Decimal('179923.99'))
8,398 accounts under IBs
MT5 done: 1,290,630 trades
MT4 done: 4,258 trades

trades built: 1,294,888   short(<5min): 561,257
commission WITHOUT 5-min rule: $203,052.09
commission WITH 5-min rule:    $114,203.40
SAVINGS from 5-min rule:       $88,848.69
short-trade rows: (561413, Decimal('179696.80'))
8,400 accounts under IBs
MT5 done: 1,290,847 trades
MT4 done: 4,264 trades

trades built: 1,295,111   short(<5min): 561,419
commission WITHOUT 5-min rule: $203,075.20
commission WITH 5-min rule:    $114,210.52
SAVINGS from 5-min rule:       $88,864.68
short-trade rows: (561754, Decimal('179916.06'))
8,398 accounts under IBs
MT5 done: 1,290,847 trades
MT4 done: 4,267 trades

trades built: 1,295,114   short(<5min): 561,419
commission WITHOUT 5-min rule: $203,075.90
commission WITH 5-min rule:    $114,211.22
SAVINGS from 5-min rule:       $88,864.68
short-trade rows: (561754, Decimal('179916.06'))
8,399 accounts under IBs
MT5 done: 1,290,983 trades
MT4 done: 4,272 trades

trades built: 1,295,255   short(<5min): 561,504
commission WITHOUT 5-min rule: $203,094.15
commission WITH 5-min rule:    $114,223.50
SAVINGS from 5-min rule:       $88,870.65
short-trade rows: (561903, Decimal('179748.00'))
8,399 accounts under IBs
MT5 done: 1,291,170 trades
MT4 done: 4,272 trades

trades built: 1,295,442   short(<5min): 561,580
commission WITHOUT 5-min rule: $203,114.47
commission WITH 5-min rule:    $114,237.67
SAVINGS from 5-min rule:       $88,876.80
short-trade rows: (562009, Decimal('177724.35'))
8,399 accounts under IBs
MT5 done: 1,291,480 trades
MT4 done: 4,278 trades

trades built: 1,295,758   short(<5min): 561,656
commission WITHOUT 5-min rule: $203,147.16
commission WITH 5-min rule:    $114,254.83
SAVINGS from 5-min rule:       $88,892.33
short-trade rows: (562085, Decimal('177398.73'))
8,399 accounts under IBs
MT5 done: 1,291,480 trades
MT4 done: 4,278 trades

trades built: 1,295,758   short(<5min): 561,656
commission WITHOUT 5-min rule: $203,147.16
commission WITH 5-min rule:    $114,254.83
SAVINGS from 5-min rule:       $88,892.33
short-trade rows: (562085, Decimal('177398.73'))
8,401 accounts under IBs
MT5 done: 1,291,640 trades
MT4 done: 4,278 trades

trades built: 1,295,918   short(<5min): 561,707
commission WITHOUT 5-min rule: $203,164.23
commission WITH 5-min rule:    $114,268.01
SAVINGS from 5-min rule:       $88,896.22
short-trade rows: (562136, Decimal('177855.44'))
8,402 accounts under IBs
MT5 done: 1,291,835 trades
MT4 done: 4,278 trades

trades built: 1,296,113   short(<5min): 561,849
commission WITHOUT 5-min rule: $203,184.79
commission WITH 5-min rule:    $114,277.43
SAVINGS from 5-min rule:       $88,907.37
short-trade rows: (562278, Decimal('177336.08'))
8,402 accounts under IBs
MT5 done: 1,291,835 trades
MT4 done: 4,278 trades

trades built: 1,296,113   short(<5min): 561,849
commission WITHOUT 5-min rule: $203,184.79
commission WITH 5-min rule:    $114,277.43
SAVINGS from 5-min rule:       $88,907.37
short-trade rows: (562278, Decimal('177336.08'))
8,403 accounts under IBs
MT5 done: 1,291,978 trades
MT4 done: 4,278 trades

trades built: 1,296,256   short(<5min): 561,950
commission WITHOUT 5-min rule: $203,201.88
commission WITH 5-min rule:    $114,285.71
SAVINGS from 5-min rule:       $88,916.17
short-trade rows: (562379, Decimal('176613.92'))
8,403 accounts under IBs
MT5 done: 1,292,078 trades
MT4 done: 4,278 trades

trades built: 1,296,356   short(<5min): 562,007
commission WITHOUT 5-min rule: $203,209.94
commission WITH 5-min rule:    $114,289.37
SAVINGS from 5-min rule:       $88,920.57
short-trade rows: (562436, Decimal('176606.20'))
8,405 accounts under IBs
MT5 done: 1,292,213 trades
MT4 done: 4,278 trades

trades built: 1,296,491   short(<5min): 562,078
commission WITHOUT 5-min rule: $203,219.06
commission WITH 5-min rule:    $114,293.44
SAVINGS from 5-min rule:       $88,925.62
short-trade rows: (562510, Decimal('176774.08'))
8,403 accounts under IBs
MT5 done: 1,292,213 trades
MT4 done: 4,278 trades

trades built: 1,296,491   short(<5min): 562,078
commission WITHOUT 5-min rule: $203,219.06
commission WITH 5-min rule:    $114,293.44
SAVINGS from 5-min rule:       $88,925.62
short-trade rows: (562510, Decimal('176774.08'))
8,403 accounts under IBs
MT5 done: 1,292,332 trades
MT4 done: 4,278 trades

trades built: 1,296,610   short(<5min): 562,106
commission WITHOUT 5-min rule: $203,225.71
commission WITH 5-min rule:    $114,297.71
SAVINGS from 5-min rule:       $88,928.00
short-trade rows: (562566, Decimal('176694.27'))
8,403 accounts under IBs
MT5 done: 1,292,390 trades
MT4 done: 4,278 trades

trades built: 1,296,668   short(<5min): 562,137
commission WITHOUT 5-min rule: $203,232.65
commission WITH 5-min rule:    $114,300.40
SAVINGS from 5-min rule:       $88,932.25
short-trade rows: (562602, Decimal('176552.40'))
8,403 accounts under IBs
MT5 done: 1,292,496 trades
MT4 done: 4,278 trades

trades built: 1,296,774   short(<5min): 562,184
commission WITHOUT 5-min rule: $203,244.65
commission WITH 5-min rule:    $114,304.72
SAVINGS from 5-min rule:       $88,939.93
short-trade rows: (562653, Decimal('176266.90'))
8,403 accounts under IBs
MT5 done: 1,292,496 trades
MT4 done: 4,278 trades

trades built: 1,296,774   short(<5min): 562,184
commission WITHOUT 5-min rule: $203,244.65
commission WITH 5-min rule:    $114,304.72
SAVINGS from 5-min rule:       $88,939.93
short-trade rows: (562653, Decimal('176266.90'))
8,403 accounts under IBs
MT5 done: 1,292,597 trades
MT4 done: 4,278 trades

trades built: 1,296,875   short(<5min): 562,230
commission WITHOUT 5-min rule: $203,253.40
commission WITH 5-min rule:    $114,309.11
SAVINGS from 5-min rule:       $88,944.28
short-trade rows: (562725, Decimal('176345.23'))
8,403 accounts under IBs
MT5 done: 1,292,699 trades
MT4 done: 4,278 trades

trades built: 1,296,977   short(<5min): 562,280
commission WITHOUT 5-min rule: $203,263.98
commission WITH 5-min rule:    $114,315.90
SAVINGS from 5-min rule:       $88,948.08
short-trade rows: (562791, Decimal('176319.34'))
8,403 accounts under IBs
MT5 done: 1,292,699 trades
MT4 done: 4,278 trades

trades built: 1,296,977   short(<5min): 562,280
commission WITHOUT 5-min rule: $203,263.98
commission WITH 5-min rule:    $114,315.90
SAVINGS from 5-min rule:       $88,948.08
short-trade rows: (562791, Decimal('176319.34'))
8,403 accounts under IBs
MT5 done: 1,292,751 trades
MT4 done: 4,278 trades

trades built: 1,297,029   short(<5min): 562,314
commission WITHOUT 5-min rule: $203,270.08
commission WITH 5-min rule:    $114,318.10
SAVINGS from 5-min rule:       $88,951.98
short-trade rows: (562849, Decimal('175164.53'))
8,403 accounts under IBs
MT5 done: 1,292,819 trades
MT4 done: 4,278 trades

trades built: 1,297,097   short(<5min): 562,318
commission WITHOUT 5-min rule: $203,290.10
commission WITH 5-min rule:    $114,336.82
SAVINGS from 5-min rule:       $88,953.28
short-trade rows: (562863, Decimal('174737.31'))
8,404 accounts under IBs
MT5 done: 1,292,927 trades
MT4 done: 4,278 trades

trades built: 1,297,205   short(<5min): 562,345
commission WITHOUT 5-min rule: $203,320.07
commission WITH 5-min rule:    $114,360.78
SAVINGS from 5-min rule:       $88,959.30
short-trade rows: (562890, Decimal('174709.02'))
8,404 accounts under IBs
MT5 done: 1,292,927 trades
MT4 done: 4,278 trades

trades built: 1,297,205   short(<5min): 562,345
commission WITHOUT 5-min rule: $203,320.07
commission WITH 5-min rule:    $114,360.78
SAVINGS from 5-min rule:       $88,959.30
short-trade rows: (562890, Decimal('174709.02'))
8,404 accounts under IBs
MT5 done: 1,292,948 trades
MT4 done: 4,278 trades

trades built: 1,297,226   short(<5min): 562,347
commission WITHOUT 5-min rule: $203,320.55
commission WITH 5-min rule:    $114,361.25
SAVINGS from 5-min rule:       $88,959.30
short-trade rows: (562892, Decimal('174678.47'))
8,406 accounts under IBs
MT5 done: 1,292,950 trades
MT4 done: 4,278 trades

trades built: 1,297,228   short(<5min): 562,349
commission WITHOUT 5-min rule: $203,320.66
commission WITH 5-min rule:    $114,361.25
SAVINGS from 5-min rule:       $88,959.41
short-trade rows: (562894, Decimal('174677.33'))
8,406 accounts under IBs
MT5 done: 1,292,949 trades
MT4 done: 4,278 trades

trades built: 1,297,227   short(<5min): 562,349
commission WITHOUT 5-min rule: $203,320.66
commission WITH 5-min rule:    $114,361.26
SAVINGS from 5-min rule:       $88,959.41
short-trade rows: (562894, Decimal('174689.93'))
8,406 accounts under IBs
MT5 done: 1,292,949 trades
MT4 done: 4,278 trades

trades built: 1,297,227   short(<5min): 562,349
commission WITHOUT 5-min rule: $203,320.66
commission WITH 5-min rule:    $114,361.26
SAVINGS from 5-min rule:       $88,959.41
short-trade rows: (562894, Decimal('174689.93'))
8,406 accounts under IBs
MT5 done: 1,292,950 trades
MT4 done: 4,278 trades

trades built: 1,297,228   short(<5min): 562,349
commission WITHOUT 5-min rule: $203,320.66
commission WITH 5-min rule:    $114,361.26
SAVINGS from 5-min rule:       $88,959.41
short-trade rows: (562894, Decimal('174701.23'))
8,407 accounts under IBs
MT5 done: 1,292,951 trades
MT4 done: 4,278 trades

trades built: 1,297,229   short(<5min): 562,352
commission WITHOUT 5-min rule: $203,320.84
commission WITH 5-min rule:    $114,361.32
SAVINGS from 5-min rule:       $88,959.53
short-trade rows: (562897, Decimal('174635.98'))
8,407 accounts under IBs
MT5 done: 1,292,953 trades
MT4 done: 4,278 trades

trades built: 1,297,231   short(<5min): 562,352
commission WITHOUT 5-min rule: $203,321.14
commission WITH 5-min rule:    $114,361.62
SAVINGS from 5-min rule:       $88,959.53
short-trade rows: (562897, Decimal('174647.43'))
8,407 accounts under IBs
MT5 done: 1,292,953 trades
MT4 done: 4,278 trades

trades built: 1,297,231   short(<5min): 562,352
commission WITHOUT 5-min rule: $203,321.14
commission WITH 5-min rule:    $114,361.62
SAVINGS from 5-min rule:       $88,959.53
short-trade rows: (562897, Decimal('174647.43'))
8,407 accounts under IBs
MT5 done: 1,292,954 trades
MT4 done: 4,278 trades

trades built: 1,297,232   short(<5min): 562,352
commission WITHOUT 5-min rule: $203,321.23
commission WITH 5-min rule:    $114,361.71
SAVINGS from 5-min rule:       $88,959.53
short-trade rows: (562897, Decimal('174672.82'))
8,409 accounts under IBs
MT5 done: 1,292,963 trades
MT4 done: 4,278 trades

trades built: 1,297,241   short(<5min): 562,352
commission WITHOUT 5-min rule: $203,321.23
commission WITH 5-min rule:    $114,361.71
SAVINGS from 5-min rule:       $88,959.53
short-trade rows: (562897, Decimal('174672.82'))
8,407 accounts under IBs
MT5 done: 1,292,963 trades
MT4 done: 4,278 trades

trades built: 1,297,241   short(<5min): 562,352
commission WITHOUT 5-min rule: $203,321.23
commission WITH 5-min rule:    $114,361.71
SAVINGS from 5-min rule:       $88,959.53
short-trade rows: (562897, Decimal('174672.82'))
8,407 accounts under IBs
MT5 done: 1,292,965 trades
MT4 done: 4,278 trades

trades built: 1,297,243   short(<5min): 562,355
commission WITHOUT 5-min rule: $203,321.94
commission WITH 5-min rule:    $114,361.76
SAVINGS from 5-min rule:       $88,960.18
short-trade rows: (562900, Decimal('174714.60'))
8,407 accounts under IBs
MT5 done: 1,292,965 trades
MT4 done: 4,278 trades

trades built: 1,297,243   short(<5min): 562,355
commission WITHOUT 5-min rule: $203,321.94
commission WITH 5-min rule:    $114,361.76
SAVINGS from 5-min rule:       $88,960.18
short-trade rows: (562900, Decimal('174714.60'))
8,409 accounts under IBs
MT5 done: 1,292,964 trades
MT4 done: 4,278 trades

trades built: 1,297,242   short(<5min): 562,355
commission WITHOUT 5-min rule: $203,321.99
commission WITH 5-min rule:    $114,361.81
SAVINGS from 5-min rule:       $88,960.18
short-trade rows: (562900, Decimal('174751.56'))
8,407 accounts under IBs
MT5 done: 1,292,964 trades
MT4 done: 4,278 trades

trades built: 1,297,242   short(<5min): 562,355
commission WITHOUT 5-min rule: $203,321.99
commission WITH 5-min rule:    $114,361.81
SAVINGS from 5-min rule:       $88,960.18
short-trade rows: (562900, Decimal('174751.56'))
8,407 accounts under IBs
MT5 done: 1,292,971 trades
MT4 done: 4,278 trades

trades built: 1,297,249   short(<5min): 562,353
commission WITHOUT 5-min rule: $203,321.99
commission WITH 5-min rule:    $114,361.81
SAVINGS from 5-min rule:       $88,960.18
short-trade rows: (562898, Decimal('175031.90'))
8,407 accounts under IBs
MT5 done: 1,292,970 trades
MT4 done: 4,278 trades

trades built: 1,297,248   short(<5min): 562,357
commission WITHOUT 5-min rule: $203,322.01
commission WITH 5-min rule:    $114,361.82
SAVINGS from 5-min rule:       $88,960.19
short-trade rows: (562902, Decimal('174611.24'))
8,407 accounts under IBs
MT5 done: 1,292,970 trades
MT4 done: 4,278 trades

trades built: 1,297,248   short(<5min): 562,357
commission WITHOUT 5-min rule: $203,322.01
commission WITH 5-min rule:    $114,361.82
SAVINGS from 5-min rule:       $88,960.19
short-trade rows: (562902, Decimal('174611.24'))
8,407 accounts under IBs
8,407 accounts under IBs
MT5 done: 1,292,970 trades
MT4 done: 4,278 trades

trades built: 1,297,248   short(<5min): 562,357
commission WITHOUT 5-min rule: $203,322.01
commission WITH 5-min rule:    $114,361.82
SAVINGS from 5-min rule:       $88,960.19
short-trade rows: (562902, Decimal('174611.24'))
8,407 accounts under IBs
MT5 done: 1,292,972 trades
MT4 done: 4,278 trades

trades built: 1,297,250   short(<5min): 562,358
commission WITHOUT 5-min rule: $203,322.07
commission WITH 5-min rule:    $114,361.88
SAVINGS from 5-min rule:       $88,960.19
short-trade rows: (562903, Decimal('174606.62'))
8,407 accounts under IBs
MT5 done: 1,292,972 trades
MT4 done: 4,278 trades

trades built: 1,297,250   short(<5min): 562,358
commission WITHOUT 5-min rule: $203,322.08
commission WITH 5-min rule:    $114,361.89
SAVINGS from 5-min rule:       $88,960.19
short-trade rows: (562903, Decimal('174615.26'))
8,407 accounts under IBs
MT5 done: 1,292,973 trades
MT4 done: 4,278 trades

trades built: 1,297,251   short(<5min): 562,358
commission WITHOUT 5-min rule: $203,322.13
commission WITH 5-min rule:    $114,361.94
SAVINGS from 5-min rule:       $88,960.19
short-trade rows: (562903, Decimal('174615.26'))
8,407 accounts under IBs
MT5 done: 1,292,973 trades
MT4 done: 4,278 trades

trades built: 1,297,251   short(<5min): 562,358
commission WITHOUT 5-min rule: $203,322.13
commission WITH 5-min rule:    $114,361.94
SAVINGS from 5-min rule:       $88,960.19
short-trade rows: (562903, Decimal('174615.26'))
8,407 accounts under IBs
MT5 done: 1,292,973 trades
MT4 done: 4,278 trades

trades built: 1,297,251   short(<5min): 562,358
commission WITHOUT 5-min rule: $203,322.13
commission WITH 5-min rule:    $114,361.94
SAVINGS from 5-min rule:       $88,960.19
short-trade rows: (562903, Decimal('174615.26'))
8,407 accounts under IBs
MT5 done: 1,292,973 trades
MT4 done: 4,278 trades

trades built: 1,297,251   short(<5min): 562,358
commission WITHOUT 5-min rule: $203,322.13
commission WITH 5-min rule:    $114,361.94
SAVINGS from 5-min rule:       $88,960.19
short-trade rows: (562903, Decimal('174615.26'))
8,407 accounts under IBs
MT5 done: 1,292,973 trades
MT4 done: 4,278 trades

trades built: 1,297,251   short(<5min): 562,358
commission WITHOUT 5-min rule: $203,322.13
commission WITH 5-min rule:    $114,361.94
SAVINGS from 5-min rule:       $88,960.19
short-trade rows: (562903, Decimal('174615.26'))
8,407 accounts under IBs
MT5 done: 1,292,973 trades
MT4 done: 4,278 trades

trades built: 1,297,251   short(<5min): 562,358
commission WITHOUT 5-min rule: $203,322.13
commission WITH 5-min rule:    $114,361.94
SAVINGS from 5-min rule:       $88,960.19
short-trade rows: (562903, Decimal('174615.26'))
8,407 accounts under IBs
MT5 done: 1,292,973 trades
MT4 done: 4,278 trades

trades built: 1,297,251   short(<5min): 562,358
commission WITHOUT 5-min rule: $203,322.13
commission WITH 5-min rule:    $114,361.94
SAVINGS from 5-min rule:       $88,960.19
short-trade rows: (562903, Decimal('174615.26'))
8,407 accounts under IBs
MT5 done: 1,292,973 trades
MT4 done: 4,278 trades

trades built: 1,297,251   short(<5min): 562,358
commission WITHOUT 5-min rule: $203,322.13
commission WITH 5-min rule:    $114,361.94
SAVINGS from 5-min rule:       $88,960.19
short-trade rows: (562903, Decimal('174615.26'))
8,407 accounts under IBs
MT5 done: 1,292,973 trades
MT4 done: 4,278 trades

trades built: 1,297,251   short(<5min): 562,358
commission WITHOUT 5-min rule: $203,322.13
commission WITH 5-min rule:    $114,361.94
SAVINGS from 5-min rule:       $88,960.19
short-trade rows: (562903, Decimal('174615.26'))
8,409 accounts under IBs
MT5 done: 1,292,968 trades
MT4 done: 4,278 trades

trades built: 1,297,246   short(<5min): 562,356
commission WITHOUT 5-min rule: $203,322.14
commission WITH 5-min rule:    $114,361.94
SAVINGS from 5-min rule:       $88,960.19
short-trade rows: (562901, Decimal('174702.99'))
8,407 accounts under IBs
8,407 accounts under IBs
MT5 done: 1,292,960 trades
MT4 done: 4,278 trades

trades built: 1,297,238   short(<5min): 562,350
commission WITHOUT 5-min rule: $203,322.14
commission WITH 5-min rule:    $114,361.95
SAVINGS from 5-min rule:       $88,960.19
short-trade rows: (562895, Decimal('174851.51'))
8,407 accounts under IBs
MT5 done: 1,292,960 trades
MT4 done: 4,278 trades

trades built: 1,297,238   short(<5min): 562,350
commission WITHOUT 5-min rule: $203,322.14
commission WITH 5-min rule:    $114,361.95
SAVINGS from 5-min rule:       $88,960.19
short-trade rows: (562895, Decimal('174848.59'))
8,407 accounts under IBs
MT5 done: 1,292,960 trades
MT4 done: 4,278 trades

trades built: 1,297,238   short(<5min): 562,350
commission WITHOUT 5-min rule: $203,322.14
commission WITH 5-min rule:    $114,361.95
SAVINGS from 5-min rule:       $88,960.19
short-trade rows: (562895, Decimal('174848.59'))
8,407 accounts under IBs
MT5 done: 1,292,960 trades
MT4 done: 4,278 trades

trades built: 1,297,238   short(<5min): 562,350
commission WITHOUT 5-min rule: $203,322.14
commission WITH 5-min rule:    $114,361.95
SAVINGS from 5-min rule:       $88,960.19
short-trade rows: (562895, Decimal('174848.59'))
8,407 accounts under IBs
MT5 done: 1,292,960 trades
MT4 done: 4,278 trades

trades built: 1,297,238   short(<5min): 562,350
commission WITHOUT 5-min rule: $203,322.14
commission WITH 5-min rule:    $114,361.95
SAVINGS from 5-min rule:       $88,960.19
short-trade rows: (562895, Decimal('174848.59'))
8,407 accounts under IBs
MT5 done: 1,292,960 trades
MT4 done: 4,278 trades

trades built: 1,297,238   short(<5min): 562,350
commission WITHOUT 5-min rule: $203,322.14
commission WITH 5-min rule:    $114,361.95
SAVINGS from 5-min rule:       $88,960.19
short-trade rows: (562895, Decimal('174848.59'))
8,407 accounts under IBs
MT5 done: 1,292,960 trades
MT4 done: 4,278 trades

trades built: 1,297,238   short(<5min): 562,350
commission WITHOUT 5-min rule: $203,322.14
commission WITH 5-min rule:    $114,361.95
SAVINGS from 5-min rule:       $88,960.19
short-trade rows: (562895, Decimal('174848.59'))
8,409 accounts under IBs
MT5 done: 1,292,960 trades
MT4 done: 4,278 trades

trades built: 1,297,238   short(<5min): 562,350
commission WITHOUT 5-min rule: $203,322.14
commission WITH 5-min rule:    $114,361.95
SAVINGS from 5-min rule:       $88,960.19
short-trade rows: (562895, Decimal('174848.59'))
8,407 accounts under IBs
MT5 done: 1,292,960 trades
MT4 done: 4,278 trades

trades built: 1,297,238   short(<5min): 562,350
commission WITHOUT 5-min rule: $203,322.14
commission WITH 5-min rule:    $114,361.95
SAVINGS from 5-min rule:       $88,960.19
short-trade rows: (562895, Decimal('174848.59'))
8,407 accounts under IBs
MT5 done: 1,292,960 trades
MT4 done: 4,278 trades

trades built: 1,297,238   short(<5min): 562,350
commission WITHOUT 5-min rule: $203,322.14
commission WITH 5-min rule:    $114,361.95
SAVINGS from 5-min rule:       $88,960.19
short-trade rows: (562895, Decimal('174848.59'))
8,407 accounts under IBs
MT5 done: 1,292,960 trades
MT4 done: 4,278 trades

trades built: 1,297,238   short(<5min): 562,350
commission WITHOUT 5-min rule: $203,322.14
commission WITH 5-min rule:    $114,361.95
SAVINGS from 5-min rule:       $88,960.19
short-trade rows: (562895, Decimal('174848.59'))
8,409 accounts under IBs
MT5 done: 1,292,960 trades
MT4 done: 4,278 trades

trades built: 1,297,238   short(<5min): 562,350
commission WITHOUT 5-min rule: $203,322.14
commission WITH 5-min rule:    $114,361.95
SAVINGS from 5-min rule:       $88,960.19
short-trade rows: (562895, Decimal('174848.59'))
8,407 accounts under IBs
MT5 done: 1,292,960 trades
MT4 done: 4,278 trades

trades built: 1,297,238   short(<5min): 562,350
commission WITHOUT 5-min rule: $203,322.14
commission WITH 5-min rule:    $114,361.95
SAVINGS from 5-min rule:       $88,960.19
short-trade rows: (562895, Decimal('174848.59'))
8,407 accounts under IBs
MT5 done: 1,292,960 trades
MT4 done: 4,278 trades

trades built: 1,297,238   short(<5min): 562,350
commission WITHOUT 5-min rule: $203,322.14
commission WITH 5-min rule:    $114,361.95
SAVINGS from 5-min rule:       $88,960.19
short-trade rows: (562895, Decimal('174848.59'))
8,407 accounts under IBs
MT5 done: 1,292,960 trades
MT4 done: 4,278 trades

trades built: 1,297,238   short(<5min): 562,349
commission WITHOUT 5-min rule: $203,322.14
commission WITH 5-min rule:    $114,361.95
SAVINGS from 5-min rule:       $88,960.19
short-trade rows: (562894, Decimal('174847.27'))
8,407 accounts under IBs
MT5 done: 1,292,960 trades
MT4 done: 4,278 trades

trades built: 1,297,238   short(<5min): 562,349
commission WITHOUT 5-min rule: $203,322.14
commission WITH 5-min rule:    $114,361.95
SAVINGS from 5-min rule:       $88,960.19
short-trade rows: (562894, Decimal('174847.27'))
8,407 accounts under IBs
MT5 done: 1,292,960 trades
MT4 done: 4,278 trades

trades built: 1,297,238   short(<5min): 562,349
commission WITHOUT 5-min rule: $203,322.14
commission WITH 5-min rule:    $114,361.95
SAVINGS from 5-min rule:       $88,960.19
short-trade rows: (562894, Decimal('174847.27'))
8,407 accounts under IBs
8,407 accounts under IBs
MT5 done: 1,292,960 trades
MT4 done: 4,278 trades

trades built: 1,297,238   short(<5min): 562,349
commission WITHOUT 5-min rule: $203,322.14
commission WITH 5-min rule:    $114,361.95
SAVINGS from 5-min rule:       $88,960.19
short-trade rows: (562894, Decimal('174847.27'))
8,407 accounts under IBs
MT5 done: 1,292,960 trades
MT4 done: 4,278 trades

trades built: 1,297,238   short(<5min): 562,349
commission WITHOUT 5-min rule: $203,322.14
commission WITH 5-min rule:    $114,361.95
SAVINGS from 5-min rule:       $88,960.19
short-trade rows: (562894, Decimal('174847.27'))
8,407 accounts under IBs
MT5 done: 1,292,960 trades
MT4 done: 4,278 trades

trades built: 1,297,238   short(<5min): 562,349
commission WITHOUT 5-min rule: $203,322.14
commission WITH 5-min rule:    $114,361.95
SAVINGS from 5-min rule:       $88,960.19
short-trade rows: (562894, Decimal('174847.27'))
8,407 accounts under IBs
MT5 done: 1,292,960 trades
MT4 done: 4,278 trades

trades built: 1,297,238   short(<5min): 562,349
commission WITHOUT 5-min rule: $203,322.14
commission WITH 5-min rule:    $114,361.95
SAVINGS from 5-min rule:       $88,960.19
short-trade rows: (562894, Decimal('174847.27'))
8,407 accounts under IBs
MT5 done: 1,292,960 trades
MT4 done: 4,278 trades

trades built: 1,297,238   short(<5min): 562,349
commission WITHOUT 5-min rule: $203,322.14
commission WITH 5-min rule:    $114,361.95
SAVINGS from 5-min rule:       $88,960.19
short-trade rows: (562894, Decimal('174847.27'))
8,407 accounts under IBs
MT5 done: 1,292,960 trades
MT4 done: 4,278 trades

trades built: 1,297,238   short(<5min): 562,349
commission WITHOUT 5-min rule: $203,322.14
commission WITH 5-min rule:    $114,361.95
SAVINGS from 5-min rule:       $88,960.19
short-trade rows: (562894, Decimal('174847.27'))
8,407 accounts under IBs
MT5 done: 1,292,960 trades
MT4 done: 4,278 trades

trades built: 1,297,238   short(<5min): 562,349
commission WITHOUT 5-min rule: $203,322.14
commission WITH 5-min rule:    $114,361.95
SAVINGS from 5-min rule:       $88,960.19
short-trade rows: (562894, Decimal('174847.27'))
8,407 accounts under IBs
MT5 done: 1,292,960 trades
MT4 done: 4,278 trades

trades built: 1,297,238   short(<5min): 562,349
commission WITHOUT 5-min rule: $203,322.14
commission WITH 5-min rule:    $114,361.95
SAVINGS from 5-min rule:       $88,960.19
short-trade rows: (562894, Decimal('174847.27'))
8,407 accounts under IBs
MT5 done: 1,292,960 trades
MT4 done: 4,278 trades

trades built: 1,297,238   short(<5min): 562,349
commission WITHOUT 5-min rule: $203,322.14
commission WITH 5-min rule:    $114,361.95
SAVINGS from 5-min rule:       $88,960.19
short-trade rows: (562894, Decimal('174847.27'))
8,407 accounts under IBs
MT5 done: 1,292,960 trades
MT4 done: 4,278 trades

trades built: 1,297,238   short(<5min): 562,349
commission WITHOUT 5-min rule: $203,322.14
commission WITH 5-min rule:    $114,361.95
SAVINGS from 5-min rule:       $88,960.19
short-trade rows: (562894, Decimal('174847.27'))
8,407 accounts under IBs
MT5 done: 1,292,960 trades
MT4 done: 4,278 trades

trades built: 1,297,238   short(<5min): 562,349
commission WITHOUT 5-min rule: $203,322.14
commission WITH 5-min rule:    $114,361.95
SAVINGS from 5-min rule:       $88,960.19
short-trade rows: (562894, Decimal('174847.27'))
8,407 accounts under IBs
MT5 done: 1,292,961 trades
MT4 done: 4,278 trades

trades built: 1,297,239   short(<5min): 562,350
commission WITHOUT 5-min rule: $203,322.15
commission WITH 5-min rule:    $114,361.95
SAVINGS from 5-min rule:       $88,960.20
short-trade rows: (562895, Decimal('174847.65'))
8,409 accounts under IBs
MT5 done: 1,292,961 trades
MT4 done: 4,278 trades

trades built: 1,297,239   short(<5min): 562,350
commission WITHOUT 5-min rule: $203,322.15
commission WITH 5-min rule:    $114,361.95
SAVINGS from 5-min rule:       $88,960.20
short-trade rows: (562895, Decimal('174847.65'))
8,407 accounts under IBs
MT5 done: 1,292,961 trades
MT4 done: 4,278 trades

trades built: 1,297,239   short(<5min): 562,350
commission WITHOUT 5-min rule: $203,322.15
commission WITH 5-min rule:    $114,361.95
SAVINGS from 5-min rule:       $88,960.20
short-trade rows: (562895, Decimal('174847.65'))
8,407 accounts under IBs
MT5 done: 1,292,961 trades
MT4 done: 4,278 trades

trades built: 1,297,239   short(<5min): 562,350
commission WITHOUT 5-min rule: $203,322.15
commission WITH 5-min rule:    $114,361.95
SAVINGS from 5-min rule:       $88,960.20
short-trade rows: (562895, Decimal('174847.65'))
8,407 accounts under IBs
MT5 done: 1,292,961 trades
MT4 done: 4,278 trades

trades built: 1,297,239   short(<5min): 562,350
commission WITHOUT 5-min rule: $203,322.15
commission WITH 5-min rule:    $114,361.95
SAVINGS from 5-min rule:       $88,960.20
short-trade rows: (562895, Decimal('174847.65'))
8,407 accounts under IBs
MT5 done: 1,292,961 trades
MT4 done: 4,278 trades

trades built: 1,297,239   short(<5min): 562,350
commission WITHOUT 5-min rule: $203,322.15
commission WITH 5-min rule:    $114,361.95
SAVINGS from 5-min rule:       $88,960.20
short-trade rows: (562895, Decimal('174847.65'))
8,407 accounts under IBs
MT5 done: 1,292,961 trades
MT4 done: 4,278 trades

trades built: 1,297,239   short(<5min): 562,350
commission WITHOUT 5-min rule: $203,322.15
commission WITH 5-min rule:    $114,361.95
SAVINGS from 5-min rule:       $88,960.20
short-trade rows: (562895, Decimal('174847.65'))
8,407 accounts under IBs
MT5 done: 1,292,961 trades
MT4 done: 4,279 trades

trades built: 1,297,240   short(<5min): 562,351
commission WITHOUT 5-min rule: $203,322.15
commission WITH 5-min rule:    $114,361.95
SAVINGS from 5-min rule:       $88,960.20
short-trade rows: (562896, Decimal('174847.65'))
8,407 accounts under IBs
MT5 done: 1,292,961 trades
MT4 done: 4,279 trades

trades built: 1,297,240   short(<5min): 562,351
commission WITHOUT 5-min rule: $203,322.15
commission WITH 5-min rule:    $114,361.95
SAVINGS from 5-min rule:       $88,960.20
short-trade rows: (562896, Decimal('174847.65'))
8,409 accounts under IBs
MT5 done: 1,292,961 trades
MT4 done: 4,279 trades

trades built: 1,297,240   short(<5min): 562,351
commission WITHOUT 5-min rule: $203,322.15
commission WITH 5-min rule:    $114,361.95
SAVINGS from 5-min rule:       $88,960.20
short-trade rows: (562896, Decimal('174847.65'))
8,407 accounts under IBs
MT5 done: 1,292,961 trades
MT4 done: 4,279 trades

trades built: 1,297,240   short(<5min): 562,351
commission WITHOUT 5-min rule: $203,322.15
commission WITH 5-min rule:    $114,361.95
SAVINGS from 5-min rule:       $88,960.20
short-trade rows: (562896, Decimal('174847.65'))
8,407 accounts under IBs
MT5 done: 1,292,961 trades
MT4 done: 4,279 trades

trades built: 1,297,240   short(<5min): 562,351
commission WITHOUT 5-min rule: $203,322.15
commission WITH 5-min rule:    $114,361.95
SAVINGS from 5-min rule:       $88,960.20
short-trade rows: (562896, Decimal('174847.65'))
8,407 accounts under IBs
MT5 done: 1,292,961 trades
MT4 done: 4,279 trades

trades built: 1,297,240   short(<5min): 562,351
commission WITHOUT 5-min rule: $203,322.15
commission WITH 5-min rule:    $114,361.95
SAVINGS from 5-min rule:       $88,960.20
short-trade rows: (562896, Decimal('174847.65'))
8,409 accounts under IBs
MT5 done: 1,292,961 trades
MT4 done: 4,279 trades

trades built: 1,297,240   short(<5min): 562,351
commission WITHOUT 5-min rule: $203,322.15
commission WITH 5-min rule:    $114,361.95
SAVINGS from 5-min rule:       $88,960.20
short-trade rows: (562896, Decimal('174847.65'))
8,407 accounts under IBs
MT5 done: 1,292,961 trades
MT4 done: 4,279 trades

trades built: 1,297,240   short(<5min): 562,351
commission WITHOUT 5-min rule: $203,322.15
commission WITH 5-min rule:    $114,361.95
SAVINGS from 5-min rule:       $88,960.20
short-trade rows: (562896, Decimal('174847.65'))
8,407 accounts under IBs
MT5 done: 1,292,961 trades
MT4 done: 4,279 trades

trades built: 1,297,240   short(<5min): 562,351
commission WITHOUT 5-min rule: $203,322.15
commission WITH 5-min rule:    $114,361.95
SAVINGS from 5-min rule:       $88,960.20
short-trade rows: (562896, Decimal('174847.65'))
8,407 accounts under IBs
MT5 done: 1,292,961 trades
MT4 done: 4,279 trades

trades built: 1,297,240   short(<5min): 562,351
commission WITHOUT 5-min rule: $203,322.15
commission WITH 5-min rule:    $114,361.95
SAVINGS from 5-min rule:       $88,960.20
short-trade rows: (562896, Decimal('174847.65'))
8,407 accounts under IBs
MT5 done: 1,292,961 trades
MT4 done: 4,279 trades

trades built: 1,297,240   short(<5min): 562,351
commission WITHOUT 5-min rule: $203,322.15
commission WITH 5-min rule:    $114,361.95
SAVINGS from 5-min rule:       $88,960.20
short-trade rows: (562896, Decimal('174847.65'))
8,409 accounts under IBs
MT5 done: 1,292,961 trades
MT4 done: 4,279 trades

trades built: 1,297,240   short(<5min): 562,351
commission WITHOUT 5-min rule: $203,322.15
commission WITH 5-min rule:    $114,361.95
SAVINGS from 5-min rule:       $88,960.20
short-trade rows: (562896, Decimal('174847.65'))
8,407 accounts under IBs
MT5 done: 1,292,961 trades
MT4 done: 4,279 trades

trades built: 1,297,240   short(<5min): 562,351
commission WITHOUT 5-min rule: $203,322.15
commission WITH 5-min rule:    $114,361.95
SAVINGS from 5-min rule:       $88,960.20
short-trade rows: (562896, Decimal('174847.65'))
8,408 accounts under IBs
MT5 done: 1,292,962 trades
MT4 done: 4,279 trades

trades built: 1,297,241   short(<5min): 562,351
commission WITHOUT 5-min rule: $203,322.23
commission WITH 5-min rule:    $114,362.02
SAVINGS from 5-min rule:       $88,960.20
short-trade rows: (562896, Decimal('174847.65'))
8,408 accounts under IBs
MT5 done: 1,292,962 trades
MT4 done: 4,279 trades

trades built: 1,297,241   short(<5min): 562,351
commission WITHOUT 5-min rule: $203,322.23
commission WITH 5-min rule:    $114,362.02
SAVINGS from 5-min rule:       $88,960.20
short-trade rows: (562896, Decimal('174847.65'))
8,408 accounts under IBs
MT5 done: 1,292,962 trades
MT4 done: 4,279 trades

trades built: 1,297,241   short(<5min): 562,351
commission WITHOUT 5-min rule: $203,322.23
commission WITH 5-min rule:    $114,362.02
SAVINGS from 5-min rule:       $88,960.20
short-trade rows: (562896, Decimal('174847.65'))
8,408 accounts under IBs
MT5 done: 1,292,962 trades
MT4 done: 4,279 trades

trades built: 1,297,241   short(<5min): 562,351
commission WITHOUT 5-min rule: $203,322.23
commission WITH 5-min rule:    $114,362.02
SAVINGS from 5-min rule:       $88,960.20
short-trade rows: (562896, Decimal('174847.65'))
8,408 accounts under IBs
MT5 done: 1,292,962 trades
MT4 done: 4,279 trades

trades built: 1,297,241   short(<5min): 562,351
commission WITHOUT 5-min rule: $203,322.23
commission WITH 5-min rule:    $114,362.02
SAVINGS from 5-min rule:       $88,960.20
short-trade rows: (562896, Decimal('174847.65'))
8,408 accounts under IBs
MT5 done: 1,292,962 trades
MT4 done: 4,279 trades

trades built: 1,297,241   short(<5min): 562,351
commission WITHOUT 5-min rule: $203,322.23
commission WITH 5-min rule:    $114,362.02
SAVINGS from 5-min rule:       $88,960.20
short-trade rows: (562896, Decimal('174847.65'))
8,408 accounts under IBs
MT5 done: 1,292,962 trades
MT4 done: 4,279 trades

trades built: 1,297,241   short(<5min): 562,351
commission WITHOUT 5-min rule: $203,322.23
commission WITH 5-min rule:    $114,362.02
SAVINGS from 5-min rule:       $88,960.20
short-trade rows: (562896, Decimal('174847.65'))
8,408 accounts under IBs
MT5 done: 1,292,961 trades
MT4 done: 4,279 trades

trades built: 1,297,240   short(<5min): 562,351
commission WITHOUT 5-min rule: $203,322.23
commission WITH 5-min rule:    $114,362.02
SAVINGS from 5-min rule:       $88,960.20
short-trade rows: (562896, Decimal('174882.23'))
8,408 accounts under IBs
MT5 done: 1,292,961 trades
MT4 done: 4,279 trades

trades built: 1,297,240   short(<5min): 562,351
commission WITHOUT 5-min rule: $203,322.23
commission WITH 5-min rule:    $114,362.02
SAVINGS from 5-min rule:       $88,960.20
short-trade rows: (562896, Decimal('174882.23'))
8,408 accounts under IBs
MT5 done: 1,292,961 trades
MT4 done: 4,279 trades

trades built: 1,297,240   short(<5min): 562,351
commission WITHOUT 5-min rule: $203,322.23
commission WITH 5-min rule:    $114,362.02
SAVINGS from 5-min rule:       $88,960.20
short-trade rows: (562896, Decimal('174882.23'))
8,408 accounts under IBs
MT5 done: 1,292,961 trades
MT4 done: 4,279 trades

trades built: 1,297,240   short(<5min): 562,351
commission WITHOUT 5-min rule: $203,322.23
commission WITH 5-min rule:    $114,362.02
SAVINGS from 5-min rule:       $88,960.20
short-trade rows: (562896, Decimal('174882.23'))
8,408 accounts under IBs
MT5 done: 1,292,961 trades
MT4 done: 4,279 trades

trades built: 1,297,240   short(<5min): 562,351
commission WITHOUT 5-min rule: $203,322.23
commission WITH 5-min rule:    $114,362.02
SAVINGS from 5-min rule:       $88,960.20
short-trade rows: (562896, Decimal('174882.23'))
8,411 accounts under IBs
MT5 done: 1,292,961 trades
MT4 done: 4,279 trades

trades built: 1,297,240   short(<5min): 562,351
commission WITHOUT 5-min rule: $203,322.23
commission WITH 5-min rule:    $114,362.02
SAVINGS from 5-min rule:       $88,960.20
short-trade rows: (562896, Decimal('174882.23'))
8,409 accounts under IBs
MT5 done: 1,292,961 trades
MT4 done: 4,279 trades

trades built: 1,297,240   short(<5min): 562,351
commission WITHOUT 5-min rule: $203,322.23
commission WITH 5-min rule:    $114,362.02
SAVINGS from 5-min rule:       $88,960.20
short-trade rows: (562896, Decimal('174882.23'))
8,410 accounts under IBs
MT5 done: 1,292,961 trades
MT4 done: 4,279 trades

trades built: 1,297,240   short(<5min): 562,351
commission WITHOUT 5-min rule: $203,322.23
commission WITH 5-min rule:    $114,362.02
SAVINGS from 5-min rule:       $88,960.20
short-trade rows: (562896, Decimal('174882.23'))
8,410 accounts under IBs
MT5 done: 1,292,960 trades
MT4 done: 4,279 trades

trades built: 1,297,239   short(<5min): 562,350
commission WITHOUT 5-min rule: $203,322.23
commission WITH 5-min rule:    $114,362.02
SAVINGS from 5-min rule:       $88,960.20
short-trade rows: (562895, Decimal('174872.33'))
8,412 accounts under IBs
MT5 done: 1,292,961 trades
MT4 done: 4,279 trades

trades built: 1,297,240   short(<5min): 562,350
commission WITHOUT 5-min rule: $203,322.30
commission WITH 5-min rule:    $114,362.10
SAVINGS from 5-min rule:       $88,960.20
short-trade rows: (562895, Decimal('174872.33'))
8,410 accounts under IBs
MT5 done: 1,292,961 trades
MT4 done: 4,279 trades

trades built: 1,297,240   short(<5min): 562,350
commission WITHOUT 5-min rule: $203,322.30
commission WITH 5-min rule:    $114,362.10
SAVINGS from 5-min rule:       $88,960.20
short-trade rows: (562895, Decimal('174872.33'))
8,410 accounts under IBs
MT5 done: 1,292,962 trades
MT4 done: 4,279 trades

trades built: 1,297,241   short(<5min): 562,350
commission WITHOUT 5-min rule: $203,322.30
commission WITH 5-min rule:    $114,362.10
SAVINGS from 5-min rule:       $88,960.20
short-trade rows: (562895, Decimal('174872.33'))
8,410 accounts under IBs
MT5 done: 1,292,962 trades
MT4 done: 4,279 trades

trades built: 1,297,241   short(<5min): 562,350
commission WITHOUT 5-min rule: $203,322.38
commission WITH 5-min rule:    $114,362.17
SAVINGS from 5-min rule:       $88,960.20
short-trade rows: (562895, Decimal('174872.33'))
8,410 accounts under IBs
MT5 done: 1,292,962 trades
MT4 done: 4,279 trades

trades built: 1,297,241   short(<5min): 562,350
commission WITHOUT 5-min rule: $203,322.38
commission WITH 5-min rule:    $114,362.17
SAVINGS from 5-min rule:       $88,960.20
short-trade rows: (562895, Decimal('174872.33'))
8,410 accounts under IBs
MT5 done: 1,292,962 trades
MT4 done: 4,279 trades

trades built: 1,297,241   short(<5min): 562,350
commission WITHOUT 5-min rule: $203,322.38
commission WITH 5-min rule:    $114,362.17
SAVINGS from 5-min rule:       $88,960.20
short-trade rows: (562895, Decimal('174872.33'))
8,410 accounts under IBs
MT5 done: 1,292,961 trades
MT4 done: 4,279 trades

trades built: 1,297,240   short(<5min): 562,350
commission WITHOUT 5-min rule: $203,322.38
commission WITH 5-min rule:    $114,362.17
SAVINGS from 5-min rule:       $88,960.20
short-trade rows: (562895, Decimal('174890.95'))
8,410 accounts under IBs
MT5 done: 1,292,961 trades
MT4 done: 4,279 trades

trades built: 1,297,240   short(<5min): 562,350
commission WITHOUT 5-min rule: $203,322.38
commission WITH 5-min rule:    $114,362.17
SAVINGS from 5-min rule:       $88,960.20
short-trade rows: (562895, Decimal('174890.95'))
8,410 accounts under IBs
MT5 done: 1,292,961 trades
MT4 done: 4,279 trades

trades built: 1,297,240   short(<5min): 562,350
commission WITHOUT 5-min rule: $203,322.38
commission WITH 5-min rule:    $114,362.17
SAVINGS from 5-min rule:       $88,960.20
short-trade rows: (562895, Decimal('174890.95'))
8,410 accounts under IBs
MT5 done: 1,292,961 trades
MT4 done: 4,279 trades

trades built: 1,297,240   short(<5min): 562,350
commission WITHOUT 5-min rule: $203,322.38
commission WITH 5-min rule:    $114,362.17
SAVINGS from 5-min rule:       $88,960.20
short-trade rows: (562895, Decimal('174890.95'))
8,410 accounts under IBs
MT5 done: 1,292,961 trades
MT4 done: 4,279 trades

trades built: 1,297,240   short(<5min): 562,350
commission WITHOUT 5-min rule: $203,322.38
commission WITH 5-min rule:    $114,362.17
SAVINGS from 5-min rule:       $88,960.20
short-trade rows: (562895, Decimal('174890.95'))
8,410 accounts under IBs
MT5 done: 1,292,961 trades
MT4 done: 4,279 trades

trades built: 1,297,240   short(<5min): 562,350
commission WITHOUT 5-min rule: $203,322.38
commission WITH 5-min rule:    $114,362.17
SAVINGS from 5-min rule:       $88,960.20
short-trade rows: (562895, Decimal('174890.95'))
8,410 accounts under IBs
MT5 done: 1,292,961 trades
MT4 done: 4,279 trades

trades built: 1,297,240   short(<5min): 562,350
commission WITHOUT 5-min rule: $203,322.38
commission WITH 5-min rule:    $114,362.17
SAVINGS from 5-min rule:       $88,960.20
short-trade rows: (562895, Decimal('174890.95'))
8,410 accounts under IBs
MT5 done: 1,292,961 trades
MT4 done: 4,279 trades

trades built: 1,297,240   short(<5min): 562,350
commission WITHOUT 5-min rule: $203,322.38
commission WITH 5-min rule:    $114,362.17
SAVINGS from 5-min rule:       $88,960.20
short-trade rows: (562895, Decimal('174890.95'))
8,410 accounts under IBs
MT5 done: 1,292,961 trades
MT4 done: 4,279 trades

trades built: 1,297,240   short(<5min): 562,350
commission WITHOUT 5-min rule: $203,322.38
commission WITH 5-min rule:    $114,362.17
SAVINGS from 5-min rule:       $88,960.20
short-trade rows: (562895, Decimal('174890.95'))
8,410 accounts under IBs
MT5 done: 1,292,961 trades
MT4 done: 4,279 trades

trades built: 1,297,240   short(<5min): 562,350
commission WITHOUT 5-min rule: $203,322.38
commission WITH 5-min rule:    $114,362.17
SAVINGS from 5-min rule:       $88,960.20
short-trade rows: (562895, Decimal('174890.95'))
8,410 accounts under IBs
MT5 done: 1,292,961 trades
MT4 done: 4,279 trades

trades built: 1,297,240   short(<5min): 562,350
commission WITHOUT 5-min rule: $203,322.38
commission WITH 5-min rule:    $114,362.17
SAVINGS from 5-min rule:       $88,960.20
short-trade rows: (562895, Decimal('174890.95'))
8,410 accounts under IBs
MT5 done: 1,292,961 trades
MT4 done: 4,279 trades

trades built: 1,297,240   short(<5min): 562,350
commission WITHOUT 5-min rule: $203,322.38
commission WITH 5-min rule:    $114,362.17
SAVINGS from 5-min rule:       $88,960.20
short-trade rows: (562895, Decimal('174890.95'))
8,410 accounts under IBs
MT5 done: 1,292,961 trades
MT4 done: 4,279 trades

trades built: 1,297,240   short(<5min): 562,350
commission WITHOUT 5-min rule: $203,322.38
commission WITH 5-min rule:    $114,362.17
SAVINGS from 5-min rule:       $88,960.20
short-trade rows: (562895, Decimal('174890.95'))
8,412 accounts under IBs
MT5 done: 1,292,964 trades
MT4 done: 4,279 trades

trades built: 1,297,243   short(<5min): 562,350
commission WITHOUT 5-min rule: $203,322.39
commission WITH 5-min rule:    $114,362.19
SAVINGS from 5-min rule:       $88,960.20
short-trade rows: (562895, Decimal('174848.29'))
8,410 accounts under IBs
MT5 done: 1,292,964 trades
MT4 done: 4,279 trades

trades built: 1,297,243   short(<5min): 562,350
commission WITHOUT 5-min rule: $203,322.39
commission WITH 5-min rule:    $114,362.19
SAVINGS from 5-min rule:       $88,960.20
short-trade rows: (562895, Decimal('174848.29'))
8,410 accounts under IBs
MT5 done: 1,292,964 trades
MT4 done: 4,279 trades

trades built: 1,297,243   short(<5min): 562,350
commission WITHOUT 5-min rule: $203,322.39
commission WITH 5-min rule:    $114,362.19
SAVINGS from 5-min rule:       $88,960.20
short-trade rows: (562895, Decimal('174848.29'))
8,410 accounts under IBs
MT5 done: 1,292,965 trades
MT4 done: 4,279 trades

trades built: 1,297,244   short(<5min): 562,350
commission WITHOUT 5-min rule: $203,322.40
commission WITH 5-min rule:    $114,362.19
SAVINGS from 5-min rule:       $88,960.20
short-trade rows: (562895, Decimal('174848.29'))
8,410 accounts under IBs
MT5 done: 1,292,969 trades
MT4 done: 4,279 trades

trades built: 1,297,248   short(<5min): 562,351
commission WITHOUT 5-min rule: $203,322.41
commission WITH 5-min rule:    $114,362.20
SAVINGS from 5-min rule:       $88,960.21
short-trade rows: (562896, Decimal('174847.09'))
8,410 accounts under IBs
MT5 done: 1,292,969 trades
MT4 done: 4,279 trades

trades built: 1,297,248   short(<5min): 562,351
commission WITHOUT 5-min rule: $203,322.41
commission WITH 5-min rule:    $114,362.20
SAVINGS from 5-min rule:       $88,960.21
short-trade rows: (562896, Decimal('174847.09'))
8,410 accounts under IBs
MT5 done: 1,292,969 trades
MT4 done: 4,279 trades

trades built: 1,297,248   short(<5min): 562,351
commission WITHOUT 5-min rule: $203,322.41
commission WITH 5-min rule:    $114,362.20
SAVINGS from 5-min rule:       $88,960.21
short-trade rows: (562896, Decimal('174847.09'))
8,410 accounts under IBs
MT5 done: 1,292,971 trades
MT4 done: 4,279 trades

trades built: 1,297,250   short(<5min): 562,351
commission WITHOUT 5-min rule: $203,322.41
commission WITH 5-min rule:    $114,362.20
SAVINGS from 5-min rule:       $88,960.21
short-trade rows: (562896, Decimal('174847.09'))
8,410 accounts under IBs
MT5 done: 1,292,971 trades
MT4 done: 4,279 trades

trades built: 1,297,250   short(<5min): 562,351
commission WITHOUT 5-min rule: $203,322.41
commission WITH 5-min rule:    $114,362.20
SAVINGS from 5-min rule:       $88,960.21
short-trade rows: (562896, Decimal('174847.09'))
8,410 accounts under IBs
MT5 done: 1,292,971 trades
MT4 done: 4,279 trades

trades built: 1,297,250   short(<5min): 562,351
commission WITHOUT 5-min rule: $203,322.41
commission WITH 5-min rule:    $114,362.20
SAVINGS from 5-min rule:       $88,960.21
short-trade rows: (562896, Decimal('174847.09'))
8,410 accounts under IBs
MT5 done: 1,292,971 trades
MT4 done: 4,279 trades

trades built: 1,297,250   short(<5min): 562,351
commission WITHOUT 5-min rule: $203,322.41
commission WITH 5-min rule:    $114,362.20
SAVINGS from 5-min rule:       $88,960.21
short-trade rows: (562896, Decimal('174847.09'))
8,410 accounts under IBs
MT5 done: 1,292,971 trades
MT4 done: 4,279 trades

trades built: 1,297,250   short(<5min): 562,351
commission WITHOUT 5-min rule: $203,322.41
commission WITH 5-min rule:    $114,362.20
SAVINGS from 5-min rule:       $88,960.21
short-trade rows: (562896, Decimal('174847.09'))
8,410 accounts under IBs
MT5 done: 1,292,971 trades
MT4 done: 4,279 trades

trades built: 1,297,250   short(<5min): 562,351
commission WITHOUT 5-min rule: $203,322.41
commission WITH 5-min rule:    $114,362.20
SAVINGS from 5-min rule:       $88,960.21
short-trade rows: (562896, Decimal('174847.09'))
8,410 accounts under IBs
MT5 done: 1,292,966 trades
MT4 done: 4,279 trades

trades built: 1,297,245   short(<5min): 562,349
commission WITHOUT 5-min rule: $203,322.41
commission WITH 5-min rule:    $114,362.20
SAVINGS from 5-min rule:       $88,960.21
short-trade rows: (562894, Decimal('174846.27'))
8,410 accounts under IBs
MT5 done: 1,292,966 trades
MT4 done: 4,279 trades

trades built: 1,297,245   short(<5min): 562,349
commission WITHOUT 5-min rule: $203,322.41
commission WITH 5-min rule:    $114,362.20
SAVINGS from 5-min rule:       $88,960.21
short-trade rows: (562894, Decimal('174846.27'))
8,410 accounts under IBs
MT5 done: 1,292,966 trades
MT4 done: 4,279 trades

trades built: 1,297,245   short(<5min): 562,349
commission WITHOUT 5-min rule: $203,322.41
commission WITH 5-min rule:    $114,362.20
SAVINGS from 5-min rule:       $88,960.21
short-trade rows: (562894, Decimal('174846.27'))
8,410 accounts under IBs
MT5 done: 1,292,965 trades
MT4 done: 4,279 trades

trades built: 1,297,244   short(<5min): 562,349
commission WITHOUT 5-min rule: $203,322.41
commission WITH 5-min rule:    $114,362.20
SAVINGS from 5-min rule:       $88,960.21
short-trade rows: (562894, Decimal('174784.67'))
8,410 accounts under IBs
MT5 done: 1,292,965 trades
MT4 done: 4,279 trades

trades built: 1,297,244   short(<5min): 562,349
commission WITHOUT 5-min rule: $203,322.41
commission WITH 5-min rule:    $114,362.20
SAVINGS from 5-min rule:       $88,960.21
short-trade rows: (562894, Decimal('174784.67'))
8,410 accounts under IBs
MT5 done: 1,292,965 trades
MT4 done: 4,279 trades

trades built: 1,297,244   short(<5min): 562,349
commission WITHOUT 5-min rule: $203,322.41
commission WITH 5-min rule:    $114,362.20
SAVINGS from 5-min rule:       $88,960.21
short-trade rows: (562894, Decimal('174784.67'))
8,410 accounts under IBs
MT5 done: 1,292,965 trades
MT4 done: 4,279 trades

trades built: 1,297,244   short(<5min): 562,349
commission WITHOUT 5-min rule: $203,322.41
commission WITH 5-min rule:    $114,362.20
SAVINGS from 5-min rule:       $88,960.21
short-trade rows: (562894, Decimal('174784.67'))
8,410 accounts under IBs
MT5 done: 1,292,965 trades
MT4 done: 4,279 trades

trades built: 1,297,244   short(<5min): 562,349
commission WITHOUT 5-min rule: $203,322.41
commission WITH 5-min rule:    $114,362.20
SAVINGS from 5-min rule:       $88,960.21
short-trade rows: (562894, Decimal('174784.67'))
8,410 accounts under IBs
MT5 done: 1,292,966 trades
MT4 done: 4,279 trades

trades built: 1,297,245   short(<5min): 562,349
commission WITHOUT 5-min rule: $203,322.49
commission WITH 5-min rule:    $114,362.28
SAVINGS from 5-min rule:       $88,960.21
short-trade rows: (562894, Decimal('174784.67'))
8,410 accounts under IBs
MT5 done: 1,292,963 trades
MT4 done: 4,279 trades

trades built: 1,297,242   short(<5min): 562,349
commission WITHOUT 5-min rule: $203,322.49
commission WITH 5-min rule:    $114,362.28
SAVINGS from 5-min rule:       $88,960.21
short-trade rows: (562894, Decimal('174784.67'))
8,410 accounts under IBs
MT5 done: 1,292,959 trades
MT4 done: 4,279 trades

trades built: 1,297,238   short(<5min): 562,347
commission WITHOUT 5-min rule: $203,322.49
commission WITH 5-min rule:    $114,362.28
SAVINGS from 5-min rule:       $88,960.21
short-trade rows: (562892, Decimal('174782.34'))
8,410 accounts under IBs
MT5 done: 1,292,959 trades
MT4 done: 4,279 trades

trades built: 1,297,238   short(<5min): 562,347
commission WITHOUT 5-min rule: $203,322.49
commission WITH 5-min rule:    $114,362.28
SAVINGS from 5-min rule:       $88,960.21
short-trade rows: (562892, Decimal('174782.34'))
8,410 accounts under IBs
MT5 done: 1,292,959 trades
MT4 done: 4,279 trades

trades built: 1,297,238   short(<5min): 562,347
commission WITHOUT 5-min rule: $203,322.49
commission WITH 5-min rule:    $114,362.28
SAVINGS from 5-min rule:       $88,960.21
short-trade rows: (562892, Decimal('174782.34'))
8,410 accounts under IBs
MT5 done: 1,292,959 trades
MT4 done: 4,279 trades

trades built: 1,297,238   short(<5min): 562,347
commission WITHOUT 5-min rule: $203,322.49
commission WITH 5-min rule:    $114,362.28
SAVINGS from 5-min rule:       $88,960.21
short-trade rows: (562892, Decimal('174782.34'))
8,410 accounts under IBs
MT5 done: 1,292,959 trades
MT4 done: 4,279 trades

trades built: 1,297,238   short(<5min): 562,347
commission WITHOUT 5-min rule: $203,322.49
commission WITH 5-min rule:    $114,362.28
SAVINGS from 5-min rule:       $88,960.21
short-trade rows: (562892, Decimal('174782.34'))
8,410 accounts under IBs
MT5 done: 1,292,959 trades
MT4 done: 4,279 trades

trades built: 1,297,238   short(<5min): 562,347
commission WITHOUT 5-min rule: $203,322.49
commission WITH 5-min rule:    $114,362.28
SAVINGS from 5-min rule:       $88,960.21
short-trade rows: (562892, Decimal('174782.34'))
8,410 accounts under IBs
MT5 done: 1,292,964 trades
MT4 done: 4,279 trades

trades built: 1,297,243   short(<5min): 562,347
commission WITHOUT 5-min rule: $203,322.49
commission WITH 5-min rule:    $114,362.28
SAVINGS from 5-min rule:       $88,960.21
short-trade rows: (562892, Decimal('174779.06'))
8,410 accounts under IBs
MT5 done: 1,292,964 trades
MT4 done: 4,279 trades

trades built: 1,297,243   short(<5min): 562,347
commission WITHOUT 5-min rule: $203,322.49
commission WITH 5-min rule:    $114,362.28
SAVINGS from 5-min rule:       $88,960.21
short-trade rows: (562892, Decimal('174779.06'))
8,410 accounts under IBs
MT5 done: 1,292,970 trades
MT4 done: 4,279 trades

trades built: 1,297,249   short(<5min): 562,347
commission WITHOUT 5-min rule: $203,322.51
commission WITH 5-min rule:    $114,362.30
SAVINGS from 5-min rule:       $88,960.21
short-trade rows: (562892, Decimal('174779.06'))
8,410 accounts under IBs
MT5 done: 1,292,970 trades
MT4 done: 4,279 trades

trades built: 1,297,249   short(<5min): 562,347
commission WITHOUT 5-min rule: $203,322.51
commission WITH 5-min rule:    $114,362.30
SAVINGS from 5-min rule:       $88,960.21
short-trade rows: (562892, Decimal('174779.06'))
8,410 accounts under IBs
MT5 done: 1,292,970 trades
MT4 done: 4,279 trades

trades built: 1,297,249   short(<5min): 562,347
commission WITHOUT 5-min rule: $203,322.51
commission WITH 5-min rule:    $114,362.30
SAVINGS from 5-min rule:       $88,960.21
short-trade rows: (562892, Decimal('174779.06'))
8,412 accounts under IBs
MT5 done: 1,292,970 trades
MT4 done: 4,279 trades

trades built: 1,297,249   short(<5min): 562,347
commission WITHOUT 5-min rule: $203,322.51
commission WITH 5-min rule:    $114,362.30
SAVINGS from 5-min rule:       $88,960.21
short-trade rows: (562892, Decimal('174779.06'))
8,410 accounts under IBs
MT5 done: 1,292,970 trades
MT4 done: 4,279 trades

trades built: 1,297,249   short(<5min): 562,347
commission WITHOUT 5-min rule: $203,322.51
commission WITH 5-min rule:    $114,362.30
SAVINGS from 5-min rule:       $88,960.21
short-trade rows: (562892, Decimal('174779.06'))
8,410 accounts under IBs
MT5 done: 1,292,970 trades
MT4 done: 4,279 trades

trades built: 1,297,249   short(<5min): 562,347
commission WITHOUT 5-min rule: $203,322.51
commission WITH 5-min rule:    $114,362.30
SAVINGS from 5-min rule:       $88,960.21
short-trade rows: (562892, Decimal('174779.06'))
8,410 accounts under IBs
MT5 done: 1,292,970 trades
MT4 done: 4,279 trades

trades built: 1,297,249   short(<5min): 562,347
commission WITHOUT 5-min rule: $203,322.51
commission WITH 5-min rule:    $114,362.30
SAVINGS from 5-min rule:       $88,960.21
short-trade rows: (562892, Decimal('174779.06'))
8,410 accounts under IBs
MT5 done: 1,292,970 trades
MT4 done: 4,279 trades

trades built: 1,297,249   short(<5min): 562,347
commission WITHOUT 5-min rule: $203,322.51
commission WITH 5-min rule:    $114,362.30
SAVINGS from 5-min rule:       $88,960.21
short-trade rows: (562892, Decimal('174779.06'))
8,410 accounts under IBs
MT5 done: 1,292,970 trades
MT4 done: 4,279 trades

trades built: 1,297,249   short(<5min): 562,347
commission WITHOUT 5-min rule: $203,322.51
commission WITH 5-min rule:    $114,362.30
SAVINGS from 5-min rule:       $88,960.21
short-trade rows: (562892, Decimal('174779.06'))
8,410 accounts under IBs
MT5 done: 1,292,970 trades
MT4 done: 4,279 trades

trades built: 1,297,249   short(<5min): 562,347
commission WITHOUT 5-min rule: $203,322.51
commission WITH 5-min rule:    $114,362.30
SAVINGS from 5-min rule:       $88,960.21
short-trade rows: (562892, Decimal('174779.06'))
8,410 accounts under IBs
MT5 done: 1,292,970 trades
MT4 done: 4,279 trades

trades built: 1,297,249   short(<5min): 562,347
commission WITHOUT 5-min rule: $203,322.51
commission WITH 5-min rule:    $114,362.30
SAVINGS from 5-min rule:       $88,960.21
short-trade rows: (562892, Decimal('174779.06'))
8,410 accounts under IBs
MT5 done: 1,292,970 trades
MT4 done: 4,279 trades

trades built: 1,297,249   short(<5min): 562,347
commission WITHOUT 5-min rule: $203,322.51
commission WITH 5-min rule:    $114,362.30
SAVINGS from 5-min rule:       $88,960.21
short-trade rows: (562892, Decimal('174779.06'))
8,410 accounts under IBs
MT5 done: 1,292,970 trades
MT4 done: 4,279 trades

trades built: 1,297,249   short(<5min): 562,347
commission WITHOUT 5-min rule: $203,322.51
commission WITH 5-min rule:    $114,362.30
SAVINGS from 5-min rule:       $88,960.21
short-trade rows: (562892, Decimal('174779.06'))
8,410 accounts under IBs
MT5 done: 1,292,970 trades
MT4 done: 4,279 trades

trades built: 1,297,249   short(<5min): 562,347
commission WITHOUT 5-min rule: $203,322.51
commission WITH 5-min rule:    $114,362.30
SAVINGS from 5-min rule:       $88,960.21
short-trade rows: (562892, Decimal('174779.06'))
8,410 accounts under IBs
MT5 done: 1,292,970 trades
MT4 done: 4,279 trades

trades built: 1,297,249   short(<5min): 562,347
commission WITHOUT 5-min rule: $203,322.51
commission WITH 5-min rule:    $114,362.30
SAVINGS from 5-min rule:       $88,960.21
short-trade rows: (562892, Decimal('174779.06'))
8,410 accounts under IBs
MT5 done: 1,292,970 trades
MT4 done: 4,279 trades

trades built: 1,297,249   short(<5min): 562,347
commission WITHOUT 5-min rule: $203,322.51
commission WITH 5-min rule:    $114,362.30
SAVINGS from 5-min rule:       $88,960.21
short-trade rows: (562892, Decimal('174779.06'))
8,410 accounts under IBs
MT5 done: 1,292,970 trades
MT4 done: 4,279 trades

trades built: 1,297,249   short(<5min): 562,347
commission WITHOUT 5-min rule: $203,322.51
commission WITH 5-min rule:    $114,362.30
SAVINGS from 5-min rule:       $88,960.21
short-trade rows: (562892, Decimal('174779.06'))
8,410 accounts under IBs
MT5 done: 1,292,970 trades
MT4 done: 4,279 trades

trades built: 1,297,249   short(<5min): 562,347
commission WITHOUT 5-min rule: $203,322.51
commission WITH 5-min rule:    $114,362.30
SAVINGS from 5-min rule:       $88,960.21
short-trade rows: (562892, Decimal('174779.06'))
8,410 accounts under IBs
MT5 done: 1,292,970 trades
MT4 done: 4,279 trades

trades built: 1,297,249   short(<5min): 562,347
commission WITHOUT 5-min rule: $203,322.51
commission WITH 5-min rule:    $114,362.30
SAVINGS from 5-min rule:       $88,960.21
short-trade rows: (562892, Decimal('174779.06'))
8,410 accounts under IBs
MT5 done: 1,292,970 trades
MT4 done: 4,279 trades

trades built: 1,297,249   short(<5min): 562,347
commission WITHOUT 5-min rule: $203,322.51
commission WITH 5-min rule:    $114,362.30
SAVINGS from 5-min rule:       $88,960.21
short-trade rows: (562892, Decimal('174779.06'))
8,412 accounts under IBs
MT5 done: 1,292,970 trades
MT4 done: 4,279 trades

trades built: 1,297,249   short(<5min): 562,347
commission WITHOUT 5-min rule: $203,322.51
commission WITH 5-min rule:    $114,362.30
SAVINGS from 5-min rule:       $88,960.21
short-trade rows: (562892, Decimal('174779.06'))
8,410 accounts under IBs
MT5 done: 1,292,970 trades
MT4 done: 4,279 trades

trades built: 1,297,249   short(<5min): 562,347
commission WITHOUT 5-min rule: $203,322.51
commission WITH 5-min rule:    $114,362.30
SAVINGS from 5-min rule:       $88,960.21
short-trade rows: (562892, Decimal('174779.06'))
8,410 accounts under IBs
MT5 done: 1,292,970 trades
MT4 done: 4,279 trades

trades built: 1,297,249   short(<5min): 562,347
commission WITHOUT 5-min rule: $203,322.51
commission WITH 5-min rule:    $114,362.30
SAVINGS from 5-min rule:       $88,960.21
short-trade rows: (562892, Decimal('174779.06'))
8,410 accounts under IBs
MT5 done: 1,292,970 trades
MT4 done: 4,279 trades

trades built: 1,297,249   short(<5min): 562,347
commission WITHOUT 5-min rule: $203,322.51
commission WITH 5-min rule:    $114,362.30
SAVINGS from 5-min rule:       $88,960.21
short-trade rows: (562892, Decimal('174779.06'))
8,410 accounts under IBs
MT5 done: 1,292,970 trades
MT4 done: 4,279 trades

trades built: 1,297,249   short(<5min): 562,347
commission WITHOUT 5-min rule: $203,322.51
commission WITH 5-min rule:    $114,362.30
SAVINGS from 5-min rule:       $88,960.21
short-trade rows: (562892, Decimal('174779.06'))
8,410 accounts under IBs
MT5 done: 1,292,970 trades
MT4 done: 4,279 trades

trades built: 1,297,249   short(<5min): 562,347
commission WITHOUT 5-min rule: $203,322.51
commission WITH 5-min rule:    $114,362.30
SAVINGS from 5-min rule:       $88,960.21
short-trade rows: (562892, Decimal('174779.06'))
8,410 accounts under IBs
MT5 done: 1,292,970 trades
MT4 done: 4,279 trades

trades built: 1,297,249   short(<5min): 562,347
commission WITHOUT 5-min rule: $203,322.51
commission WITH 5-min rule:    $114,362.30
SAVINGS from 5-min rule:       $88,960.21
short-trade rows: (562892, Decimal('174779.06'))
8,410 accounts under IBs
MT5 done: 1,292,968 trades
MT4 done: 4,279 trades

trades built: 1,297,247   short(<5min): 562,344
commission WITHOUT 5-min rule: $203,322.51
commission WITH 5-min rule:    $114,362.30
SAVINGS from 5-min rule:       $88,960.21
short-trade rows: (562889, Decimal('174734.92'))
8,410 accounts under IBs
MT5 done: 1,292,968 trades
MT4 done: 4,279 trades

trades built: 1,297,247   short(<5min): 562,344
commission WITHOUT 5-min rule: $203,322.51
commission WITH 5-min rule:    $114,362.30
SAVINGS from 5-min rule:       $88,960.21
short-trade rows: (562889, Decimal('174734.92'))
8,410 accounts under IBs
MT5 done: 1,292,968 trades
MT4 done: 4,279 trades

trades built: 1,297,247   short(<5min): 562,344
commission WITHOUT 5-min rule: $203,322.51
commission WITH 5-min rule:    $114,362.30
SAVINGS from 5-min rule:       $88,960.21
short-trade rows: (562889, Decimal('174734.92'))
8,410 accounts under IBs
MT5 done: 1,292,968 trades
MT4 done: 4,279 trades

trades built: 1,297,247   short(<5min): 562,344
commission WITHOUT 5-min rule: $203,322.51
commission WITH 5-min rule:    $114,362.30
SAVINGS from 5-min rule:       $88,960.21
short-trade rows: (562889, Decimal('174734.92'))
8,410 accounts under IBs
MT5 done: 1,292,968 trades
MT4 done: 4,279 trades

trades built: 1,297,247   short(<5min): 562,344
commission WITHOUT 5-min rule: $203,322.51
commission WITH 5-min rule:    $114,362.30
SAVINGS from 5-min rule:       $88,960.21
short-trade rows: (562889, Decimal('174734.92'))
8,410 accounts under IBs
MT5 done: 1,292,968 trades
MT4 done: 4,279 trades

trades built: 1,297,247   short(<5min): 562,344
commission WITHOUT 5-min rule: $203,322.51
commission WITH 5-min rule:    $114,362.30
SAVINGS from 5-min rule:       $88,960.21
short-trade rows: (562889, Decimal('174734.92'))
8,410 accounts under IBs
MT5 done: 1,292,968 trades
MT4 done: 4,279 trades

trades built: 1,297,247   short(<5min): 562,344
commission WITHOUT 5-min rule: $203,322.51
commission WITH 5-min rule:    $114,362.30
SAVINGS from 5-min rule:       $88,960.21
short-trade rows: (562889, Decimal('174734.92'))
8,410 accounts under IBs
MT5 done: 1,292,966 trades
MT4 done: 4,279 trades

trades built: 1,297,245   short(<5min): 562,346
commission WITHOUT 5-min rule: $203,322.51
commission WITH 5-min rule:    $114,362.30
SAVINGS from 5-min rule:       $88,960.21
short-trade rows: (562891, Decimal('174739.26'))
8,410 accounts under IBs
MT5 done: 1,292,966 trades
MT4 done: 4,279 trades

trades built: 1,297,245   short(<5min): 562,346
commission WITHOUT 5-min rule: $203,322.51
commission WITH 5-min rule:    $114,362.30
SAVINGS from 5-min rule:       $88,960.21
short-trade rows: (562891, Decimal('174739.26'))
8,410 accounts under IBs
MT5 done: 1,292,966 trades
MT4 done: 4,279 trades

trades built: 1,297,245   short(<5min): 562,346
commission WITHOUT 5-min rule: $203,322.51
commission WITH 5-min rule:    $114,362.30
SAVINGS from 5-min rule:       $88,960.21
short-trade rows: (562891, Decimal('174739.26'))
8,410 accounts under IBs
MT5 done: 1,292,966 trades
MT4 done: 4,279 trades

trades built: 1,297,245   short(<5min): 562,346
commission WITHOUT 5-min rule: $203,322.51
commission WITH 5-min rule:    $114,362.30
SAVINGS from 5-min rule:       $88,960.21
short-trade rows: (562891, Decimal('174739.26'))
8,410 accounts under IBs
MT5 done: 1,292,966 trades
MT4 done: 4,279 trades

trades built: 1,297,245   short(<5min): 562,346
commission WITHOUT 5-min rule: $203,322.51
commission WITH 5-min rule:    $114,362.30
SAVINGS from 5-min rule:       $88,960.21
short-trade rows: (562891, Decimal('174739.26'))
8,410 accounts under IBs
MT5 done: 1,292,966 trades
MT4 done: 4,279 trades

trades built: 1,297,245   short(<5min): 562,346
commission WITHOUT 5-min rule: $203,322.51
commission WITH 5-min rule:    $114,362.30
SAVINGS from 5-min rule:       $88,960.21
short-trade rows: (562891, Decimal('174739.26'))
8,410 accounts under IBs
MT5 done: 1,292,966 trades
MT4 done: 4,279 trades

trades built: 1,297,245   short(<5min): 562,346
commission WITHOUT 5-min rule: $203,322.51
commission WITH 5-min rule:    $114,362.30
SAVINGS from 5-min rule:       $88,960.21
short-trade rows: (562891, Decimal('174739.26'))
8,410 accounts under IBs
MT5 done: 1,292,966 trades
MT4 done: 4,279 trades

trades built: 1,297,245   short(<5min): 562,346
commission WITHOUT 5-min rule: $203,322.51
commission WITH 5-min rule:    $114,362.30
SAVINGS from 5-min rule:       $88,960.21
short-trade rows: (562891, Decimal('174739.26'))
8,410 accounts under IBs
MT5 done: 1,292,966 trades
MT4 done: 4,279 trades

trades built: 1,297,245   short(<5min): 562,346
commission WITHOUT 5-min rule: $203,322.51
commission WITH 5-min rule:    $114,362.30
SAVINGS from 5-min rule:       $88,960.21
short-trade rows: (562891, Decimal('174739.26'))
8,410 accounts under IBs
MT5 done: 1,292,966 trades
MT4 done: 4,279 trades

trades built: 1,297,245   short(<5min): 562,346
commission WITHOUT 5-min rule: $203,322.51
commission WITH 5-min rule:    $114,362.30
SAVINGS from 5-min rule:       $88,960.21
short-trade rows: (562891, Decimal('174739.26'))
8,410 accounts under IBs
MT5 done: 1,292,966 trades
MT4 done: 4,279 trades

trades built: 1,297,245   short(<5min): 562,346
commission WITHOUT 5-min rule: $203,322.51
commission WITH 5-min rule:    $114,362.30
SAVINGS from 5-min rule:       $88,960.21
short-trade rows: (562891, Decimal('174739.26'))
8,412 accounts under IBs
MT5 done: 1,292,966 trades
MT4 done: 4,279 trades

trades built: 1,297,245   short(<5min): 562,346
commission WITHOUT 5-min rule: $203,322.51
commission WITH 5-min rule:    $114,362.30
SAVINGS from 5-min rule:       $88,960.21
short-trade rows: (562891, Decimal('174739.26'))
8,410 accounts under IBs
MT5 done: 1,292,966 trades
MT4 done: 4,279 trades

trades built: 1,297,245   short(<5min): 562,346
commission WITHOUT 5-min rule: $203,322.51
commission WITH 5-min rule:    $114,362.30
SAVINGS from 5-min rule:       $88,960.21
short-trade rows: (562891, Decimal('174739.26'))
8,410 accounts under IBs
MT5 done: 1,292,966 trades
MT4 done: 4,279 trades

trades built: 1,297,245   short(<5min): 562,346
commission WITHOUT 5-min rule: $203,322.51
commission WITH 5-min rule:    $114,362.30
SAVINGS from 5-min rule:       $88,960.21
short-trade rows: (562891, Decimal('174739.26'))
8,410 accounts under IBs
MT5 done: 1,292,966 trades
MT4 done: 4,279 trades

trades built: 1,297,245   short(<5min): 562,346
commission WITHOUT 5-min rule: $203,322.51
commission WITH 5-min rule:    $114,362.30
SAVINGS from 5-min rule:       $88,960.21
short-trade rows: (562891, Decimal('174739.26'))
8,410 accounts under IBs
MT5 done: 1,292,966 trades
MT4 done: 4,279 trades

trades built: 1,297,245   short(<5min): 562,346
commission WITHOUT 5-min rule: $203,322.51
commission WITH 5-min rule:    $114,362.30
SAVINGS from 5-min rule:       $88,960.21
short-trade rows: (562891, Decimal('174739.26'))
8,410 accounts under IBs
MT5 done: 1,292,966 trades
MT4 done: 4,279 trades

trades built: 1,297,245   short(<5min): 562,346
commission WITHOUT 5-min rule: $203,322.51
commission WITH 5-min rule:    $114,362.30
SAVINGS from 5-min rule:       $88,960.21
short-trade rows: (562891, Decimal('174739.26'))
8,410 accounts under IBs
MT5 done: 1,292,966 trades
MT4 done: 4,279 trades

trades built: 1,297,245   short(<5min): 562,346
commission WITHOUT 5-min rule: $203,322.51
commission WITH 5-min rule:    $114,362.30
SAVINGS from 5-min rule:       $88,960.21
short-trade rows: (562891, Decimal('174739.26'))
8,410 accounts under IBs
MT5 done: 1,292,966 trades
MT4 done: 4,279 trades

trades built: 1,297,245   short(<5min): 562,346
commission WITHOUT 5-min rule: $203,322.51
commission WITH 5-min rule:    $114,362.30
SAVINGS from 5-min rule:       $88,960.21
short-trade rows: (562891, Decimal('174739.26'))
8,410 accounts under IBs
8,410 accounts under IBs
MT5 done: 1,292,966 trades
MT4 done: 4,279 trades

trades built: 1,297,245   short(<5min): 562,346
commission WITHOUT 5-min rule: $203,322.51
commission WITH 5-min rule:    $114,362.30
SAVINGS from 5-min rule:       $88,960.21
short-trade rows: (562891, Decimal('174739.26'))
8,411 accounts under IBs
MT5 done: 1,292,966 trades
MT4 done: 4,279 trades

trades built: 1,297,245   short(<5min): 562,346
commission WITHOUT 5-min rule: $203,322.51
commission WITH 5-min rule:    $114,362.30
SAVINGS from 5-min rule:       $88,960.21
short-trade rows: (562891, Decimal('174739.26'))
8,411 accounts under IBs
MT5 done: 1,292,966 trades
MT4 done: 4,279 trades

trades built: 1,297,245   short(<5min): 562,346
commission WITHOUT 5-min rule: $203,322.51
commission WITH 5-min rule:    $114,362.30
SAVINGS from 5-min rule:       $88,960.21
short-trade rows: (562891, Decimal('174739.26'))
8,411 accounts under IBs
MT5 done: 1,292,966 trades
MT4 done: 4,279 trades

trades built: 1,297,245   short(<5min): 562,346
commission WITHOUT 5-min rule: $203,322.51
commission WITH 5-min rule:    $114,362.30
SAVINGS from 5-min rule:       $88,960.21
short-trade rows: (562891, Decimal('174739.26'))
8,411 accounts under IBs
MT5 done: 1,292,966 trades
MT4 done: 4,279 trades

trades built: 1,297,245   short(<5min): 562,346
commission WITHOUT 5-min rule: $203,322.51
commission WITH 5-min rule:    $114,362.30
SAVINGS from 5-min rule:       $88,960.21
short-trade rows: (562891, Decimal('174739.26'))
8,413 accounts under IBs
MT5 done: 1,292,966 trades
MT4 done: 4,279 trades

trades built: 1,297,245   short(<5min): 562,346
commission WITHOUT 5-min rule: $203,322.51
commission WITH 5-min rule:    $114,362.30
SAVINGS from 5-min rule:       $88,960.21
short-trade rows: (562891, Decimal('174739.26'))
8,411 accounts under IBs
MT5 done: 1,292,966 trades
MT4 done: 4,279 trades

trades built: 1,297,245   short(<5min): 562,346
commission WITHOUT 5-min rule: $203,322.51
commission WITH 5-min rule:    $114,362.30
SAVINGS from 5-min rule:       $88,960.21
short-trade rows: (562891, Decimal('174739.26'))
8,411 accounts under IBs
MT5 done: 1,292,966 trades
MT4 done: 4,279 trades

trades built: 1,297,245   short(<5min): 562,346
commission WITHOUT 5-min rule: $203,322.51
commission WITH 5-min rule:    $114,362.30
SAVINGS from 5-min rule:       $88,960.21
short-trade rows: (562891, Decimal('174739.26'))
8,411 accounts under IBs
MT5 done: 1,292,966 trades
MT4 done: 4,279 trades

trades built: 1,297,245   short(<5min): 562,346
commission WITHOUT 5-min rule: $203,322.51
commission WITH 5-min rule:    $114,362.30
SAVINGS from 5-min rule:       $88,960.21
short-trade rows: (562891, Decimal('174739.26'))
8,411 accounts under IBs
MT5 done: 1,292,966 trades
MT4 done: 4,279 trades

trades built: 1,297,245   short(<5min): 562,346
commission WITHOUT 5-min rule: $203,322.51
commission WITH 5-min rule:    $114,362.30
SAVINGS from 5-min rule:       $88,960.21
short-trade rows: (562891, Decimal('174739.26'))
8,411 accounts under IBs
MT5 done: 1,292,966 trades
MT4 done: 4,279 trades

trades built: 1,297,245   short(<5min): 562,346
commission WITHOUT 5-min rule: $203,322.51
commission WITH 5-min rule:    $114,362.30
SAVINGS from 5-min rule:       $88,960.21
short-trade rows: (562891, Decimal('174739.26'))
8,411 accounts under IBs
MT5 done: 1,292,966 trades
MT4 done: 4,279 trades

trades built: 1,297,245   short(<5min): 562,346
commission WITHOUT 5-min rule: $203,322.51
commission WITH 5-min rule:    $114,362.30
SAVINGS from 5-min rule:       $88,960.21
short-trade rows: (562891, Decimal('174739.26'))
8,413 accounts under IBs
MT5 done: 1,292,966 trades
MT4 done: 4,279 trades

trades built: 1,297,245   short(<5min): 562,346
commission WITHOUT 5-min rule: $203,322.51
commission WITH 5-min rule:    $114,362.30
SAVINGS from 5-min rule:       $88,960.21
short-trade rows: (562891, Decimal('174739.26'))
8,411 accounts under IBs
MT5 done: 1,292,966 trades
MT4 done: 4,279 trades

trades built: 1,297,245   short(<5min): 562,346
commission WITHOUT 5-min rule: $203,322.51
commission WITH 5-min rule:    $114,362.30
SAVINGS from 5-min rule:       $88,960.21
short-trade rows: (562891, Decimal('174739.26'))
8,412 accounts under IBs
8,412 accounts under IBs
MT5 done: 1,292,966 trades
MT4 done: 4,279 trades

trades built: 1,297,245   short(<5min): 562,346
commission WITHOUT 5-min rule: $203,322.51
commission WITH 5-min rule:    $114,362.30
SAVINGS from 5-min rule:       $88,960.21
short-trade rows: (562891, Decimal('174739.26'))
8,413 accounts under IBs
MT5 done: 1,292,966 trades
MT4 done: 4,279 trades

trades built: 1,297,245   short(<5min): 562,346
commission WITHOUT 5-min rule: $203,322.51
commission WITH 5-min rule:    $114,362.30
SAVINGS from 5-min rule:       $88,960.21
short-trade rows: (562891, Decimal('174739.26'))
8,413 accounts under IBs
MT5 done: 1,292,966 trades
MT4 done: 4,279 trades

trades built: 1,297,245   short(<5min): 562,346
commission WITHOUT 5-min rule: $203,322.51
commission WITH 5-min rule:    $114,362.30
SAVINGS from 5-min rule:       $88,960.21
short-trade rows: (562891, Decimal('174739.26'))
8,413 accounts under IBs
MT5 done: 1,292,966 trades
MT4 done: 4,279 trades

trades built: 1,297,245   short(<5min): 562,346
commission WITHOUT 5-min rule: $203,322.51
commission WITH 5-min rule:    $114,362.30
SAVINGS from 5-min rule:       $88,960.21
short-trade rows: (562891, Decimal('174739.26'))
8,413 accounts under IBs
MT5 done: 1,292,966 trades
MT4 done: 4,279 trades

trades built: 1,297,245   short(<5min): 562,346
commission WITHOUT 5-min rule: $203,322.51
commission WITH 5-min rule:    $114,362.30
SAVINGS from 5-min rule:       $88,960.21
short-trade rows: (562891, Decimal('174739.26'))
8,413 accounts under IBs
MT5 done: 1,292,966 trades
MT4 done: 4,279 trades

trades built: 1,297,245   short(<5min): 562,346
commission WITHOUT 5-min rule: $203,322.51
commission WITH 5-min rule:    $114,362.30
SAVINGS from 5-min rule:       $88,960.21
short-trade rows: (562891, Decimal('174739.26'))
8,413 accounts under IBs
MT5 done: 1,292,966 trades
MT4 done: 4,279 trades

trades built: 1,297,245   short(<5min): 562,346
commission WITHOUT 5-min rule: $203,322.51
commission WITH 5-min rule:    $114,362.30
SAVINGS from 5-min rule:       $88,960.21
short-trade rows: (562891, Decimal('174739.26'))
8,413 accounts under IBs
MT5 done: 1,292,966 trades
MT4 done: 4,279 trades

trades built: 1,297,245   short(<5min): 562,346
commission WITHOUT 5-min rule: $203,322.51
commission WITH 5-min rule:    $114,362.30
SAVINGS from 5-min rule:       $88,960.21
short-trade rows: (562891, Decimal('174739.26'))
8,413 accounts under IBs
MT5 done: 1,292,966 trades
MT4 done: 4,279 trades

trades built: 1,297,245   short(<5min): 562,346
commission WITHOUT 5-min rule: $203,322.51
commission WITH 5-min rule:    $114,362.30
SAVINGS from 5-min rule:       $88,960.21
short-trade rows: (562891, Decimal('174739.26'))
8,413 accounts under IBs
MT5 done: 1,292,966 trades
MT4 done: 4,279 trades

trades built: 1,297,245   short(<5min): 562,346
commission WITHOUT 5-min rule: $203,322.51
commission WITH 5-min rule:    $114,362.30
SAVINGS from 5-min rule:       $88,960.21
short-trade rows: (562891, Decimal('174739.26'))
8,413 accounts under IBs
MT5 done: 1,292,966 trades
MT4 done: 4,279 trades

trades built: 1,297,245   short(<5min): 562,346
commission WITHOUT 5-min rule: $203,322.51
commission WITH 5-min rule:    $114,362.30
SAVINGS from 5-min rule:       $88,960.21
short-trade rows: (562891, Decimal('174739.26'))
8,415 accounts under IBs
MT5 done: 1,292,966 trades
MT4 done: 4,279 trades

trades built: 1,297,245   short(<5min): 562,346
commission WITHOUT 5-min rule: $203,322.51
commission WITH 5-min rule:    $114,362.30
SAVINGS from 5-min rule:       $88,960.21
short-trade rows: (562891, Decimal('174739.26'))
8,413 accounts under IBs
MT5 done: 1,292,966 trades
MT4 done: 4,279 trades

trades built: 1,297,245   short(<5min): 562,346
commission WITHOUT 5-min rule: $203,322.51
commission WITH 5-min rule:    $114,362.30
SAVINGS from 5-min rule:       $88,960.21
short-trade rows: (562891, Decimal('174739.26'))
8,413 accounts under IBs
MT5 done: 1,292,966 trades
MT4 done: 4,279 trades

trades built: 1,297,245   short(<5min): 562,346
commission WITHOUT 5-min rule: $203,322.51
commission WITH 5-min rule:    $114,362.30
SAVINGS from 5-min rule:       $88,960.21
short-trade rows: (562891, Decimal('174739.26'))
8,413 accounts under IBs
MT5 done: 1,292,966 trades
MT4 done: 4,279 trades

trades built: 1,297,245   short(<5min): 562,346
commission WITHOUT 5-min rule: $203,322.51
commission WITH 5-min rule:    $114,362.30
SAVINGS from 5-min rule:       $88,960.21
short-trade rows: (562891, Decimal('174739.26'))
8,413 accounts under IBs
MT5 done: 1,292,966 trades
MT4 done: 4,279 trades

trades built: 1,297,245   short(<5min): 562,346
commission WITHOUT 5-min rule: $203,322.51
commission WITH 5-min rule:    $114,362.30
SAVINGS from 5-min rule:       $88,960.21
short-trade rows: (562891, Decimal('174739.26'))
8,413 accounts under IBs
MT5 done: 1,292,966 trades
MT4 done: 4,279 trades

trades built: 1,297,245   short(<5min): 562,346
commission WITHOUT 5-min rule: $203,322.51
commission WITH 5-min rule:    $114,362.30
SAVINGS from 5-min rule:       $88,960.21
short-trade rows: (562891, Decimal('174739.26'))
8,413 accounts under IBs
MT5 done: 1,292,969 trades
MT4 done: 4,279 trades

trades built: 1,297,248   short(<5min): 562,349
commission WITHOUT 5-min rule: $203,322.52
commission WITH 5-min rule:    $114,362.31
SAVINGS from 5-min rule:       $88,960.21
short-trade rows: (562894, Decimal('174741.03'))
8,413 accounts under IBs
MT5 done: 1,292,969 trades
MT4 done: 4,279 trades

trades built: 1,297,248   short(<5min): 562,349
commission WITHOUT 5-min rule: $203,322.52
commission WITH 5-min rule:    $114,362.31
SAVINGS from 5-min rule:       $88,960.21
short-trade rows: (562894, Decimal('174741.03'))
8,415 accounts under IBs
MT5 done: 1,292,969 trades
MT4 done: 4,279 trades

trades built: 1,297,248   short(<5min): 562,349
commission WITHOUT 5-min rule: $203,322.52
commission WITH 5-min rule:    $114,362.31
SAVINGS from 5-min rule:       $88,960.21
short-trade rows: (562894, Decimal('174741.03'))
8,413 accounts under IBs
MT5 done: 1,292,969 trades
MT4 done: 4,279 trades

trades built: 1,297,248   short(<5min): 562,349
commission WITHOUT 5-min rule: $203,322.52
commission WITH 5-min rule:    $114,362.31
SAVINGS from 5-min rule:       $88,960.21
short-trade rows: (562894, Decimal('174741.03'))
8,413 accounts under IBs
MT5 done: 1,292,971 trades
MT4 done: 4,279 trades

trades built: 1,297,250   short(<5min): 562,349
commission WITHOUT 5-min rule: $203,322.53
commission WITH 5-min rule:    $114,362.32
SAVINGS from 5-min rule:       $88,960.21
short-trade rows: (562894, Decimal('174741.03'))
8,413 accounts under IBs
MT5 done: 1,292,971 trades
MT4 done: 4,279 trades

trades built: 1,297,250   short(<5min): 562,349
commission WITHOUT 5-min rule: $203,322.53
commission WITH 5-min rule:    $114,362.32
SAVINGS from 5-min rule:       $88,960.21
short-trade rows: (562894, Decimal('174741.03'))
8,413 accounts under IBs
MT5 done: 1,292,971 trades
MT4 done: 4,279 trades

trades built: 1,297,250   short(<5min): 562,349
commission WITHOUT 5-min rule: $203,322.53
commission WITH 5-min rule:    $114,362.32
SAVINGS from 5-min rule:       $88,960.21
short-trade rows: (562894, Decimal('174741.03'))
8,413 accounts under IBs
MT5 done: 1,292,971 trades
MT4 done: 4,279 trades

trades built: 1,297,250   short(<5min): 562,349
commission WITHOUT 5-min rule: $203,322.53
commission WITH 5-min rule:    $114,362.32
SAVINGS from 5-min rule:       $88,960.21
short-trade rows: (562894, Decimal('174741.03'))
8,415 accounts under IBs
MT5 done: 1,292,971 trades
MT4 done: 4,279 trades

trades built: 1,297,250   short(<5min): 562,349
commission WITHOUT 5-min rule: $203,322.53
commission WITH 5-min rule:    $114,362.32
SAVINGS from 5-min rule:       $88,960.21
short-trade rows: (562894, Decimal('174741.03'))
8,415 accounts under IBs
MT5 done: 1,292,971 trades
MT4 done: 4,279 trades

trades built: 1,297,250   short(<5min): 562,349
commission WITHOUT 5-min rule: $203,322.53
commission WITH 5-min rule:    $114,362.32
SAVINGS from 5-min rule:       $88,960.21
short-trade rows: (562894, Decimal('174741.03'))
8,415 accounts under IBs
MT5 done: 1,292,972 trades
MT4 done: 4,279 trades

trades built: 1,297,251   short(<5min): 562,349
commission WITHOUT 5-min rule: $203,322.53
commission WITH 5-min rule:    $114,362.32
SAVINGS from 5-min rule:       $88,960.21
short-trade rows: (562894, Decimal('174741.03'))
8,415 accounts under IBs
MT5 done: 1,292,972 trades
MT4 done: 4,279 trades

trades built: 1,297,251   short(<5min): 562,349
commission WITHOUT 5-min rule: $203,322.53
commission WITH 5-min rule:    $114,362.32
SAVINGS from 5-min rule:       $88,960.21
short-trade rows: (562894, Decimal('174741.03'))
8,415 accounts under IBs
MT5 done: 1,292,974 trades
MT4 done: 4,279 trades

trades built: 1,297,253   short(<5min): 562,349
commission WITHOUT 5-min rule: $203,322.54
commission WITH 5-min rule:    $114,362.33
SAVINGS from 5-min rule:       $88,960.21
short-trade rows: (562894, Decimal('174741.03'))
8,415 accounts under IBs
MT5 done: 1,292,974 trades
MT4 done: 4,279 trades

trades built: 1,297,253   short(<5min): 562,349
commission WITHOUT 5-min rule: $203,322.54
commission WITH 5-min rule:    $114,362.33
SAVINGS from 5-min rule:       $88,960.21
short-trade rows: (562894, Decimal('174741.03'))
8,415 accounts under IBs
MT5 done: 1,292,974 trades
MT4 done: 4,279 trades

trades built: 1,297,253   short(<5min): 562,349
commission WITHOUT 5-min rule: $203,322.54
commission WITH 5-min rule:    $114,362.33
SAVINGS from 5-min rule:       $88,960.21
short-trade rows: (562894, Decimal('174741.03'))
8,415 accounts under IBs
MT5 done: 1,292,978 trades
MT4 done: 4,279 trades

trades built: 1,297,257   short(<5min): 562,349
commission WITHOUT 5-min rule: $203,322.59
commission WITH 5-min rule:    $114,362.38
SAVINGS from 5-min rule:       $88,960.21
short-trade rows: (562894, Decimal('174599.32'))
8,415 accounts under IBs
MT5 done: 1,292,998 trades
MT4 done: 4,279 trades

trades built: 1,297,277   short(<5min): 562,354
commission WITHOUT 5-min rule: $203,322.61
commission WITH 5-min rule:    $114,362.39
SAVINGS from 5-min rule:       $88,960.21
short-trade rows: (562899, Decimal('174571.28'))
8,415 accounts under IBs
MT5 done: 1,292,998 trades
MT4 done: 4,279 trades

trades built: 1,297,277   short(<5min): 562,354
commission WITHOUT 5-min rule: $203,322.61
commission WITH 5-min rule:    $114,362.39
SAVINGS from 5-min rule:       $88,960.21
short-trade rows: (562899, Decimal('174571.28'))
8,416 accounts under IBs
MT5 done: 1,292,998 trades
MT4 done: 4,279 trades

trades built: 1,297,277   short(<5min): 562,354
commission WITHOUT 5-min rule: $203,322.61
commission WITH 5-min rule:    $114,362.39
SAVINGS from 5-min rule:       $88,960.21
short-trade rows: (562899, Decimal('174571.28'))
8,416 accounts under IBs
MT5 done: 1,292,998 trades
MT4 done: 4,279 trades

trades built: 1,297,277   short(<5min): 562,354
commission WITHOUT 5-min rule: $203,322.61
commission WITH 5-min rule:    $114,362.39
SAVINGS from 5-min rule:       $88,960.21
short-trade rows: (562899, Decimal('174571.28'))
8,416 accounts under IBs
MT5 done: 1,292,998 trades
MT4 done: 4,279 trades

trades built: 1,297,277   short(<5min): 562,354
commission WITHOUT 5-min rule: $203,322.61
commission WITH 5-min rule:    $114,362.39
SAVINGS from 5-min rule:       $88,960.21
short-trade rows: (562899, Decimal('174571.28'))
8,417 accounts under IBs
MT5 done: 1,292,998 trades
MT4 done: 4,279 trades

trades built: 1,297,277   short(<5min): 562,354
commission WITHOUT 5-min rule: $203,322.61
commission WITH 5-min rule:    $114,362.39
SAVINGS from 5-min rule:       $88,960.21
short-trade rows: (562899, Decimal('174571.28'))
8,417 accounts under IBs
MT5 done: 1,292,998 trades
MT4 done: 4,279 trades

trades built: 1,297,277   short(<5min): 562,354
commission WITHOUT 5-min rule: $203,322.61
commission WITH 5-min rule:    $114,362.39
SAVINGS from 5-min rule:       $88,960.21
short-trade rows: (562899, Decimal('174571.28'))
8,417 accounts under IBs
MT5 done: 1,292,998 trades
MT4 done: 4,279 trades

trades built: 1,297,277   short(<5min): 562,354
commission WITHOUT 5-min rule: $203,322.61
commission WITH 5-min rule:    $114,362.39
SAVINGS from 5-min rule:       $88,960.21
short-trade rows: (562899, Decimal('174571.28'))
8,419 accounts under IBs
MT5 done: 1,292,998 trades
MT4 done: 4,279 trades

trades built: 1,297,277   short(<5min): 562,354
commission WITHOUT 5-min rule: $203,322.61
commission WITH 5-min rule:    $114,362.39
SAVINGS from 5-min rule:       $88,960.21
short-trade rows: (562899, Decimal('174571.28'))
8,417 accounts under IBs
MT5 done: 1,292,998 trades
MT4 done: 4,279 trades

trades built: 1,297,277   short(<5min): 562,354
commission WITHOUT 5-min rule: $203,322.61
commission WITH 5-min rule:    $114,362.39
SAVINGS from 5-min rule:       $88,960.21
short-trade rows: (562899, Decimal('174571.28'))
8,417 accounts under IBs
MT5 done: 1,292,999 trades
MT4 done: 4,279 trades

trades built: 1,297,278   short(<5min): 562,354
commission WITHOUT 5-min rule: $203,322.61
commission WITH 5-min rule:    $114,362.40
SAVINGS from 5-min rule:       $88,960.21
short-trade rows: (562899, Decimal('174571.28'))
8,417 accounts under IBs
MT5 done: 1,292,999 trades
MT4 done: 4,279 trades

trades built: 1,297,278   short(<5min): 562,354
commission WITHOUT 5-min rule: $203,322.61
commission WITH 5-min rule:    $114,362.40
SAVINGS from 5-min rule:       $88,960.21
short-trade rows: (562899, Decimal('174571.28'))
8,417 accounts under IBs
MT5 done: 1,292,999 trades
MT4 done: 4,279 trades

trades built: 1,297,278   short(<5min): 562,354
commission WITHOUT 5-min rule: $203,322.61
commission WITH 5-min rule:    $114,362.40
SAVINGS from 5-min rule:       $88,960.21
short-trade rows: (562899, Decimal('174571.28'))
8,417 accounts under IBs
MT5 done: 1,292,999 trades
MT4 done: 4,279 trades

trades built: 1,297,278   short(<5min): 562,354
commission WITHOUT 5-min rule: $203,322.61
commission WITH 5-min rule:    $114,362.40
SAVINGS from 5-min rule:       $88,960.21
short-trade rows: (562899, Decimal('174571.28'))
8,417 accounts under IBs
MT5 done: 1,292,999 trades
MT4 done: 4,279 trades

trades built: 1,297,278   short(<5min): 562,354
commission WITHOUT 5-min rule: $203,322.61
commission WITH 5-min rule:    $114,362.40
SAVINGS from 5-min rule:       $88,960.21
short-trade rows: (562899, Decimal('174571.28'))
8,417 accounts under IBs
MT5 done: 1,292,999 trades
MT4 done: 4,279 trades

trades built: 1,297,278   short(<5min): 562,354
commission WITHOUT 5-min rule: $203,322.61
commission WITH 5-min rule:    $114,362.40
SAVINGS from 5-min rule:       $88,960.21
short-trade rows: (562899, Decimal('174571.28'))
8,419 accounts under IBs
MT5 done: 1,292,999 trades
MT4 done: 4,279 trades

trades built: 1,297,278   short(<5min): 562,354
commission WITHOUT 5-min rule: $203,322.61
commission WITH 5-min rule:    $114,362.40
SAVINGS from 5-min rule:       $88,960.21
short-trade rows: (562899, Decimal('174571.28'))
8,417 accounts under IBs
MT5 done: 1,292,999 trades
MT4 done: 4,279 trades

trades built: 1,297,278   short(<5min): 562,354
commission WITHOUT 5-min rule: $203,322.61
commission WITH 5-min rule:    $114,362.40
SAVINGS from 5-min rule:       $88,960.21
short-trade rows: (562899, Decimal('174571.28'))
8,417 accounts under IBs
MT5 done: 1,292,999 trades
MT4 done: 4,279 trades

trades built: 1,297,278   short(<5min): 562,354
commission WITHOUT 5-min rule: $203,322.61
commission WITH 5-min rule:    $114,362.40
SAVINGS from 5-min rule:       $88,960.21
short-trade rows: (562899, Decimal('174571.28'))
8,418 accounts under IBs
MT5 done: 1,292,999 trades
MT4 done: 4,279 trades

trades built: 1,297,278   short(<5min): 562,354
commission WITHOUT 5-min rule: $203,322.61
commission WITH 5-min rule:    $114,362.40
SAVINGS from 5-min rule:       $88,960.21
short-trade rows: (562899, Decimal('174571.28'))
8,419 accounts under IBs
MT5 done: 1,292,999 trades
MT4 done: 4,279 trades

trades built: 1,297,278   short(<5min): 562,354
commission WITHOUT 5-min rule: $203,322.61
commission WITH 5-min rule:    $114,362.40
SAVINGS from 5-min rule:       $88,960.21
short-trade rows: (562899, Decimal('174571.28'))
8,419 accounts under IBs
MT5 done: 1,292,999 trades
MT4 done: 4,279 trades

trades built: 1,297,278   short(<5min): 562,354
commission WITHOUT 5-min rule: $203,322.61
commission WITH 5-min rule:    $114,362.40
SAVINGS from 5-min rule:       $88,960.21
short-trade rows: (562899, Decimal('174571.28'))
8,419 accounts under IBs
MT5 done: 1,292,999 trades
MT4 done: 4,279 trades

trades built: 1,297,278   short(<5min): 562,354
commission WITHOUT 5-min rule: $203,322.61
commission WITH 5-min rule:    $114,362.40
SAVINGS from 5-min rule:       $88,960.21
short-trade rows: (562899, Decimal('174571.28'))
8,419 accounts under IBs
MT5 done: 1,292,999 trades
MT4 done: 4,279 trades

trades built: 1,297,278   short(<5min): 562,354
commission WITHOUT 5-min rule: $203,322.61
commission WITH 5-min rule:    $114,362.40
SAVINGS from 5-min rule:       $88,960.21
short-trade rows: (562899, Decimal('174571.28'))
8,422 accounts under IBs
MT5 done: 1,292,999 trades
MT4 done: 4,279 trades

trades built: 1,297,278   short(<5min): 562,354
commission WITHOUT 5-min rule: $203,322.61
commission WITH 5-min rule:    $114,362.40
SAVINGS from 5-min rule:       $88,960.21
short-trade rows: (562899, Decimal('174571.28'))
8,420 accounts under IBs
MT5 done: 1,292,999 trades
MT4 done: 4,279 trades

trades built: 1,297,278   short(<5min): 562,354
commission WITHOUT 5-min rule: $203,322.61
commission WITH 5-min rule:    $114,362.40
SAVINGS from 5-min rule:       $88,960.21
short-trade rows: (562899, Decimal('174571.28'))
8,420 accounts under IBs
MT5 done: 1,292,999 trades
MT4 done: 4,279 trades

trades built: 1,297,278   short(<5min): 562,354
commission WITHOUT 5-min rule: $203,322.61
commission WITH 5-min rule:    $114,362.40
SAVINGS from 5-min rule:       $88,960.21
short-trade rows: (562899, Decimal('174571.28'))
8,420 accounts under IBs
MT5 done: 1,292,999 trades
MT4 done: 4,279 trades

trades built: 1,297,278   short(<5min): 562,354
commission WITHOUT 5-min rule: $203,322.61
commission WITH 5-min rule:    $114,362.40
SAVINGS from 5-min rule:       $88,960.21
short-trade rows: (562899, Decimal('174571.28'))
8,420 accounts under IBs
MT5 done: 1,292,987 trades
MT4 done: 4,279 trades

trades built: 1,297,266   short(<5min): 562,351
commission WITHOUT 5-min rule: $203,322.61
commission WITH 5-min rule:    $114,362.40
SAVINGS from 5-min rule:       $88,960.21
short-trade rows: (562896, Decimal('174943.67'))
8,421 accounts under IBs
MT5 done: 1,292,987 trades
MT4 done: 4,279 trades

trades built: 1,297,266   short(<5min): 562,351
commission WITHOUT 5-min rule: $203,322.61
commission WITH 5-min rule:    $114,362.40
SAVINGS from 5-min rule:       $88,960.21
short-trade rows: (562896, Decimal('174943.67'))
8,421 accounts under IBs
MT5 done: 1,293,005 trades
MT4 done: 4,279 trades

trades built: 1,297,284   short(<5min): 562,353
commission WITHOUT 5-min rule: $203,322.63
commission WITH 5-min rule:    $114,362.41
SAVINGS from 5-min rule:       $88,960.21
short-trade rows: (562898, Decimal('174630.83'))
8,421 accounts under IBs
MT5 done: 1,293,000 trades
MT4 done: 4,279 trades

trades built: 1,297,279   short(<5min): 562,358
commission WITHOUT 5-min rule: $203,322.66
commission WITH 5-min rule:    $114,362.44
SAVINGS from 5-min rule:       $88,960.21
short-trade rows: (562903, Decimal('174623.33'))
8,421 accounts under IBs
MT5 done: 1,293,000 trades
MT4 done: 4,279 trades

trades built: 1,297,279   short(<5min): 562,358
commission WITHOUT 5-min rule: $203,322.66
commission WITH 5-min rule:    $114,362.44
SAVINGS from 5-min rule:       $88,960.21
short-trade rows: (562903, Decimal('174623.33'))
8,421 accounts under IBs
MT5 done: 1,293,000 trades
MT4 done: 4,279 trades

trades built: 1,297,279   short(<5min): 562,358
commission WITHOUT 5-min rule: $203,322.66
commission WITH 5-min rule:    $114,362.44
SAVINGS from 5-min rule:       $88,960.21
short-trade rows: (562903, Decimal('174623.33'))
8,421 accounts under IBs
MT5 done: 1,293,000 trades
MT4 done: 4,279 trades

trades built: 1,297,279   short(<5min): 562,358
commission WITHOUT 5-min rule: $203,322.66
commission WITH 5-min rule:    $114,362.44
SAVINGS from 5-min rule:       $88,960.21
short-trade rows: (562903, Decimal('174623.33'))
8,421 accounts under IBs
MT5 done: 1,293,000 trades
MT4 done: 4,279 trades

trades built: 1,297,279   short(<5min): 562,358
commission WITHOUT 5-min rule: $203,322.66
commission WITH 5-min rule:    $114,362.44
SAVINGS from 5-min rule:       $88,960.21
short-trade rows: (562903, Decimal('174623.33'))
8,421 accounts under IBs
MT5 done: 1,293,000 trades
MT4 done: 4,279 trades

trades built: 1,297,279   short(<5min): 562,358
commission WITHOUT 5-min rule: $203,322.66
commission WITH 5-min rule:    $114,362.44
SAVINGS from 5-min rule:       $88,960.21
short-trade rows: (562903, Decimal('174623.33'))
8,421 accounts under IBs
MT5 done: 1,293,000 trades
MT4 done: 4,279 trades

trades built: 1,297,279   short(<5min): 562,358
commission WITHOUT 5-min rule: $203,322.66
commission WITH 5-min rule:    $114,362.44
SAVINGS from 5-min rule:       $88,960.21
short-trade rows: (562903, Decimal('174623.33'))
8,421 accounts under IBs
MT5 done: 1,293,000 trades
MT4 done: 4,279 trades

trades built: 1,297,279   short(<5min): 562,358
commission WITHOUT 5-min rule: $203,322.66
commission WITH 5-min rule:    $114,362.44
SAVINGS from 5-min rule:       $88,960.21
short-trade rows: (562903, Decimal('174623.33'))
8,421 accounts under IBs
MT5 done: 1,293,000 trades
MT4 done: 4,279 trades

trades built: 1,297,279   short(<5min): 562,358
commission WITHOUT 5-min rule: $203,322.66
commission WITH 5-min rule:    $114,362.44
SAVINGS from 5-min rule:       $88,960.21
short-trade rows: (562903, Decimal('174623.33'))
8,421 accounts under IBs
MT5 done: 1,293,000 trades
MT4 done: 4,279 trades

trades built: 1,297,279   short(<5min): 562,358
commission WITHOUT 5-min rule: $203,322.66
commission WITH 5-min rule:    $114,362.44
SAVINGS from 5-min rule:       $88,960.21
short-trade rows: (562903, Decimal('174623.33'))
8,421 accounts under IBs
MT5 done: 1,293,000 trades
MT4 done: 4,279 trades

trades built: 1,297,279   short(<5min): 562,358
commission WITHOUT 5-min rule: $203,322.66
commission WITH 5-min rule:    $114,362.44
SAVINGS from 5-min rule:       $88,960.21
short-trade rows: (562903, Decimal('174623.33'))
8,421 accounts under IBs
MT5 done: 1,293,000 trades
MT4 done: 4,279 trades

trades built: 1,297,279   short(<5min): 562,358
commission WITHOUT 5-min rule: $203,322.66
commission WITH 5-min rule:    $114,362.44
SAVINGS from 5-min rule:       $88,960.21
short-trade rows: (562903, Decimal('174623.33'))
8,421 accounts under IBs
MT5 done: 1,293,000 trades
MT4 done: 4,279 trades

trades built: 1,297,279   short(<5min): 562,358
commission WITHOUT 5-min rule: $203,322.66
commission WITH 5-min rule:    $114,362.44
SAVINGS from 5-min rule:       $88,960.21
short-trade rows: (562903, Decimal('174623.33'))
8,421 accounts under IBs
MT5 done: 1,293,000 trades
MT4 done: 4,279 trades

trades built: 1,297,279   short(<5min): 562,358
commission WITHOUT 5-min rule: $203,322.66
commission WITH 5-min rule:    $114,362.44
SAVINGS from 5-min rule:       $88,960.21
short-trade rows: (562903, Decimal('174623.33'))
8,421 accounts under IBs
MT5 done: 1,293,000 trades
MT4 done: 4,279 trades

trades built: 1,297,279   short(<5min): 562,358
commission WITHOUT 5-min rule: $203,322.66
commission WITH 5-min rule:    $114,362.44
SAVINGS from 5-min rule:       $88,960.21
short-trade rows: (562903, Decimal('174623.33'))
8,421 accounts under IBs
MT5 done: 1,293,000 trades
MT4 done: 4,279 trades

trades built: 1,297,279   short(<5min): 562,358
commission WITHOUT 5-min rule: $203,322.66
commission WITH 5-min rule:    $114,362.44
SAVINGS from 5-min rule:       $88,960.21
short-trade rows: (562903, Decimal('174623.33'))
8,421 accounts under IBs
MT5 done: 1,293,000 trades
MT4 done: 4,279 trades

trades built: 1,297,279   short(<5min): 562,358
commission WITHOUT 5-min rule: $203,322.66
commission WITH 5-min rule:    $114,362.44
SAVINGS from 5-min rule:       $88,960.21
short-trade rows: (562903, Decimal('174623.33'))
8,421 accounts under IBs
MT5 done: 1,292,997 trades
MT4 done: 4,279 trades

trades built: 1,297,276   short(<5min): 562,357
commission WITHOUT 5-min rule: $203,322.68
commission WITH 5-min rule:    $114,362.44
SAVINGS from 5-min rule:       $88,960.24
short-trade rows: (562902, Decimal('174769.84'))
8,421 accounts under IBs
MT5 done: 1,293,013 trades
MT4 done: 4,279 trades

trades built: 1,297,292   short(<5min): 562,358
commission WITHOUT 5-min rule: $203,322.75
commission WITH 5-min rule:    $114,362.51
SAVINGS from 5-min rule:       $88,960.24
short-trade rows: (562903, Decimal('174526.35'))
8,421 accounts under IBs
MT5 done: 1,293,013 trades
MT4 done: 4,279 trades

trades built: 1,297,292   short(<5min): 562,358
commission WITHOUT 5-min rule: $203,322.75
commission WITH 5-min rule:    $114,362.51
SAVINGS from 5-min rule:       $88,960.24
short-trade rows: (562903, Decimal('174526.35'))
8,421 accounts under IBs
MT5 done: 1,293,013 trades
MT4 done: 4,279 trades

trades built: 1,297,292   short(<5min): 562,358
commission WITHOUT 5-min rule: $203,322.75
commission WITH 5-min rule:    $114,362.51
SAVINGS from 5-min rule:       $88,960.24
short-trade rows: (562903, Decimal('174526.35'))
8,421 accounts under IBs
MT5 done: 1,293,013 trades
MT4 done: 4,279 trades

trades built: 1,297,292   short(<5min): 562,358
commission WITHOUT 5-min rule: $203,322.75
commission WITH 5-min rule:    $114,362.51
SAVINGS from 5-min rule:       $88,960.24
short-trade rows: (562903, Decimal('174526.35'))
8,421 accounts under IBs
MT5 done: 1,293,013 trades
MT4 done: 4,279 trades

trades built: 1,297,292   short(<5min): 562,358
commission WITHOUT 5-min rule: $203,322.75
commission WITH 5-min rule:    $114,362.51
SAVINGS from 5-min rule:       $88,960.24
short-trade rows: (562903, Decimal('174526.35'))
8,421 accounts under IBs
MT5 done: 1,293,013 trades
MT4 done: 4,279 trades

trades built: 1,297,292   short(<5min): 562,358
commission WITHOUT 5-min rule: $203,322.75
commission WITH 5-min rule:    $114,362.51
SAVINGS from 5-min rule:       $88,960.24
short-trade rows: (562903, Decimal('174526.35'))
8,423 accounts under IBs
MT5 done: 1,293,013 trades
MT4 done: 4,279 trades

trades built: 1,297,292   short(<5min): 562,358
commission WITHOUT 5-min rule: $203,322.75
commission WITH 5-min rule:    $114,362.51
SAVINGS from 5-min rule:       $88,960.24
short-trade rows: (562903, Decimal('174526.35'))
8,421 accounts under IBs
MT5 done: 1,293,013 trades
MT4 done: 4,279 trades

trades built: 1,297,292   short(<5min): 562,358
commission WITHOUT 5-min rule: $203,322.75
commission WITH 5-min rule:    $114,362.51
SAVINGS from 5-min rule:       $88,960.24
short-trade rows: (562903, Decimal('174526.35'))
8,421 accounts under IBs
MT5 done: 1,293,014 trades
MT4 done: 4,279 trades

trades built: 1,297,293   short(<5min): 562,358
commission WITHOUT 5-min rule: $203,322.76
commission WITH 5-min rule:    $114,362.52
SAVINGS from 5-min rule:       $88,960.24
short-trade rows: (562903, Decimal('174526.35'))
8,421 accounts under IBs
MT5 done: 1,293,014 trades
MT4 done: 4,279 trades

trades built: 1,297,293   short(<5min): 562,358
commission WITHOUT 5-min rule: $203,322.76
commission WITH 5-min rule:    $114,362.52
SAVINGS from 5-min rule:       $88,960.24
short-trade rows: (562903, Decimal('174526.35'))
8,421 accounts under IBs
MT5 done: 1,293,014 trades
MT4 done: 4,279 trades

trades built: 1,297,293   short(<5min): 562,358
commission WITHOUT 5-min rule: $203,322.76
commission WITH 5-min rule:    $114,362.52
SAVINGS from 5-min rule:       $88,960.24
short-trade rows: (562903, Decimal('174526.35'))
8,421 accounts under IBs
MT5 done: 1,293,017 trades
MT4 done: 4,372 trades

trades built: 1,297,389   short(<5min): 562,369
commission WITHOUT 5-min rule: $203,335.24
commission WITH 5-min rule:    $114,374.40
SAVINGS from 5-min rule:       $88,960.84
short-trade rows: (562914, Decimal('174536.22'))
8,421 accounts under IBs
MT5 done: 1,293,015 trades
MT4 done: 4,392 trades

trades built: 1,297,407   short(<5min): 562,367
commission WITHOUT 5-min rule: $203,341.46
commission WITH 5-min rule:    $114,380.57
SAVINGS from 5-min rule:       $88,960.89
short-trade rows: (562912, Decimal('174536.38'))
8,421 accounts under IBs
MT5 done: 1,293,015 trades
MT4 done: 4,395 trades

trades built: 1,297,410   short(<5min): 562,368
commission WITHOUT 5-min rule: $203,342.06
commission WITH 5-min rule:    $114,381.12
SAVINGS from 5-min rule:       $88,960.94
short-trade rows: (562913, Decimal('174536.38'))
8,421 accounts under IBs
MT5 done: 1,293,014 trades
MT4 done: 4,407 trades

trades built: 1,297,421   short(<5min): 562,370
commission WITHOUT 5-min rule: $203,345.03
commission WITH 5-min rule:    $114,383.99
SAVINGS from 5-min rule:       $88,961.04
short-trade rows: (562915, Decimal('174536.38'))
8,421 accounts under IBs
MT5 done: 1,293,011 trades
MT4 done: 4,415 trades

trades built: 1,297,426   short(<5min): 562,380
commission WITHOUT 5-min rule: $203,346.07
commission WITH 5-min rule:    $114,384.73
SAVINGS from 5-min rule:       $88,961.34
short-trade rows: (562925, Decimal('174496.50'))
8,421 accounts under IBs
MT5 done: 1,293,021 trades
MT4 done: 4,433 trades

trades built: 1,297,454   short(<5min): 562,393
commission WITHOUT 5-min rule: $203,349.02
commission WITH 5-min rule:    $114,387.03
SAVINGS from 5-min rule:       $88,961.99
short-trade rows: (562938, Decimal('174488.73'))
8,421 accounts under IBs
MT5 done: 1,293,033 trades
MT4 done: 4,463 trades

trades built: 1,297,496   short(<5min): 562,409
commission WITHOUT 5-min rule: $203,356.63
commission WITH 5-min rule:    $114,393.84
SAVINGS from 5-min rule:       $88,962.79
short-trade rows: (562954, Decimal('174480.28'))
8,421 accounts under IBs
MT5 done: 1,293,175 trades
MT4 done: 4,476 trades

trades built: 1,297,651   short(<5min): 562,482
commission WITHOUT 5-min rule: $203,397.91
commission WITH 5-min rule:    $114,423.08
SAVINGS from 5-min rule:       $88,974.83
short-trade rows: (563029, Decimal('176692.43'))
8,421 accounts under IBs
MT5 done: 1,293,175 trades
MT4 done: 4,478 trades

trades built: 1,297,653   short(<5min): 562,482
commission WITHOUT 5-min rule: $203,401.96
commission WITH 5-min rule:    $114,427.13
SAVINGS from 5-min rule:       $88,974.83
short-trade rows: (563029, Decimal('176692.43'))
8,421 accounts under IBs
MT5 done: 1,293,304 trades
MT4 done: 4,478 trades

trades built: 1,297,782   short(<5min): 562,560
commission WITHOUT 5-min rule: $203,421.70
commission WITH 5-min rule:    $114,431.34
SAVINGS from 5-min rule:       $88,990.35
short-trade rows: (563107, Decimal('178835.98'))
8,421 accounts under IBs
MT5 done: 1,293,377 trades
MT4 done: 4,480 trades

trades built: 1,297,857   short(<5min): 562,611
commission WITHOUT 5-min rule: $203,433.84
commission WITH 5-min rule:    $114,436.06
SAVINGS from 5-min rule:       $88,997.78
short-trade rows: (563158, Decimal('179038.27'))
8,421 accounts under IBs
MT5 done: 1,293,427 trades
MT4 done: 4,487 trades

trades built: 1,297,914   short(<5min): 562,625
commission WITHOUT 5-min rule: $203,447.84
commission WITH 5-min rule:    $114,448.22
SAVINGS from 5-min rule:       $88,999.61
short-trade rows: (563172, Decimal('178617.02'))
8,421 accounts under IBs
MT5 done: 1,293,522 trades
MT4 done: 4,495 trades

trades built: 1,298,017   short(<5min): 562,650
commission WITHOUT 5-min rule: $203,461.50
commission WITH 5-min rule:    $114,457.95
SAVINGS from 5-min rule:       $89,003.54
short-trade rows: (563197, Decimal('178777.14'))
8,421 accounts under IBs
MT5 done: 1,293,688 trades
MT4 done: 4,497 trades

trades built: 1,298,185   short(<5min): 562,699
commission WITHOUT 5-min rule: $203,494.70
commission WITH 5-min rule:    $114,478.92
SAVINGS from 5-min rule:       $89,015.78
short-trade rows: (563248, Decimal('177246.42'))
8,421 accounts under IBs
MT5 done: 1,293,688 trades
MT4 done: 4,505 trades

trades built: 1,298,193   short(<5min): 562,699
commission WITHOUT 5-min rule: $203,495.41
commission WITH 5-min rule:    $114,479.63
SAVINGS from 5-min rule:       $89,015.78
short-trade rows: (563248, Decimal('177246.42'))
8,421 accounts under IBs
MT5 done: 1,293,834 trades
MT4 done: 4,507 trades

trades built: 1,298,341   short(<5min): 562,785
commission WITHOUT 5-min rule: $203,516.16
commission WITH 5-min rule:    $114,492.34
SAVINGS from 5-min rule:       $89,023.82
short-trade rows: (563380, Decimal('179024.22'))
8,421 accounts under IBs
MT5 done: 1,293,961 trades
MT4 done: 4,508 trades

trades built: 1,298,469   short(<5min): 562,832
commission WITHOUT 5-min rule: $203,531.73
commission WITH 5-min rule:    $114,500.85
SAVINGS from 5-min rule:       $89,030.88
short-trade rows: (563427, Decimal('177573.15'))
8,421 accounts under IBs
MT5 done: 1,294,145 trades
MT4 done: 4,519 trades

trades built: 1,298,664   short(<5min): 562,931
commission WITHOUT 5-min rule: $203,553.63
commission WITH 5-min rule:    $114,511.10
SAVINGS from 5-min rule:       $89,042.53
short-trade rows: (563566, Decimal('178541.69'))
8,421 accounts under IBs
MT5 done: 1,294,330 trades
MT4 done: 4,528 trades

trades built: 1,298,858   short(<5min): 563,049
commission WITHOUT 5-min rule: $203,585.64
commission WITH 5-min rule:    $114,520.62
SAVINGS from 5-min rule:       $89,065.01
short-trade rows: (563684, Decimal('178357.37'))
8,421 accounts under IBs
MT5 done: 1,294,582 trades
MT4 done: 4,543 trades

trades built: 1,299,125   short(<5min): 563,207
commission WITHOUT 5-min rule: $203,637.56
commission WITH 5-min rule:    $114,533.78
SAVINGS from 5-min rule:       $89,103.78
short-trade rows: (563843, Decimal('177869.37'))
8,422 accounts under IBs
MT5 done: 1,294,850 trades
MT4 done: 4,554 trades

trades built: 1,299,404   short(<5min): 563,373
commission WITHOUT 5-min rule: $203,700.42
commission WITH 5-min rule:    $114,553.46
SAVINGS from 5-min rule:       $89,146.97
short-trade rows: (564009, Decimal('175685.95'))
8,422 accounts under IBs
MT5 done: 1,295,059 trades
MT4 done: 4,556 trades

trades built: 1,299,615   short(<5min): 563,450
commission WITHOUT 5-min rule: $203,722.82
commission WITH 5-min rule:    $114,563.16
SAVINGS from 5-min rule:       $89,159.67
short-trade rows: (563456, Decimal('176646.57'))
8,423 accounts under IBs
MT5 done: 1,295,059 trades
MT4 done: 4,558 trades

trades built: 1,299,617   short(<5min): 563,450
commission WITHOUT 5-min rule: $203,724.32
commission WITH 5-min rule:    $114,564.66
SAVINGS from 5-min rule:       $89,159.67
short-trade rows: (563456, Decimal('176646.57'))
8,423 accounts under IBs
MT5 done: 1,295,272 trades
MT4 done: 4,559 trades

trades built: 1,299,831   short(<5min): 563,568
commission WITHOUT 5-min rule: $203,757.48
commission WITH 5-min rule:    $114,583.79
SAVINGS from 5-min rule:       $89,173.70
short-trade rows: (563601, Decimal('175017.76'))
8,423 accounts under IBs
MT5 done: 1,295,587 trades
MT4 done: 4,564 trades

trades built: 1,300,151   short(<5min): 563,702
commission WITHOUT 5-min rule: $203,819.24
commission WITH 5-min rule:    $114,615.78
SAVINGS from 5-min rule:       $89,203.47
short-trade rows: (563855, Decimal('174896.18'))
8,423 accounts under IBs
MT5 done: 1,295,921 trades
MT4 done: 4,567 trades

trades built: 1,300,488   short(<5min): 563,906
commission WITHOUT 5-min rule: $203,884.89
commission WITH 5-min rule:    $114,637.08
SAVINGS from 5-min rule:       $89,247.81
short-trade rows: (564276, Decimal('169500.28'))
8,423 accounts under IBs
MT5 done: 1,296,000 trades
MT4 done: 4,569 trades

trades built: 1,300,569   short(<5min): 563,956
commission WITHOUT 5-min rule: $203,913.10
commission WITH 5-min rule:    $114,643.01
SAVINGS from 5-min rule:       $89,270.09
short-trade rows: (564356, Decimal('169379.07'))
8,423 accounts under IBs
MT5 done: 1,296,122 trades
MT4 done: 4,569 trades

trades built: 1,300,691   short(<5min): 564,051
commission WITHOUT 5-min rule: $203,943.52
commission WITH 5-min rule:    $114,647.63
SAVINGS from 5-min rule:       $89,295.89
short-trade rows: (564451, Decimal('168460.48'))
8,423 accounts under IBs
MT5 done: 1,296,122 trades
MT4 done: 4,569 trades

trades built: 1,300,691   short(<5min): 564,051
commission WITHOUT 5-min rule: $203,943.52
commission WITH 5-min rule:    $114,647.63
SAVINGS from 5-min rule:       $89,295.89
short-trade rows: (564451, Decimal('168460.48'))
8,423 accounts under IBs
MT5 done: 1,296,266 trades
MT4 done: 4,570 trades

trades built: 1,300,836   short(<5min): 564,187
commission WITHOUT 5-min rule: $203,975.05
commission WITH 5-min rule:    $114,652.54
SAVINGS from 5-min rule:       $89,322.51
short-trade rows: (564617, Decimal('169109.86'))
8,423 accounts under IBs
MT5 done: 1,296,468 trades
MT4 done: 4,572 trades

trades built: 1,301,040   short(<5min): 564,261
commission WITHOUT 5-min rule: $204,014.70
commission WITH 5-min rule:    $114,660.47
SAVINGS from 5-min rule:       $89,354.23
short-trade rows: (564691, Decimal('172277.93'))
8,423 accounts under IBs
MT5 done: 1,296,703 trades
MT4 done: 4,573 trades

trades built: 1,301,276   short(<5min): 564,435
commission WITHOUT 5-min rule: $204,045.60
commission WITH 5-min rule:    $114,664.24
SAVINGS from 5-min rule:       $89,381.36
short-trade rows: (564865, Decimal('172529.36'))
8,423 accounts under IBs
MT5 done: 1,296,978 trades
MT4 done: 4,573 trades

trades built: 1,301,551   short(<5min): 564,688
commission WITHOUT 5-min rule: $204,081.71
commission WITH 5-min rule:    $114,667.66
SAVINGS from 5-min rule:       $89,414.05
short-trade rows: (565118, Decimal('171064.37'))
8,424 accounts under IBs
MT5 done: 1,297,248 trades
MT4 done: 4,576 trades

trades built: 1,301,824   short(<5min): 564,930
commission WITHOUT 5-min rule: $204,108.34
commission WITH 5-min rule:    $114,673.05
SAVINGS from 5-min rule:       $89,435.29
short-trade rows: (565360, Decimal('171079.55'))
8,424 accounts under IBs
MT5 done: 1,297,248 trades
MT4 done: 4,591 trades

trades built: 1,301,839   short(<5min): 564,930
commission WITHOUT 5-min rule: $204,110.02
commission WITH 5-min rule:    $114,674.73
SAVINGS from 5-min rule:       $89,435.29
short-trade rows: (565360, Decimal('171079.55'))
8,425 accounts under IBs
MT5 done: 1,297,366 trades
MT4 done: 4,600 trades

trades built: 1,301,966   short(<5min): 564,978
commission WITHOUT 5-min rule: $204,127.33
commission WITH 5-min rule:    $114,682.47
SAVINGS from 5-min rule:       $89,444.86
short-trade rows: (565429, Decimal('170935.39'))
8,426 accounts under IBs
MT5 done: 1,297,395 trades
MT4 done: 4,603 trades

trades built: 1,301,998   short(<5min): 564,994
commission WITHOUT 5-min rule: $204,136.14
commission WITH 5-min rule:    $114,684.88
SAVINGS from 5-min rule:       $89,451.26
short-trade rows: (565456, Decimal('170897.68'))
8,426 accounts under IBs
MT5 done: 1,297,428 trades
MT4 done: 4,610 trades

trades built: 1,302,038   short(<5min): 565,013
commission WITHOUT 5-min rule: $204,151.44
commission WITH 5-min rule:    $114,688.96
SAVINGS from 5-min rule:       $89,462.48
short-trade rows: (565475, Decimal('170940.07'))
8,426 accounts under IBs
MT5 done: 1,297,516 trades
MT4 done: 4,619 trades

trades built: 1,302,135   short(<5min): 565,060
commission WITHOUT 5-min rule: $204,175.31
commission WITH 5-min rule:    $114,695.31
SAVINGS from 5-min rule:       $89,480.00
short-trade rows: (565529, Decimal('170409.27'))
8,426 accounts under IBs
MT5 done: 1,297,541 trades
MT4 done: 4,624 trades

trades built: 1,302,165   short(<5min): 565,086
commission WITHOUT 5-min rule: $204,185.75
commission WITH 5-min rule:    $114,699.01
SAVINGS from 5-min rule:       $89,486.74
short-trade rows: (565572, Decimal('171131.13'))
8,426 accounts under IBs
MT5 done: 1,297,541 trades
MT4 done: 4,626 trades

trades built: 1,302,167   short(<5min): 565,086
commission WITHOUT 5-min rule: $204,185.91
commission WITH 5-min rule:    $114,699.17
SAVINGS from 5-min rule:       $89,486.74
short-trade rows: (565572, Decimal('171131.13'))
8,427 accounts under IBs
MT5 done: 1,297,579 trades
MT4 done: 4,640 trades

trades built: 1,302,219   short(<5min): 565,116
commission WITHOUT 5-min rule: $204,198.27
commission WITH 5-min rule:    $114,701.52
SAVINGS from 5-min rule:       $89,496.74
short-trade rows: (565611, Decimal('171086.22'))
8,427 accounts under IBs
MT5 done: 1,297,621 trades
MT4 done: 4,650 trades

trades built: 1,302,271   short(<5min): 565,134
commission WITHOUT 5-min rule: $204,209.02
commission WITH 5-min rule:    $114,705.95
SAVINGS from 5-min rule:       $89,503.06
short-trade rows: (565630, Decimal('170914.38'))
8,428 accounts under IBs
MT5 done: 1,297,682 trades
MT4 done: 4,659 trades

trades built: 1,302,341   short(<5min): 565,169
commission WITHOUT 5-min rule: $204,217.11
commission WITH 5-min rule:    $114,709.31
SAVINGS from 5-min rule:       $89,507.79
short-trade rows: (565665, Decimal('170871.20'))
8,428 accounts under IBs
MT5 done: 1,297,751 trades
MT4 done: 4,659 trades

trades built: 1,302,410   short(<5min): 565,193
commission WITHOUT 5-min rule: $204,220.40
commission WITH 5-min rule:    $114,711.06
SAVINGS from 5-min rule:       $89,509.34
short-trade rows: (565729, Decimal('170898.23'))
8,428 accounts under IBs
MT5 done: 1,297,794 trades
MT4 done: 4,659 trades

trades built: 1,302,453   short(<5min): 565,217
commission WITHOUT 5-min rule: $204,223.66
commission WITH 5-min rule:    $114,712.19
SAVINGS from 5-min rule:       $89,511.46
short-trade rows: (565763, Decimal('170917.32'))
8,428 accounts under IBs
8,428 accounts under IBs
MT5 done: 1,297,840 trades
MT4 done: 4,659 trades

trades built: 1,302,499   short(<5min): 565,243
commission WITHOUT 5-min rule: $204,229.28
commission WITH 5-min rule:    $114,714.97
SAVINGS from 5-min rule:       $89,514.30
short-trade rows: (565789, Decimal('171011.88'))
8,429 accounts under IBs
MT5 done: 1,297,873 trades
MT4 done: 4,663 trades

trades built: 1,302,536   short(<5min): 565,256
commission WITHOUT 5-min rule: $204,239.28
commission WITH 5-min rule:    $114,720.52
SAVINGS from 5-min rule:       $89,518.76
short-trade rows: (565802, Decimal('171094.69'))
8,429 accounts under IBs
MT5 done: 1,297,947 trades
MT4 done: 4,667 trades

trades built: 1,302,614   short(<5min): 565,296
commission WITHOUT 5-min rule: $204,247.50
commission WITH 5-min rule:    $114,724.00
SAVINGS from 5-min rule:       $89,523.50
short-trade rows: (565842, Decimal('171213.79'))
8,429 accounts under IBs
MT5 done: 1,297,974 trades
MT4 done: 4,675 trades

trades built: 1,302,649   short(<5min): 565,307
commission WITHOUT 5-min rule: $204,261.02
commission WITH 5-min rule:    $114,733.46
SAVINGS from 5-min rule:       $89,527.56
short-trade rows: (565853, Decimal('169160.96'))
8,429 accounts under IBs
MT5 done: 1,297,974 trades
MT4 done: 4,675 trades

trades built: 1,302,649   short(<5min): 565,307
commission WITHOUT 5-min rule: $204,261.02
commission WITH 5-min rule:    $114,733.46
SAVINGS from 5-min rule:       $89,527.56
short-trade rows: (565853, Decimal('169160.96'))
8,429 accounts under IBs
MT5 done: 1,298,033 trades
MT4 done: 4,677 trades

trades built: 1,302,710   short(<5min): 565,338
commission WITHOUT 5-min rule: $204,277.05
commission WITH 5-min rule:    $114,737.63
SAVINGS from 5-min rule:       $89,539.43
short-trade rows: (565884, Decimal('168325.06'))
8,429 accounts under IBs
MT5 done: 1,298,087 trades
MT4 done: 4,677 trades

trades built: 1,302,764   short(<5min): 565,368
commission WITHOUT 5-min rule: $204,291.88
commission WITH 5-min rule:    $114,745.37
SAVINGS from 5-min rule:       $89,546.51
short-trade rows: (565916, Decimal('168629.50'))
8,429 accounts under IBs
MT5 done: 1,298,114 trades
MT4 done: 4,681 trades

trades built: 1,302,795   short(<5min): 565,379
commission WITHOUT 5-min rule: $204,298.52
commission WITH 5-min rule:    $114,746.98
SAVINGS from 5-min rule:       $89,551.54
short-trade rows: (565927, Decimal('168590.26'))
8,429 accounts under IBs
MT5 done: 1,298,160 trades
MT4 done: 4,689 trades

trades built: 1,302,849   short(<5min): 565,415
commission WITHOUT 5-min rule: $204,311.29
commission WITH 5-min rule:    $114,751.17
SAVINGS from 5-min rule:       $89,560.12
short-trade rows: (565963, Decimal('168513.44'))
8,429 accounts under IBs
MT5 done: 1,298,260 trades
MT4 done: 4,700 trades

trades built: 1,302,960   short(<5min): 565,455
commission WITHOUT 5-min rule: $204,330.06
commission WITH 5-min rule:    $114,756.70
SAVINGS from 5-min rule:       $89,573.36
short-trade rows: (566003, Decimal('168514.79'))
8,429 accounts under IBs
MT5 done: 1,298,260 trades
MT4 done: 4,705 trades

trades built: 1,302,965   short(<5min): 565,457
commission WITHOUT 5-min rule: $204,330.64
commission WITH 5-min rule:    $114,757.18
SAVINGS from 5-min rule:       $89,573.46
short-trade rows: (566005, Decimal('168514.79'))
8,431 accounts under IBs
MT5 done: 1,298,327 trades
MT4 done: 4,712 trades

trades built: 1,303,039   short(<5min): 565,490
commission WITHOUT 5-min rule: $204,346.02
commission WITH 5-min rule:    $114,761.26
SAVINGS from 5-min rule:       $89,584.76
short-trade rows: (566038, Decimal('168616.02'))
8,431 accounts under IBs
MT5 done: 1,298,596 trades
MT4 done: 4,719 trades

trades built: 1,303,315   short(<5min): 565,525
commission WITHOUT 5-min rule: $204,369.35
commission WITH 5-min rule:    $114,774.79
SAVINGS from 5-min rule:       $89,594.56
short-trade rows: (566074, Decimal('168477.98'))
8,431 accounts under IBs
MT5 done: 1,298,713 trades
MT4 done: 4,719 trades

trades built: 1,303,432   short(<5min): 565,579
commission WITHOUT 5-min rule: $204,392.29
commission WITH 5-min rule:    $114,784.75
SAVINGS from 5-min rule:       $89,607.54
short-trade rows: (566129, Decimal('167900.69'))
8,433 accounts under IBs
MT5 done: 1,298,778 trades
MT4 done: 4,733 trades

trades built: 1,303,511   short(<5min): 565,619
commission WITHOUT 5-min rule: $204,401.00
commission WITH 5-min rule:    $114,789.18
SAVINGS from 5-min rule:       $89,611.82
short-trade rows: (566173, Decimal('167928.05'))
8,433 accounts under IBs
MT5 done: 1,298,826 trades
MT4 done: 4,735 trades

trades built: 1,303,561   short(<5min): 565,633
commission WITHOUT 5-min rule: $204,404.25
commission WITH 5-min rule:    $114,790.98
SAVINGS from 5-min rule:       $89,613.27
short-trade rows: (566207, Decimal('168034.93'))
8,433 accounts under IBs
MT5 done: 1,298,826 trades
MT4 done: 4,737 trades

trades built: 1,303,563   short(<5min): 565,633
commission WITHOUT 5-min rule: $204,404.25
commission WITH 5-min rule:    $114,790.98
SAVINGS from 5-min rule:       $89,613.27
short-trade rows: (566207, Decimal('168034.93'))
8,433 accounts under IBs
MT5 done: 1,299,004 trades
MT4 done: 4,737 trades

trades built: 1,303,741   short(<5min): 565,657
commission WITHOUT 5-min rule: $204,418.50
commission WITH 5-min rule:    $114,801.35
SAVINGS from 5-min rule:       $89,617.16
short-trade rows: (566258, Decimal('170984.90'))
8,433 accounts under IBs
MT5 done: 1,299,063 trades
MT4 done: 4,742 trades

trades built: 1,303,805   short(<5min): 565,683
commission WITHOUT 5-min rule: $204,430.08
commission WITH 5-min rule:    $114,803.49
SAVINGS from 5-min rule:       $89,626.59
short-trade rows: (566291, Decimal('170455.01'))
8,433 accounts under IBs
MT5 done: 1,299,174 trades
MT4 done: 4,745 trades

trades built: 1,303,919   short(<5min): 565,721
commission WITHOUT 5-min rule: $204,444.40
commission WITH 5-min rule:    $114,813.25
SAVINGS from 5-min rule:       $89,631.15
short-trade rows: (566369, Decimal('168880.17'))
8,434 accounts under IBs
MT5 done: 1,299,301 trades
MT4 done: 4,756 trades

trades built: 1,304,057   short(<5min): 565,834
commission WITHOUT 5-min rule: $204,465.35
commission WITH 5-min rule:    $114,820.66
SAVINGS from 5-min rule:       $89,644.69
short-trade rows: (566482, Decimal('168621.66'))
8,434 accounts under IBs
MT5 done: 1,299,683 trades
MT4 done: 4,756 trades

trades built: 1,304,439   short(<5min): 565,886
commission WITHOUT 5-min rule: $204,480.70
commission WITH 5-min rule:    $114,830.14
SAVINGS from 5-min rule:       $89,650.56
short-trade rows: (566534, Decimal('167668.76'))
8,434 accounts under IBs
MT5 done: 1,299,842 trades
MT4 done: 4,759 trades

trades built: 1,304,601   short(<5min): 566,001
commission WITHOUT 5-min rule: $204,495.28
commission WITH 5-min rule:    $114,835.85
SAVINGS from 5-min rule:       $89,659.43
short-trade rows: (566649, Decimal('170114.57'))
8,434 accounts under IBs
MT5 done: 1,299,842 trades
MT4 done: 4,759 trades

trades built: 1,304,601   short(<5min): 566,001
commission WITHOUT 5-min rule: $204,495.28
commission WITH 5-min rule:    $114,835.85
SAVINGS from 5-min rule:       $89,659.43
short-trade rows: (566649, Decimal('170114.57'))
8,434 accounts under IBs
MT5 done: 1,299,963 trades
MT4 done: 4,761 trades

trades built: 1,304,724   short(<5min): 566,043
commission WITHOUT 5-min rule: $204,506.90
commission WITH 5-min rule:    $114,842.30
SAVINGS from 5-min rule:       $89,664.61
short-trade rows: (566691, Decimal('170393.99'))
8,434 accounts under IBs
MT5 done: 1,300,111 trades
MT4 done: 4,764 trades

trades built: 1,304,875   short(<5min): 566,151
commission WITHOUT 5-min rule: $204,525.11
commission WITH 5-min rule:    $114,847.82
SAVINGS from 5-min rule:       $89,677.29
short-trade rows: (566165, Decimal('169783.66'))
8,434 accounts under IBs
MT5 done: 1,300,333 trades
MT4 done: 4,764 trades

trades built: 1,305,097   short(<5min): 566,282
commission WITHOUT 5-min rule: $204,563.93
commission WITH 5-min rule:    $114,866.29
SAVINGS from 5-min rule:       $89,697.64
short-trade rows: (566346, Decimal('167881.40'))
8,434 accounts under IBs
MT5 done: 1,300,398 trades
MT4 done: 4,765 trades

trades built: 1,305,163   short(<5min): 566,335
commission WITHOUT 5-min rule: $204,580.09
commission WITH 5-min rule:    $114,872.63
SAVINGS from 5-min rule:       $89,707.46
short-trade rows: (566432, Decimal('166105.62'))
8,435 accounts under IBs
MT5 done: 1,300,558 trades
MT4 done: 4,766 trades

trades built: 1,305,324   short(<5min): 566,424
commission WITHOUT 5-min rule: $204,596.68
commission WITH 5-min rule:    $114,881.02
SAVINGS from 5-min rule:       $89,715.66
short-trade rows: (566571, Decimal('165889.81'))
8,435 accounts under IBs
MT5 done: 1,300,558 trades
MT4 done: 4,766 trades

trades built: 1,305,324   short(<5min): 566,424
commission WITHOUT 5-min rule: $204,596.68
commission WITH 5-min rule:    $114,881.02
SAVINGS from 5-min rule:       $89,715.66
short-trade rows: (566571, Decimal('165889.81'))
8,435 accounts under IBs
MT5 done: 1,300,716 trades
MT4 done: 4,768 trades

trades built: 1,305,484   short(<5min): 566,520
commission WITHOUT 5-min rule: $204,611.70
commission WITH 5-min rule:    $114,888.24
SAVINGS from 5-min rule:       $89,723.46
short-trade rows: (566710, Decimal('168632.85'))
8,435 accounts under IBs
MT5 done: 1,300,804 trades
MT4 done: 4,771 trades

trades built: 1,305,575   short(<5min): 566,590
commission WITHOUT 5-min rule: $204,627.19
commission WITH 5-min rule:    $114,898.90
SAVINGS from 5-min rule:       $89,728.29
short-trade rows: (566852, Decimal('169049.17'))
8,436 accounts under IBs
MT5 done: 1,300,915 trades
MT4 done: 4,781 trades

trades built: 1,305,696   short(<5min): 566,628
commission WITHOUT 5-min rule: $204,644.41
commission WITH 5-min rule:    $114,913.47
SAVINGS from 5-min rule:       $89,730.94
short-trade rows: (566939, Decimal('168786.82'))
8,437 accounts under IBs
MT5 done: 1,301,161 trades
MT4 done: 4,796 trades

trades built: 1,305,957   short(<5min): 566,796
commission WITHOUT 5-min rule: $204,676.48
commission WITH 5-min rule:    $114,927.38
SAVINGS from 5-min rule:       $89,749.10
short-trade rows: (567207, Decimal('169184.81'))
8,437 accounts under IBs
MT5 done: 1,301,161 trades
MT4 done: 4,825 trades

trades built: 1,305,986   short(<5min): 566,799
commission WITHOUT 5-min rule: $204,677.81
commission WITH 5-min rule:    $114,928.56
SAVINGS from 5-min rule:       $89,749.25
short-trade rows: (567210, Decimal('169184.81'))
8,437 accounts under IBs
MT5 done: 1,301,311 trades
MT4 done: 4,839 trades

trades built: 1,306,150   short(<5min): 566,870
commission WITHOUT 5-min rule: $204,702.64
commission WITH 5-min rule:    $114,939.18
SAVINGS from 5-min rule:       $89,763.46
short-trade rows: (567281, Decimal('171018.92'))
8,437 accounts under IBs
MT5 done: 1,301,443 trades
MT4 done: 4,862 trades

trades built: 1,306,305   short(<5min): 566,922
commission WITHOUT 5-min rule: $204,721.23
commission WITH 5-min rule:    $114,950.83
SAVINGS from 5-min rule:       $89,770.40
short-trade rows: (567365, Decimal('170550.35'))
8,437 accounts under IBs
MT5 done: 1,301,443 trades
MT4 done: 4,890 trades

trades built: 1,306,333   short(<5min): 566,926
commission WITHOUT 5-min rule: $204,724.24
commission WITH 5-min rule:    $114,953.64
SAVINGS from 5-min rule:       $89,770.60
short-trade rows: (567369, Decimal('170550.35'))
8,440 accounts under IBs
MT5 done: 1,301,865 trades
MT4 done: 4,911 trades

trades built: 1,306,776   short(<5min): 567,121
commission WITHOUT 5-min rule: $204,773.92
commission WITH 5-min rule:    $114,977.74
SAVINGS from 5-min rule:       $89,796.17
short-trade rows: (567564, Decimal('168747.54'))
8,439 accounts under IBs
MT5 done: 1,301,865 trades
MT4 done: 4,920 trades

trades built: 1,306,785   short(<5min): 567,121
commission WITHOUT 5-min rule: $204,774.70
commission WITH 5-min rule:    $114,978.52
SAVINGS from 5-min rule:       $89,796.17
short-trade rows: (567564, Decimal('168747.54'))
8,439 accounts under IBs
MT5 done: 1,301,865 trades
MT4 done: 4,963 trades

trades built: 1,306,828   short(<5min): 567,125
commission WITHOUT 5-min rule: $204,777.21
commission WITH 5-min rule:    $114,980.71
SAVINGS from 5-min rule:       $89,796.50
short-trade rows: (567568, Decimal('168747.54'))
8,439 accounts under IBs
MT5 done: 1,302,147 trades
MT4 done: 4,988 trades

trades built: 1,307,135   short(<5min): 567,300
commission WITHOUT 5-min rule: $204,814.79
commission WITH 5-min rule:    $114,999.06
SAVINGS from 5-min rule:       $89,815.72
short-trade rows: (567744, Decimal('168186.31'))
8,439 accounts under IBs
8,440 accounts under IBs
MT5 done: 1,302,147 trades
MT4 done: 5,030 trades

trades built: 1,307,177   short(<5min): 567,302
commission WITHOUT 5-min rule: $204,823.12
commission WITH 5-min rule:    $115,007.27
SAVINGS from 5-min rule:       $89,815.85
short-trade rows: (567746, Decimal('168186.31'))
8,442 accounts under IBs
MT5 done: 1,303,236 trades
MT4 done: 5,037 trades

trades built: 1,308,273   short(<5min): 567,845
commission WITHOUT 5-min rule: $204,962.97
commission WITH 5-min rule:    $115,085.24
SAVINGS from 5-min rule:       $89,877.73
short-trade rows: (568414, Decimal('166696.25'))
8,442 accounts under IBs
MT5 done: 1,303,588 trades
MT4 done: 5,037 trades

trades built: 1,308,625   short(<5min): 568,101
commission WITHOUT 5-min rule: $205,013.97
commission WITH 5-min rule:    $115,104.51
SAVINGS from 5-min rule:       $89,909.46
short-trade rows: (568672, Decimal('167312.71'))
8,442 accounts under IBs
MT5 done: 1,303,588 trades
MT4 done: 5,044 trades

trades built: 1,308,632   short(<5min): 568,103
commission WITHOUT 5-min rule: $205,014.18
commission WITH 5-min rule:    $115,104.62
SAVINGS from 5-min rule:       $89,909.56
short-trade rows: (568674, Decimal('167312.71'))
8,442 accounts under IBs
MT5 done: 1,303,588 trades
MT4 done: 5,059 trades

trades built: 1,308,647   short(<5min): 568,103
commission WITHOUT 5-min rule: $205,015.98
commission WITH 5-min rule:    $115,106.42
SAVINGS from 5-min rule:       $89,909.56
short-trade rows: (568674, Decimal('167312.71'))
8,444 accounts under IBs
MT5 done: 1,304,228 trades
MT4 done: 5,061 trades

trades built: 1,309,289   short(<5min): 568,493
commission WITHOUT 5-min rule: $205,081.25
commission WITH 5-min rule:    $115,132.06
SAVINGS from 5-min rule:       $89,949.19
short-trade rows: (569112, Decimal('165435.73'))
8,444 accounts under IBs
MT5 done: 1,304,613 trades
MT4 done: 5,065 trades

trades built: 1,309,678   short(<5min): 568,734
commission WITHOUT 5-min rule: $205,137.72
commission WITH 5-min rule:    $115,160.78
SAVINGS from 5-min rule:       $89,976.94
short-trade rows: (569393, Decimal('170653.02'))
8,444 accounts under IBs
MT5 done: 1,305,238 trades
MT4 done: 5,067 trades

trades built: 1,310,305   short(<5min): 568,893
commission WITHOUT 5-min rule: $205,186.98
commission WITH 5-min rule:    $115,181.43
SAVINGS from 5-min rule:       $90,005.55
short-trade rows: (568929, Decimal('170797.26'))
8,444 accounts under IBs
MT5 done: 1,305,238 trades
MT4 done: 5,069 trades

trades built: 1,310,307   short(<5min): 568,893
commission WITHOUT 5-min rule: $205,186.99
commission WITH 5-min rule:    $115,181.44
SAVINGS from 5-min rule:       $90,005.55
short-trade rows: (568929, Decimal('170797.26'))
8,444 accounts under IBs
MT5 done: 1,305,637 trades
MT4 done: 5,069 trades

trades built: 1,310,706   short(<5min): 569,195
commission WITHOUT 5-min rule: $205,251.88
commission WITH 5-min rule:    $115,203.37
SAVINGS from 5-min rule:       $90,048.51
short-trade rows: (569354, Decimal('170154.96'))
8,444 accounts under IBs
MT5 done: 1,306,156 trades
MT4 done: 5,080 trades

trades built: 1,311,236   short(<5min): 569,607
commission WITHOUT 5-min rule: $205,303.52
commission WITH 5-min rule:    $115,222.75
SAVINGS from 5-min rule:       $90,080.77
short-trade rows: (570025, Decimal('170921.01'))
8,444 accounts under IBs
MT5 done: 1,306,396 trades
MT4 done: 5,089 trades

trades built: 1,311,485   short(<5min): 569,751
commission WITHOUT 5-min rule: $205,349.72
commission WITH 5-min rule:    $115,241.92
SAVINGS from 5-min rule:       $90,107.80
short-trade rows: (570199, Decimal('172818.38'))
8,444 accounts under IBs
MT5 done: 1,306,717 trades
MT4 done: 5,091 trades

trades built: 1,311,808   short(<5min): 569,912
commission WITHOUT 5-min rule: $205,388.70
commission WITH 5-min rule:    $115,264.74
SAVINGS from 5-min rule:       $90,123.96
short-trade rows: (570362, Decimal('171839.80'))
8,444 accounts under IBs
MT5 done: 1,306,858 trades
MT4 done: 5,096 trades

trades built: 1,311,954   short(<5min): 569,993
commission WITHOUT 5-min rule: $205,410.95
commission WITH 5-min rule:    $115,279.29
SAVINGS from 5-min rule:       $90,131.66
short-trade rows: (570443, Decimal('170762.34'))
8,444 accounts under IBs
MT5 done: 1,307,061 trades
MT4 done: 5,108 trades

trades built: 1,312,169   short(<5min): 570,082
commission WITHOUT 5-min rule: $205,431.62
commission WITH 5-min rule:    $115,290.15
SAVINGS from 5-min rule:       $90,141.47
short-trade rows: (570532, Decimal('174042.14'))
8,446 accounts under IBs
MT5 done: 1,307,154 trades
MT4 done: 5,115 trades

trades built: 1,312,269   short(<5min): 570,123
commission WITHOUT 5-min rule: $205,453.52
commission WITH 5-min rule:    $115,303.06
SAVINGS from 5-min rule:       $90,150.45
short-trade rows: (570573, Decimal('173789.29'))
8,444 accounts under IBs
MT5 done: 1,307,154 trades
MT4 done: 5,118 trades

trades built: 1,312,272   short(<5min): 570,123
commission WITHOUT 5-min rule: $205,455.06
commission WITH 5-min rule:    $115,304.61
SAVINGS from 5-min rule:       $90,150.45
short-trade rows: (570573, Decimal('173789.29'))
8,444 accounts under IBs
MT5 done: 1,307,279 trades
MT4 done: 5,121 trades

trades built: 1,312,400   short(<5min): 570,172
commission WITHOUT 5-min rule: $205,470.11
commission WITH 5-min rule:    $115,312.68
SAVINGS from 5-min rule:       $90,157.43
short-trade rows: (570622, Decimal('171664.26'))
8,445 accounts under IBs
MT5 done: 1,307,642 trades
MT4 done: 5,121 trades

trades built: 1,312,763   short(<5min): 570,304
commission WITHOUT 5-min rule: $205,512.93
commission WITH 5-min rule:    $115,334.15
SAVINGS from 5-min rule:       $90,178.78
short-trade rows: (570790, Decimal('169093.37'))
8,445 accounts under IBs
MT5 done: 1,307,866 trades
MT4 done: 5,121 trades

trades built: 1,312,987   short(<5min): 570,465
commission WITHOUT 5-min rule: $205,538.44
commission WITH 5-min rule:    $115,342.25
SAVINGS from 5-min rule:       $90,196.19
short-trade rows: (570980, Decimal('174360.89'))
8,445 accounts under IBs
MT5 done: 1,307,866 trades
MT4 done: 5,128 trades

trades built: 1,312,994   short(<5min): 570,465
commission WITHOUT 5-min rule: $205,539.40
commission WITH 5-min rule:    $115,343.22
SAVINGS from 5-min rule:       $90,196.19
short-trade rows: (570980, Decimal('174360.89'))
8,445 accounts under IBs
MT5 done: 1,308,048 trades
MT4 done: 5,134 trades

trades built: 1,313,182   short(<5min): 570,563
commission WITHOUT 5-min rule: $205,571.72
commission WITH 5-min rule:    $115,360.23
SAVINGS from 5-min rule:       $90,211.50
short-trade rows: (571137, Decimal('175246.85'))
8,445 accounts under IBs
MT5 done: 1,308,173 trades
MT4 done: 5,143 trades

trades built: 1,313,316   short(<5min): 570,638
commission WITHOUT 5-min rule: $205,584.50
commission WITH 5-min rule:    $115,366.98
SAVINGS from 5-min rule:       $90,217.52
short-trade rows: (571212, Decimal('173529.32'))
8,445 accounts under IBs
MT5 done: 1,308,173 trades
MT4 done: 5,143 trades

trades built: 1,313,316   short(<5min): 570,638
commission WITHOUT 5-min rule: $205,584.50
commission WITH 5-min rule:    $115,366.98
SAVINGS from 5-min rule:       $90,217.52
short-trade rows: (571212, Decimal('173529.32'))
8,445 accounts under IBs
MT5 done: 1,308,296 trades
MT4 done: 5,144 trades

trades built: 1,313,440   short(<5min): 570,684
commission WITHOUT 5-min rule: $205,597.85
commission WITH 5-min rule:    $115,373.04
SAVINGS from 5-min rule:       $90,224.81
short-trade rows: (571258, Decimal('174311.32'))
8,445 accounts under IBs
MT5 done: 1,308,425 trades
MT4 done: 5,148 trades

trades built: 1,313,573   short(<5min): 570,723
commission WITHOUT 5-min rule: $205,619.76
commission WITH 5-min rule:    $115,387.72
SAVINGS from 5-min rule:       $90,232.04
short-trade rows: (571299, Decimal('170862.75'))
8,445 accounts under IBs
MT5 done: 1,308,425 trades
MT4 done: 5,151 trades

trades built: 1,313,576   short(<5min): 570,723
commission WITHOUT 5-min rule: $205,619.91
commission WITH 5-min rule:    $115,387.87
SAVINGS from 5-min rule:       $90,232.04
short-trade rows: (571299, Decimal('170862.75'))
8,447 accounts under IBs
MT5 done: 1,308,597 trades
MT4 done: 5,154 trades

trades built: 1,313,751   short(<5min): 570,799
commission WITHOUT 5-min rule: $205,655.10
commission WITH 5-min rule:    $115,408.33
SAVINGS from 5-min rule:       $90,246.77
short-trade rows: (571375, Decimal('170452.44'))
8,447 accounts under IBs
MT5 done: 1,308,734 trades
MT4 done: 5,154 trades

trades built: 1,313,888   short(<5min): 570,868
commission WITHOUT 5-min rule: $205,675.48
commission WITH 5-min rule:    $115,423.46
SAVINGS from 5-min rule:       $90,252.02
short-trade rows: (571444, Decimal('172263.12'))
8,447 accounts under IBs
MT5 done: 1,308,734 trades
MT4 done: 5,155 trades

trades built: 1,313,889   short(<5min): 570,868
commission WITHOUT 5-min rule: $205,675.58
commission WITH 5-min rule:    $115,423.56
SAVINGS from 5-min rule:       $90,252.02
short-trade rows: (571444, Decimal('172263.12'))
8,448 accounts under IBs
MT5 done: 1,308,900 trades
MT4 done: 5,155 trades

trades built: 1,314,055   short(<5min): 570,965
commission WITHOUT 5-min rule: $205,702.38
commission WITH 5-min rule:    $115,434.77
SAVINGS from 5-min rule:       $90,267.61
short-trade rows: (571543, Decimal('173701.34'))
8,448 accounts under IBs
MT5 done: 1,308,961 trades
MT4 done: 5,155 trades

trades built: 1,314,116   short(<5min): 570,995
commission WITHOUT 5-min rule: $205,714.57
commission WITH 5-min rule:    $115,437.50
SAVINGS from 5-min rule:       $90,277.07
short-trade rows: (571573, Decimal('171275.29'))
8,448 accounts under IBs
MT5 done: 1,308,961 trades
MT4 done: 5,155 trades

trades built: 1,314,116   short(<5min): 570,995
commission WITHOUT 5-min rule: $205,714.57
commission WITH 5-min rule:    $115,437.50
SAVINGS from 5-min rule:       $90,277.07
short-trade rows: (571573, Decimal('171275.29'))
8,448 accounts under IBs
MT5 done: 1,309,057 trades
MT4 done: 5,155 trades

trades built: 1,314,212   short(<5min): 571,013
commission WITHOUT 5-min rule: $205,736.34
commission WITH 5-min rule:    $115,449.23
SAVINGS from 5-min rule:       $90,287.11
short-trade rows: (571591, Decimal('171025.60'))
8,448 accounts under IBs
MT5 done: 1,309,057 trades
MT4 done: 5,155 trades

trades built: 1,314,212   short(<5min): 571,013
commission WITHOUT 5-min rule: $205,736.34
commission WITH 5-min rule:    $115,449.23
SAVINGS from 5-min rule:       $90,287.11
short-trade rows: (571591, Decimal('171025.60'))
8,448 accounts under IBs
MT5 done: 1,309,089 trades
MT4 done: 5,155 trades

trades built: 1,314,244   short(<5min): 571,032
commission WITHOUT 5-min rule: $205,751.92
commission WITH 5-min rule:    $115,452.97
SAVINGS from 5-min rule:       $90,298.95
short-trade rows: (571649, Decimal('171902.60'))
8,450 accounts under IBs
MT5 done: 1,309,162 trades
MT4 done: 5,155 trades

trades built: 1,314,317   short(<5min): 571,071
commission WITHOUT 5-min rule: $205,768.67
commission WITH 5-min rule:    $115,460.33
SAVINGS from 5-min rule:       $90,308.34
short-trade rows: (571695, Decimal('172113.82'))
8,448 accounts under IBs
MT5 done: 1,309,162 trades
MT4 done: 5,155 trades

trades built: 1,314,317   short(<5min): 571,071
commission WITHOUT 5-min rule: $205,768.67
commission WITH 5-min rule:    $115,460.33
SAVINGS from 5-min rule:       $90,308.34
short-trade rows: (571695, Decimal('172113.82'))
8,448 accounts under IBs
MT5 done: 1,309,231 trades
MT4 done: 5,155 trades

trades built: 1,314,386   short(<5min): 571,106
commission WITHOUT 5-min rule: $205,778.14
commission WITH 5-min rule:    $115,467.90
SAVINGS from 5-min rule:       $90,310.24
short-trade rows: (571730, Decimal('168117.54'))
8,448 accounts under IBs
MT5 done: 1,309,231 trades
MT4 done: 5,155 trades

trades built: 1,314,386   short(<5min): 571,106
commission WITHOUT 5-min rule: $205,778.14
commission WITH 5-min rule:    $115,467.90
SAVINGS from 5-min rule:       $90,310.24
short-trade rows: (571730, Decimal('168117.54'))
8,448 accounts under IBs
MT5 done: 1,309,231 trades
MT4 done: 5,155 trades

trades built: 1,314,386   short(<5min): 571,106
commission WITHOUT 5-min rule: $205,778.14
commission WITH 5-min rule:    $115,467.90
SAVINGS from 5-min rule:       $90,310.24
short-trade rows: (571730, Decimal('168117.54'))
8,448 accounts under IBs
MT5 done: 1,309,231 trades
MT4 done: 5,155 trades

trades built: 1,314,386   short(<5min): 571,106
commission WITHOUT 5-min rule: $205,778.14
commission WITH 5-min rule:    $115,467.90
SAVINGS from 5-min rule:       $90,310.24
short-trade rows: (571730, Decimal('168117.54'))
8,448 accounts under IBs
MT5 done: 1,309,231 trades
MT4 done: 5,155 trades

trades built: 1,314,386   short(<5min): 571,106
commission WITHOUT 5-min rule: $205,778.14
commission WITH 5-min rule:    $115,467.90
SAVINGS from 5-min rule:       $90,310.24
short-trade rows: (571730, Decimal('168117.54'))
8,449 accounts under IBs
MT5 done: 1,309,790 trades
MT4 done: 5,155 trades

trades built: 1,314,945   short(<5min): 571,267
commission WITHOUT 5-min rule: $205,832.77
commission WITH 5-min rule:    $115,503.14
SAVINGS from 5-min rule:       $90,329.62
short-trade rows: (571931, Decimal('168167.59'))
8,449 accounts under IBs
MT5 done: 1,309,790 trades
MT4 done: 5,155 trades

trades built: 1,314,945   short(<5min): 571,267
commission WITHOUT 5-min rule: $205,832.77
commission WITH 5-min rule:    $115,503.14
SAVINGS from 5-min rule:       $90,329.62
short-trade rows: (571931, Decimal('168167.59'))
8,451 accounts under IBs
MT5 done: 1,309,925 trades
MT4 done: 5,155 trades

trades built: 1,315,080   short(<5min): 571,318
commission WITHOUT 5-min rule: $205,862.01
commission WITH 5-min rule:    $115,517.73
SAVINGS from 5-min rule:       $90,344.27
short-trade rows: (571982, Decimal('168146.23'))
8,451 accounts under IBs
MT5 done: 1,309,925 trades
MT4 done: 5,155 trades

trades built: 1,315,080   short(<5min): 571,318
commission WITHOUT 5-min rule: $205,862.01
commission WITH 5-min rule:    $115,517.73
SAVINGS from 5-min rule:       $90,344.27
short-trade rows: (571982, Decimal('168146.23'))
8,451 accounts under IBs
MT5 done: 1,309,980 trades
MT4 done: 5,155 trades

trades built: 1,315,135   short(<5min): 571,332
commission WITHOUT 5-min rule: $205,869.64
commission WITH 5-min rule:    $115,523.20
SAVINGS from 5-min rule:       $90,346.44
short-trade rows: (571996, Decimal('168249.04'))
8,451 accounts under IBs
MT5 done: 1,309,980 trades
MT4 done: 5,155 trades

trades built: 1,315,135   short(<5min): 571,332
commission WITHOUT 5-min rule: $205,869.64
commission WITH 5-min rule:    $115,523.20
SAVINGS from 5-min rule:       $90,346.44
short-trade rows: (571996, Decimal('168249.04'))
8,451 accounts under IBs
MT5 done: 1,309,980 trades
MT4 done: 5,155 trades

trades built: 1,315,135   short(<5min): 571,332
commission WITHOUT 5-min rule: $205,869.64
commission WITH 5-min rule:    $115,523.20
SAVINGS from 5-min rule:       $90,346.44
short-trade rows: (571996, Decimal('168249.04'))
8,451 accounts under IBs
MT5 done: 1,310,002 trades
MT4 done: 5,155 trades

trades built: 1,315,157   short(<5min): 571,333
commission WITHOUT 5-min rule: $205,873.77
commission WITH 5-min rule:    $115,526.80
SAVINGS from 5-min rule:       $90,346.97
short-trade rows: (571997, Decimal('167296.81'))
8,451 accounts under IBs
MT5 done: 1,310,002 trades
MT4 done: 5,155 trades

trades built: 1,315,157   short(<5min): 571,333
commission WITHOUT 5-min rule: $205,873.77
commission WITH 5-min rule:    $115,526.80
SAVINGS from 5-min rule:       $90,346.97
short-trade rows: (571997, Decimal('167296.81'))
8,451 accounts under IBs
MT5 done: 1,310,000 trades
MT4 done: 5,155 trades

trades built: 1,315,155   short(<5min): 571,333
commission WITHOUT 5-min rule: $205,873.82
commission WITH 5-min rule:    $115,526.85
SAVINGS from 5-min rule:       $90,346.97
short-trade rows: (571997, Decimal('167296.81'))
8,451 accounts under IBs
MT5 done: 1,310,000 trades
MT4 done: 5,155 trades

trades built: 1,315,155   short(<5min): 571,333
commission WITHOUT 5-min rule: $205,873.82
commission WITH 5-min rule:    $115,526.85
SAVINGS from 5-min rule:       $90,346.97
short-trade rows: (571997, Decimal('167296.81'))
8,451 accounts under IBs
MT5 done: 1,310,000 trades
MT4 done: 5,155 trades

trades built: 1,315,155   short(<5min): 571,333
commission WITHOUT 5-min rule: $205,873.82
commission WITH 5-min rule:    $115,526.85
SAVINGS from 5-min rule:       $90,346.97
short-trade rows: (571997, Decimal('167296.81'))
8,451 accounts under IBs
MT5 done: 1,310,000 trades
MT4 done: 5,155 trades

trades built: 1,315,155   short(<5min): 571,333
commission WITHOUT 5-min rule: $205,873.82
commission WITH 5-min rule:    $115,526.85
SAVINGS from 5-min rule:       $90,346.97
short-trade rows: (571997, Decimal('167296.81'))
8,451 accounts under IBs
MT5 done: 1,310,000 trades
MT4 done: 5,155 trades

trades built: 1,315,155   short(<5min): 571,333
commission WITHOUT 5-min rule: $205,873.82
commission WITH 5-min rule:    $115,526.85
SAVINGS from 5-min rule:       $90,346.97
short-trade rows: (571997, Decimal('167296.81'))
8,451 accounts under IBs
MT5 done: 1,310,019 trades
MT4 done: 5,155 trades

trades built: 1,315,174   short(<5min): 571,343
commission WITHOUT 5-min rule: $205,884.77
commission WITH 5-min rule:    $115,536.79
SAVINGS from 5-min rule:       $90,347.98
short-trade rows: (572007, Decimal('166920.15'))
8,451 accounts under IBs
MT5 done: 1,310,019 trades
MT4 done: 5,155 trades

trades built: 1,315,174   short(<5min): 571,343
commission WITHOUT 5-min rule: $205,884.77
commission WITH 5-min rule:    $115,536.79
SAVINGS from 5-min rule:       $90,347.98
short-trade rows: (572007, Decimal('166920.15'))
8,451 accounts under IBs
MT5 done: 1,310,089 trades
MT4 done: 5,155 trades

trades built: 1,315,244   short(<5min): 571,379
commission WITHOUT 5-min rule: $205,896.15
commission WITH 5-min rule:    $115,545.37
SAVINGS from 5-min rule:       $90,350.78
short-trade rows: (571385, Decimal('168062.21'))
8,451 accounts under IBs
MT5 done: 1,310,089 trades
MT4 done: 5,155 trades

trades built: 1,315,244   short(<5min): 571,379
commission WITHOUT 5-min rule: $205,896.15
commission WITH 5-min rule:    $115,545.37
SAVINGS from 5-min rule:       $90,350.78
short-trade rows: (571385, Decimal('168062.21'))
8,451 accounts under IBs
MT5 done: 1,310,147 trades
MT4 done: 5,155 trades

trades built: 1,315,302   short(<5min): 571,409
commission WITHOUT 5-min rule: $205,905.48
commission WITH 5-min rule:    $115,551.24
SAVINGS from 5-min rule:       $90,354.23
short-trade rows: (571420, Decimal('168038.86'))
8,451 accounts under IBs
MT5 done: 1,310,147 trades
MT4 done: 5,155 trades

trades built: 1,315,302   short(<5min): 571,409
commission WITHOUT 5-min rule: $205,905.48
commission WITH 5-min rule:    $115,551.24
SAVINGS from 5-min rule:       $90,354.23
short-trade rows: (571420, Decimal('168038.86'))
8,451 accounts under IBs
MT5 done: 1,310,250 trades
MT4 done: 5,155 trades

trades built: 1,315,405   short(<5min): 571,425
commission WITHOUT 5-min rule: $205,916.41
commission WITH 5-min rule:    $115,559.32
SAVINGS from 5-min rule:       $90,357.09
short-trade rows: (571461, Decimal('168424.72'))
8,451 accounts under IBs
MT5 done: 1,310,250 trades
MT4 done: 5,155 trades

trades built: 1,315,405   short(<5min): 571,425
commission WITHOUT 5-min rule: $205,916.41
commission WITH 5-min rule:    $115,559.32
SAVINGS from 5-min rule:       $90,357.09
short-trade rows: (571461, Decimal('168424.72'))
8,451 accounts under IBs
MT5 done: 1,310,365 trades
MT4 done: 5,155 trades

trades built: 1,315,520   short(<5min): 571,493
commission WITHOUT 5-min rule: $205,933.64
commission WITH 5-min rule:    $115,566.69
SAVINGS from 5-min rule:       $90,366.95
short-trade rows: (571574, Decimal('168060.70'))
8,451 accounts under IBs
MT5 done: 1,310,365 trades
MT4 done: 5,155 trades

trades built: 1,315,520   short(<5min): 571,493
commission WITHOUT 5-min rule: $205,933.64
commission WITH 5-min rule:    $115,566.69
SAVINGS from 5-min rule:       $90,366.95
short-trade rows: (571574, Decimal('168060.70'))
8,451 accounts under IBs
MT5 done: 1,310,365 trades
MT4 done: 5,155 trades

trades built: 1,315,520   short(<5min): 571,493
commission WITHOUT 5-min rule: $205,933.64
commission WITH 5-min rule:    $115,566.69
SAVINGS from 5-min rule:       $90,366.95
short-trade rows: (571574, Decimal('168060.70'))
8,451 accounts under IBs
MT5 done: 1,310,791 trades
MT4 done: 5,155 trades

trades built: 1,315,946   short(<5min): 571,567
commission WITHOUT 5-min rule: $205,963.52
commission WITH 5-min rule:    $115,587.05
SAVINGS from 5-min rule:       $90,376.47
short-trade rows: (571789, Decimal('168607.84'))
8,451 accounts under IBs
MT5 done: 1,310,791 trades
MT4 done: 5,155 trades

trades built: 1,315,946   short(<5min): 571,567
commission WITHOUT 5-min rule: $205,963.52
commission WITH 5-min rule:    $115,587.05
SAVINGS from 5-min rule:       $90,376.47
short-trade rows: (571789, Decimal('168607.84'))
8,451 accounts under IBs
MT5 done: 1,311,226 trades
MT4 done: 5,155 trades

trades built: 1,316,381   short(<5min): 571,671
commission WITHOUT 5-min rule: $206,005.61
commission WITH 5-min rule:    $115,597.92
SAVINGS from 5-min rule:       $90,407.69
short-trade rows: (572089, Decimal('168449.50'))
8,451 accounts under IBs
MT5 done: 1,311,226 trades
MT4 done: 5,155 trades

trades built: 1,316,381   short(<5min): 571,671
commission WITHOUT 5-min rule: $206,005.61
commission WITH 5-min rule:    $115,597.92
SAVINGS from 5-min rule:       $90,407.69
short-trade rows: (572089, Decimal('168449.50'))
8,451 accounts under IBs
8,451 accounts under IBs
MT5 done: 1,311,737 trades
MT4 done: 5,155 trades

trades built: 1,316,892   short(<5min): 571,703
commission WITHOUT 5-min rule: $206,029.22
commission WITH 5-min rule:    $115,615.22
SAVINGS from 5-min rule:       $90,414.00
short-trade rows: (572120, Decimal('168969.96'))
8,451 accounts under IBs
MT5 done: 1,311,737 trades
MT4 done: 5,155 trades

trades built: 1,316,892   short(<5min): 571,703
commission WITHOUT 5-min rule: $206,029.22
commission WITH 5-min rule:    $115,615.22
SAVINGS from 5-min rule:       $90,414.00
short-trade rows: (572120, Decimal('168969.96'))
8,451 accounts under IBs
MT5 done: 1,312,084 trades
MT4 done: 5,155 trades

trades built: 1,317,239   short(<5min): 571,909
commission WITHOUT 5-min rule: $206,089.99
commission WITH 5-min rule:    $115,644.67
SAVINGS from 5-min rule:       $90,445.32
short-trade rows: (572328, Decimal('167893.24'))
8,451 accounts under IBs
MT5 done: 1,312,084 trades
MT4 done: 5,155 trades

trades built: 1,317,239   short(<5min): 571,909
commission WITHOUT 5-min rule: $206,089.99
commission WITH 5-min rule:    $115,644.67
SAVINGS from 5-min rule:       $90,445.32
short-trade rows: (572328, Decimal('167893.24'))
8,451 accounts under IBs
MT5 done: 1,312,084 trades
MT4 done: 5,155 trades

trades built: 1,317,239   short(<5min): 571,909
commission WITHOUT 5-min rule: $206,089.99
commission WITH 5-min rule:    $115,644.67
SAVINGS from 5-min rule:       $90,445.32
short-trade rows: (572328, Decimal('167893.24'))
8,451 accounts under IBs
MT5 done: 1,312,763 trades
MT4 done: 5,155 trades

trades built: 1,317,918   short(<5min): 572,258
commission WITHOUT 5-min rule: $206,179.03
commission WITH 5-min rule:    $115,677.26
SAVINGS from 5-min rule:       $90,501.77
short-trade rows: (572708, Decimal('168577.52'))
8,451 accounts under IBs
MT5 done: 1,312,763 trades
MT4 done: 5,155 trades

trades built: 1,317,918   short(<5min): 572,258
commission WITHOUT 5-min rule: $206,179.03
commission WITH 5-min rule:    $115,677.26
SAVINGS from 5-min rule:       $90,501.77
short-trade rows: (572708, Decimal('168577.52'))
8,451 accounts under IBs
MT5 done: 1,312,763 trades
MT4 done: 5,155 trades

trades built: 1,317,918   short(<5min): 572,258
commission WITHOUT 5-min rule: $206,179.03
commission WITH 5-min rule:    $115,677.26
SAVINGS from 5-min rule:       $90,501.77
short-trade rows: (572708, Decimal('168577.52'))
8,451 accounts under IBs
MT5 done: 1,313,040 trades
MT4 done: 5,155 trades

trades built: 1,318,195   short(<5min): 572,391
commission WITHOUT 5-min rule: $206,278.84
commission WITH 5-min rule:    $115,701.48
SAVINGS from 5-min rule:       $90,577.36
short-trade rows: (572841, Decimal('171085.03'))
8,451 accounts under IBs
MT5 done: 1,313,040 trades
MT4 done: 5,155 trades

trades built: 1,318,195   short(<5min): 572,391
commission WITHOUT 5-min rule: $206,278.84
commission WITH 5-min rule:    $115,701.48
SAVINGS from 5-min rule:       $90,577.36
short-trade rows: (572841, Decimal('171085.03'))
8,451 accounts under IBs
MT5 done: 1,313,040 trades
MT4 done: 5,155 trades

trades built: 1,318,195   short(<5min): 572,391
commission WITHOUT 5-min rule: $206,278.84
commission WITH 5-min rule:    $115,701.48
SAVINGS from 5-min rule:       $90,577.36
short-trade rows: (572841, Decimal('171085.03'))
8,451 accounts under IBs
MT5 done: 1,313,570 trades
MT4 done: 5,155 trades

trades built: 1,318,725   short(<5min): 572,460
commission WITHOUT 5-min rule: $206,314.51
commission WITH 5-min rule:    $115,725.66
SAVINGS from 5-min rule:       $90,588.85
short-trade rows: (572909, Decimal('170883.01'))
8,451 accounts under IBs
MT5 done: 1,313,570 trades
MT4 done: 5,155 trades

trades built: 1,318,725   short(<5min): 572,460
commission WITHOUT 5-min rule: $206,314.51
commission WITH 5-min rule:    $115,725.66
SAVINGS from 5-min rule:       $90,588.85
short-trade rows: (572909, Decimal('170883.01'))
8,451 accounts under IBs
MT5 done: 1,313,570 trades
MT4 done: 5,155 trades

trades built: 1,318,725   short(<5min): 572,460
commission WITHOUT 5-min rule: $206,314.51
commission WITH 5-min rule:    $115,725.66
SAVINGS from 5-min rule:       $90,588.85
short-trade rows: (572909, Decimal('170883.01'))
8,451 accounts under IBs
MT5 done: 1,313,885 trades
MT4 done: 5,155 trades

trades built: 1,319,040   short(<5min): 572,604
commission WITHOUT 5-min rule: $206,354.04
commission WITH 5-min rule:    $115,747.87
SAVINGS from 5-min rule:       $90,606.17
short-trade rows: (573056, Decimal('171246.56'))
8,451 accounts under IBs
MT5 done: 1,313,885 trades
MT4 done: 5,155 trades

trades built: 1,319,040   short(<5min): 572,604
commission WITHOUT 5-min rule: $206,354.04
commission WITH 5-min rule:    $115,747.87
SAVINGS from 5-min rule:       $90,606.17
short-trade rows: (573056, Decimal('171246.56'))
8,451 accounts under IBs
8,451 accounts under IBs
MT5 done: 1,314,226 trades
MT4 done: 5,155 trades

trades built: 1,319,381   short(<5min): 572,816
commission WITHOUT 5-min rule: $206,389.46
commission WITH 5-min rule:    $115,757.65
SAVINGS from 5-min rule:       $90,631.81
short-trade rows: (573330, Decimal('171332.40'))
8,451 accounts under IBs
MT5 done: 1,314,226 trades
MT4 done: 5,155 trades

trades built: 1,319,381   short(<5min): 572,816
commission WITHOUT 5-min rule: $206,389.46
commission WITH 5-min rule:    $115,757.65
SAVINGS from 5-min rule:       $90,631.81
short-trade rows: (573330, Decimal('171332.40'))
8,451 accounts under IBs
MT5 done: 1,314,226 trades
MT4 done: 5,155 trades

trades built: 1,319,381   short(<5min): 572,816
commission WITHOUT 5-min rule: $206,389.46
commission WITH 5-min rule:    $115,757.65
SAVINGS from 5-min rule:       $90,631.81
short-trade rows: (573330, Decimal('171332.40'))
8,451 accounts under IBs
MT5 done: 1,314,326 trades
MT4 done: 5,155 trades

trades built: 1,319,481   short(<5min): 572,849
commission WITHOUT 5-min rule: $206,408.85
commission WITH 5-min rule:    $115,774.82
SAVINGS from 5-min rule:       $90,634.03
short-trade rows: (573368, Decimal('171111.92'))
8,451 accounts under IBs
MT5 done: 1,314,326 trades
MT4 done: 5,155 trades

trades built: 1,319,481   short(<5min): 572,849
commission WITHOUT 5-min rule: $206,408.85
commission WITH 5-min rule:    $115,774.82
SAVINGS from 5-min rule:       $90,634.03
short-trade rows: (573368, Decimal('171111.92'))
8,451 accounts under IBs
MT5 done: 1,314,326 trades
MT4 done: 5,155 trades

trades built: 1,319,481   short(<5min): 572,849
commission WITHOUT 5-min rule: $206,408.85
commission WITH 5-min rule:    $115,774.82
SAVINGS from 5-min rule:       $90,634.03
short-trade rows: (573368, Decimal('171111.92'))
8,451 accounts under IBs
MT5 done: 1,314,445 trades
MT4 done: 5,155 trades

trades built: 1,319,600   short(<5min): 572,907
commission WITHOUT 5-min rule: $206,416.22
commission WITH 5-min rule:    $115,779.83
SAVINGS from 5-min rule:       $90,636.39
short-trade rows: (573481, Decimal('171191.69'))
8,451 accounts under IBs
MT5 done: 1,314,445 trades
MT4 done: 5,155 trades

trades built: 1,319,600   short(<5min): 572,907
commission WITHOUT 5-min rule: $206,416.22
commission WITH 5-min rule:    $115,779.83
SAVINGS from 5-min rule:       $90,636.39
short-trade rows: (573481, Decimal('171191.69'))
8,451 accounts under IBs
MT5 done: 1,314,445 trades
MT4 done: 5,155 trades

trades built: 1,319,600   short(<5min): 572,907
commission WITHOUT 5-min rule: $206,416.22
commission WITH 5-min rule:    $115,779.83
SAVINGS from 5-min rule:       $90,636.39
short-trade rows: (573481, Decimal('171191.69'))
8,451 accounts under IBs
8,449 accounts under IBs
MT5 done: 1,314,445 trades
MT4 done: 5,534 trades

trades built: 1,319,979   short(<5min): 572,944
commission WITHOUT 5-min rule: $206,502.25
commission WITH 5-min rule:    $115,859.41
SAVINGS from 5-min rule:       $90,642.85
short-trade rows: (573518, Decimal('171191.69'))
8,452 accounts under IBs
MT5 done: 1,314,983 trades
MT4 done: 5,552 trades

trades built: 1,320,535   short(<5min): 573,189
commission WITHOUT 5-min rule: $206,596.83
commission WITH 5-min rule:    $115,890.41
SAVINGS from 5-min rule:       $90,706.43
short-trade rows: (573799, Decimal('170448.23'))
8,450 accounts under IBs
MT5 done: 1,314,983 trades
MT4 done: 5,595 trades

trades built: 1,320,578   short(<5min): 573,189
commission WITHOUT 5-min rule: $206,599.13
commission WITH 5-min rule:    $115,892.70
SAVINGS from 5-min rule:       $90,706.43
short-trade rows: (573799, Decimal('170448.23'))
8,450 accounts under IBs
MT5 done: 1,315,094 trades
MT4 done: 5,602 trades

trades built: 1,320,696   short(<5min): 573,247
commission WITHOUT 5-min rule: $206,613.66
commission WITH 5-min rule:    $115,897.51
SAVINGS from 5-min rule:       $90,716.15
short-trade rows: (573258, Decimal('170248.12'))
8,450 accounts under IBs
MT5 done: 1,315,243 trades
MT4 done: 5,618 trades

trades built: 1,320,861   short(<5min): 573,293
commission WITHOUT 5-min rule: $206,632.11
commission WITH 5-min rule:    $115,907.44
SAVINGS from 5-min rule:       $90,724.67
short-trade rows: (573329, Decimal('170427.43'))
8,450 accounts under IBs
MT5 done: 1,315,243 trades
MT4 done: 5,633 trades

trades built: 1,320,876   short(<5min): 573,296
commission WITHOUT 5-min rule: $206,636.12
commission WITH 5-min rule:    $115,909.72
SAVINGS from 5-min rule:       $90,726.40
short-trade rows: (573332, Decimal('170427.43'))
8,450 accounts under IBs
MT5 done: 1,315,325 trades
MT4 done: 5,649 trades

trades built: 1,320,974   short(<5min): 573,349
commission WITHOUT 5-min rule: $206,656.04
commission WITH 5-min rule:    $115,920.73
SAVINGS from 5-min rule:       $90,735.31
short-trade rows: (573415, Decimal('170114.03'))
8,450 accounts under IBs
MT5 done: 1,315,446 trades
MT4 done: 5,678 trades

trades built: 1,321,124   short(<5min): 573,431
commission WITHOUT 5-min rule: $206,691.01
commission WITH 5-min rule:    $115,948.09
SAVINGS from 5-min rule:       $90,742.93
short-trade rows: (573533, Decimal('170318.88'))
8,450 accounts under IBs
MT5 done: 1,315,626 trades
MT4 done: 5,679 trades

trades built: 1,321,305   short(<5min): 573,551
commission WITHOUT 5-min rule: $206,709.65
commission WITH 5-min rule:    $115,954.07
SAVINGS from 5-min rule:       $90,755.57
short-trade rows: (573703, Decimal('170501.50'))
8,450 accounts under IBs
MT5 done: 1,315,626 trades
MT4 done: 5,707 trades

trades built: 1,321,333   short(<5min): 573,564
commission WITHOUT 5-min rule: $206,711.15
commission WITH 5-min rule:    $115,954.92
SAVINGS from 5-min rule:       $90,756.22
short-trade rows: (573716, Decimal('170501.50'))
8,451 accounts under IBs
MT5 done: 1,315,752 trades
MT4 done: 5,722 trades

trades built: 1,321,474   short(<5min): 573,621
commission WITHOUT 5-min rule: $206,731.95
commission WITH 5-min rule:    $115,966.03
SAVINGS from 5-min rule:       $90,765.92
short-trade rows: (573809, Decimal('173028.86'))
8,451 accounts under IBs
MT5 done: 1,315,880 trades
MT4 done: 5,736 trades

trades built: 1,321,616   short(<5min): 573,692
commission WITHOUT 5-min rule: $206,748.09
commission WITH 5-min rule:    $115,973.98
SAVINGS from 5-min rule:       $90,774.12
short-trade rows: (573970, Decimal('173077.27'))
8,453 accounts under IBs
MT5 done: 1,316,013 trades
MT4 done: 5,747 trades

trades built: 1,321,760   short(<5min): 573,767
commission WITHOUT 5-min rule: $206,760.47
commission WITH 5-min rule:    $115,979.24
SAVINGS from 5-min rule:       $90,781.23
short-trade rows: (574105, Decimal('170375.14'))
8,451 accounts under IBs
MT5 done: 1,316,013 trades
MT4 done: 5,754 trades

trades built: 1,321,767   short(<5min): 573,767
commission WITHOUT 5-min rule: $206,761.19
commission WITH 5-min rule:    $115,979.96
SAVINGS from 5-min rule:       $90,781.23
short-trade rows: (574105, Decimal('170375.14'))
8,452 accounts under IBs
MT5 done: 1,316,478 trades
MT4 done: 5,777 trades

trades built: 1,322,255   short(<5min): 573,861
commission WITHOUT 5-min rule: $206,792.88
commission WITH 5-min rule:    $115,996.07
SAVINGS from 5-min rule:       $90,796.81
short-trade rows: (574278, Decimal('173007.81'))
8,452 accounts under IBs
MT5 done: 1,316,655 trades
MT4 done: 5,787 trades

trades built: 1,322,442   short(<5min): 573,958
commission WITHOUT 5-min rule: $206,836.78
commission WITH 5-min rule:    $116,005.62
SAVINGS from 5-min rule:       $90,831.17
short-trade rows: (574375, Decimal('171141.42'))
8,452 accounts under IBs
MT5 done: 1,316,655 trades
MT4 done: 5,794 trades

trades built: 1,322,449   short(<5min): 573,958
commission WITHOUT 5-min rule: $206,837.10
commission WITH 5-min rule:    $116,005.94
SAVINGS from 5-min rule:       $90,831.17
short-trade rows: (574375, Decimal('171141.42'))
8,453 accounts under IBs
MT5 done: 1,316,929 trades
MT4 done: 5,800 trades

trades built: 1,322,729   short(<5min): 574,142
commission WITHOUT 5-min rule: $206,875.52
commission WITH 5-min rule:    $116,013.51
SAVINGS from 5-min rule:       $90,862.02
short-trade rows: (574559, Decimal('171206.93'))
8,453 accounts under IBs
MT5 done: 1,317,005 trades
MT4 done: 5,801 trades

trades built: 1,322,806   short(<5min): 574,186
commission WITHOUT 5-min rule: $206,903.56
commission WITH 5-min rule:    $116,023.37
SAVINGS from 5-min rule:       $90,880.19
short-trade rows: (574603, Decimal('171234.41'))
8,453 accounts under IBs
MT5 done: 1,317,282 trades
MT4 done: 5,806 trades

trades built: 1,323,088   short(<5min): 574,283
commission WITHOUT 5-min rule: $206,936.63
commission WITH 5-min rule:    $116,038.22
SAVINGS from 5-min rule:       $90,898.41
short-trade rows: (574700, Decimal('171153.19'))
8,453 accounts under IBs
MT5 done: 1,317,282 trades
MT4 done: 5,809 trades

trades built: 1,323,091   short(<5min): 574,283
commission WITHOUT 5-min rule: $206,936.72
commission WITH 5-min rule:    $116,038.31
SAVINGS from 5-min rule:       $90,898.41
short-trade rows: (574700, Decimal('171153.19'))
8,453 accounts under IBs
MT5 done: 1,317,801 trades
MT4 done: 5,820 trades

trades built: 1,323,621   short(<5min): 574,389
commission WITHOUT 5-min rule: $206,961.21
commission WITH 5-min rule:    $116,048.55
SAVINGS from 5-min rule:       $90,912.66
short-trade rows: (574806, Decimal('168875.92'))
8,453 accounts under IBs
MT5 done: 1,317,954 trades
MT4 done: 5,831 trades

trades built: 1,323,785   short(<5min): 574,431
commission WITHOUT 5-min rule: $206,977.18
commission WITH 5-min rule:    $116,057.57
SAVINGS from 5-min rule:       $90,919.61
short-trade rows: (574851, Decimal('168273.13'))
8,453 accounts under IBs
MT5 done: 1,318,043 trades
MT4 done: 5,834 trades

trades built: 1,323,877   short(<5min): 574,497
commission WITHOUT 5-min rule: $206,990.75
commission WITH 5-min rule:    $116,059.82
SAVINGS from 5-min rule:       $90,930.93
short-trade rows: (574917, Decimal('168443.98'))
8,453 accounts under IBs
MT5 done: 1,318,043 trades
MT4 done: 5,834 trades

trades built: 1,323,877   short(<5min): 574,497
commission WITHOUT 5-min rule: $206,990.75
commission WITH 5-min rule:    $116,059.82
SAVINGS from 5-min rule:       $90,930.93
short-trade rows: (574917, Decimal('168443.98'))
8,453 accounts under IBs
MT5 done: 1,318,233 trades
MT4 done: 5,837 trades

trades built: 1,324,070   short(<5min): 574,572
commission WITHOUT 5-min rule: $207,001.53
commission WITH 5-min rule:    $116,063.90
SAVINGS from 5-min rule:       $90,937.64
short-trade rows: (575023, Decimal('168362.35'))
8,453 accounts under IBs
MT5 done: 1,318,391 trades
MT4 done: 5,842 trades

trades built: 1,324,233   short(<5min): 574,649
commission WITHOUT 5-min rule: $207,018.92
commission WITH 5-min rule:    $116,071.89
SAVINGS from 5-min rule:       $90,947.03
short-trade rows: (575100, Decimal('170144.95'))
8,453 accounts under IBs
MT5 done: 1,318,865 trades
MT4 done: 5,845 trades

trades built: 1,324,710   short(<5min): 574,740
commission WITHOUT 5-min rule: $207,054.62
commission WITH 5-min rule:    $116,085.73
SAVINGS from 5-min rule:       $90,968.89
short-trade rows: (575191, Decimal('172643.34'))
8,453 accounts under IBs
MT5 done: 1,318,865 trades
MT4 done: 5,846 trades

trades built: 1,324,711   short(<5min): 574,740
commission WITHOUT 5-min rule: $207,054.69
commission WITH 5-min rule:    $116,085.80
SAVINGS from 5-min rule:       $90,968.89
short-trade rows: (575191, Decimal('172643.34'))
8,453 accounts under IBs
MT5 done: 1,319,213 trades
MT4 done: 5,851 trades

trades built: 1,325,064   short(<5min): 574,836
commission WITHOUT 5-min rule: $207,083.24
commission WITH 5-min rule:    $116,091.78
SAVINGS from 5-min rule:       $90,991.46
short-trade rows: (575287, Decimal('172573.54'))
8,453 accounts under IBs
MT5 done: 1,319,285 trades
MT4 done: 5,859 trades

trades built: 1,325,144   short(<5min): 574,887
commission WITHOUT 5-min rule: $207,097.42
commission WITH 5-min rule:    $116,097.62
SAVINGS from 5-min rule:       $90,999.80
short-trade rows: (575338, Decimal('172518.90'))
8,454 accounts under IBs
MT5 done: 1,319,539 trades
MT4 done: 5,862 trades

trades built: 1,325,401   short(<5min): 574,952
commission WITHOUT 5-min rule: $207,137.53
commission WITH 5-min rule:    $116,120.82
SAVINGS from 5-min rule:       $91,016.72
short-trade rows: (575403, Decimal('170841.83'))
8,454 accounts under IBs
MT5 done: 1,319,539 trades
MT4 done: 5,880 trades

trades built: 1,325,419   short(<5min): 574,959
commission WITHOUT 5-min rule: $207,142.17
commission WITH 5-min rule:    $116,125.10
SAVINGS from 5-min rule:       $91,017.07
short-trade rows: (575410, Decimal('170841.83'))
8,455 accounts under IBs
MT5 done: 1,319,726 trades
MT4 done: 5,882 trades

trades built: 1,325,608   short(<5min): 575,044
commission WITHOUT 5-min rule: $207,202.45
commission WITH 5-min rule:    $116,129.90
SAVINGS from 5-min rule:       $91,072.54
short-trade rows: (575505, Decimal('168801.53'))
8,456 accounts under IBs
MT5 done: 1,319,943 trades
MT4 done: 5,891 trades

trades built: 1,325,834   short(<5min): 575,153
commission WITHOUT 5-min rule: $207,247.74
commission WITH 5-min rule:    $116,140.75
SAVINGS from 5-min rule:       $91,107.00
short-trade rows: (575655, Decimal('171206.52'))
8,456 accounts under IBs
MT5 done: 1,319,943 trades
MT4 done: 5,898 trades

trades built: 1,325,841   short(<5min): 575,153
commission WITHOUT 5-min rule: $207,247.97
commission WITH 5-min rule:    $116,140.97
SAVINGS from 5-min rule:       $91,107.00
short-trade rows: (575655, Decimal('171206.52'))
8,459 accounts under IBs
MT5 done: 1,320,120 trades
MT4 done: 5,906 trades

trades built: 1,326,026   short(<5min): 575,245
commission WITHOUT 5-min rule: $207,284.00
commission WITH 5-min rule:    $116,151.21
SAVINGS from 5-min rule:       $91,132.80
short-trade rows: (575256, Decimal('168264.14'))
8,460 accounts under IBs
MT5 done: 1,320,204 trades
MT4 done: 5,913 trades

trades built: 1,326,117   short(<5min): 575,315
commission WITHOUT 5-min rule: $207,313.25
commission WITH 5-min rule:    $116,155.99
SAVINGS from 5-min rule:       $91,157.27
short-trade rows: (575332, Decimal('171106.52'))
8,461 accounts under IBs
MT5 done: 1,320,335 trades
MT4 done: 5,916 trades

trades built: 1,326,251   short(<5min): 575,366
commission WITHOUT 5-min rule: $207,328.90
commission WITH 5-min rule:    $116,159.86
SAVINGS from 5-min rule:       $91,169.04
short-trade rows: (575440, Decimal('171716.22'))
8,463 accounts under IBs
MT5 done: 1,320,430 trades
MT4 done: 5,926 trades

trades built: 1,326,356   short(<5min): 575,403
commission WITHOUT 5-min rule: $207,347.99
commission WITH 5-min rule:    $116,166.10
SAVINGS from 5-min rule:       $91,181.89
short-trade rows: (575513, Decimal('168981.43'))
8,461 accounts under IBs
MT5 done: 1,320,430 trades
MT4 done: 5,932 trades

trades built: 1,326,362   short(<5min): 575,403
commission WITHOUT 5-min rule: $207,348.06
commission WITH 5-min rule:    $116,166.17
SAVINGS from 5-min rule:       $91,181.89
short-trade rows: (575513, Decimal('168981.43'))
8,461 accounts under IBs
MT5 done: 1,320,645 trades
MT4 done: 5,932 trades

trades built: 1,326,577   short(<5min): 575,462
commission WITHOUT 5-min rule: $207,367.34
commission WITH 5-min rule:    $116,178.17
SAVINGS from 5-min rule:       $91,189.17
short-trade rows: (575621, Decimal('168754.50'))
8,461 accounts under IBs
MT5 done: 1,320,793 trades
MT4 done: 5,945 trades

trades built: 1,326,738   short(<5min): 575,530
commission WITHOUT 5-min rule: $207,410.62
commission WITH 5-min rule:    $116,187.04
SAVINGS from 5-min rule:       $91,223.58
short-trade rows: (575725, Decimal('169682.63'))
8,461 accounts under IBs
MT5 done: 1,320,793 trades
MT4 done: 5,949 trades

trades built: 1,326,742   short(<5min): 575,530
commission WITHOUT 5-min rule: $207,410.72
commission WITH 5-min rule:    $116,187.14
SAVINGS from 5-min rule:       $91,223.58
short-trade rows: (575725, Decimal('169682.63'))
8,461 accounts under IBs
MT5 done: 1,320,933 trades
MT4 done: 5,952 trades

trades built: 1,326,885   short(<5min): 575,604
commission WITHOUT 5-min rule: $207,439.99
commission WITH 5-min rule:    $116,192.32
SAVINGS from 5-min rule:       $91,247.67
short-trade rows: (575916, Decimal('168748.65'))
8,461 accounts under IBs
MT5 done: 1,321,105 trades
MT4 done: 5,954 trades

trades built: 1,327,059   short(<5min): 575,663
commission WITHOUT 5-min rule: $207,468.16
commission WITH 5-min rule:    $116,207.78
SAVINGS from 5-min rule:       $91,260.38
short-trade rows: (576072, Decimal('168700.75'))
8,463 accounts under IBs
MT5 done: 1,321,297 trades
MT4 done: 5,958 trades

trades built: 1,327,255   short(<5min): 575,753
commission WITHOUT 5-min rule: $207,529.84
commission WITH 5-min rule:    $116,217.82
SAVINGS from 5-min rule:       $91,312.02
short-trade rows: (576171, Decimal('168544.20'))
8,461 accounts under IBs
8,462 accounts under IBs
MT5 done: 1,321,514 trades
MT4 done: 5,961 trades

trades built: 1,327,475   short(<5min): 575,853
commission WITHOUT 5-min rule: $207,586.12
commission WITH 5-min rule:    $116,233.80
SAVINGS from 5-min rule:       $91,352.33
short-trade rows: (576271, Decimal('168063.48'))
8,462 accounts under IBs
MT5 done: 1,321,676 trades
MT4 done: 5,964 trades

trades built: 1,327,640   short(<5min): 575,969
commission WITHOUT 5-min rule: $207,616.00
commission WITH 5-min rule:    $116,244.67
SAVINGS from 5-min rule:       $91,371.33
short-trade rows: (576387, Decimal('171578.55'))
8,462 accounts under IBs
MT5 done: 1,321,951 trades
MT4 done: 5,972 trades

trades built: 1,327,923   short(<5min): 576,122
commission WITHOUT 5-min rule: $207,662.37
commission WITH 5-min rule:    $116,257.66
SAVINGS from 5-min rule:       $91,404.71
short-trade rows: (576541, Decimal('171199.12'))
8,462 accounts under IBs
MT5 done: 1,321,951 trades
MT4 done: 5,972 trades

trades built: 1,327,923   short(<5min): 576,122
commission WITHOUT 5-min rule: $207,662.37
commission WITH 5-min rule:    $116,257.66
SAVINGS from 5-min rule:       $91,404.71
short-trade rows: (576541, Decimal('171199.12'))
8,464 accounts under IBs
MT5 done: 1,322,219 trades
MT4 done: 5,972 trades

trades built: 1,328,191   short(<5min): 576,247
commission WITHOUT 5-min rule: $207,702.90
commission WITH 5-min rule:    $116,270.00
SAVINGS from 5-min rule:       $91,432.89
short-trade rows: (576667, Decimal('169217.09'))
8,465 accounts under IBs
MT5 done: 1,322,574 trades
MT4 done: 5,972 trades

trades built: 1,328,546   short(<5min): 576,420
commission WITHOUT 5-min rule: $207,752.79
commission WITH 5-min rule:    $116,285.50
SAVINGS from 5-min rule:       $91,467.28
short-trade rows: (576841, Decimal('170768.83'))
8,465 accounts under IBs
MT5 done: 1,322,574 trades
MT4 done: 5,972 trades

trades built: 1,328,546   short(<5min): 576,420
commission WITHOUT 5-min rule: $207,752.79
commission WITH 5-min rule:    $116,285.50
SAVINGS from 5-min rule:       $91,467.28
short-trade rows: (576841, Decimal('170768.83'))
8,465 accounts under IBs
MT5 done: 1,322,883 trades
MT4 done: 5,972 trades

trades built: 1,328,855   short(<5min): 576,606
commission WITHOUT 5-min rule: $207,802.61
commission WITH 5-min rule:    $116,300.96
SAVINGS from 5-min rule:       $91,501.65
short-trade rows: (577030, Decimal('172594.65'))
8,465 accounts under IBs
MT5 done: 1,323,003 trades
MT4 done: 5,972 trades

trades built: 1,328,975   short(<5min): 576,664
commission WITHOUT 5-min rule: $207,815.79
commission WITH 5-min rule:    $116,307.02
SAVINGS from 5-min rule:       $91,508.76
short-trade rows: (577088, Decimal('172218.76'))
8,465 accounts under IBs
MT5 done: 1,323,003 trades
MT4 done: 5,972 trades

trades built: 1,328,975   short(<5min): 576,664
commission WITHOUT 5-min rule: $207,815.79
commission WITH 5-min rule:    $116,307.02
SAVINGS from 5-min rule:       $91,508.76
short-trade rows: (577088, Decimal('172218.76'))
8,466 accounts under IBs
MT5 done: 1,323,185 trades
MT4 done: 5,972 trades

trades built: 1,329,157   short(<5min): 576,766
commission WITHOUT 5-min rule: $207,844.35
commission WITH 5-min rule:    $116,321.38
SAVINGS from 5-min rule:       $91,522.97
short-trade rows: (577190, Decimal('172721.35'))
8,466 accounts under IBs
MT5 done: 1,323,423 trades
MT4 done: 5,972 trades

trades built: 1,329,395   short(<5min): 576,805
commission WITHOUT 5-min rule: $207,855.92
commission WITH 5-min rule:    $116,328.69
SAVINGS from 5-min rule:       $91,527.22
short-trade rows: (577229, Decimal('171347.95'))
8,466 accounts under IBs
MT5 done: 1,323,423 trades
MT4 done: 5,972 trades

trades built: 1,329,395   short(<5min): 576,805
commission WITHOUT 5-min rule: $207,855.92
commission WITH 5-min rule:    $116,328.69
SAVINGS from 5-min rule:       $91,527.22
short-trade rows: (577229, Decimal('171347.95'))
8,466 accounts under IBs
MT5 done: 1,323,682 trades
MT4 done: 5,972 trades

trades built: 1,329,654   short(<5min): 576,909
commission WITHOUT 5-min rule: $207,874.82
commission WITH 5-min rule:    $116,339.15
SAVINGS from 5-min rule:       $91,535.67
short-trade rows: (577333, Decimal('171130.04'))
8,466 accounts under IBs
MT5 done: 1,323,889 trades
MT4 done: 5,972 trades

trades built: 1,329,861   short(<5min): 577,043
commission WITHOUT 5-min rule: $207,904.08
commission WITH 5-min rule:    $116,348.37
SAVINGS from 5-min rule:       $91,555.71
short-trade rows: (577469, Decimal('174692.60'))
8,466 accounts under IBs
MT5 done: 1,324,034 trades
MT4 done: 5,972 trades

trades built: 1,330,006   short(<5min): 577,085
commission WITHOUT 5-min rule: $207,931.70
commission WITH 5-min rule:    $116,364.81
SAVINGS from 5-min rule:       $91,566.89
short-trade rows: (577542, Decimal('173936.03'))
8,466 accounts under IBs
MT5 done: 1,324,034 trades
MT4 done: 5,972 trades

trades built: 1,330,006   short(<5min): 577,085
commission WITHOUT 5-min rule: $207,931.70
commission WITH 5-min rule:    $116,364.81
SAVINGS from 5-min rule:       $91,566.89
short-trade rows: (577542, Decimal('173936.03'))
8,466 accounts under IBs
MT5 done: 1,324,133 trades
MT4 done: 5,972 trades

trades built: 1,330,105   short(<5min): 577,156
commission WITHOUT 5-min rule: $207,939.25
commission WITH 5-min rule:    $116,369.79
SAVINGS from 5-min rule:       $91,569.46
short-trade rows: (577613, Decimal('173390.71'))
8,467 accounts under IBs
MT5 done: 1,324,205 trades
MT4 done: 5,972 trades

trades built: 1,330,177   short(<5min): 577,169
commission WITHOUT 5-min rule: $207,950.40
commission WITH 5-min rule:    $116,373.02
SAVINGS from 5-min rule:       $91,577.38
short-trade rows: (577626, Decimal('170662.42'))
8,467 accounts under IBs
MT5 done: 1,324,205 trades
MT4 done: 5,972 trades

trades built: 1,330,177   short(<5min): 577,169
commission WITHOUT 5-min rule: $207,950.40
commission WITH 5-min rule:    $116,373.02
SAVINGS from 5-min rule:       $91,577.38
short-trade rows: (577626, Decimal('170662.42'))
8,467 accounts under IBs
MT5 done: 1,324,428 trades
MT4 done: 5,972 trades

trades built: 1,330,400   short(<5min): 577,237
commission WITHOUT 5-min rule: $207,992.69
commission WITH 5-min rule:    $116,382.50
SAVINGS from 5-min rule:       $91,610.19
short-trade rows: (577694, Decimal('173450.33'))
8,467 accounts under IBs
MT5 done: 1,324,428 trades
MT4 done: 5,972 trades

trades built: 1,330,400   short(<5min): 577,237
commission WITHOUT 5-min rule: $207,992.69
commission WITH 5-min rule:    $116,382.50
SAVINGS from 5-min rule:       $91,610.19
short-trade rows: (577694, Decimal('173450.33'))
8,467 accounts under IBs
MT5 done: 1,324,665 trades
MT4 done: 5,972 trades

trades built: 1,330,637   short(<5min): 577,328
commission WITHOUT 5-min rule: $208,081.17
commission WITH 5-min rule:    $116,402.21
SAVINGS from 5-min rule:       $91,678.97
short-trade rows: (577786, Decimal('173787.95'))
8,467 accounts under IBs
MT5 done: 1,324,773 trades
MT4 done: 6,021 trades

trades built: 1,330,794   short(<5min): 577,403
commission WITHOUT 5-min rule: $208,126.68
commission WITH 5-min rule:    $116,435.55
SAVINGS from 5-min rule:       $91,691.13
short-trade rows: (577861, Decimal('174076.33'))
8,465 accounts under IBs
MT5 done: 1,324,773 trades
MT4 done: 6,021 trades

trades built: 1,330,794   short(<5min): 577,403
commission WITHOUT 5-min rule: $208,126.68
commission WITH 5-min rule:    $116,435.55
SAVINGS from 5-min rule:       $91,691.13
short-trade rows: (577861, Decimal('174076.33'))
8,465 accounts under IBs
MT5 done: 1,324,928 trades
MT4 done: 6,021 trades

trades built: 1,330,949   short(<5min): 577,483
commission WITHOUT 5-min rule: $208,148.02
commission WITH 5-min rule:    $116,444.60
SAVINGS from 5-min rule:       $91,703.43
short-trade rows: (577941, Decimal('171190.45'))
8,465 accounts under IBs
MT5 done: 1,324,928 trades
MT4 done: 6,023 trades

trades built: 1,330,951   short(<5min): 577,483
commission WITHOUT 5-min rule: $208,148.50
commission WITH 5-min rule:    $116,445.08
SAVINGS from 5-min rule:       $91,703.43
short-trade rows: (577941, Decimal('171190.45'))
8,465 accounts under IBs
MT5 done: 1,325,001 trades
MT4 done: 6,023 trades

trades built: 1,331,024   short(<5min): 577,518
commission WITHOUT 5-min rule: $208,167.93
commission WITH 5-min rule:    $116,451.00
SAVINGS from 5-min rule:       $91,716.94
short-trade rows: (577979, Decimal('172149.16'))
8,467 accounts under IBs
MT5 done: 1,325,184 trades
MT4 done: 6,023 trades

trades built: 1,331,207   short(<5min): 577,575
commission WITHOUT 5-min rule: $208,201.26
commission WITH 5-min rule:    $116,473.47
SAVINGS from 5-min rule:       $91,727.80
short-trade rows: (577589, Decimal('171861.51'))
8,467 accounts under IBs
MT5 done: 1,325,184 trades
MT4 done: 6,023 trades

trades built: 1,331,207   short(<5min): 577,575
commission WITHOUT 5-min rule: $208,201.26
commission WITH 5-min rule:    $116,473.47
SAVINGS from 5-min rule:       $91,727.80
short-trade rows: (577589, Decimal('171861.51'))
8,467 accounts under IBs
MT5 done: 1,325,336 trades
MT4 done: 6,023 trades

trades built: 1,331,359   short(<5min): 577,647
commission WITHOUT 5-min rule: $208,233.54
commission WITH 5-min rule:    $116,489.36
SAVINGS from 5-min rule:       $91,744.18
short-trade rows: (577702, Decimal('171401.06'))
8,467 accounts under IBs
MT5 done: 1,325,336 trades
MT4 done: 6,023 trades

trades built: 1,331,359   short(<5min): 577,647
commission WITHOUT 5-min rule: $208,233.54
commission WITH 5-min rule:    $116,489.36
SAVINGS from 5-min rule:       $91,744.18
short-trade rows: (577702, Decimal('171401.06'))
8,467 accounts under IBs
MT5 done: 1,325,615 trades
MT4 done: 6,023 trades

trades built: 1,331,638   short(<5min): 577,786
commission WITHOUT 5-min rule: $208,261.05
commission WITH 5-min rule:    $116,497.11
SAVINGS from 5-min rule:       $91,763.94
short-trade rows: (577942, Decimal('170839.51'))
8,467 accounts under IBs
MT5 done: 1,325,850 trades
MT4 done: 6,023 trades

trades built: 1,331,873   short(<5min): 577,879
commission WITHOUT 5-min rule: $208,287.62
commission WITH 5-min rule:    $116,507.81
SAVINGS from 5-min rule:       $91,779.80
short-trade rows: (578165, Decimal('170646.80'))
8,467 accounts under IBs
MT5 done: 1,325,850 trades
MT4 done: 6,023 trades

trades built: 1,331,873   short(<5min): 577,879
commission WITHOUT 5-min rule: $208,287.62
commission WITH 5-min rule:    $116,507.81
SAVINGS from 5-min rule:       $91,779.80
short-trade rows: (578165, Decimal('170646.80'))
8,468 accounts under IBs
MT5 done: 1,325,990 trades
MT4 done: 6,023 trades

trades built: 1,332,013   short(<5min): 577,941
commission WITHOUT 5-min rule: $208,314.26
commission WITH 5-min rule:    $116,519.90
SAVINGS from 5-min rule:       $91,794.37
short-trade rows: (578264, Decimal('171016.37'))
8,468 accounts under IBs
MT5 done: 1,326,266 trades
MT4 done: 6,023 trades

trades built: 1,332,289   short(<5min): 577,999
commission WITHOUT 5-min rule: $208,331.15
commission WITH 5-min rule:    $116,526.41
SAVINGS from 5-min rule:       $91,804.74
short-trade rows: (578424, Decimal('171218.58'))
8,468 accounts under IBs
MT5 done: 1,326,266 trades
MT4 done: 6,023 trades

trades built: 1,332,289   short(<5min): 577,999
commission WITHOUT 5-min rule: $208,331.15
commission WITH 5-min rule:    $116,526.41
SAVINGS from 5-min rule:       $91,804.74
short-trade rows: (578424, Decimal('171218.58'))
8,468 accounts under IBs
MT5 done: 1,326,738 trades
MT4 done: 6,023 trades

trades built: 1,332,761   short(<5min): 578,030
commission WITHOUT 5-min rule: $208,357.18
commission WITH 5-min rule:    $116,535.70
SAVINGS from 5-min rule:       $91,821.48
short-trade rows: (578455, Decimal('171155.99'))
8,468 accounts under IBs
MT5 done: 1,326,738 trades
MT4 done: 6,023 trades

trades built: 1,332,761   short(<5min): 578,030
commission WITHOUT 5-min rule: $208,357.18
commission WITH 5-min rule:    $116,535.70
SAVINGS from 5-min rule:       $91,821.48
short-trade rows: (578455, Decimal('171155.99'))
8,468 accounts under IBs
MT5 done: 1,326,917 trades
MT4 done: 6,023 trades

trades built: 1,332,940   short(<5min): 578,124
commission WITHOUT 5-min rule: $208,383.48
commission WITH 5-min rule:    $116,545.35
SAVINGS from 5-min rule:       $91,838.13
short-trade rows: (578549, Decimal('171245.13'))
8,471 accounts under IBs
MT5 done: 1,327,037 trades
MT4 done: 6,023 trades

trades built: 1,333,060   short(<5min): 578,191
commission WITHOUT 5-min rule: $208,400.61
commission WITH 5-min rule:    $116,552.94
SAVINGS from 5-min rule:       $91,847.67
short-trade rows: (578616, Decimal('169650.09'))
8,469 accounts under IBs
MT5 done: 1,327,037 trades
MT4 done: 6,023 trades

trades built: 1,333,060   short(<5min): 578,191
commission WITHOUT 5-min rule: $208,400.61
commission WITH 5-min rule:    $116,552.94
SAVINGS from 5-min rule:       $91,847.67
short-trade rows: (578616, Decimal('169650.09'))
8,469 accounts under IBs
MT5 done: 1,327,065 trades
MT4 done: 6,023 trades

trades built: 1,333,088   short(<5min): 578,207
commission WITHOUT 5-min rule: $208,406.74
commission WITH 5-min rule:    $116,555.69
SAVINGS from 5-min rule:       $91,851.06
short-trade rows: (578632, Decimal('169559.27'))
8,469 accounts under IBs
MT5 done: 1,327,065 trades
MT4 done: 6,023 trades

trades built: 1,333,088   short(<5min): 578,207
commission WITHOUT 5-min rule: $208,406.74
commission WITH 5-min rule:    $116,555.69
SAVINGS from 5-min rule:       $91,851.06
short-trade rows: (578632, Decimal('169559.27'))
8,469 accounts under IBs
MT5 done: 1,327,087 trades
MT4 done: 6,102 trades

trades built: 1,333,189   short(<5min): 578,235
commission WITHOUT 5-min rule: $208,422.81
commission WITH 5-min rule:    $116,566.86
SAVINGS from 5-min rule:       $91,855.95
short-trade rows: (578660, Decimal('169579.57'))
8,469 accounts under IBs
MT5 done: 1,327,119 trades
MT4 done: 6,116 trades

trades built: 1,333,235   short(<5min): 578,242
commission WITHOUT 5-min rule: $208,429.52
commission WITH 5-min rule:    $116,573.42
SAVINGS from 5-min rule:       $91,856.10
short-trade rows: (578667, Decimal('169579.69'))
8,469 accounts under IBs
MT5 done: 1,327,119 trades
MT4 done: 6,131 trades

trades built: 1,333,250   short(<5min): 578,245
commission WITHOUT 5-min rule: $208,451.62
commission WITH 5-min rule:    $116,595.42
SAVINGS from 5-min rule:       $91,856.20
short-trade rows: (578670, Decimal('169579.69'))
8,469 accounts under IBs
MT5 done: 1,327,119 trades
MT4 done: 6,133 trades

trades built: 1,333,252   short(<5min): 578,245
commission WITHOUT 5-min rule: $208,451.63
commission WITH 5-min rule:    $116,595.43
SAVINGS from 5-min rule:       $91,856.20
short-trade rows: (578670, Decimal('169579.69'))
8,469 accounts under IBs
MT5 done: 1,327,119 trades
MT4 done: 6,135 trades

trades built: 1,333,254   short(<5min): 578,245
commission WITHOUT 5-min rule: $208,453.03
commission WITH 5-min rule:    $116,596.83
SAVINGS from 5-min rule:       $91,856.20
short-trade rows: (578670, Decimal('169579.69'))
8,469 accounts under IBs
MT5 done: 1,327,119 trades
MT4 done: 6,142 trades

trades built: 1,333,261   short(<5min): 578,245
commission WITHOUT 5-min rule: $208,457.23
commission WITH 5-min rule:    $116,601.03
SAVINGS from 5-min rule:       $91,856.20
short-trade rows: (578670, Decimal('169579.69'))
8,469 accounts under IBs
MT5 done: 1,327,113 trades
MT4 done: 6,184 trades

trades built: 1,333,297   short(<5min): 578,250
commission WITHOUT 5-min rule: $208,477.37
commission WITH 5-min rule:    $116,619.92
SAVINGS from 5-min rule:       $91,857.45
short-trade rows: (578675, Decimal('169585.83'))
8,469 accounts under IBs
MT5 done: 1,327,113 trades
MT4 done: 6,196 trades

trades built: 1,333,309   short(<5min): 578,252
commission WITHOUT 5-min rule: $208,477.53
commission WITH 5-min rule:    $116,619.98
SAVINGS from 5-min rule:       $91,857.55
short-trade rows: (578677, Decimal('169585.83'))
8,470 accounts under IBs
MT5 done: 1,327,183 trades
MT4 done: 6,220 trades

trades built: 1,333,403   short(<5min): 578,269
commission WITHOUT 5-min rule: $208,492.36
commission WITH 5-min rule:    $116,630.46
SAVINGS from 5-min rule:       $91,861.90
short-trade rows: (578694, Decimal('169962.75'))
8,470 accounts under IBs
MT5 done: 1,327,553 trades
MT4 done: 6,237 trades

trades built: 1,333,790   short(<5min): 578,498
commission WITHOUT 5-min rule: $208,533.32
commission WITH 5-min rule:    $116,650.56
SAVINGS from 5-min rule:       $91,882.76
short-trade rows: (578924, Decimal('168423.51'))
8,470 accounts under IBs
MT5 done: 1,327,553 trades
MT4 done: 6,250 trades

trades built: 1,333,803   short(<5min): 578,498
commission WITHOUT 5-min rule: $208,540.79
commission WITH 5-min rule:    $116,658.03
SAVINGS from 5-min rule:       $91,882.76
short-trade rows: (578924, Decimal('168423.51'))
8,470 accounts under IBs
MT5 done: 1,327,721 trades
MT4 done: 6,258 trades

trades built: 1,333,979   short(<5min): 578,583
commission WITHOUT 5-min rule: $208,566.63
commission WITH 5-min rule:    $116,672.67
SAVINGS from 5-min rule:       $91,893.96
short-trade rows: (579009, Decimal('168617.82'))
8,470 accounts under IBs
MT5 done: 1,327,721 trades
MT4 done: 6,275 trades

trades built: 1,333,996   short(<5min): 578,583
commission WITHOUT 5-min rule: $208,577.38
commission WITH 5-min rule:    $116,683.42
SAVINGS from 5-min rule:       $91,893.96
short-trade rows: (579009, Decimal('168617.82'))
8,470 accounts under IBs
MT5 done: 1,327,945 trades
MT4 done: 6,278 trades

trades built: 1,334,223   short(<5min): 578,711
commission WITHOUT 5-min rule: $208,627.11
commission WITH 5-min rule:    $116,701.88
SAVINGS from 5-min rule:       $91,925.24
short-trade rows: (579137, Decimal('171892.44'))
8,472 accounts under IBs
MT5 done: 1,328,045 trades
MT4 done: 6,281 trades

trades built: 1,334,326   short(<5min): 578,767
commission WITHOUT 5-min rule: $208,665.64
commission WITH 5-min rule:    $116,723.91
SAVINGS from 5-min rule:       $91,941.73
short-trade rows: (579194, Decimal('168941.56'))
8,470 accounts under IBs
MT5 done: 1,328,045 trades
MT4 done: 6,294 trades

trades built: 1,334,339   short(<5min): 578,767
commission WITHOUT 5-min rule: $208,666.75
commission WITH 5-min rule:    $116,725.02
SAVINGS from 5-min rule:       $91,941.73
short-trade rows: (579194, Decimal('168941.56'))
8,470 accounts under IBs
MT5 done: 1,328,287 trades
MT4 done: 6,304 trades

trades built: 1,334,591   short(<5min): 578,815
commission WITHOUT 5-min rule: $208,716.65
commission WITH 5-min rule:    $116,769.00
SAVINGS from 5-min rule:       $91,947.65
short-trade rows: (579242, Decimal('171547.23'))
8,470 accounts under IBs
MT5 done: 1,328,287 trades
MT4 done: 6,334 trades

trades built: 1,334,621   short(<5min): 578,815
commission WITHOUT 5-min rule: $208,717.28
commission WITH 5-min rule:    $116,769.63
SAVINGS from 5-min rule:       $91,947.65
short-trade rows: (579242, Decimal('171547.23'))
8,471 accounts under IBs
MT5 done: 1,328,687 trades
MT4 done: 6,334 trades

trades built: 1,335,021   short(<5min): 579,057
commission WITHOUT 5-min rule: $208,768.04
commission WITH 5-min rule:    $116,782.12
SAVINGS from 5-min rule:       $91,985.92
short-trade rows: (579484, Decimal('171042.98'))
8,471 accounts under IBs
MT5 done: 1,328,952 trades
MT4 done: 6,334 trades

trades built: 1,335,286   short(<5min): 579,195
commission WITHOUT 5-min rule: $208,811.82
commission WITH 5-min rule:    $116,792.70
SAVINGS from 5-min rule:       $92,019.13
short-trade rows: (579625, Decimal('171069.36'))
8,471 accounts under IBs
MT5 done: 1,328,952 trades
MT4 done: 6,334 trades

trades built: 1,335,286   short(<5min): 579,195
commission WITHOUT 5-min rule: $208,811.82
commission WITH 5-min rule:    $116,792.70
SAVINGS from 5-min rule:       $92,019.13
short-trade rows: (579625, Decimal('171069.36'))
8,471 accounts under IBs
MT5 done: 1,329,200 trades
MT4 done: 6,334 trades

trades built: 1,335,534   short(<5min): 579,308
commission WITHOUT 5-min rule: $208,851.29
commission WITH 5-min rule:    $116,812.58
SAVINGS from 5-min rule:       $92,038.71
short-trade rows: (579738, Decimal('170577.66'))
8,471 accounts under IBs
MT5 done: 1,329,200 trades
MT4 done: 6,334 trades

trades built: 1,335,534   short(<5min): 579,308
commission WITHOUT 5-min rule: $208,851.29
commission WITH 5-min rule:    $116,812.58
SAVINGS from 5-min rule:       $92,038.71
short-trade rows: (579738, Decimal('170577.66'))
8,471 accounts under IBs
MT5 done: 1,329,297 trades
MT4 done: 6,334 trades

trades built: 1,335,631   short(<5min): 579,362
commission WITHOUT 5-min rule: $208,868.73
commission WITH 5-min rule:    $116,822.02
SAVINGS from 5-min rule:       $92,046.71
short-trade rows: (579794, Decimal('170649.58'))
8,471 accounts under IBs
MT5 done: 1,329,494 trades
MT4 done: 6,334 trades

trades built: 1,335,828   short(<5min): 579,421
commission WITHOUT 5-min rule: $208,888.12
commission WITH 5-min rule:    $116,837.00
SAVINGS from 5-min rule:       $92,051.13
short-trade rows: (579853, Decimal('170641.86'))
8,471 accounts under IBs
MT5 done: 1,329,494 trades
MT4 done: 6,334 trades

trades built: 1,335,828   short(<5min): 579,421
commission WITHOUT 5-min rule: $208,888.12
commission WITH 5-min rule:    $116,837.00
SAVINGS from 5-min rule:       $92,051.13
short-trade rows: (579853, Decimal('170641.86'))
8,471 accounts under IBs
MT5 done: 1,329,762 trades
MT4 done: 6,334 trades

trades built: 1,336,096   short(<5min): 579,576
commission WITHOUT 5-min rule: $208,919.44
commission WITH 5-min rule:    $116,848.89
SAVINGS from 5-min rule:       $92,070.55
short-trade rows: (580042, Decimal('170789.12'))
8,471 accounts under IBs
MT5 done: 1,329,910 trades
MT4 done: 6,336 trades

trades built: 1,336,246   short(<5min): 579,642
commission WITHOUT 5-min rule: $208,948.29
commission WITH 5-min rule:    $116,866.30
SAVINGS from 5-min rule:       $92,082.00
short-trade rows: (580108, Decimal('171615.00'))
8,471 accounts under IBs
MT5 done: 1,329,910 trades
MT4 done: 6,336 trades

trades built: 1,336,246   short(<5min): 579,642
commission WITHOUT 5-min rule: $208,948.29
commission WITH 5-min rule:    $116,866.30
SAVINGS from 5-min rule:       $92,082.00
short-trade rows: (580108, Decimal('171615.00'))
8,471 accounts under IBs
MT5 done: 1,330,003 trades
MT4 done: 6,336 trades

trades built: 1,336,339   short(<5min): 579,700
commission WITHOUT 5-min rule: $208,962.56
commission WITH 5-min rule:    $116,872.86
SAVINGS from 5-min rule:       $92,089.70
short-trade rows: (580166, Decimal('171648.86'))
8,471 accounts under IBs
MT5 done: 1,330,003 trades
MT4 done: 6,337 trades

trades built: 1,336,340   short(<5min): 579,700
commission WITHOUT 5-min rule: $208,962.94
commission WITH 5-min rule:    $116,873.24
SAVINGS from 5-min rule:       $92,089.70
short-trade rows: (580166, Decimal('171648.86'))
8,471 accounts under IBs
MT5 done: 1,330,087 trades
MT4 done: 6,340 trades

trades built: 1,336,427   short(<5min): 579,735
commission WITHOUT 5-min rule: $208,974.87
commission WITH 5-min rule:    $116,880.03
SAVINGS from 5-min rule:       $92,094.84
short-trade rows: (579746, Decimal('171838.43'))
8,471 accounts under IBs
MT5 done: 1,330,196 trades
MT4 done: 6,343 trades

trades built: 1,336,539   short(<5min): 579,789
commission WITHOUT 5-min rule: $208,986.09
commission WITH 5-min rule:    $116,887.53
SAVINGS from 5-min rule:       $92,098.56
short-trade rows: (579800, Decimal('171510.56'))
8,471 accounts under IBs
MT5 done: 1,330,196 trades
MT4 done: 6,379 trades

trades built: 1,336,575   short(<5min): 579,816
commission WITHOUT 5-min rule: $208,991.85
commission WITH 5-min rule:    $116,887.61
SAVINGS from 5-min rule:       $92,104.23
short-trade rows: (579827, Decimal('171510.56'))
8,472 accounts under IBs
MT5 done: 1,330,487 trades
MT4 done: 6,382 trades

trades built: 1,336,869   short(<5min): 579,902
commission WITHOUT 5-min rule: $209,004.86
commission WITH 5-min rule:    $116,892.14
SAVINGS from 5-min rule:       $92,112.72
short-trade rows: (580015, Decimal('171788.54'))
8,472 accounts under IBs
MT5 done: 1,330,487 trades
MT4 done: 6,383 trades

trades built: 1,336,870   short(<5min): 579,902
commission WITHOUT 5-min rule: $209,005.01
commission WITH 5-min rule:    $116,892.29
SAVINGS from 5-min rule:       $92,112.72
short-trade rows: (580015, Decimal('171788.54'))
8,472 accounts under IBs
MT5 done: 1,330,587 trades
MT4 done: 6,388 trades

trades built: 1,336,975   short(<5min): 579,939
commission WITHOUT 5-min rule: $209,023.91
commission WITH 5-min rule:    $116,902.97
SAVINGS from 5-min rule:       $92,120.94
short-trade rows: (580092, Decimal('172841.82'))
8,472 accounts under IBs
MT5 done: 1,330,644 trades
MT4 done: 6,399 trades

trades built: 1,337,043   short(<5min): 579,955
commission WITHOUT 5-min rule: $209,035.90
commission WITH 5-min rule:    $116,911.47
SAVINGS from 5-min rule:       $92,124.43
short-trade rows: (580123, Decimal('172943.31'))
8,472 accounts under IBs
MT5 done: 1,330,644 trades
MT4 done: 6,411 trades

trades built: 1,337,055   short(<5min): 579,955
commission WITHOUT 5-min rule: $209,036.32
commission WITH 5-min rule:    $116,911.89
SAVINGS from 5-min rule:       $92,124.43
short-trade rows: (580123, Decimal('172943.31'))
8,473 accounts under IBs
MT5 done: 1,330,688 trades
MT4 done: 6,422 trades

trades built: 1,337,110   short(<5min): 580,025
commission WITHOUT 5-min rule: $209,045.78
commission WITH 5-min rule:    $116,917.43
SAVINGS from 5-min rule:       $92,128.35
short-trade rows: (580197, Decimal('172190.80'))
8,473 accounts under IBs
MT5 done: 1,330,688 trades
MT4 done: 6,426 trades

trades built: 1,337,114   short(<5min): 580,025
commission WITHOUT 5-min rule: $209,046.58
commission WITH 5-min rule:    $116,918.23
SAVINGS from 5-min rule:       $92,128.35
short-trade rows: (580197, Decimal('172190.80'))
8,473 accounts under IBs
MT5 done: 1,330,720 trades
MT4 done: 6,432 trades

trades built: 1,337,152   short(<5min): 580,037
commission WITHOUT 5-min rule: $209,050.79
commission WITH 5-min rule:    $116,921.20
SAVINGS from 5-min rule:       $92,129.58
short-trade rows: (580228, Decimal('172317.75'))
8,473 accounts under IBs
MT5 done: 1,330,752 trades
MT4 done: 6,436 trades

trades built: 1,337,188   short(<5min): 580,048
commission WITHOUT 5-min rule: $209,053.08
commission WITH 5-min rule:    $116,922.90
SAVINGS from 5-min rule:       $92,130.18
short-trade rows: (580252, Decimal('172320.40'))
8,474 accounts under IBs
MT5 done: 1,330,752 trades
MT4 done: 6,439 trades

trades built: 1,337,191   short(<5min): 580,048
commission WITHOUT 5-min rule: $209,053.09
commission WITH 5-min rule:    $116,922.91
SAVINGS from 5-min rule:       $92,130.18
short-trade rows: (580252, Decimal('172320.40'))
8,474 accounts under IBs
MT5 done: 1,330,797 trades
MT4 done: 6,442 trades

trades built: 1,337,239   short(<5min): 580,087
commission WITHOUT 5-min rule: $209,056.02
commission WITH 5-min rule:    $116,924.35
SAVINGS from 5-min rule:       $92,131.67
short-trade rows: (580316, Decimal('173571.64'))
8,474 accounts under IBs
MT5 done: 1,330,797 trades
MT4 done: 6,446 trades

trades built: 1,337,243   short(<5min): 580,087
commission WITHOUT 5-min rule: $209,056.98
commission WITH 5-min rule:    $116,925.31
SAVINGS from 5-min rule:       $92,131.67
short-trade rows: (580316, Decimal('173571.64'))
8,474 accounts under IBs
MT5 done: 1,330,919 trades
MT4 done: 6,452 trades

trades built: 1,337,371   short(<5min): 580,150
commission WITHOUT 5-min rule: $209,064.98
commission WITH 5-min rule:    $116,929.95
SAVINGS from 5-min rule:       $92,135.03
short-trade rows: (580476, Decimal('173426.14'))
8,476 accounts under IBs
MT5 done: 1,330,938 trades
MT4 done: 6,455 trades

trades built: 1,337,393   short(<5min): 580,164
commission WITHOUT 5-min rule: $209,066.22
commission WITH 5-min rule:    $116,930.94
SAVINGS from 5-min rule:       $92,135.28
short-trade rows: (580492, Decimal('173980.93'))
8,476 accounts under IBs
MT5 done: 1,330,938 trades
MT4 done: 6,456 trades

trades built: 1,337,394   short(<5min): 580,164
commission WITHOUT 5-min rule: $209,066.22
commission WITH 5-min rule:    $116,930.94
SAVINGS from 5-min rule:       $92,135.28
short-trade rows: (580492, Decimal('173980.93'))
8,476 accounts under IBs
MT5 done: 1,330,987 trades
MT4 done: 6,456 trades

trades built: 1,337,443   short(<5min): 580,180
commission WITHOUT 5-min rule: $209,070.04
commission WITH 5-min rule:    $116,933.76
SAVINGS from 5-min rule:       $92,136.28
short-trade rows: (580508, Decimal('173943.35'))
8,476 accounts under IBs
MT5 done: 1,330,987 trades
MT4 done: 6,463 trades

trades built: 1,337,450   short(<5min): 580,180
commission WITHOUT 5-min rule: $209,070.34
commission WITH 5-min rule:    $116,934.06
SAVINGS from 5-min rule:       $92,136.28
short-trade rows: (580508, Decimal('173943.35'))
8,476 accounts under IBs
MT5 done: 1,331,141 trades
MT4 done: 6,466 trades

trades built: 1,337,607   short(<5min): 580,205
commission WITHOUT 5-min rule: $209,102.18
commission WITH 5-min rule:    $116,950.39
SAVINGS from 5-min rule:       $92,151.79
short-trade rows: (580622, Decimal('174390.19'))
8,477 accounts under IBs
MT5 done: 1,331,330 trades
MT4 done: 6,467 trades

trades built: 1,337,797   short(<5min): 580,310
commission WITHOUT 5-min rule: $209,122.26
commission WITH 5-min rule:    $116,959.51
SAVINGS from 5-min rule:       $92,162.74
short-trade rows: (580744, Decimal('174203.70'))
8,477 accounts under IBs
MT5 done: 1,331,330 trades
MT4 done: 6,472 trades

trades built: 1,337,802   short(<5min): 580,310
commission WITHOUT 5-min rule: $209,125.05
commission WITH 5-min rule:    $116,962.30
SAVINGS from 5-min rule:       $92,162.74
short-trade rows: (580744, Decimal('174203.70'))
8,477 accounts under IBs
MT5 done: 1,331,365 trades
MT4 done: 6,472 trades

trades built: 1,337,837   short(<5min): 580,333
commission WITHOUT 5-min rule: $209,131.32
commission WITH 5-min rule:    $116,964.39
SAVINGS from 5-min rule:       $92,166.94
short-trade rows: (580767, Decimal('171548.17'))
8,477 accounts under IBs
MT5 done: 1,331,365 trades
MT4 done: 6,483 trades

trades built: 1,337,848   short(<5min): 580,333
commission WITHOUT 5-min rule: $209,131.51
commission WITH 5-min rule:    $116,964.58
SAVINGS from 5-min rule:       $92,166.94
short-trade rows: (580767, Decimal('171548.17'))
8,477 accounts under IBs
MT5 done: 1,331,660 trades
MT4 done: 6,484 trades

trades built: 1,338,144   short(<5min): 580,526
commission WITHOUT 5-min rule: $209,166.85
commission WITH 5-min rule:    $116,974.44
SAVINGS from 5-min rule:       $92,192.41
short-trade rows: (580960, Decimal('171455.27'))
8,477 accounts under IBs
MT5 done: 1,331,660 trades
MT4 done: 6,484 trades

trades built: 1,338,144   short(<5min): 580,526
commission WITHOUT 5-min rule: $209,166.85
commission WITH 5-min rule:    $116,974.44
SAVINGS from 5-min rule:       $92,192.41
short-trade rows: (580960, Decimal('171455.27'))
8,477 accounts under IBs
MT5 done: 1,332,155 trades
MT4 done: 6,486 trades

trades built: 1,338,641   short(<5min): 580,576
commission WITHOUT 5-min rule: $209,184.43
commission WITH 5-min rule:    $116,988.30
SAVINGS from 5-min rule:       $92,196.13
short-trade rows: (581010, Decimal('171189.06'))
8,479 accounts under IBs
MT5 done: 1,332,356 trades
MT4 done: 6,491 trades

trades built: 1,338,847   short(<5min): 580,665
commission WITHOUT 5-min rule: $209,211.11
commission WITH 5-min rule:    $117,005.58
SAVINGS from 5-min rule:       $92,205.53
short-trade rows: (581099, Decimal('171321.05'))
8,477 accounts under IBs
MT5 done: 1,332,356 trades
MT4 done: 6,495 trades

trades built: 1,338,851   short(<5min): 580,665
commission WITHOUT 5-min rule: $209,211.41
commission WITH 5-min rule:    $117,005.88
SAVINGS from 5-min rule:       $92,205.53
short-trade rows: (581099, Decimal('171321.05'))
8,477 accounts under IBs
MT5 done: 1,332,513 trades
MT4 done: 6,521 trades

trades built: 1,339,034   short(<5min): 580,738
commission WITHOUT 5-min rule: $209,233.93
commission WITH 5-min rule:    $117,019.09
SAVINGS from 5-min rule:       $92,214.84
short-trade rows: (581172, Decimal('173866.24'))
8,477 accounts under IBs
MT5 done: 1,332,513 trades
MT4 done: 6,531 trades

trades built: 1,339,044   short(<5min): 580,738
commission WITHOUT 5-min rule: $209,234.79
commission WITH 5-min rule:    $117,019.95
SAVINGS from 5-min rule:       $92,214.84
short-trade rows: (581172, Decimal('173866.24'))
8,477 accounts under IBs
MT5 done: 1,332,873 trades
MT4 done: 6,537 trades

trades built: 1,339,410   short(<5min): 580,759
commission WITHOUT 5-min rule: $209,240.69
commission WITH 5-min rule:    $117,024.71
SAVINGS from 5-min rule:       $92,215.98
short-trade rows: (581193, Decimal('174483.30'))
8,477 accounts under IBs
MT5 done: 1,332,873 trades
MT4 done: 6,577 trades

trades built: 1,339,450   short(<5min): 580,762
commission WITHOUT 5-min rule: $209,243.66
commission WITH 5-min rule:    $117,025.89
SAVINGS from 5-min rule:       $92,217.78
short-trade rows: (581196, Decimal('174483.30'))
8,477 accounts under IBs
MT5 done: 1,333,126 trades
MT4 done: 6,587 trades

trades built: 1,339,713   short(<5min): 580,807
commission WITHOUT 5-min rule: $209,263.22
commission WITH 5-min rule:    $117,038.76
SAVINGS from 5-min rule:       $92,224.46
short-trade rows: (581241, Decimal('174985.19'))
8,477 accounts under IBs
8,478 accounts under IBs
MT5 done: 1,333,294 trades
MT4 done: 6,598 trades

trades built: 1,339,892   short(<5min): 580,931
commission WITHOUT 5-min rule: $209,283.65
commission WITH 5-min rule:    $117,050.50
SAVINGS from 5-min rule:       $92,233.15
short-trade rows: (581366, Decimal('176167.70'))
8,478 accounts under IBs
MT5 done: 1,333,384 trades
MT4 done: 6,639 trades

trades built: 1,340,023   short(<5min): 580,981
commission WITHOUT 5-min rule: $209,300.21
commission WITH 5-min rule:    $117,055.16
SAVINGS from 5-min rule:       $92,245.05
short-trade rows: (581416, Decimal('177258.22'))
8,479 accounts under IBs
MT5 done: 1,333,384 trades
MT4 done: 6,641 trades

trades built: 1,340,025   short(<5min): 580,981
commission WITHOUT 5-min rule: $209,300.45
commission WITH 5-min rule:    $117,055.40
SAVINGS from 5-min rule:       $92,245.05
short-trade rows: (581416, Decimal('177258.22'))
8,481 accounts under IBs
MT5 done: 1,333,586 trades
MT4 done: 6,650 trades

trades built: 1,340,236   short(<5min): 581,049
commission WITHOUT 5-min rule: $209,337.16
commission WITH 5-min rule:    $117,070.42
SAVINGS from 5-min rule:       $92,266.74
short-trade rows: (581485, Decimal('174904.72'))
8,481 accounts under IBs
MT5 done: 1,333,586 trades
MT4 done: 6,657 trades

trades built: 1,340,243   short(<5min): 581,050
commission WITHOUT 5-min rule: $209,337.43
commission WITH 5-min rule:    $117,070.61
SAVINGS from 5-min rule:       $92,266.82
short-trade rows: (581486, Decimal('174904.72'))
8,482 accounts under IBs
MT5 done: 1,333,951 trades
MT4 done: 6,657 trades

trades built: 1,340,608   short(<5min): 581,094
commission WITHOUT 5-min rule: $209,361.48
commission WITH 5-min rule:    $117,079.61
SAVINGS from 5-min rule:       $92,281.87
short-trade rows: (581530, Decimal('175251.21'))
8,482 accounts under IBs
MT5 done: 1,333,951 trades
MT4 done: 6,675 trades

trades built: 1,340,626   short(<5min): 581,094
commission WITHOUT 5-min rule: $209,361.69
commission WITH 5-min rule:    $117,079.82
SAVINGS from 5-min rule:       $92,281.87
short-trade rows: (581530, Decimal('175251.21'))
8,482 accounts under IBs
MT5 done: 1,334,176 trades
MT4 done: 6,745 trades

trades built: 1,340,921   short(<5min): 581,212
commission WITHOUT 5-min rule: $209,397.60
commission WITH 5-min rule:    $117,088.62
SAVINGS from 5-min rule:       $92,308.98
short-trade rows: (581648, Decimal('175947.03'))
8,482 accounts under IBs
MT5 done: 1,334,176 trades
MT4 done: 6,780 trades

trades built: 1,340,956   short(<5min): 581,212
commission WITHOUT 5-min rule: $209,400.03
commission WITH 5-min rule:    $117,091.05
SAVINGS from 5-min rule:       $92,308.98
short-trade rows: (581648, Decimal('175947.03'))
8,484 accounts under IBs
MT5 done: 1,334,510 trades
MT4 done: 6,807 trades

trades built: 1,341,317   short(<5min): 581,392
commission WITHOUT 5-min rule: $209,452.55
commission WITH 5-min rule:    $117,099.18
SAVINGS from 5-min rule:       $92,353.37
short-trade rows: (581837, Decimal('173870.38'))
8,484 accounts under IBs
MT5 done: 1,334,665 trades
MT4 done: 6,824 trades

trades built: 1,341,489   short(<5min): 581,462
commission WITHOUT 5-min rule: $209,473.47
commission WITH 5-min rule:    $117,111.64
SAVINGS from 5-min rule:       $92,361.83
short-trade rows: (581907, Decimal('174802.25'))
8,485 accounts under IBs
MT5 done: 1,334,665 trades
MT4 done: 6,905 trades

trades built: 1,341,570   short(<5min): 581,465
commission WITHOUT 5-min rule: $209,475.41
commission WITH 5-min rule:    $117,113.36
SAVINGS from 5-min rule:       $92,362.06
short-trade rows: (581910, Decimal('174802.25'))
8,486 accounts under IBs
MT5 done: 1,334,887 trades
MT4 done: 6,935 trades

trades built: 1,341,822   short(<5min): 581,546
commission WITHOUT 5-min rule: $209,505.64
commission WITH 5-min rule:    $117,129.71
SAVINGS from 5-min rule:       $92,375.94
short-trade rows: (581991, Decimal('174607.88'))
8,486 accounts under IBs
MT5 done: 1,334,887 trades
MT4 done: 6,971 trades

trades built: 1,341,858   short(<5min): 581,550
commission WITHOUT 5-min rule: $209,508.36
commission WITH 5-min rule:    $117,131.68
SAVINGS from 5-min rule:       $92,376.69
short-trade rows: (581995, Decimal('174607.88'))
8,487 accounts under IBs
MT5 done: 1,335,109 trades
MT4 done: 6,997 trades

trades built: 1,342,106   short(<5min): 581,656
commission WITHOUT 5-min rule: $209,538.52
commission WITH 5-min rule:    $117,147.68
SAVINGS from 5-min rule:       $92,390.84
short-trade rows: (581666, Decimal('174197.66'))
8,487 accounts under IBs
MT5 done: 1,335,109 trades
MT4 done: 7,027 trades

trades built: 1,342,136   short(<5min): 581,674
commission WITHOUT 5-min rule: $209,540.54
commission WITH 5-min rule:    $117,148.78
SAVINGS from 5-min rule:       $92,391.76
short-trade rows: (581684, Decimal('174197.66'))
8,487 accounts under IBs
MT5 done: 1,335,359 trades
MT4 done: 7,078 trades

trades built: 1,342,437   short(<5min): 581,772
commission WITHOUT 5-min rule: $209,592.24
commission WITH 5-min rule:    $117,179.30
SAVINGS from 5-min rule:       $92,412.94
short-trade rows: (581867, Decimal('173544.53'))
8,487 accounts under IBs
MT5 done: 1,335,359 trades
MT4 done: 7,098 trades

trades built: 1,342,457   short(<5min): 581,776
commission WITHOUT 5-min rule: $209,597.05
commission WITH 5-min rule:    $117,183.05
SAVINGS from 5-min rule:       $92,414.00
short-trade rows: (581871, Decimal('173544.53'))
8,490 accounts under IBs
MT5 done: 1,335,694 trades
MT4 done: 7,102 trades

trades built: 1,342,796   short(<5min): 581,932
commission WITHOUT 5-min rule: $209,638.59
commission WITH 5-min rule:    $117,202.39
SAVINGS from 5-min rule:       $92,436.20
short-trade rows: (582111, Decimal('174681.24'))
8,490 accounts under IBs
MT5 done: 1,335,694 trades
MT4 done: 7,104 trades

trades built: 1,342,798   short(<5min): 581,932
commission WITHOUT 5-min rule: $209,638.75
commission WITH 5-min rule:    $117,202.55
SAVINGS from 5-min rule:       $92,436.20
short-trade rows: (582111, Decimal('174681.24'))
8,490 accounts under IBs
MT5 done: 1,336,119 trades
MT4 done: 7,120 trades

trades built: 1,343,239   short(<5min): 582,083
commission WITHOUT 5-min rule: $209,707.72
commission WITH 5-min rule:    $117,239.74
SAVINGS from 5-min rule:       $92,467.98
short-trade rows: (582439, Decimal('172143.99'))
8,490 accounts under IBs
MT5 done: 1,336,119 trades
MT4 done: 7,134 trades

trades built: 1,343,253   short(<5min): 582,084
commission WITHOUT 5-min rule: $209,709.47
commission WITH 5-min rule:    $117,241.44
SAVINGS from 5-min rule:       $92,468.03
short-trade rows: (582440, Decimal('172143.99'))
8,490 accounts under IBs
MT5 done: 1,336,520 trades
MT4 done: 7,140 trades

trades built: 1,343,660   short(<5min): 582,232
commission WITHOUT 5-min rule: $209,769.81
commission WITH 5-min rule:    $117,266.84
SAVINGS from 5-min rule:       $92,502.97
short-trade rows: (582677, Decimal('172369.13'))
8,491 accounts under IBs
MT5 done: 1,336,693 trades
MT4 done: 7,144 trades

trades built: 1,343,837   short(<5min): 582,299
commission WITHOUT 5-min rule: $209,791.58
commission WITH 5-min rule:    $117,276.68
SAVINGS from 5-min rule:       $92,514.90
short-trade rows: (582744, Decimal('169822.44'))
8,491 accounts under IBs
MT5 done: 1,336,841 trades
MT4 done: 7,144 trades

trades built: 1,343,985   short(<5min): 582,348
commission WITHOUT 5-min rule: $209,812.42
commission WITH 5-min rule:    $117,290.46
SAVINGS from 5-min rule:       $92,521.96
short-trade rows: (582793, Decimal('169095.94'))
8,493 accounts under IBs
MT5 done: 1,337,053 trades
MT4 done: 7,157 trades

trades built: 1,344,210   short(<5min): 582,437
commission WITHOUT 5-min rule: $209,859.92
commission WITH 5-min rule:    $117,316.03
SAVINGS from 5-min rule:       $92,543.89
short-trade rows: (582882, Decimal('168994.60'))
8,493 accounts under IBs
MT5 done: 1,337,218 trades
MT4 done: 7,164 trades

trades built: 1,344,382   short(<5min): 582,594
commission WITHOUT 5-min rule: $209,906.71
commission WITH 5-min rule:    $117,323.27
SAVINGS from 5-min rule:       $92,583.45
short-trade rows: (583040, Decimal('171132.95'))
8,495 accounts under IBs
MT5 done: 1,337,394 trades
MT4 done: 7,167 trades

trades built: 1,344,561   short(<5min): 582,659
commission WITHOUT 5-min rule: $209,943.71
commission WITH 5-min rule:    $117,340.82
SAVINGS from 5-min rule:       $92,602.89
short-trade rows: (583106, Decimal('170803.24'))
8,493 accounts under IBs
MT5 done: 1,337,569 trades
MT4 done: 7,180 trades

trades built: 1,344,749   short(<5min): 582,750
commission WITHOUT 5-min rule: $209,976.21
commission WITH 5-min rule:    $117,359.75
SAVINGS from 5-min rule:       $92,616.46
short-trade rows: (583197, Decimal('171374.07'))
8,495 accounts under IBs
MT5 done: 1,338,147 trades
MT4 done: 7,182 trades

trades built: 1,345,329   short(<5min): 583,087
commission WITHOUT 5-min rule: $210,064.37
commission WITH 5-min rule:    $117,398.30
SAVINGS from 5-min rule:       $92,666.07
short-trade rows: (583534, Decimal('171329.46'))
8,496 accounts under IBs
MT5 done: 1,338,399 trades
MT4 done: 7,184 trades

trades built: 1,345,583   short(<5min): 583,229
commission WITHOUT 5-min rule: $210,087.66
commission WITH 5-min rule:    $117,406.15
SAVINGS from 5-min rule:       $92,681.52
short-trade rows: (583676, Decimal('168030.81'))
8,496 accounts under IBs
MT5 done: 1,338,657 trades
MT4 done: 7,191 trades

trades built: 1,345,848   short(<5min): 583,336
commission WITHOUT 5-min rule: $210,116.09
commission WITH 5-min rule:    $117,423.11
SAVINGS from 5-min rule:       $92,692.98
short-trade rows: (583783, Decimal('169739.59'))
8,496 accounts under IBs
MT5 done: 1,338,944 trades
MT4 done: 7,212 trades

trades built: 1,346,156   short(<5min): 583,536
commission WITHOUT 5-min rule: $210,159.09
commission WITH 5-min rule:    $117,442.75
SAVINGS from 5-min rule:       $92,716.34
short-trade rows: (583984, Decimal('169225.99'))
8,496 accounts under IBs
MT5 done: 1,339,339 trades
MT4 done: 7,218 trades

trades built: 1,346,557   short(<5min): 583,754
commission WITHOUT 5-min rule: $210,206.99
commission WITH 5-min rule:    $117,464.14
SAVINGS from 5-min rule:       $92,742.85
short-trade rows: (584204, Decimal('168871.50'))
8,497 accounts under IBs
MT5 done: 1,339,573 trades
MT4 done: 7,219 trades

trades built: 1,346,792   short(<5min): 583,870
commission WITHOUT 5-min rule: $210,229.49
commission WITH 5-min rule:    $117,473.51
SAVINGS from 5-min rule:       $92,755.98
short-trade rows: (584322, Decimal('167972.23'))
8,497 accounts under IBs
MT5 done: 1,339,883 trades
MT4 done: 7,230 trades

trades built: 1,347,113   short(<5min): 584,086
commission WITHOUT 5-min rule: $210,262.95
commission WITH 5-min rule:    $117,485.84
SAVINGS from 5-min rule:       $92,777.10
short-trade rows: (584538, Decimal('171849.67'))
8,497 accounts under IBs
MT5 done: 1,340,062 trades
MT4 done: 7,232 trades

trades built: 1,347,294   short(<5min): 584,230
commission WITHOUT 5-min rule: $210,285.86
commission WITH 5-min rule:    $117,493.58
SAVINGS from 5-min rule:       $92,792.28
short-trade rows: (584682, Decimal('171545.26'))
8,497 accounts under IBs
MT5 done: 1,340,350 trades
MT4 done: 7,244 trades

trades built: 1,347,594   short(<5min): 584,356
commission WITHOUT 5-min rule: $210,307.67
commission WITH 5-min rule:    $117,504.98
SAVINGS from 5-min rule:       $92,802.69
short-trade rows: (584444, Decimal('172017.24'))
8,497 accounts under IBs
MT5 done: 1,340,469 trades
MT4 done: 7,251 trades

trades built: 1,347,720   short(<5min): 584,428
commission WITHOUT 5-min rule: $210,321.18
commission WITH 5-min rule:    $117,509.57
SAVINGS from 5-min rule:       $92,811.61
short-trade rows: (584538, Decimal('171198.36'))
8,497 accounts under IBs
MT5 done: 1,340,812 trades
MT4 done: 7,268 trades

trades built: 1,348,080   short(<5min): 584,600
commission WITHOUT 5-min rule: $210,350.35
commission WITH 5-min rule:    $117,521.71
SAVINGS from 5-min rule:       $92,828.64
short-trade rows: (584820, Decimal('169109.17'))
8,498 accounts under IBs
MT5 done: 1,340,976 trades
MT4 done: 7,271 trades

trades built: 1,348,247   short(<5min): 584,693
commission WITHOUT 5-min rule: $210,370.70
commission WITH 5-min rule:    $117,531.09
SAVINGS from 5-min rule:       $92,839.61
short-trade rows: (585030, Decimal('168959.74'))
8,498 accounts under IBs
MT5 done: 1,341,092 trades
MT4 done: 7,298 trades

trades built: 1,348,390   short(<5min): 584,744
commission WITHOUT 5-min rule: $210,397.38
commission WITH 5-min rule:    $117,547.04
SAVINGS from 5-min rule:       $92,850.35
short-trade rows: (585083, Decimal('169144.30'))
8,499 accounts under IBs
MT5 done: 1,341,259 trades
MT4 done: 7,321 trades

trades built: 1,348,580   short(<5min): 584,826
commission WITHOUT 5-min rule: $210,418.82
commission WITH 5-min rule:    $117,557.02
SAVINGS from 5-min rule:       $92,861.79
short-trade rows: (585270, Decimal('171907.30'))
8,499 accounts under IBs
MT5 done: 1,341,543 trades
MT4 done: 7,325 trades

trades built: 1,348,868   short(<5min): 584,930
commission WITHOUT 5-min rule: $210,449.31
commission WITH 5-min rule:    $117,572.27
SAVINGS from 5-min rule:       $92,877.04
short-trade rows: (585383, Decimal('172244.52'))
8,499 accounts under IBs
MT5 done: 1,341,637 trades
MT4 done: 7,331 trades

trades built: 1,348,968   short(<5min): 584,995
commission WITHOUT 5-min rule: $210,469.13
commission WITH 5-min rule:    $117,578.98
SAVINGS from 5-min rule:       $92,890.15
short-trade rows: (585448, Decimal('169845.69'))
8,501 accounts under IBs
MT5 done: 1,341,746 trades
MT4 done: 7,337 trades

trades built: 1,349,083   short(<5min): 585,063
commission WITHOUT 5-min rule: $210,476.22
commission WITH 5-min rule:    $117,581.86
SAVINGS from 5-min rule:       $92,894.36
short-trade rows: (585516, Decimal('170565.54'))
8,503 accounts under IBs
MT5 done: 1,341,917 trades
MT4 done: 7,344 trades

trades built: 1,349,261   short(<5min): 585,173
commission WITHOUT 5-min rule: $210,495.41
commission WITH 5-min rule:    $117,591.78
SAVINGS from 5-min rule:       $92,903.62
short-trade rows: (585626, Decimal('170779.50'))
8,503 accounts under IBs
MT5 done: 1,342,032 trades
MT4 done: 7,352 trades

trades built: 1,349,384   short(<5min): 585,233
commission WITHOUT 5-min rule: $210,510.47
commission WITH 5-min rule:    $117,599.68
SAVINGS from 5-min rule:       $92,910.79
short-trade rows: (585686, Decimal('170241.52'))
8,505 accounts under IBs
MT5 done: 1,342,306 trades
MT4 done: 7,352 trades

trades built: 1,349,658   short(<5min): 585,344
commission WITHOUT 5-min rule: $210,535.68
commission WITH 5-min rule:    $117,613.25
SAVINGS from 5-min rule:       $92,922.43
short-trade rows: (585797, Decimal('172889.77'))
8,504 accounts under IBs
MT5 done: 1,342,409 trades
MT4 done: 7,355 trades

trades built: 1,349,764   short(<5min): 585,407
commission WITHOUT 5-min rule: $210,555.28
commission WITH 5-min rule:    $117,625.76
SAVINGS from 5-min rule:       $92,929.51
short-trade rows: (585860, Decimal('168927.67'))
8,504 accounts under IBs
MT5 done: 1,342,596 trades
MT4 done: 7,359 trades

trades built: 1,349,955   short(<5min): 585,554
commission WITHOUT 5-min rule: $210,586.86
commission WITH 5-min rule:    $117,641.38
SAVINGS from 5-min rule:       $92,945.48
short-trade rows: (586007, Decimal('169873.40'))
8,504 accounts under IBs
MT5 done: 1,342,748 trades
MT4 done: 7,359 trades

trades built: 1,350,107   short(<5min): 585,616
commission WITHOUT 5-min rule: $210,617.73
commission WITH 5-min rule:    $117,651.09
SAVINGS from 5-min rule:       $92,966.63
short-trade rows: (586070, Decimal('169491.75'))
8,504 accounts under IBs
MT5 done: 1,342,868 trades
MT4 done: 7,359 trades

trades built: 1,350,227   short(<5min): 585,692
commission WITHOUT 5-min rule: $210,628.18
commission WITH 5-min rule:    $117,655.36
SAVINGS from 5-min rule:       $92,972.82
short-trade rows: (586146, Decimal('169542.12'))
8,504 accounts under IBs
MT5 done: 1,342,972 trades
MT4 done: 7,373 trades

trades built: 1,350,345   short(<5min): 585,742
commission WITHOUT 5-min rule: $210,637.89
commission WITH 5-min rule:    $117,659.49
SAVINGS from 5-min rule:       $92,978.40
short-trade rows: (586196, Decimal('168889.91'))
8,504 accounts under IBs
MT5 done: 1,343,060 trades
MT4 done: 7,383 trades

trades built: 1,350,443   short(<5min): 585,806
commission WITHOUT 5-min rule: $210,649.83
commission WITH 5-min rule:    $117,661.76
SAVINGS from 5-min rule:       $92,988.07
short-trade rows: (586260, Decimal('171824.23'))
8,504 accounts under IBs
MT5 done: 1,343,262 trades
MT4 done: 7,392 trades

trades built: 1,350,654   short(<5min): 585,884
commission WITHOUT 5-min rule: $210,680.15
commission WITH 5-min rule:    $117,677.70
SAVINGS from 5-min rule:       $93,002.45
short-trade rows: (586338, Decimal('170620.82'))
8,504 accounts under IBs
MT5 done: 1,343,448 trades
MT4 done: 7,395 trades

trades built: 1,350,843   short(<5min): 586,009
commission WITHOUT 5-min rule: $210,740.73
commission WITH 5-min rule:    $117,697.31
SAVINGS from 5-min rule:       $93,043.42
short-trade rows: (586463, Decimal('170392.66'))
8,504 accounts under IBs
MT5 done: 1,343,536 trades
MT4 done: 7,410 trades

trades built: 1,350,946   short(<5min): 586,065
commission WITHOUT 5-min rule: $210,772.35
commission WITH 5-min rule:    $117,705.72
SAVINGS from 5-min rule:       $93,066.62
short-trade rows: (586519, Decimal('168294.55'))
8,505 accounts under IBs
MT5 done: 1,343,742 trades
MT4 done: 7,415 trades

trades built: 1,351,157   short(<5min): 586,183
commission WITHOUT 5-min rule: $210,808.43
commission WITH 5-min rule:    $117,719.37
SAVINGS from 5-min rule:       $93,089.05
short-trade rows: (586637, Decimal('170783.46'))
8,506 accounts under IBs
MT5 done: 1,344,022 trades
MT4 done: 7,415 trades

trades built: 1,351,437   short(<5min): 586,326
commission WITHOUT 5-min rule: $210,861.10
commission WITH 5-min rule:    $117,750.32
SAVINGS from 5-min rule:       $93,110.79
short-trade rows: (586780, Decimal('167206.92'))
8,506 accounts under IBs
MT5 done: 1,344,328 trades
MT4 done: 7,415 trades

trades built: 1,351,743   short(<5min): 586,559
commission WITHOUT 5-min rule: $210,929.61
commission WITH 5-min rule:    $117,762.99
SAVINGS from 5-min rule:       $93,166.61
short-trade rows: (587013, Decimal('168252.33'))
8,506 accounts under IBs
MT5 done: 1,344,489 trades
MT4 done: 7,415 trades

trades built: 1,351,904   short(<5min): 586,703
commission WITHOUT 5-min rule: $210,986.59
commission WITH 5-min rule:    $117,774.41
SAVINGS from 5-min rule:       $93,212.18
short-trade rows: (587157, Decimal('169126.78'))
8,508 accounts under IBs
MT5 done: 1,344,617 trades
MT4 done: 7,415 trades

trades built: 1,352,032   short(<5min): 586,776
commission WITHOUT 5-min rule: $211,013.66
commission WITH 5-min rule:    $117,783.62
SAVINGS from 5-min rule:       $93,230.03
short-trade rows: (587230, Decimal('165957.78'))
8,506 accounts under IBs
MT5 done: 1,344,667 trades
MT4 done: 7,415 trades

trades built: 1,352,082   short(<5min): 586,803
commission WITHOUT 5-min rule: $211,025.90
commission WITH 5-min rule:    $117,789.36
SAVINGS from 5-min rule:       $93,236.53
short-trade rows: (587257, Decimal('166366.27'))
8,506 accounts under IBs
MT5 done: 1,344,792 trades
MT4 done: 7,415 trades

trades built: 1,352,207   short(<5min): 586,831
commission WITHOUT 5-min rule: $211,040.33
commission WITH 5-min rule:    $117,799.76
SAVINGS from 5-min rule:       $93,240.57
short-trade rows: (587285, Decimal('168104.70'))
8,507 accounts under IBs
MT5 done: 1,345,101 trades
MT4 done: 7,415 trades

trades built: 1,352,516   short(<5min): 587,040
commission WITHOUT 5-min rule: $211,059.23
commission WITH 5-min rule:    $117,806.04
SAVINGS from 5-min rule:       $93,253.19
short-trade rows: (587050, Decimal('166865.84'))
8,508 accounts under IBs
MT5 done: 1,345,181 trades
MT4 done: 7,415 trades

trades built: 1,352,596   short(<5min): 587,065
commission WITHOUT 5-min rule: $211,072.73
commission WITH 5-min rule:    $117,813.10
SAVINGS from 5-min rule:       $93,259.63
short-trade rows: (587082, Decimal('167941.29'))
8,510 accounts under IBs
MT5 done: 1,345,239 trades
MT4 done: 7,415 trades

trades built: 1,352,654   short(<5min): 587,079
commission WITHOUT 5-min rule: $211,077.49
commission WITH 5-min rule:    $117,815.87
SAVINGS from 5-min rule:       $93,261.61
short-trade rows: (587112, Decimal('168117.38'))
8,510 accounts under IBs
MT5 done: 1,345,308 trades
MT4 done: 7,415 trades

trades built: 1,352,723   short(<5min): 587,126
commission WITHOUT 5-min rule: $211,087.05
commission WITH 5-min rule:    $117,819.10
SAVINGS from 5-min rule:       $93,267.95
short-trade rows: (587198, Decimal('166680.44'))
8,508 accounts under IBs
MT5 done: 1,345,376 trades
MT4 done: 7,415 trades

trades built: 1,352,791   short(<5min): 587,165
commission WITHOUT 5-min rule: $211,092.29
commission WITH 5-min rule:    $117,821.36
SAVINGS from 5-min rule:       $93,270.93
short-trade rows: (587260, Decimal('166507.91'))
8,508 accounts under IBs
MT5 done: 1,345,449 trades
MT4 done: 7,415 trades

trades built: 1,352,864   short(<5min): 587,210
commission WITHOUT 5-min rule: $211,100.20
commission WITH 5-min rule:    $117,826.71
SAVINGS from 5-min rule:       $93,273.49
short-trade rows: (587320, Decimal('165861.01'))
8,508 accounts under IBs
MT5 done: 1,345,624 trades
MT4 done: 7,415 trades

trades built: 1,353,039   short(<5min): 587,275
commission WITHOUT 5-min rule: $211,131.58
commission WITH 5-min rule:    $117,839.95
SAVINGS from 5-min rule:       $93,291.63
short-trade rows: (587417, Decimal('169730.28'))
8,508 accounts under IBs
MT5 done: 1,345,686 trades
MT4 done: 7,415 trades

trades built: 1,353,101   short(<5min): 587,309
commission WITHOUT 5-min rule: $211,148.83
commission WITH 5-min rule:    $117,850.49
SAVINGS from 5-min rule:       $93,298.34
short-trade rows: (587486, Decimal('170236.21'))
8,508 accounts under IBs
MT5 done: 1,345,748 trades
MT4 done: 7,415 trades

trades built: 1,353,163   short(<5min): 587,329
commission WITHOUT 5-min rule: $211,159.49
commission WITH 5-min rule:    $117,854.91
SAVINGS from 5-min rule:       $93,304.57
short-trade rows: (587522, Decimal('169838.94'))
8,508 accounts under IBs
MT5 done: 1,345,788 trades
MT4 done: 7,415 trades

trades built: 1,353,203   short(<5min): 587,357
commission WITHOUT 5-min rule: $211,164.39
commission WITH 5-min rule:    $117,856.80
SAVINGS from 5-min rule:       $93,307.59
short-trade rows: (587554, Decimal('168460.29'))
8,510 accounts under IBs
MT5 done: 1,345,820 trades
MT4 done: 7,415 trades

trades built: 1,353,235   short(<5min): 587,372
commission WITHOUT 5-min rule: $211,168.05
commission WITH 5-min rule:    $117,859.13
SAVINGS from 5-min rule:       $93,308.92
short-trade rows: (587579, Decimal('167953.21'))
8,510 accounts under IBs
MT5 done: 1,345,872 trades
MT4 done: 7,415 trades

trades built: 1,353,287   short(<5min): 587,388
commission WITHOUT 5-min rule: $211,177.74
commission WITH 5-min rule:    $117,860.26
SAVINGS from 5-min rule:       $93,317.48
short-trade rows: (587634, Decimal('168952.79'))
8,510 accounts under IBs
MT5 done: 1,345,918 trades
MT4 done: 7,543 trades

trades built: 1,353,461   short(<5min): 587,410
commission WITHOUT 5-min rule: $211,196.68
commission WITH 5-min rule:    $117,875.84
SAVINGS from 5-min rule:       $93,320.84
short-trade rows: (587707, Decimal('172167.84'))
8,508 accounts under IBs
MT5 done: 1,345,919 trades
MT4 done: 7,565 trades

trades built: 1,353,484   short(<5min): 587,412
commission WITHOUT 5-min rule: $211,197.67
commission WITH 5-min rule:    $117,876.74
SAVINGS from 5-min rule:       $93,320.93
short-trade rows: (587709, Decimal('172173.96'))
8,508 accounts under IBs
MT5 done: 1,345,919 trades
MT4 done: 7,565 trades

trades built: 1,353,484   short(<5min): 587,412
commission WITHOUT 5-min rule: $211,197.67
commission WITH 5-min rule:    $117,876.74
SAVINGS from 5-min rule:       $93,320.93
short-trade rows: (587709, Decimal('172173.96'))
8,508 accounts under IBs
MT5 done: 1,345,919 trades
MT4 done: 7,575 trades

trades built: 1,353,494   short(<5min): 587,420
commission WITHOUT 5-min rule: $211,198.81
commission WITH 5-min rule:    $117,877.38
SAVINGS from 5-min rule:       $93,321.43
short-trade rows: (587717, Decimal('172173.96'))
8,508 accounts under IBs
MT5 done: 1,345,919 trades
MT4 done: 7,591 trades

trades built: 1,353,510   short(<5min): 587,432
commission WITHOUT 5-min rule: $211,199.96
commission WITH 5-min rule:    $117,877.48
SAVINGS from 5-min rule:       $93,322.48
short-trade rows: (587729, Decimal('172173.96'))
8,508 accounts under IBs
MT5 done: 1,345,919 trades
MT4 done: 7,657 trades

trades built: 1,353,576   short(<5min): 587,439
commission WITHOUT 5-min rule: $211,200.82
commission WITH 5-min rule:    $117,877.95
SAVINGS from 5-min rule:       $93,322.88
short-trade rows: (587736, Decimal('172173.96'))
8,508 accounts under IBs
MT5 done: 1,345,968 trades
MT4 done: 7,687 trades

trades built: 1,353,655   short(<5min): 587,471
commission WITHOUT 5-min rule: $211,207.48
commission WITH 5-min rule:    $117,882.31
SAVINGS from 5-min rule:       $93,325.17
short-trade rows: (587773, Decimal('169527.14'))
8,509 accounts under IBs
MT5 done: 1,346,125 trades
MT4 done: 7,703 trades

trades built: 1,353,828   short(<5min): 587,508
commission WITHOUT 5-min rule: $211,221.99
commission WITH 5-min rule:    $117,890.82
SAVINGS from 5-min rule:       $93,331.17
short-trade rows: (587868, Decimal('172015.34'))
8,509 accounts under IBs
MT5 done: 1,346,150 trades
MT4 done: 7,708 trades

trades built: 1,353,858   short(<5min): 587,535
commission WITHOUT 5-min rule: $211,226.42
commission WITH 5-min rule:    $117,891.33
SAVINGS from 5-min rule:       $93,335.09
short-trade rows: (587895, Decimal('170498.99'))
8,511 accounts under IBs
MT5 done: 1,346,192 trades
MT4 done: 7,723 trades

trades built: 1,353,915   short(<5min): 587,551
commission WITHOUT 5-min rule: $211,237.56
commission WITH 5-min rule:    $117,895.85
SAVINGS from 5-min rule:       $93,341.71
short-trade rows: (587986, Decimal('174223.47'))
8,509 accounts under IBs
MT5 done: 1,346,213 trades
MT4 done: 7,725 trades

trades built: 1,353,938   short(<5min): 587,563
commission WITHOUT 5-min rule: $211,244.17
commission WITH 5-min rule:    $117,897.11
SAVINGS from 5-min rule:       $93,347.07
short-trade rows: (588005, Decimal('173899.10'))
8,511 accounts under IBs
MT5 done: 1,346,273 trades
MT4 done: 7,727 trades

trades built: 1,354,000   short(<5min): 587,583
commission WITHOUT 5-min rule: $211,257.13
commission WITH 5-min rule:    $117,907.70
SAVINGS from 5-min rule:       $93,349.43
short-trade rows: (588028, Decimal('168262.15'))
8,511 accounts under IBs
MT5 done: 1,346,399 trades
MT4 done: 7,741 trades

trades built: 1,354,140   short(<5min): 587,599
commission WITHOUT 5-min rule: $211,260.38
commission WITH 5-min rule:    $117,909.37
SAVINGS from 5-min rule:       $93,351.01
short-trade rows: (588044, Decimal('168378.37'))
8,511 accounts under IBs
MT5 done: 1,346,452 trades
MT4 done: 7,753 trades

trades built: 1,354,205   short(<5min): 587,615
commission WITHOUT 5-min rule: $211,267.77
commission WITH 5-min rule:    $117,914.63
SAVINGS from 5-min rule:       $93,353.14
short-trade rows: (588060, Decimal('168348.65'))
8,511 accounts under IBs
MT5 done: 1,346,477 trades
MT4 done: 7,767 trades

trades built: 1,354,244   short(<5min): 587,644
commission WITHOUT 5-min rule: $211,271.60
commission WITH 5-min rule:    $117,915.71
SAVINGS from 5-min rule:       $93,355.89
short-trade rows: (588089, Decimal('168443.41'))
8,509 accounts under IBs
MT5 done: 1,346,511 trades
MT4 done: 7,781 trades

trades built: 1,354,292   short(<5min): 587,650
commission WITHOUT 5-min rule: $211,276.70
commission WITH 5-min rule:    $117,919.24
SAVINGS from 5-min rule:       $93,357.46
short-trade rows: (588095, Decimal('168582.22'))
8,509 accounts under IBs
MT5 done: 1,346,612 trades
MT4 done: 7,784 trades

trades built: 1,354,396   short(<5min): 587,699
commission WITHOUT 5-min rule: $211,292.74
commission WITH 5-min rule:    $117,928.77
SAVINGS from 5-min rule:       $93,363.97
short-trade rows: (588144, Decimal('170766.50'))
8,510 accounts under IBs
MT5 done: 1,346,666 trades
MT4 done: 7,793 trades

trades built: 1,354,459   short(<5min): 587,739
commission WITHOUT 5-min rule: $211,300.98
commission WITH 5-min rule:    $117,933.61
SAVINGS from 5-min rule:       $93,367.37
short-trade rows: (588184, Decimal('171265.47'))
8,510 accounts under IBs
MT5 done: 1,346,798 trades
MT4 done: 7,797 trades

trades built: 1,354,595   short(<5min): 587,769
commission WITHOUT 5-min rule: $211,303.41
commission WITH 5-min rule:    $117,934.87
SAVINGS from 5-min rule:       $93,368.54
short-trade rows: (588215, Decimal('171135.06'))
8,510 accounts under IBs
MT5 done: 1,346,911 trades
MT4 done: 7,807 trades

trades built: 1,354,718   short(<5min): 587,797
commission WITHOUT 5-min rule: $211,312.54
commission WITH 5-min rule:    $117,941.38
SAVINGS from 5-min rule:       $93,371.16
short-trade rows: (588249, Decimal('170665.87'))
8,510 accounts under IBs
MT5 done: 1,346,985 trades
MT4 done: 7,812 trades

trades built: 1,354,797   short(<5min): 587,844
commission WITHOUT 5-min rule: $211,327.90
commission WITH 5-min rule:    $117,950.22
SAVINGS from 5-min rule:       $93,377.68
short-trade rows: (588299, Decimal('169160.60'))
8,510 accounts under IBs
MT5 done: 1,347,146 trades
MT4 done: 7,842 trades

trades built: 1,354,988   short(<5min): 587,874
commission WITHOUT 5-min rule: $211,341.51
commission WITH 5-min rule:    $117,956.21
SAVINGS from 5-min rule:       $93,385.30
short-trade rows: (588328, Decimal('168860.86'))
8,510 accounts under IBs
MT5 done: 1,347,244 trades
MT4 done: 7,846 trades

trades built: 1,355,090   short(<5min): 587,936
commission WITHOUT 5-min rule: $211,353.16
commission WITH 5-min rule:    $117,958.78
SAVINGS from 5-min rule:       $93,394.38
short-trade rows: (588390, Decimal('169427.54'))
8,510 accounts under IBs
MT5 done: 1,347,303 trades
MT4 done: 7,858 trades

trades built: 1,355,161   short(<5min): 587,988
commission WITHOUT 5-min rule: $211,380.71
commission WITH 5-min rule:    $117,966.96
SAVINGS from 5-min rule:       $93,413.75
short-trade rows: (588442, Decimal('171534.20'))
8,510 accounts under IBs
MT5 done: 1,347,433 trades
MT4 done: 7,860 trades

trades built: 1,355,293   short(<5min): 588,062
commission WITHOUT 5-min rule: $211,424.28
commission WITH 5-min rule:    $117,976.40
SAVINGS from 5-min rule:       $93,447.88
short-trade rows: (588516, Decimal('171042.61'))
8,510 accounts under IBs
MT5 done: 1,347,522 trades
MT4 done: 7,892 trades

trades built: 1,355,414   short(<5min): 588,127
commission WITHOUT 5-min rule: $211,460.09
commission WITH 5-min rule:    $117,991.73
SAVINGS from 5-min rule:       $93,468.37
short-trade rows: (588581, Decimal('170652.22'))
8,510 accounts under IBs
MT5 done: 1,347,665 trades
MT4 done: 7,894 trades

trades built: 1,355,559   short(<5min): 588,156
commission WITHOUT 5-min rule: $211,500.91
commission WITH 5-min rule:    $118,011.10
SAVINGS from 5-min rule:       $93,489.81
short-trade rows: (588610, Decimal('169171.34'))
8,510 accounts under IBs
MT5 done: 1,347,787 trades
MT4 done: 7,897 trades

trades built: 1,355,684   short(<5min): 588,205
commission WITHOUT 5-min rule: $211,553.38
commission WITH 5-min rule:    $118,029.48
SAVINGS from 5-min rule:       $93,523.89
short-trade rows: (588659, Decimal('168817.54'))
8,510 accounts under IBs
MT5 done: 1,347,864 trades
MT4 done: 7,900 trades

trades built: 1,355,764   short(<5min): 588,244
commission WITHOUT 5-min rule: $211,583.44
commission WITH 5-min rule:    $118,036.85
SAVINGS from 5-min rule:       $93,546.59
short-trade rows: (588698, Decimal('168569.60'))
8,510 accounts under IBs
MT5 done: 1,347,898 trades
MT4 done: 7,901 trades

trades built: 1,355,799   short(<5min): 588,260
commission WITHOUT 5-min rule: $211,591.75
commission WITH 5-min rule:    $118,044.04
SAVINGS from 5-min rule:       $93,547.71
short-trade rows: (588714, Decimal('168595.23'))
8,510 accounts under IBs
MT5 done: 1,347,990 trades
MT4 done: 7,911 trades

trades built: 1,355,901   short(<5min): 588,294
commission WITHOUT 5-min rule: $211,607.86
commission WITH 5-min rule:    $118,052.59
SAVINGS from 5-min rule:       $93,555.26
short-trade rows: (588748, Decimal('168215.01'))
8,510 accounts under IBs
MT5 done: 1,348,125 trades
MT4 done: 7,916 trades

trades built: 1,356,041   short(<5min): 588,336
commission WITHOUT 5-min rule: $211,633.87
commission WITH 5-min rule:    $118,069.14
SAVINGS from 5-min rule:       $93,564.73
short-trade rows: (588790, Decimal('167611.13'))
8,510 accounts under IBs
MT5 done: 1,348,215 trades
MT4 done: 7,931 trades

trades built: 1,356,146   short(<5min): 588,394
commission WITHOUT 5-min rule: $211,649.81
commission WITH 5-min rule:    $118,074.18
SAVINGS from 5-min rule:       $93,575.63
short-trade rows: (588848, Decimal('167397.85'))
8,510 accounts under IBs
MT5 done: 1,348,274 trades
MT4 done: 7,950 trades

trades built: 1,356,224   short(<5min): 588,434
commission WITHOUT 5-min rule: $211,677.82
commission WITH 5-min rule:    $118,086.60
SAVINGS from 5-min rule:       $93,591.22
short-trade rows: (588888, Decimal('168293.75'))
8,510 accounts under IBs
MT5 done: 1,348,379 trades
MT4 done: 7,954 trades

trades built: 1,356,333   short(<5min): 588,474
commission WITHOUT 5-min rule: $211,694.58
commission WITH 5-min rule:    $118,099.01
SAVINGS from 5-min rule:       $93,595.57
short-trade rows: (588928, Decimal('168406.75'))
8,510 accounts under IBs
MT5 done: 1,348,428 trades
MT4 done: 7,960 trades

trades built: 1,356,388   short(<5min): 588,481
commission WITHOUT 5-min rule: $211,740.65
commission WITH 5-min rule:    $118,103.92
SAVINGS from 5-min rule:       $93,636.73
short-trade rows: (588935, Decimal('168143.38'))
8,510 accounts under IBs
MT5 done: 1,348,462 trades
MT4 done: 7,973 trades

trades built: 1,356,435   short(<5min): 588,513
commission WITHOUT 5-min rule: $211,745.37
commission WITH 5-min rule:    $118,106.48
SAVINGS from 5-min rule:       $93,638.89
short-trade rows: (588967, Decimal('168293.87'))
8,511 accounts under IBs
MT5 done: 1,348,522 trades
MT4 done: 7,980 trades

trades built: 1,356,502   short(<5min): 588,554
commission WITHOUT 5-min rule: $211,753.31
commission WITH 5-min rule:    $118,110.36
SAVINGS from 5-min rule:       $93,642.95
short-trade rows: (589008, Decimal('168200.28'))
8,513 accounts under IBs
MT5 done: 1,348,588 trades
MT4 done: 7,986 trades

trades built: 1,356,574   short(<5min): 588,625
commission WITHOUT 5-min rule: $211,762.33
commission WITH 5-min rule:    $118,112.51
SAVINGS from 5-min rule:       $93,649.82
short-trade rows: (589079, Decimal('168221.40'))
8,511 accounts under IBs
MT5 done: 1,348,605 trades
MT4 done: 7,993 trades

trades built: 1,356,598   short(<5min): 588,642
commission WITHOUT 5-min rule: $211,766.48
commission WITH 5-min rule:    $118,113.35
SAVINGS from 5-min rule:       $93,653.13
short-trade rows: (589096, Decimal('168157.38'))
8,513 accounts under IBs
MT5 done: 1,348,641 trades
MT4 done: 8,003 trades

trades built: 1,356,644   short(<5min): 588,660
commission WITHOUT 5-min rule: $211,771.11
commission WITH 5-min rule:    $118,114.92
SAVINGS from 5-min rule:       $93,656.19
short-trade rows: (589114, Decimal('168230.68'))
8,511 accounts under IBs
MT5 done: 1,348,704 trades
MT4 done: 8,005 trades

trades built: 1,356,709   short(<5min): 588,707
commission WITHOUT 5-min rule: $211,777.03
commission WITH 5-min rule:    $118,117.12
SAVINGS from 5-min rule:       $93,659.91
short-trade rows: (589161, Decimal('168232.10'))
8,511 accounts under IBs
MT5 done: 1,348,752 trades
MT4 done: 8,014 trades

trades built: 1,356,766   short(<5min): 588,745
commission WITHOUT 5-min rule: $211,782.82
commission WITH 5-min rule:    $118,118.54
SAVINGS from 5-min rule:       $93,664.28
short-trade rows: (589199, Decimal('168273.61'))
8,511 accounts under IBs
MT5 done: 1,348,817 trades
MT4 done: 8,017 trades

trades built: 1,356,834   short(<5min): 588,766
commission WITHOUT 5-min rule: $211,794.86
commission WITH 5-min rule:    $118,120.72
SAVINGS from 5-min rule:       $93,674.14
short-trade rows: (589220, Decimal('168336.06'))
8,511 accounts under IBs
MT5 done: 1,348,843 trades
MT4 done: 8,021 trades

trades built: 1,356,864   short(<5min): 588,778
commission WITHOUT 5-min rule: $211,806.58
commission WITH 5-min rule:    $118,128.15
SAVINGS from 5-min rule:       $93,678.43
short-trade rows: (589232, Decimal('168548.52'))
8,511 accounts under IBs
MT5 done: 1,348,864 trades
MT4 done: 8,028 trades

trades built: 1,356,892   short(<5min): 588,781
commission WITHOUT 5-min rule: $211,810.38
commission WITH 5-min rule:    $118,130.12
SAVINGS from 5-min rule:       $93,680.25
short-trade rows: (589235, Decimal('168565.49'))
8,511 accounts under IBs
MT5 done: 1,348,924 trades
MT4 done: 8,055 trades

trades built: 1,356,979   short(<5min): 588,790
commission WITHOUT 5-min rule: $211,819.22
commission WITH 5-min rule:    $118,137.23
SAVINGS from 5-min rule:       $93,681.99
short-trade rows: (589244, Decimal('164718.34'))
8,511 accounts under IBs
MT5 done: 1,348,951 trades
MT4 done: 8,066 trades

trades built: 1,357,017   short(<5min): 588,811
commission WITHOUT 5-min rule: $211,822.04
commission WITH 5-min rule:    $118,138.80
SAVINGS from 5-min rule:       $93,683.24
short-trade rows: (589265, Decimal('164697.39'))
8,511 accounts under IBs
MT5 done: 1,348,994 trades
MT4 done: 8,076 trades

trades built: 1,357,070   short(<5min): 588,823
commission WITHOUT 5-min rule: $211,824.82
commission WITH 5-min rule:    $118,140.18
SAVINGS from 5-min rule:       $93,684.64
short-trade rows: (589277, Decimal('165020.28'))
8,511 accounts under IBs
MT5 done: 1,349,019 trades
MT4 done: 8,079 trades

trades built: 1,357,098   short(<5min): 588,841
commission WITHOUT 5-min rule: $211,833.02
commission WITH 5-min rule:    $118,146.22
SAVINGS from 5-min rule:       $93,686.80
short-trade rows: (589295, Decimal('164665.38'))
8,511 accounts under IBs
MT5 done: 1,349,084 trades
MT4 done: 8,088 trades

trades built: 1,357,172   short(<5min): 588,878
commission WITHOUT 5-min rule: $211,860.19
commission WITH 5-min rule:    $118,169.08
SAVINGS from 5-min rule:       $93,691.11
short-trade rows: (589332, Decimal('164424.52'))
8,511 accounts under IBs
MT5 done: 1,349,125 trades
MT4 done: 8,094 trades

trades built: 1,357,219   short(<5min): 588,907
commission WITHOUT 5-min rule: $211,869.00
commission WITH 5-min rule:    $118,173.08
SAVINGS from 5-min rule:       $93,695.92
short-trade rows: (589361, Decimal('164607.08'))
8,511 accounts under IBs
MT5 done: 1,349,203 trades
MT4 done: 8,096 trades

trades built: 1,357,299   short(<5min): 588,944
commission WITHOUT 5-min rule: $211,885.37
commission WITH 5-min rule:    $118,179.45
SAVINGS from 5-min rule:       $93,705.93
short-trade rows: (589398, Decimal('164642.22'))
8,511 accounts under IBs
MT5 done: 1,349,294 trades
MT4 done: 8,098 trades

trades built: 1,357,392   short(<5min): 588,972
commission WITHOUT 5-min rule: $211,895.32
commission WITH 5-min rule:    $118,184.34
SAVINGS from 5-min rule:       $93,710.98
short-trade rows: (589426, Decimal('164681.10'))
8,511 accounts under IBs
MT5 done: 1,349,272 trades
MT4 done: 8,101 trades

trades built: 1,357,373   short(<5min): 588,985
commission WITHOUT 5-min rule: $211,903.07
commission WITH 5-min rule:    $118,187.88
SAVINGS from 5-min rule:       $93,715.19
short-trade rows: (589439, Decimal('164722.85'))
8,511 accounts under IBs
MT5 done: 1,349,394 trades
MT4 done: 8,107 trades

trades built: 1,357,501   short(<5min): 589,034
commission WITHOUT 5-min rule: $211,924.96
commission WITH 5-min rule:    $118,199.06
SAVINGS from 5-min rule:       $93,725.90
short-trade rows: (589488, Decimal('164759.48'))
8,513 accounts under IBs
MT5 done: 1,349,423 trades
MT4 done: 8,116 trades

trades built: 1,357,539   short(<5min): 589,041
commission WITHOUT 5-min rule: $211,925.81
commission WITH 5-min rule:    $118,199.41
SAVINGS from 5-min rule:       $93,726.40
short-trade rows: (589495, Decimal('164719.07'))
8,514 accounts under IBs
MT5 done: 1,349,555 trades
MT4 done: 8,116 trades

trades built: 1,357,671   short(<5min): 589,147
commission WITHOUT 5-min rule: $211,933.74
commission WITH 5-min rule:    $118,200.48
SAVINGS from 5-min rule:       $93,733.25
short-trade rows: (589601, Decimal('164507.90'))
8,516 accounts under IBs
MT5 done: 1,349,555 trades
MT4 done: 8,120 trades

trades built: 1,357,675   short(<5min): 589,148
commission WITHOUT 5-min rule: $211,936.04
commission WITH 5-min rule:    $118,202.78
SAVINGS from 5-min rule:       $93,733.25
short-trade rows: (589602, Decimal('164507.90'))
8,516 accounts under IBs
MT5 done: 1,349,889 trades
MT4 done: 8,122 trades

trades built: 1,358,011   short(<5min): 589,401
commission WITHOUT 5-min rule: $211,967.43
commission WITH 5-min rule:    $118,215.51
SAVINGS from 5-min rule:       $93,751.92
short-trade rows: (589855, Decimal('165360.29'))
8,516 accounts under IBs
MT5 done: 1,349,982 trades
MT4 done: 8,127 trades

trades built: 1,358,109   short(<5min): 589,466
commission WITHOUT 5-min rule: $211,973.30
commission WITH 5-min rule:    $118,217.60
SAVINGS from 5-min rule:       $93,755.70
short-trade rows: (589920, Decimal('166857.82'))
8,516 accounts under IBs
MT5 done: 1,350,126 trades
MT4 done: 8,127 trades

trades built: 1,358,253   short(<5min): 589,583
commission WITHOUT 5-min rule: $211,987.53
commission WITH 5-min rule:    $118,220.79
SAVINGS from 5-min rule:       $93,766.74
short-trade rows: (589597, Decimal('164845.10'))
8,516 accounts under IBs
MT5 done: 1,350,223 trades
MT4 done: 8,134 trades

trades built: 1,358,357   short(<5min): 589,650
commission WITHOUT 5-min rule: $211,995.83
commission WITH 5-min rule:    $118,222.78
SAVINGS from 5-min rule:       $93,773.04
short-trade rows: (589677, Decimal('167153.25'))
8,517 accounts under IBs
MT5 done: 1,350,325 trades
MT4 done: 8,139 trades

trades built: 1,358,464   short(<5min): 589,724
commission WITHOUT 5-min rule: $212,003.43
commission WITH 5-min rule:    $118,224.39
SAVINGS from 5-min rule:       $93,779.04
short-trade rows: (589803, Decimal('166570.81'))
8,518 accounts under IBs
MT5 done: 1,350,384 trades
MT4 done: 8,139 trades

trades built: 1,358,523   short(<5min): 589,772
commission WITHOUT 5-min rule: $212,011.59
commission WITH 5-min rule:    $118,227.71
SAVINGS from 5-min rule:       $93,783.88
short-trade rows: (589855, Decimal('166671.16'))
8,519 accounts under IBs
MT5 done: 1,350,514 trades
MT4 done: 8,145 trades

trades built: 1,358,659   short(<5min): 589,805
commission WITHOUT 5-min rule: $212,037.74
commission WITH 5-min rule:    $118,247.73
SAVINGS from 5-min rule:       $93,790.02
short-trade rows: (589936, Decimal('166922.16'))
8,526 accounts under IBs
MT5 done: 1,350,601 trades
MT4 done: 8,146 trades

trades built: 1,358,747   short(<5min): 589,859
commission WITHOUT 5-min rule: $212,044.10
commission WITH 5-min rule:    $118,249.94
SAVINGS from 5-min rule:       $93,794.16
short-trade rows: (590015, Decimal('166826.08'))
8,524 accounts under IBs
MT5 done: 1,350,786 trades
MT4 done: 8,157 trades

trades built: 1,358,943   short(<5min): 589,979
commission WITHOUT 5-min rule: $212,056.16
commission WITH 5-min rule:    $118,253.75
SAVINGS from 5-min rule:       $93,802.42
short-trade rows: (590195, Decimal('166859.75'))
8,524 accounts under IBs
MT5 done: 1,350,932 trades
MT4 done: 8,167 trades

trades built: 1,359,099   short(<5min): 590,082
commission WITHOUT 5-min rule: $212,067.35
commission WITH 5-min rule:    $118,256.22
SAVINGS from 5-min rule:       $93,811.13
short-trade rows: (590365, Decimal('167494.11'))
8,524 accounts under IBs
MT5 done: 1,350,999 trades
MT4 done: 8,172 trades

trades built: 1,359,171   short(<5min): 590,122
commission WITHOUT 5-min rule: $212,073.78
commission WITH 5-min rule:    $118,258.80
SAVINGS from 5-min rule:       $93,814.98
short-trade rows: (590455, Decimal('167531.27'))
8,526 accounts under IBs
MT5 done: 1,351,141 trades
MT4 done: 8,184 trades

trades built: 1,359,325   short(<5min): 590,173
commission WITHOUT 5-min rule: $212,088.35
commission WITH 5-min rule:    $118,267.68
SAVINGS from 5-min rule:       $93,820.67
short-trade rows: (590552, Decimal('167183.45'))
8,524 accounts under IBs
MT5 done: 1,351,220 trades
MT4 done: 8,192 trades

trades built: 1,359,412   short(<5min): 590,188
commission WITHOUT 5-min rule: $212,096.98
commission WITH 5-min rule:    $118,275.11
SAVINGS from 5-min rule:       $93,821.87
short-trade rows: (590632, Decimal('167123.76'))
8,524 accounts under IBs
MT5 done: 1,351,249 trades
MT4 done: 8,192 trades

trades built: 1,359,441   short(<5min): 590,210
commission WITHOUT 5-min rule: $212,101.58
commission WITH 5-min rule:    $118,277.16
SAVINGS from 5-min rule:       $93,824.42
short-trade rows: (590675, Decimal('167991.46'))
8,524 accounts under IBs
MT5 done: 1,351,290 trades
MT4 done: 8,199 trades

trades built: 1,359,489   short(<5min): 590,225
commission WITHOUT 5-min rule: $212,106.98
commission WITH 5-min rule:    $118,280.00
SAVINGS from 5-min rule:       $93,826.99
short-trade rows: (590705, Decimal('167452.93'))
8,524 accounts under IBs
MT5 done: 1,351,361 trades
MT4 done: 8,233 trades

trades built: 1,359,594   short(<5min): 590,261
commission WITHOUT 5-min rule: $212,118.41
commission WITH 5-min rule:    $118,286.73
SAVINGS from 5-min rule:       $93,831.67
short-trade rows: (590744, Decimal('166158.34'))
8,524 accounts under IBs
MT5 done: 1,351,430 trades
MT4 done: 8,243 trades

trades built: 1,359,673   short(<5min): 590,304
commission WITHOUT 5-min rule: $212,128.09
commission WITH 5-min rule:    $118,292.50
SAVINGS from 5-min rule:       $93,835.59
short-trade rows: (590787, Decimal('166786.30'))
8,524 accounts under IBs
MT5 done: 1,351,460 trades
MT4 done: 8,258 trades

trades built: 1,359,718   short(<5min): 590,325
commission WITHOUT 5-min rule: $212,136.52
commission WITH 5-min rule:    $118,298.77
SAVINGS from 5-min rule:       $93,837.75
short-trade rows: (590808, Decimal('166996.68'))
8,525 accounts under IBs
MT5 done: 1,351,568 trades
MT4 done: 8,284 trades

trades built: 1,359,852   short(<5min): 590,364
commission WITHOUT 5-min rule: $212,151.24
commission WITH 5-min rule:    $118,307.14
SAVINGS from 5-min rule:       $93,844.10
short-trade rows: (590847, Decimal('167363.61'))
8,525 accounts under IBs
MT5 done: 1,351,629 trades
MT4 done: 8,291 trades

trades built: 1,359,920   short(<5min): 590,385
commission WITHOUT 5-min rule: $212,157.53
commission WITH 5-min rule:    $118,310.26
SAVINGS from 5-min rule:       $93,847.27
short-trade rows: (590868, Decimal('167569.95'))
8,527 accounts under IBs
MT5 done: 1,351,634 trades
MT4 done: 8,306 trades

trades built: 1,359,940   short(<5min): 590,397
commission WITHOUT 5-min rule: $212,162.00
commission WITH 5-min rule:    $118,312.46
SAVINGS from 5-min rule:       $93,849.55
short-trade rows: (590880, Decimal('167623.92'))
8,525 accounts under IBs
MT5 done: 1,351,677 trades
MT4 done: 8,318 trades

trades built: 1,359,995   short(<5min): 590,421
commission WITHOUT 5-min rule: $212,172.40
commission WITH 5-min rule:    $118,317.99
SAVINGS from 5-min rule:       $93,854.41
short-trade rows: (590904, Decimal('167442.34'))
7,081 accounts under IBs
MT5 done: 1,038,360 trades
MT4 done: 8,314 trades

trades built: 1,046,674   short(<5min): 484,489
commission WITHOUT 5-min rule: $187,019.48
commission WITH 5-min rule:    $102,974.12
SAVINGS from 5-min rule:       $84,045.36
short-trade rows: (486054, Decimal('104740.22'))
8,250 accounts under IBs
MT5 done: 1,332,336 trades
MT4 done: 8,348 trades

trades built: 1,340,684   short(<5min): 581,825
commission WITHOUT 5-min rule: $210,253.02
commission WITH 5-min rule:    $117,329.37
SAVINGS from 5-min rule:       $92,923.65
short-trade rows: (582317, Decimal('174237.63'))
8,250 accounts under IBs
MT5 done: 1,332,363 trades
MT4 done: 8,404 trades

trades built: 1,340,767   short(<5min): 581,841
commission WITHOUT 5-min rule: $210,279.39
commission WITH 5-min rule:    $117,353.45
SAVINGS from 5-min rule:       $92,925.95
short-trade rows: (582333, Decimal('174262.76'))
8,250 accounts under IBs
MT5 done: 1,332,391 trades
MT4 done: 8,414 trades

trades built: 1,340,805   short(<5min): 581,849
commission WITHOUT 5-min rule: $210,292.49
commission WITH 5-min rule:    $117,363.22
SAVINGS from 5-min rule:       $92,929.27
short-trade rows: (582341, Decimal('174188.82'))
8,250 accounts under IBs
MT5 done: 1,332,467 trades
MT4 done: 8,434 trades

trades built: 1,340,901   short(<5min): 581,876
commission WITHOUT 5-min rule: $210,308.90
commission WITH 5-min rule:    $117,374.65
SAVINGS from 5-min rule:       $92,934.25
short-trade rows: (582368, Decimal('175212.16'))
8,250 accounts under IBs
MT5 done: 1,332,502 trades
MT4 done: 8,467 trades

trades built: 1,340,969   short(<5min): 581,892
commission WITHOUT 5-min rule: $210,320.01
commission WITH 5-min rule:    $117,380.59
SAVINGS from 5-min rule:       $92,939.42
short-trade rows: (582384, Decimal('175389.77'))
8,252 accounts under IBs
MT5 done: 1,332,619 trades
MT4 done: 8,470 trades

trades built: 1,341,089   short(<5min): 581,961
commission WITHOUT 5-min rule: $210,338.66
commission WITH 5-min rule:    $117,390.60
SAVINGS from 5-min rule:       $92,948.06
short-trade rows: (582453, Decimal('175265.82'))
8,252 accounts under IBs
MT5 done: 1,332,704 trades
MT4 done: 8,481 trades

trades built: 1,341,185   short(<5min): 581,983
commission WITHOUT 5-min rule: $210,363.22
commission WITH 5-min rule:    $117,404.30
SAVINGS from 5-min rule:       $92,958.92
short-trade rows: (582475, Decimal('175393.82'))
8,252 accounts under IBs
MT5 done: 1,337,804 trades
MT4 done: 8,502 trades

trades built: 1,346,306   short(<5min): 583,443
commission WITHOUT 5-min rule: $242,531.89
commission WITH 5-min rule:    $132,961.87
SAVINGS from 5-min rule:       $109,570.01
short-trade rows: (583935, Decimal('216441.08'))
8,252 accounts under IBs
MT5 done: 1,346,653 trades
MT4 done: 8,512 trades

trades built: 1,355,165   short(<5min): 585,067
commission WITHOUT 5-min rule: $249,837.05
commission WITH 5-min rule:    $137,730.26
SAVINGS from 5-min rule:       $112,106.79
short-trade rows: (585550, Decimal('224835.56'))
8,252 accounts under IBs
MT5 done: 1,357,417 trades
MT4 done: 8,598 trades

trades built: 1,366,015   short(<5min): 586,094
commission WITHOUT 5-min rule: $278,553.31
commission WITH 5-min rule:    $165,612.46
SAVINGS from 5-min rule:       $112,940.84
short-trade rows: (586586, Decimal('241424.75'))
8,252 accounts under IBs
MT5 done: 1,382,369 trades
MT4 done: 8,608 trades

trades built: 1,390,977   short(<5min): 588,841
commission WITHOUT 5-min rule: $293,276.62
commission WITH 5-min rule:    $178,294.14
SAVINGS from 5-min rule:       $114,982.48
short-trade rows: (589333, Decimal('250513.64'))
8,252 accounts under IBs
MT5 done: 1,440,686 trades
MT4 done: 8,617 trades

trades built: 1,449,303   short(<5min): 594,614
commission WITHOUT 5-min rule: $323,973.94
commission WITH 5-min rule:    $204,188.99
SAVINGS from 5-min rule:       $119,784.94
short-trade rows: (594791, Decimal('281804.64'))
8,252 accounts under IBs
MT5 done: 1,559,499 trades
MT4 done: 8,631 trades

trades built: 1,568,130   short(<5min): 611,759
commission WITHOUT 5-min rule: $385,061.05
commission WITH 5-min rule:    $257,707.51
SAVINGS from 5-min rule:       $127,353.54
short-trade rows: (612251, Decimal('265661.63'))
8,252 accounts under IBs
MT5 done: 1,701,824 trades
MT4 done: 8,644 trades

trades built: 1,710,468   short(<5min): 636,300
commission WITHOUT 5-min rule: $452,959.30
commission WITH 5-min rule:    $313,770.67
SAVINGS from 5-min rule:       $139,188.63
short-trade rows: (636783, Decimal('273328.09'))
8,252 accounts under IBs
MT5 done: 1,862,532 trades
MT4 done: 8,650 trades

trades built: 1,871,182   short(<5min): 672,208
commission WITHOUT 5-min rule: $517,753.62
commission WITH 5-min rule:    $365,680.07
SAVINGS from 5-min rule:       $152,073.54
short-trade rows: (672700, Decimal('291024.73'))
8,252 accounts under IBs
MT5 done: 2,028,702 trades
MT4 done: 8,678 trades

trades built: 2,037,380   short(<5min): 706,580
commission WITHOUT 5-min rule: $598,320.62
commission WITH 5-min rule:    $425,843.11
SAVINGS from 5-min rule:       $172,477.51
short-trade rows: (707072, Decimal('370263.64'))
8,254 accounts under IBs
MT5 done: 2,174,072 trades
MT4 done: 8,686 trades

trades built: 2,182,758   short(<5min): 749,909
commission WITHOUT 5-min rule: $659,814.28
commission WITH 5-min rule:    $466,193.52
SAVINGS from 5-min rule:       $193,620.76
short-trade rows: (750401, Decimal('552089.36'))
8,252 accounts under IBs
MT5 done: 2,299,882 trades
MT4 done: 8,690 trades

trades built: 2,308,572   short(<5min): 788,872
commission WITHOUT 5-min rule: $695,209.64
commission WITH 5-min rule:    $489,051.33
SAVINGS from 5-min rule:       $206,158.31
short-trade rows: (789365, Decimal('545776.86'))
8,252 accounts under IBs
MT5 done: 2,434,355 trades
MT4 done: 8,707 trades

trades built: 2,443,062   short(<5min): 836,041
commission WITHOUT 5-min rule: $717,588.97
commission WITH 5-min rule:    $503,507.34
SAVINGS from 5-min rule:       $214,081.62
short-trade rows: (836535, Decimal('571458.50'))
8,252 accounts under IBs
MT5 done: 2,588,490 trades
MT4 done: 8,710 trades

trades built: 2,597,200   short(<5min): 884,604
commission WITHOUT 5-min rule: $744,227.75
commission WITH 5-min rule:    $522,631.27
SAVINGS from 5-min rule:       $221,596.48
short-trade rows: (885100, Decimal('577778.09'))
8,252 accounts under IBs
MT5 done: 2,738,237 trades
MT4 done: 8,714 trades

trades built: 2,746,951   short(<5min): 926,110
commission WITHOUT 5-min rule: $772,075.15
commission WITH 5-min rule:    $541,488.69
SAVINGS from 5-min rule:       $230,586.46
short-trade rows: (926609, Decimal('621319.34'))
8,252 accounts under IBs
MT5 done: 2,877,004 trades
MT4 done: 8,714 trades

trades built: 2,885,718   short(<5min): 956,261
commission WITHOUT 5-min rule: $802,959.32
commission WITH 5-min rule:    $565,653.36
SAVINGS from 5-min rule:       $237,305.96
short-trade rows: (956751, Decimal('638848.66'))
8,252 accounts under IBs
MT5 done: 2,976,123 trades
MT4 done: 8,714 trades

trades built: 2,984,837   short(<5min): 990,218
commission WITHOUT 5-min rule: $833,430.68
commission WITH 5-min rule:    $585,781.03
SAVINGS from 5-min rule:       $247,649.65
short-trade rows: (990412, Decimal('676409.51'))
8,252 accounts under IBs
MT5 done: 3,074,042 trades
MT4 done: 8,714 trades

trades built: 3,082,756   short(<5min): 1,030,793
commission WITHOUT 5-min rule: $861,146.31
commission WITH 5-min rule:    $599,331.39
SAVINGS from 5-min rule:       $261,814.92
short-trade rows: (1031297, Decimal('708071.12'))
8,252 accounts under IBs
MT5 done: 3,185,727 trades
MT4 done: 8,717 trades

trades built: 3,194,444   short(<5min): 1,081,846
commission WITHOUT 5-min rule: $892,589.22
commission WITH 5-min rule:    $611,579.57
SAVINGS from 5-min rule:       $281,009.65
short-trade rows: (1082013, Decimal('742285.47'))
8,252 accounts under IBs
MT5 done: 3,285,643 trades
MT4 done: 8,717 trades

trades built: 3,294,360   short(<5min): 1,121,785
commission WITHOUT 5-min rule: $916,373.56
commission WITH 5-min rule:    $622,397.17
SAVINGS from 5-min rule:       $293,976.39
short-trade rows: (1121917, Decimal('716557.33'))
8,254 accounts under IBs
MT5 done: 3,394,190 trades
MT4 done: 8,717 trades

trades built: 3,402,907   short(<5min): 1,160,269
commission WITHOUT 5-min rule: $939,469.45
commission WITH 5-min rule:    $635,922.62
SAVINGS from 5-min rule:       $303,546.83
short-trade rows: (1160773, Decimal('740232.54'))
8,252 accounts under IBs
MT5 done: 3,519,971 trades
MT4 done: 8,723 trades

trades built: 3,528,694   short(<5min): 1,207,214
commission WITHOUT 5-min rule: $961,196.06
commission WITH 5-min rule:    $648,633.35
SAVINGS from 5-min rule:       $312,562.70
short-trade rows: (1207720, Decimal('716088.95'))
8,252 accounts under IBs
MT5 done: 3,626,298 trades
MT4 done: 8,723 trades

trades built: 3,635,021   short(<5min): 1,254,252
commission WITHOUT 5-min rule: $986,714.57
commission WITH 5-min rule:    $660,564.54
SAVINGS from 5-min rule:       $326,150.02
short-trade rows: (1254587, Decimal('747840.39'))
8,252 accounts under IBs
MT5 done: 3,733,946 trades
MT4 done: 8,727 trades

trades built: 3,742,673   short(<5min): 1,313,761
commission WITHOUT 5-min rule: $1,004,426.44
commission WITH 5-min rule:    $668,210.20
SAVINGS from 5-min rule:       $336,216.24
short-trade rows: (1314267, Decimal('779960.25'))
8,252 accounts under IBs
MT5 done: 3,801,594 trades
MT4 done: 10,731 trades

trades built: 3,812,325   short(<5min): 1,352,788
commission WITHOUT 5-min rule: $1,017,668.52
commission WITH 5-min rule:    $675,137.65
SAVINGS from 5-min rule:       $342,530.87
short-trade rows: (1353283, Decimal('809588.45'))
8,252 accounts under IBs
MT5 done: 3,802,059 trades
MT4 done: 40,046 trades

trades built: 3,842,105   short(<5min): 1,353,232
commission WITHOUT 5-min rule: $1,028,815.72
commission WITH 5-min rule:    $686,081.58
SAVINGS from 5-min rule:       $342,734.14
short-trade rows: (1353733, Decimal('811920.18'))
8,252 accounts under IBs
MT5 done: 3,802,489 trades
MT4 done: 100,407 trades

trades built: 3,902,896   short(<5min): 1,353,760
commission WITHOUT 5-min rule: $1,055,125.68
commission WITH 5-min rule:    $711,970.40
SAVINGS from 5-min rule:       $343,155.29
short-trade rows: (1354270, Decimal('811089.86'))
8,252 accounts under IBs
MT5 done: 3,802,795 trades
MT4 done: 235,459 trades

trades built: 4,038,254   short(<5min): 1,354,756
commission WITHOUT 5-min rule: $1,100,216.84
commission WITH 5-min rule:    $756,718.97
SAVINGS from 5-min rule:       $343,497.88
short-trade rows: (1355265, Decimal('811317.26'))
8,253 accounts under IBs
MT5 done: 3,802,953 trades
MT4 done: 367,207 trades

trades built: 4,170,160   short(<5min): 1,356,695
commission WITHOUT 5-min rule: $1,127,559.77
commission WITH 5-min rule:    $783,929.18
SAVINGS from 5-min rule:       $343,630.59
short-trade rows: (1357204, Decimal('811930.45'))
8,256 accounts under IBs
MT5 done: 3,803,101 trades
MT4 done: 367,207 trades

trades built: 4,170,308   short(<5min): 1,356,793
commission WITHOUT 5-min rule: $1,127,604.60
commission WITH 5-min rule:    $783,932.28
SAVINGS from 5-min rule:       $343,672.33
short-trade rows: (1357302, Decimal('811852.16'))
8,254 accounts under IBs
MT5 done: 3,803,121 trades
MT4 done: 367,209 trades

trades built: 4,170,330   short(<5min): 1,356,790
commission WITHOUT 5-min rule: $1,127,603.74
commission WITH 5-min rule:    $783,936.12
SAVINGS from 5-min rule:       $343,667.62
short-trade rows: (1357299, Decimal('812114.52'))
8,254 accounts under IBs
MT5 done: 3,803,186 trades
MT4 done: 367,209 trades

trades built: 4,170,395   short(<5min): 1,356,842
commission WITHOUT 5-min rule: $1,127,621.55
commission WITH 5-min rule:    $783,938.38
SAVINGS from 5-min rule:       $343,683.17
short-trade rows: (1357351, Decimal('812352.20'))
8,254 accounts under IBs
MT5 done: 3,803,369 trades
MT4 done: 367,209 trades

trades built: 4,170,578   short(<5min): 1,356,946
commission WITHOUT 5-min rule: $1,127,661.85
commission WITH 5-min rule:    $783,946.09
SAVINGS from 5-min rule:       $343,715.76
short-trade rows: (1357455, Decimal('811343.40'))
8,255 accounts under IBs
MT5 done: 3,803,520 trades
MT4 done: 367,209 trades

trades built: 4,170,729   short(<5min): 1,357,042
commission WITHOUT 5-min rule: $1,127,725.38
commission WITH 5-min rule:    $783,997.46
SAVINGS from 5-min rule:       $343,727.92
short-trade rows: (1357551, Decimal('809760.30'))
8,255 accounts under IBs
MT5 done: 3,803,687 trades
MT4 done: 367,209 trades

trades built: 4,170,896   short(<5min): 1,357,133
commission WITHOUT 5-min rule: $1,127,756.66
commission WITH 5-min rule:    $784,011.09
SAVINGS from 5-min rule:       $343,745.57
short-trade rows: (1357642, Decimal('809565.10'))
8,255 accounts under IBs
MT5 done: 3,803,780 trades
MT4 done: 367,209 trades

trades built: 4,170,989   short(<5min): 1,357,183
commission WITHOUT 5-min rule: $1,127,863.23
commission WITH 5-min rule:    $784,114.26
SAVINGS from 5-min rule:       $343,748.97
short-trade rows: (1357692, Decimal('809680.96'))
8,257 accounts under IBs
MT5 done: 3,803,891 trades
MT4 done: 367,209 trades

trades built: 4,171,100   short(<5min): 1,357,239
commission WITHOUT 5-min rule: $1,127,992.33
commission WITH 5-min rule:    $784,219.30
SAVINGS from 5-min rule:       $343,773.03
short-trade rows: (1357748, Decimal('810547.83'))
8,255 accounts under IBs
MT5 done: 3,803,940 trades
MT4 done: 367,209 trades

trades built: 4,171,149   short(<5min): 1,357,252
commission WITHOUT 5-min rule: $1,128,105.51
commission WITH 5-min rule:    $784,346.87
SAVINGS from 5-min rule:       $343,758.64
short-trade rows: (1357761, Decimal('810473.99'))
8,255 accounts under IBs
MT5 done: 3,804,044 trades
MT4 done: 367,209 trades

trades built: 4,171,253   short(<5min): 1,357,290
commission WITHOUT 5-min rule: $1,128,119.04
commission WITH 5-min rule:    $784,357.39
SAVINGS from 5-min rule:       $343,761.65
short-trade rows: (1357799, Decimal('809817.39'))
8,255 accounts under IBs
MT5 done: 3,804,137 trades
MT4 done: 367,209 trades

trades built: 4,171,346   short(<5min): 1,357,336
commission WITHOUT 5-min rule: $1,128,151.31
commission WITH 5-min rule:    $784,381.29
SAVINGS from 5-min rule:       $343,770.02
short-trade rows: (1357845, Decimal('809885.73'))
8,255 accounts under IBs
MT5 done: 3,804,208 trades
MT4 done: 367,209 trades

trades built: 4,171,417   short(<5min): 1,357,389
commission WITHOUT 5-min rule: $1,128,158.58
commission WITH 5-min rule:    $784,383.58
SAVINGS from 5-min rule:       $343,774.99
short-trade rows: (1357898, Decimal('810243.28'))
8,255 accounts under IBs
MT5 done: 3,804,342 trades
MT4 done: 367,209 trades

trades built: 4,171,551   short(<5min): 1,357,452
commission WITHOUT 5-min rule: $1,128,185.72
commission WITH 5-min rule:    $784,400.85
SAVINGS from 5-min rule:       $343,784.87
short-trade rows: (1357960, Decimal('809970.95'))
8,255 accounts under IBs
MT5 done: 3,804,398 trades
MT4 done: 367,209 trades

trades built: 4,171,607   short(<5min): 1,357,497
commission WITHOUT 5-min rule: $1,128,205.86
commission WITH 5-min rule:    $784,411.87
SAVINGS from 5-min rule:       $343,793.99
short-trade rows: (1358005, Decimal('811221.71'))
8,255 accounts under IBs
MT5 done: 3,804,443 trades
MT4 done: 367,209 trades

trades built: 4,171,652   short(<5min): 1,357,536
commission WITHOUT 5-min rule: $1,128,211.55
commission WITH 5-min rule:    $784,413.17
SAVINGS from 5-min rule:       $343,798.37
short-trade rows: (1358044, Decimal('809418.95'))
8,255 accounts under IBs
MT5 done: 3,804,489 trades
MT4 done: 367,209 trades

trades built: 4,171,698   short(<5min): 1,357,557
commission WITHOUT 5-min rule: $1,128,246.94
commission WITH 5-min rule:    $784,447.05
SAVINGS from 5-min rule:       $343,799.89
short-trade rows: (1358065, Decimal('809545.80'))
8,255 accounts under IBs
MT5 done: 3,804,497 trades
MT4 done: 367,209 trades

trades built: 4,171,706   short(<5min): 1,357,560
commission WITHOUT 5-min rule: $1,128,250.62
commission WITH 5-min rule:    $784,448.73
SAVINGS from 5-min rule:       $343,801.89
short-trade rows: (1358068, Decimal('809574.53'))
8,255 accounts under IBs
MT5 done: 3,804,523 trades
MT4 done: 367,209 trades

trades built: 4,171,732   short(<5min): 1,357,568
commission WITHOUT 5-min rule: $1,128,255.35
commission WITH 5-min rule:    $784,450.97
SAVINGS from 5-min rule:       $343,804.37
short-trade rows: (1358076, Decimal('809280.01'))
8,255 accounts under IBs
MT5 done: 3,804,546 trades
MT4 done: 367,243 trades

trades built: 4,171,789   short(<5min): 1,357,583
commission WITHOUT 5-min rule: $1,128,261.65
commission WITH 5-min rule:    $784,456.96
SAVINGS from 5-min rule:       $343,804.68
short-trade rows: (1358091, Decimal('810698.46'))
8,255 accounts under IBs
MT5 done: 3,804,564 trades
MT4 done: 367,251 trades

trades built: 4,171,815   short(<5min): 1,357,582
commission WITHOUT 5-min rule: $1,128,264.57
commission WITH 5-min rule:    $784,458.32
SAVINGS from 5-min rule:       $343,806.24
short-trade rows: (1358090, Decimal('810820.32'))
8,255 accounts under IBs
MT5 done: 3,804,565 trades
MT4 done: 367,253 trades

trades built: 4,171,818   short(<5min): 1,357,582
commission WITHOUT 5-min rule: $1,128,264.89
commission WITH 5-min rule:    $784,458.65
SAVINGS from 5-min rule:       $343,806.24
short-trade rows: (1358090, Decimal('810820.32'))
8,255 accounts under IBs
MT5 done: 3,804,565 trades
MT4 done: 367,260 trades

trades built: 4,171,825   short(<5min): 1,357,582
commission WITHOUT 5-min rule: $1,128,264.91
commission WITH 5-min rule:    $784,458.67
SAVINGS from 5-min rule:       $343,806.24
short-trade rows: (1358090, Decimal('810820.32'))
8,257 accounts under IBs
MT5 done: 3,804,597 trades
MT4 done: 367,264 trades

trades built: 4,171,861   short(<5min): 1,357,607
commission WITHOUT 5-min rule: $1,128,283.98
commission WITH 5-min rule:    $784,458.83
SAVINGS from 5-min rule:       $343,825.14
short-trade rows: (1358115, Decimal('810794.50'))
8,255 accounts under IBs
MT5 done: 3,804,569 trades
MT4 done: 367,266 trades

trades built: 4,171,835   short(<5min): 1,357,582
commission WITHOUT 5-min rule: $1,128,266.85
commission WITH 5-min rule:    $784,460.61
SAVINGS from 5-min rule:       $343,806.24
short-trade rows: (1358090, Decimal('810830.06'))
8,255 accounts under IBs
MT5 done: 3,804,591 trades
MT4 done: 367,276 trades

trades built: 4,171,867   short(<5min): 1,357,582
commission WITHOUT 5-min rule: $1,128,281.22
commission WITH 5-min rule:    $784,471.20
SAVINGS from 5-min rule:       $343,810.02
short-trade rows: (1358090, Decimal('810587.33'))
8,255 accounts under IBs
MT5 done: 3,804,651 trades
MT4 done: 367,278 trades

trades built: 4,171,929   short(<5min): 1,357,607
commission WITHOUT 5-min rule: $1,128,307.46
commission WITH 5-min rule:    $784,489.79
SAVINGS from 5-min rule:       $343,817.67
short-trade rows: (1358115, Decimal('810336.39'))
8,255 accounts under IBs
MT5 done: 3,804,746 trades
MT4 done: 367,280 trades

trades built: 4,172,026   short(<5min): 1,357,670
commission WITHOUT 5-min rule: $1,128,356.73
commission WITH 5-min rule:    $784,528.73
SAVINGS from 5-min rule:       $343,828.00
short-trade rows: (1358178, Decimal('811122.84'))
8,257 accounts under IBs
MT5 done: 3,805,040 trades
MT4 done: 367,282 trades

trades built: 4,172,322   short(<5min): 1,357,771
commission WITHOUT 5-min rule: $1,128,462.07
commission WITH 5-min rule:    $784,603.67
SAVINGS from 5-min rule:       $343,858.40
short-trade rows: (1358279, Decimal('813027.40'))
8,255 accounts under IBs
MT5 done: 3,805,178 trades
MT4 done: 367,284 trades

trades built: 4,172,462   short(<5min): 1,357,851
commission WITHOUT 5-min rule: $1,128,471.06
commission WITH 5-min rule:    $784,618.07
SAVINGS from 5-min rule:       $343,852.99
short-trade rows: (1358359, Decimal('812104.46'))
8,255 accounts under IBs
MT5 done: 3,805,437 trades
MT4 done: 367,300 trades

trades built: 4,172,737   short(<5min): 1,358,023
commission WITHOUT 5-min rule: $1,128,532.35
commission WITH 5-min rule:    $784,664.74
SAVINGS from 5-min rule:       $343,867.61
short-trade rows: (1358059, Decimal('812725.13'))
8,255 accounts under IBs
MT5 done: 3,805,512 trades
MT4 done: 367,306 trades

trades built: 4,172,818   short(<5min): 1,358,069
commission WITHOUT 5-min rule: $1,128,541.17
commission WITH 5-min rule:    $784,667.79
SAVINGS from 5-min rule:       $343,873.38
short-trade rows: (1358142, Decimal('812958.72'))
8,255 accounts under IBs
