2026-06-17 11:36:41,481 INFO Connecting to MT4...
2026-06-17 11:36:41,614 INFO mtmanapi64.dll loaded
2026-06-17 11:36:41,615 INFO MT4 manager instance created (ver=26215873)
2026-06-17 11:36:41,870 INFO MT4 connected and logged in. IsConnected=1
2026-06-17 11:36:41,871 INFO Fetching all users...
2026-06-17 11:36:42,082 INFO AdmUsersRequest: 5291 users
2026-06-17 11:36:42,084 INFO Got 5291 users, saving to clients/trading_accounts...
2026-06-17 11:36:43,217 INFO MT4 clients: 500 saved...
2026-06-17 11:36:43,540 INFO MT4 clients: 1000 saved...
2026-06-17 11:36:43,883 INFO MT4 clients: 1500 saved...
2026-06-17 11:36:44,241 INFO MT4 clients: 2000 saved...
2026-06-17 11:36:44,579 INFO MT4 clients: 2500 saved...
2026-06-17 11:36:44,943 INFO MT4 clients: 3000 saved...
2026-06-17 11:36:45,307 INFO MT4 clients: 3500 saved...
2026-06-17 11:36:45,657 INFO MT4 clients: 4000 saved...
2026-06-17 11:36:45,963 INFO MT4 clients: 4500 saved...
2026-06-17 11:36:46,283 INFO MT4 clients: 5000 saved...
2026-06-17 11:36:46,464 INFO MT4: 5291 clients saved
2026-06-17 11:36:46,464 INFO save_mt4_clients done
2026-06-17 11:36:46,464 INFO Fetching closed trade history (last 2 days)...
2026-06-17 11:36:47,824 INFO sync_trade_journal: 78122 records, 6359 closed trades in last 2d
2026-06-17 11:36:47,825 INFO Got 6359 closed trades, saving to deals...
2026-06-17 11:36:54,239 INFO MT4 journal deals saved: 6359
2026-06-17 11:36:54,240 INFO save_journal_deals done
2026-06-17 11:36:54,240 INFO === ONE-SHOT FETCH COMPLETE ===
2026-06-17 11:37:55,115 INFO Connecting to MT4...
2026-06-17 11:37:55,247 INFO mtmanapi64.dll loaded
2026-06-17 11:37:55,248 INFO MT4 manager instance created (ver=26215873)
2026-06-17 11:37:55,514 INFO MT4 connected and logged in. IsConnected=1
2026-06-17 11:37:55,516 INFO Fetching all users...
2026-06-17 11:37:55,721 INFO AdmUsersRequest: 5291 users
2026-06-17 11:37:55,722 INFO Got 5291 users, saving to clients/trading_accounts...
2026-06-17 11:37:56,683 INFO MT4 clients: 500 saved...
2026-06-17 11:37:56,965 INFO MT4 clients: 1000 saved...
2026-06-17 11:37:57,289 INFO MT4 clients: 1500 saved...
2026-06-17 11:37:57,587 INFO MT4 clients: 2000 saved...
2026-06-17 11:37:57,882 INFO MT4 clients: 2500 saved...
2026-06-17 11:37:58,204 INFO MT4 clients: 3000 saved...
2026-06-17 11:37:58,540 INFO MT4 clients: 3500 saved...
2026-06-17 11:37:58,868 INFO MT4 clients: 4000 saved...
2026-06-17 11:37:59,177 INFO MT4 clients: 4500 saved...
2026-06-17 11:37:59,501 INFO MT4 clients: 5000 saved...
2026-06-17 11:37:59,693 INFO MT4: 5291 clients saved
2026-06-17 11:37:59,694 INFO save_mt4_clients done
2026-06-17 11:37:59,694 INFO Fetching closed trade history (last 2 days)...
2026-06-17 11:38:01,074 INFO sync_trade_journal: 78124 records, 6359 closed trades in last 2d
2026-06-17 11:38:01,075 INFO Got 6359 closed trades, saving to deals...
2026-06-17 11:38:07,026 INFO MT4 journal deals saved: 6359
2026-06-17 11:38:07,026 INFO save_journal_deals done
2026-06-17 11:38:07,026 INFO === ONE-SHOT FETCH COMPLETE ===
2026-06-17 11:39:07,774 INFO Connecting to MT4...
2026-06-17 11:39:07,907 INFO mtmanapi64.dll loaded
2026-06-17 11:39:07,907 INFO MT4 manager instance created (ver=26215873)
2026-06-17 11:39:08,166 INFO MT4 connected and logged in. IsConnected=1
2026-06-17 11:39:08,166 INFO Fetching all users...
2026-06-17 11:39:08,370 INFO AdmUsersRequest: 5291 users
2026-06-17 11:39:08,370 INFO Got 5291 users, saving to clients/trading_accounts...
2026-06-17 11:39:09,398 INFO MT4 clients: 500 saved...
2026-06-17 11:39:09,691 INFO MT4 clients: 1000 saved...
2026-06-17 11:39:10,003 INFO MT4 clients: 1500 saved...
2026-06-17 11:39:10,284 INFO MT4 clients: 2000 saved...
2026-06-17 11:39:10,583 INFO MT4 clients: 2500 saved...
2026-06-17 11:39:10,897 INFO MT4 clients: 3000 saved...
2026-06-17 11:39:11,205 INFO MT4 clients: 3500 saved...
2026-06-17 11:39:11,484 INFO MT4 clients: 4000 saved...
2026-06-17 11:39:11,754 INFO MT4 clients: 4500 saved...
2026-06-17 11:39:12,032 INFO MT4 clients: 5000 saved...
2026-06-17 11:39:12,188 INFO MT4: 5291 clients saved
2026-06-17 11:39:12,188 INFO save_mt4_clients done
2026-06-17 11:39:12,190 INFO Fetching closed trade history (last 2 days)...
2026-06-17 11:39:13,551 INFO sync_trade_journal: 78126 records, 6359 closed trades in last 2d
2026-06-17 11:39:13,553 INFO Got 6359 closed trades, saving to deals...
2026-06-17 11:39:18,595 INFO MT4 journal deals saved: 6359
2026-06-17 11:39:18,595 INFO save_journal_deals done
2026-06-17 11:39:18,595 INFO === ONE-SHOT FETCH COMPLETE ===
2026-06-17 11:40:19,432 INFO Connecting to MT4...
2026-06-17 11:40:19,583 INFO mtmanapi64.dll loaded
2026-06-17 11:40:19,585 INFO MT4 manager instance created (ver=26215873)
2026-06-17 11:40:19,839 INFO MT4 connected and logged in. IsConnected=1
2026-06-17 11:40:19,839 INFO Fetching all users...
2026-06-17 11:40:20,053 INFO AdmUsersRequest: 5291 users
2026-06-17 11:40:20,055 INFO Got 5291 users, saving to clients/trading_accounts...
2026-06-17 11:40:21,105 INFO MT4 clients: 500 saved...
2026-06-17 11:40:21,367 INFO MT4 clients: 1000 saved...
2026-06-17 11:40:21,636 INFO MT4 clients: 1500 saved...
2026-06-17 11:40:21,942 INFO MT4 clients: 2000 saved...
2026-06-17 11:40:22,246 INFO MT4 clients: 2500 saved...
2026-06-17 11:40:22,553 INFO MT4 clients: 3000 saved...
2026-06-17 11:40:22,844 INFO MT4 clients: 3500 saved...
2026-06-17 11:40:23,123 INFO MT4 clients: 4000 saved...
2026-06-17 11:40:23,397 INFO MT4 clients: 4500 saved...
2026-06-17 11:40:23,677 INFO MT4 clients: 5000 saved...
2026-06-17 11:40:23,842 INFO MT4: 5291 clients saved
2026-06-17 11:40:23,844 INFO save_mt4_clients done
2026-06-17 11:40:23,844 INFO Fetching closed trade history (last 2 days)...
2026-06-17 11:40:25,210 INFO sync_trade_journal: 78136 records, 6361 closed trades in last 2d
2026-06-17 11:40:25,212 INFO Got 6361 closed trades, saving to deals...
2026-06-17 11:40:31,530 INFO MT4 journal deals saved: 6361
2026-06-17 11:40:31,531 INFO save_journal_deals done
2026-06-17 11:40:31,532 INFO === ONE-SHOT FETCH COMPLETE ===
2026-06-17 11:41:32,845 INFO Connecting to MT4...
2026-06-17 11:41:33,031 INFO mtmanapi64.dll loaded
2026-06-17 11:41:33,033 INFO MT4 manager instance created (ver=26215873)
2026-06-17 11:41:33,288 INFO MT4 connected and logged in. IsConnected=1
2026-06-17 11:41:33,288 INFO Fetching all users...
2026-06-17 11:41:33,496 INFO AdmUsersRequest: 5291 users
2026-06-17 11:41:33,497 INFO Got 5291 users, saving to clients/trading_accounts...
2026-06-17 11:41:34,848 INFO MT4 clients: 500 saved...
2026-06-17 11:41:35,175 INFO MT4 clients: 1000 saved...
2026-06-17 11:41:35,511 INFO MT4 clients: 1500 saved...
2026-06-17 11:41:35,972 INFO MT4 clients: 2000 saved...
2026-06-17 11:41:36,433 INFO MT4 clients: 2500 saved...
2026-06-17 11:41:36,931 INFO MT4 clients: 3000 saved...
2026-06-17 11:41:37,563 INFO MT4 clients: 3500 saved...
2026-06-17 11:41:37,925 INFO MT4 clients: 4000 saved...
2026-06-17 11:41:38,283 INFO MT4 clients: 4500 saved...
2026-06-17 11:41:38,638 INFO MT4 clients: 5000 saved...
2026-06-17 11:41:38,847 INFO MT4: 5291 clients saved
2026-06-17 11:41:38,849 INFO save_mt4_clients done
2026-06-17 11:41:38,849 INFO Fetching closed trade history (last 2 days)...
2026-06-17 11:41:40,550 INFO sync_trade_journal: 78138 records, 6362 closed trades in last 2d
2026-06-17 11:41:40,550 INFO Got 6362 closed trades, saving to deals...
2026-06-17 11:41:48,201 INFO MT4 journal deals saved: 6362
2026-06-17 11:41:48,201 INFO save_journal_deals done
2026-06-17 11:41:48,201 INFO === ONE-SHOT FETCH COMPLETE ===
2026-06-17 11:42:49,202 INFO Connecting to MT4...
2026-06-17 11:42:49,345 INFO mtmanapi64.dll loaded
2026-06-17 11:42:49,347 INFO MT4 manager instance created (ver=26215873)
2026-06-17 11:42:49,601 INFO MT4 connected and logged in. IsConnected=1
2026-06-17 11:42:49,602 INFO Fetching all users...
2026-06-17 11:42:49,808 INFO AdmUsersRequest: 5291 users
2026-06-17 11:42:49,810 INFO Got 5291 users, saving to clients/trading_accounts...
2026-06-17 11:42:50,973 INFO MT4 clients: 500 saved...
2026-06-17 11:42:51,317 INFO MT4 clients: 1000 saved...
2026-06-17 11:42:51,646 INFO MT4 clients: 1500 saved...
2026-06-17 11:42:51,976 INFO MT4 clients: 2000 saved...
2026-06-17 11:42:52,313 INFO MT4 clients: 2500 saved...
2026-06-17 11:42:52,658 INFO MT4 clients: 3000 saved...
2026-06-17 11:42:52,997 INFO MT4 clients: 3500 saved...
2026-06-17 11:42:53,317 INFO MT4 clients: 4000 saved...
2026-06-17 11:42:53,629 INFO MT4 clients: 4500 saved...
2026-06-17 11:42:53,954 INFO MT4 clients: 5000 saved...
2026-06-17 11:42:54,157 INFO MT4: 5291 clients saved
2026-06-17 11:42:54,158 INFO save_mt4_clients done
2026-06-17 11:42:54,158 INFO Fetching closed trade history (last 2 days)...
2026-06-17 11:42:55,563 INFO sync_trade_journal: 78148 records, 6363 closed trades in last 2d
2026-06-17 11:42:55,564 INFO Got 6363 closed trades, saving to deals...
2026-06-17 11:43:03,928 INFO MT4 journal deals saved: 6363
2026-06-17 11:43:03,929 INFO save_journal_deals done
2026-06-17 11:43:03,930 INFO === ONE-SHOT FETCH COMPLETE ===
2026-06-17 11:44:04,950 INFO Connecting to MT4...
2026-06-17 11:44:05,090 INFO mtmanapi64.dll loaded
2026-06-17 11:44:05,091 INFO MT4 manager instance created (ver=26215873)
2026-06-17 11:44:05,342 INFO MT4 connected and logged in. IsConnected=1
2026-06-17 11:44:05,344 INFO Fetching all users...
2026-06-17 11:44:05,556 INFO AdmUsersRequest: 5291 users
2026-06-17 11:44:05,557 INFO Got 5291 users, saving to clients/trading_accounts...
2026-06-17 11:44:06,772 INFO MT4 clients: 500 saved...
2026-06-17 11:44:07,161 INFO MT4 clients: 1000 saved...
2026-06-17 11:44:07,547 INFO MT4 clients: 1500 saved...
2026-06-17 11:44:07,905 INFO MT4 clients: 2000 saved...
2026-06-17 11:44:08,293 INFO MT4 clients: 2500 saved...
2026-06-17 11:44:08,703 INFO MT4 clients: 3000 saved...
2026-06-17 11:44:09,118 INFO MT4 clients: 3500 saved...
2026-06-17 11:44:09,525 INFO MT4 clients: 4000 saved...
2026-06-17 11:44:09,921 INFO MT4 clients: 4500 saved...
2026-06-17 11:44:10,315 INFO MT4 clients: 5000 saved...
2026-06-17 11:44:10,521 INFO MT4: 5291 clients saved
2026-06-17 11:44:10,522 INFO save_mt4_clients done
2026-06-17 11:44:10,523 INFO Fetching closed trade history (last 2 days)...
2026-06-17 11:44:11,911 INFO sync_trade_journal: 78154 records, 6364 closed trades in last 2d
2026-06-17 11:44:11,912 INFO Got 6364 closed trades, saving to deals...
2026-06-17 11:44:18,853 INFO MT4 journal deals saved: 6364
2026-06-17 11:44:18,854 INFO save_journal_deals done
2026-06-17 11:44:18,855 INFO === ONE-SHOT FETCH COMPLETE ===
2026-06-17 11:45:19,731 INFO Connecting to MT4...
2026-06-17 11:45:19,863 INFO mtmanapi64.dll loaded
2026-06-17 11:45:19,864 INFO MT4 manager instance created (ver=26215873)
2026-06-17 11:45:20,067 INFO MT4 connected and logged in. IsConnected=1
2026-06-17 11:45:20,068 INFO Fetching all users...
2026-06-17 11:45:20,266 INFO AdmUsersRequest: 5291 users
2026-06-17 11:45:20,266 INFO Got 5291 users, saving to clients/trading_accounts...
2026-06-17 11:45:21,353 INFO MT4 clients: 500 saved...
2026-06-17 11:45:21,695 INFO MT4 clients: 1000 saved...
2026-06-17 11:45:22,062 INFO MT4 clients: 1500 saved...
2026-06-17 11:45:22,410 INFO MT4 clients: 2000 saved...
2026-06-17 11:45:22,775 INFO MT4 clients: 2500 saved...
2026-06-17 11:45:23,174 INFO MT4 clients: 3000 saved...
2026-06-17 11:45:23,575 INFO MT4 clients: 3500 saved...
2026-06-17 11:45:23,957 INFO MT4 clients: 4000 saved...
2026-06-17 11:45:24,308 INFO MT4 clients: 4500 saved...
2026-06-17 11:45:24,676 INFO MT4 clients: 5000 saved...
2026-06-17 11:45:24,890 INFO MT4: 5291 clients saved
2026-06-17 11:45:24,891 INFO save_mt4_clients done
2026-06-17 11:45:24,891 INFO Fetching closed trade history (last 2 days)...
2026-06-17 11:45:26,248 INFO sync_trade_journal: 78170 records, 6369 closed trades in last 2d
2026-06-17 11:45:26,250 INFO Got 6369 closed trades, saving to deals...
2026-06-17 11:45:33,020 INFO MT4 journal deals saved: 6369
2026-06-17 11:45:33,021 INFO save_journal_deals done
2026-06-17 11:45:33,021 INFO === ONE-SHOT FETCH COMPLETE ===
2026-06-17 11:46:34,018 INFO Connecting to MT4...
2026-06-17 11:46:34,156 INFO mtmanapi64.dll loaded
2026-06-17 11:46:34,157 INFO MT4 manager instance created (ver=26215873)
2026-06-17 11:46:34,415 INFO MT4 connected and logged in. IsConnected=1
2026-06-17 11:46:34,416 INFO Fetching all users...
2026-06-17 11:46:34,618 INFO AdmUsersRequest: 5291 users
2026-06-17 11:46:34,620 INFO Got 5291 users, saving to clients/trading_accounts...
2026-06-17 11:46:35,734 INFO MT4 clients: 500 saved...
2026-06-17 11:46:36,079 INFO MT4 clients: 1000 saved...
2026-06-17 11:46:36,440 INFO MT4 clients: 1500 saved...
2026-06-17 11:46:36,792 INFO MT4 clients: 2000 saved...
2026-06-17 11:46:37,154 INFO MT4 clients: 2500 saved...
2026-06-17 11:46:37,525 INFO MT4 clients: 3000 saved...
2026-06-17 11:46:37,897 INFO MT4 clients: 3500 saved...
2026-06-17 11:46:38,273 INFO MT4 clients: 4000 saved...
2026-06-17 11:46:38,655 INFO MT4 clients: 4500 saved...
2026-06-17 11:46:39,014 INFO MT4 clients: 5000 saved...
2026-06-17 11:46:39,213 INFO MT4: 5291 clients saved
2026-06-17 11:46:39,214 INFO save_mt4_clients done
2026-06-17 11:46:39,215 INFO Fetching closed trade history (last 2 days)...
2026-06-17 11:46:40,674 INFO sync_trade_journal: 78174 records, 6370 closed trades in last 2d
2026-06-17 11:46:40,674 INFO Got 6370 closed trades, saving to deals...
2026-06-17 11:46:47,256 INFO MT4 journal deals saved: 6370
2026-06-17 11:46:47,256 INFO save_journal_deals done
2026-06-17 11:46:47,256 INFO === ONE-SHOT FETCH COMPLETE ===
2026-06-17 11:47:48,184 INFO Connecting to MT4...
2026-06-17 11:47:48,331 INFO mtmanapi64.dll loaded
2026-06-17 11:47:48,332 INFO MT4 manager instance created (ver=26215873)
2026-06-17 11:47:48,607 INFO MT4 connected and logged in. IsConnected=1
2026-06-17 11:47:48,608 INFO Fetching all users...
2026-06-17 11:47:48,840 INFO AdmUsersRequest: 5291 users
2026-06-17 11:47:48,841 INFO Got 5291 users, saving to clients/trading_accounts...
2026-06-17 11:47:50,054 INFO MT4 clients: 500 saved...
2026-06-17 11:47:50,446 INFO MT4 clients: 1000 saved...
2026-06-17 11:47:50,788 INFO MT4 clients: 1500 saved...
2026-06-17 11:47:51,154 INFO MT4 clients: 2000 saved...
2026-06-17 11:47:51,549 INFO MT4 clients: 2500 saved...
2026-06-17 11:47:51,956 INFO MT4 clients: 3000 saved...
2026-06-17 11:47:52,358 INFO MT4 clients: 3500 saved...
2026-06-17 11:47:52,758 INFO MT4 clients: 4000 saved...
2026-06-17 11:47:53,151 INFO MT4 clients: 4500 saved...
2026-06-17 11:47:53,543 INFO MT4 clients: 5000 saved...
2026-06-17 11:47:53,759 INFO MT4: 5291 clients saved
2026-06-17 11:47:53,760 INFO save_mt4_clients done
2026-06-17 11:47:53,760 INFO Fetching closed trade history (last 2 days)...
2026-06-17 11:47:55,226 INFO sync_trade_journal: 78178 records, 6370 closed trades in last 2d
2026-06-17 11:47:55,226 INFO Got 6370 closed trades, saving to deals...
2026-06-17 11:48:02,897 INFO MT4 journal deals saved: 6370
2026-06-17 11:48:02,898 INFO save_journal_deals done
2026-06-17 11:48:02,899 INFO === ONE-SHOT FETCH COMPLETE ===
2026-06-17 11:48:04,214 INFO mtmanapi64.dll loaded
2026-06-17 11:48:04,218 INFO MT4 manager instance created (ver=26215873)
2026-06-17 11:48:04,485 INFO MT4 connected and logged in. IsConnected=1
2026-06-17 11:49:06,626 INFO Connecting to MT4...
2026-06-17 11:49:06,769 INFO mtmanapi64.dll loaded
2026-06-17 11:49:06,770 INFO MT4 manager instance created (ver=26215873)
2026-06-17 11:49:07,021 INFO MT4 connected and logged in. IsConnected=1
2026-06-17 11:49:07,023 INFO Fetching all users...
2026-06-17 11:49:07,234 INFO AdmUsersRequest: 5291 users
2026-06-17 11:49:07,235 INFO Got 5291 users, saving to clients/trading_accounts...
2026-06-17 11:49:08,455 INFO MT4 clients: 500 saved...
2026-06-17 11:49:08,872 INFO MT4 clients: 1000 saved...
2026-06-17 11:49:09,257 INFO MT4 clients: 1500 saved...
2026-06-17 11:49:09,636 INFO MT4 clients: 2000 saved...
2026-06-17 11:49:10,061 INFO MT4 clients: 2500 saved...
2026-06-17 11:49:10,476 INFO MT4 clients: 3000 saved...
2026-06-17 11:49:10,860 INFO MT4 clients: 3500 saved...
2026-06-17 11:49:11,262 INFO MT4 clients: 4000 saved...
2026-06-17 11:49:11,657 INFO MT4 clients: 4500 saved...
2026-06-17 11:49:12,059 INFO MT4 clients: 5000 saved...
2026-06-17 11:49:12,297 INFO MT4: 5291 clients saved
2026-06-17 11:49:12,297 INFO save_mt4_clients done
2026-06-17 11:49:12,298 INFO Fetching closed trade history (last 2 days)...
2026-06-17 11:49:13,773 INFO sync_trade_journal: 78188 records, 6370 closed trades in last 2d
2026-06-17 11:49:13,774 INFO Got 6370 closed trades, saving to deals...
2026-06-17 11:49:20,985 INFO MT4 journal deals saved: 6370
2026-06-17 11:49:20,986 INFO save_journal_deals done
2026-06-17 11:49:20,986 INFO === ONE-SHOT FETCH COMPLETE ===
2026-06-17 11:50:22,157 INFO Connecting to MT4...
2026-06-17 11:50:22,311 INFO mtmanapi64.dll loaded
2026-06-17 11:50:22,312 INFO MT4 manager instance created (ver=26215873)
2026-06-17 11:50:22,572 INFO MT4 connected and logged in. IsConnected=1
2026-06-17 11:50:22,573 INFO Fetching all users...
2026-06-17 11:50:22,790 INFO AdmUsersRequest: 5291 users
2026-06-17 11:50:22,791 INFO Got 5291 users, saving to clients/trading_accounts...
2026-06-17 11:50:24,230 INFO MT4 clients: 500 saved...
2026-06-17 11:50:24,683 INFO MT4 clients: 1000 saved...
2026-06-17 11:50:25,087 INFO MT4 clients: 1500 saved...
2026-06-17 11:50:25,462 INFO MT4 clients: 2000 saved...
2026-06-17 11:50:25,858 INFO MT4 clients: 2500 saved...
2026-06-17 11:50:26,260 INFO MT4 clients: 3000 saved...
2026-06-17 11:50:26,656 INFO MT4 clients: 3500 saved...
2026-06-17 11:50:27,081 INFO MT4 clients: 4000 saved...
2026-06-17 11:50:27,540 INFO MT4 clients: 4500 saved...
2026-06-17 11:50:27,972 INFO MT4 clients: 5000 saved...
2026-06-17 11:50:28,210 INFO MT4: 5291 clients saved
2026-06-17 11:50:28,211 INFO save_mt4_clients done
2026-06-17 11:50:28,212 INFO Fetching closed trade history (last 2 days)...
2026-06-17 11:50:29,616 INFO sync_trade_journal: 78194 records, 6371 closed trades in last 2d
2026-06-17 11:50:29,617 INFO Got 6371 closed trades, saving to deals...
2026-06-17 11:50:36,781 INFO MT4 journal deals saved: 6371
2026-06-17 11:50:36,781 INFO save_journal_deals done
2026-06-17 11:50:36,782 INFO === ONE-SHOT FETCH COMPLETE ===
2026-06-17 11:51:37,737 INFO Connecting to MT4...
2026-06-17 11:51:37,872 INFO mtmanapi64.dll loaded
2026-06-17 11:51:37,874 INFO MT4 manager instance created (ver=26215873)
2026-06-17 11:51:38,125 INFO MT4 connected and logged in. IsConnected=1
2026-06-17 11:51:38,126 INFO Fetching all users...
2026-06-17 11:51:38,325 INFO AdmUsersRequest: 5291 users
2026-06-17 11:51:38,325 INFO Got 5291 users, saving to clients/trading_accounts...
2026-06-17 11:51:39,417 INFO MT4 clients: 500 saved...
2026-06-17 11:51:39,801 INFO MT4 clients: 1000 saved...
2026-06-17 11:51:40,194 INFO MT4 clients: 1500 saved...
2026-06-17 11:51:40,559 INFO MT4 clients: 2000 saved...
2026-06-17 11:51:40,940 INFO MT4 clients: 2500 saved...
2026-06-17 11:51:41,313 INFO MT4 clients: 3000 saved...
2026-06-17 11:51:41,742 INFO MT4 clients: 3500 saved...
2026-06-17 11:51:42,185 INFO MT4 clients: 4000 saved...
2026-06-17 11:51:42,588 INFO MT4 clients: 4500 saved...
2026-06-17 11:51:42,990 INFO MT4 clients: 5000 saved...
2026-06-17 11:51:43,219 INFO MT4: 5291 clients saved
2026-06-17 11:51:43,219 INFO save_mt4_clients done
2026-06-17 11:51:43,220 INFO Fetching closed trade history (last 2 days)...
2026-06-17 11:51:44,673 INFO sync_trade_journal: 78201 records, 6372 closed trades in last 2d
2026-06-17 11:51:44,674 INFO Got 6372 closed trades, saving to deals...
2026-06-17 11:51:51,701 INFO MT4 journal deals saved: 6372
2026-06-17 11:51:51,701 INFO save_journal_deals done
2026-06-17 11:51:51,701 INFO === ONE-SHOT FETCH COMPLETE ===
2026-06-17 11:52:52,587 INFO Connecting to MT4...
2026-06-17 11:52:52,721 INFO mtmanapi64.dll loaded
2026-06-17 11:52:52,722 INFO MT4 manager instance created (ver=26215873)
2026-06-17 11:52:52,990 INFO MT4 connected and logged in. IsConnected=1
2026-06-17 11:52:52,991 INFO Fetching all users...
2026-06-17 11:52:53,205 INFO AdmUsersRequest: 5291 users
2026-06-17 11:52:53,206 INFO Got 5291 users, saving to clients/trading_accounts...
2026-06-17 11:52:54,302 INFO MT4 clients: 500 saved...
2026-06-17 11:52:54,629 INFO MT4 clients: 1000 saved...
2026-06-17 11:52:54,970 INFO MT4 clients: 1500 saved...
2026-06-17 11:52:55,306 INFO MT4 clients: 2000 saved...
2026-06-17 11:52:55,640 INFO MT4 clients: 2500 saved...
2026-06-17 11:52:55,964 INFO MT4 clients: 3000 saved...
2026-06-17 11:52:56,320 INFO MT4 clients: 3500 saved...
2026-06-17 11:52:56,676 INFO MT4 clients: 4000 saved...
2026-06-17 11:52:57,010 INFO MT4 clients: 4500 saved...
2026-06-17 11:52:57,394 INFO MT4 clients: 5000 saved...
2026-06-17 11:52:57,626 INFO MT4: 5291 clients saved
2026-06-17 11:52:57,627 INFO save_mt4_clients done
2026-06-17 11:52:57,627 INFO Fetching closed trade history (last 2 days)...
2026-06-17 11:52:59,057 INFO sync_trade_journal: 78208 records, 6374 closed trades in last 2d
2026-06-17 11:52:59,058 INFO Got 6374 closed trades, saving to deals...
2026-06-17 11:53:05,346 INFO MT4 journal deals saved: 6374
2026-06-17 11:53:05,347 INFO save_journal_deals done
2026-06-17 11:53:05,348 INFO === ONE-SHOT FETCH COMPLETE ===
2026-06-17 11:54:06,376 INFO Connecting to MT4...
2026-06-17 11:54:06,514 INFO mtmanapi64.dll loaded
2026-06-17 11:54:06,514 INFO MT4 manager instance created (ver=26215873)
2026-06-17 11:54:06,773 INFO MT4 connected and logged in. IsConnected=1
2026-06-17 11:54:06,774 INFO Fetching all users...
2026-06-17 11:54:06,992 INFO AdmUsersRequest: 5291 users
2026-06-17 11:54:06,993 INFO Got 5291 users, saving to clients/trading_accounts...
2026-06-17 11:54:08,149 INFO MT4 clients: 500 saved...
2026-06-17 11:54:08,505 INFO MT4 clients: 1000 saved...
2026-06-17 11:54:08,892 INFO MT4 clients: 1500 saved...
2026-06-17 11:54:09,245 INFO MT4 clients: 2000 saved...
2026-06-17 11:54:09,664 INFO MT4 clients: 2500 saved...
2026-06-17 11:54:10,054 INFO MT4 clients: 3000 saved...
2026-06-17 11:54:10,428 INFO MT4 clients: 3500 saved...
2026-06-17 11:54:10,790 INFO MT4 clients: 4000 saved...
2026-06-17 11:54:11,144 INFO MT4 clients: 4500 saved...
2026-06-17 11:54:11,497 INFO MT4 clients: 5000 saved...
2026-06-17 11:54:11,680 INFO MT4: 5291 clients saved
2026-06-17 11:54:11,680 INFO save_mt4_clients done
2026-06-17 11:54:11,681 INFO Fetching closed trade history (last 2 days)...
2026-06-17 11:54:13,054 INFO sync_trade_journal: 78231 records, 6377 closed trades in last 2d
2026-06-17 11:54:13,056 INFO Got 6377 closed trades, saving to deals...
2026-06-17 11:54:19,669 INFO MT4 journal deals saved: 6377
2026-06-17 11:54:19,670 INFO save_journal_deals done
2026-06-17 11:54:19,671 INFO === ONE-SHOT FETCH COMPLETE ===
2026-06-17 11:55:20,676 INFO Connecting to MT4...
2026-06-17 11:55:20,861 INFO mtmanapi64.dll loaded
2026-06-17 11:55:20,862 INFO MT4 manager instance created (ver=26215873)
2026-06-17 11:55:21,120 INFO MT4 connected and logged in. IsConnected=1
2026-06-17 11:55:21,122 INFO Fetching all users...
2026-06-17 11:55:21,326 INFO AdmUsersRequest: 5291 users
2026-06-17 11:55:21,327 INFO Got 5291 users, saving to clients/trading_accounts...
2026-06-17 11:55:22,683 INFO MT4 clients: 500 saved...
2026-06-17 11:55:23,062 INFO MT4 clients: 1000 saved...
2026-06-17 11:55:23,427 INFO MT4 clients: 1500 saved...
2026-06-17 11:55:23,830 INFO MT4 clients: 2000 saved...
2026-06-17 11:55:24,232 INFO MT4 clients: 2500 saved...
2026-06-17 11:55:24,574 INFO MT4 clients: 3000 saved...
2026-06-17 11:55:24,893 INFO MT4 clients: 3500 saved...
2026-06-17 11:55:25,211 INFO MT4 clients: 4000 saved...
2026-06-17 11:55:25,508 INFO MT4 clients: 4500 saved...
2026-06-17 11:55:25,831 INFO MT4 clients: 5000 saved...
2026-06-17 11:55:26,013 INFO MT4: 5291 clients saved
2026-06-17 11:55:26,015 INFO save_mt4_clients done
2026-06-17 11:55:26,015 INFO Fetching closed trade history (last 2 days)...
2026-06-17 11:55:27,414 INFO sync_trade_journal: 78239 records, 6378 closed trades in last 2d
2026-06-17 11:55:27,415 INFO Got 6378 closed trades, saving to deals...
2026-06-17 11:55:35,241 INFO MT4 journal deals saved: 6378
2026-06-17 11:55:35,242 INFO save_journal_deals done
2026-06-17 11:55:35,242 INFO === ONE-SHOT FETCH COMPLETE ===
2026-06-17 11:56:36,504 INFO Connecting to MT4...
2026-06-17 11:56:36,680 INFO mtmanapi64.dll loaded
2026-06-17 11:56:36,682 INFO MT4 manager instance created (ver=26215873)
2026-06-17 11:56:36,934 INFO MT4 connected and logged in. IsConnected=1
2026-06-17 11:56:36,934 INFO Fetching all users...
2026-06-17 11:56:37,145 INFO AdmUsersRequest: 5291 users
2026-06-17 11:56:37,145 INFO Got 5291 users, saving to clients/trading_accounts...
2026-06-17 11:56:38,606 INFO MT4 clients: 500 saved...
2026-06-17 11:56:38,963 INFO MT4 clients: 1000 saved...
2026-06-17 11:56:39,344 INFO MT4 clients: 1500 saved...
2026-06-17 11:56:39,737 INFO MT4 clients: 2000 saved...
2026-06-17 11:56:40,118 INFO MT4 clients: 2500 saved...
2026-06-17 11:56:40,490 INFO MT4 clients: 3000 saved...
2026-06-17 11:56:40,839 INFO MT4 clients: 3500 saved...
2026-06-17 11:56:41,157 INFO MT4 clients: 4000 saved...
2026-06-17 11:56:41,493 INFO MT4 clients: 4500 saved...
2026-06-17 11:56:41,796 INFO MT4 clients: 5000 saved...
2026-06-17 11:56:41,967 INFO MT4: 5291 clients saved
2026-06-17 11:56:41,967 INFO save_mt4_clients done
2026-06-17 11:56:41,967 INFO Fetching closed trade history (last 2 days)...
2026-06-17 11:56:43,495 INFO sync_trade_journal: 78266 records, 6385 closed trades in last 2d
2026-06-17 11:56:43,496 INFO Got 6385 closed trades, saving to deals...
2026-06-17 11:56:53,526 INFO MT4 journal deals saved: 6385
2026-06-17 11:56:53,527 INFO save_journal_deals done
2026-06-17 11:56:53,528 INFO === ONE-SHOT FETCH COMPLETE ===
2026-06-17 11:57:54,859 INFO Connecting to MT4...
2026-06-17 11:57:54,990 INFO mtmanapi64.dll loaded
2026-06-17 11:57:54,990 INFO MT4 manager instance created (ver=26215873)
2026-06-17 11:57:55,242 INFO MT4 connected and logged in. IsConnected=1
2026-06-17 11:57:55,243 INFO Fetching all users...
2026-06-17 11:57:55,443 INFO AdmUsersRequest: 5291 users
2026-06-17 11:57:55,443 INFO Got 5291 users, saving to clients/trading_accounts...
2026-06-17 11:57:56,571 INFO MT4 clients: 500 saved...
2026-06-17 11:57:56,943 INFO MT4 clients: 1000 saved...
2026-06-17 11:57:57,318 INFO MT4 clients: 1500 saved...
2026-06-17 11:57:57,671 INFO MT4 clients: 2000 saved...
2026-06-17 11:57:58,034 INFO MT4 clients: 2500 saved...
2026-06-17 11:57:58,391 INFO MT4 clients: 3000 saved...
2026-06-17 11:57:58,753 INFO MT4 clients: 3500 saved...
2026-06-17 11:57:59,095 INFO MT4 clients: 4000 saved...
2026-06-17 11:57:59,435 INFO MT4 clients: 4500 saved...
2026-06-17 11:57:59,804 INFO MT4 clients: 5000 saved...
2026-06-17 11:58:00,023 INFO MT4: 5291 clients saved
2026-06-17 11:58:00,024 INFO save_mt4_clients done
2026-06-17 11:58:00,024 INFO Fetching closed trade history (last 2 days)...
2026-06-17 11:58:01,489 INFO sync_trade_journal: 78298 records, 6390 closed trades in last 2d
2026-06-17 11:58:01,490 INFO Got 6390 closed trades, saving to deals...
2026-06-17 11:58:22,245 INFO MT4 journal deals saved: 6390
2026-06-17 11:58:22,246 INFO save_journal_deals done
2026-06-17 11:58:22,246 INFO === ONE-SHOT FETCH COMPLETE ===
2026-06-17 11:59:23,216 INFO Connecting to MT4...
2026-06-17 11:59:23,372 INFO mtmanapi64.dll loaded
2026-06-17 11:59:23,373 INFO MT4 manager instance created (ver=26215873)
2026-06-17 11:59:23,578 INFO MT4 connected and logged in. IsConnected=1
2026-06-17 11:59:23,579 INFO Fetching all users...
2026-06-17 11:59:23,783 INFO AdmUsersRequest: 5291 users
2026-06-17 11:59:23,784 INFO Got 5291 users, saving to clients/trading_accounts...
2026-06-17 11:59:25,003 INFO MT4 clients: 500 saved...
2026-06-17 11:59:25,428 INFO MT4 clients: 1000 saved...
2026-06-17 11:59:25,834 INFO MT4 clients: 1500 saved...
2026-06-17 11:59:26,203 INFO MT4 clients: 2000 saved...
2026-06-17 11:59:26,563 INFO MT4 clients: 2500 saved...
2026-06-17 11:59:26,922 INFO MT4 clients: 3000 saved...
2026-06-17 11:59:27,291 INFO MT4 clients: 3500 saved...
2026-06-17 11:59:27,653 INFO MT4 clients: 4000 saved...
2026-06-17 11:59:27,986 INFO MT4 clients: 4500 saved...
2026-06-17 11:59:28,336 INFO MT4 clients: 5000 saved...
2026-06-17 11:59:28,537 INFO MT4: 5291 clients saved
2026-06-17 11:59:28,537 INFO save_mt4_clients done
2026-06-17 11:59:28,539 INFO Fetching closed trade history (last 2 days)...
2026-06-17 11:59:29,971 INFO sync_trade_journal: 78310 records, 6396 closed trades in last 2d
2026-06-17 11:59:29,973 INFO Got 6396 closed trades, saving to deals...
2026-06-17 11:59:36,533 INFO MT4 journal deals saved: 6396
2026-06-17 11:59:36,534 INFO save_journal_deals done
2026-06-17 11:59:36,535 INFO === ONE-SHOT FETCH COMPLETE ===
2026-06-17 12:00:37,726 INFO Connecting to MT4...
2026-06-17 12:00:38,073 INFO mtmanapi64.dll loaded
2026-06-17 12:00:38,075 INFO MT4 manager instance created (ver=26215873)
2026-06-17 12:00:38,331 INFO MT4 connected and logged in. IsConnected=1
2026-06-17 12:00:38,332 INFO Fetching all users...
2026-06-17 12:00:38,540 INFO AdmUsersRequest: 5291 users
2026-06-17 12:00:38,541 INFO Got 5291 users, saving to clients/trading_accounts...
2026-06-17 12:00:40,323 INFO MT4 clients: 500 saved...
2026-06-17 12:00:40,746 INFO MT4 clients: 1000 saved...
2026-06-17 12:00:41,181 INFO MT4 clients: 1500 saved...
2026-06-17 12:00:41,614 INFO MT4 clients: 2000 saved...
2026-06-17 12:00:42,052 INFO MT4 clients: 2500 saved...
2026-06-17 12:00:42,461 INFO MT4 clients: 3000 saved...
2026-06-17 12:00:42,878 INFO MT4 clients: 3500 saved...
2026-06-17 12:00:43,288 INFO MT4 clients: 4000 saved...
2026-06-17 12:00:43,663 INFO MT4 clients: 4500 saved...
2026-06-17 12:00:44,066 INFO MT4 clients: 5000 saved...
2026-06-17 12:00:44,286 INFO MT4: 5291 clients saved
2026-06-17 12:00:44,286 INFO save_mt4_clients done
2026-06-17 12:00:44,287 INFO Fetching closed trade history (last 2 days)...
2026-06-17 12:00:45,845 INFO sync_trade_journal: 78314 records, 6397 closed trades in last 2d
2026-06-17 12:00:45,846 INFO Got 6397 closed trades, saving to deals...
2026-06-17 12:00:53,376 INFO MT4 journal deals saved: 6397
2026-06-17 12:00:53,376 INFO save_journal_deals done
2026-06-17 12:00:53,378 INFO === ONE-SHOT FETCH COMPLETE ===
2026-06-17 12:00:54,454 INFO mtmanapi64.dll loaded
2026-06-17 12:00:54,457 INFO MT4 manager instance created (ver=26215873)
2026-06-17 12:00:54,710 INFO MT4 connected and logged in. IsConnected=1
2026-06-17 12:01:56,970 INFO Connecting to MT4...
2026-06-17 12:01:57,249 INFO mtmanapi64.dll loaded
2026-06-17 12:01:57,250 INFO MT4 manager instance created (ver=26215873)
2026-06-17 12:01:57,501 INFO MT4 connected and logged in. IsConnected=1
2026-06-17 12:01:57,503 INFO Fetching all users...
2026-06-17 12:01:57,701 INFO AdmUsersRequest: 5291 users
2026-06-17 12:01:57,703 INFO Got 5291 users, saving to clients/trading_accounts...
2026-06-17 12:01:58,772 INFO MT4 clients: 500 saved...
2026-06-17 12:01:59,116 INFO MT4 clients: 1000 saved...
2026-06-17 12:01:59,464 INFO MT4 clients: 1500 saved...
2026-06-17 12:01:59,813 INFO MT4 clients: 2000 saved...
2026-06-17 12:02:00,211 INFO MT4 clients: 2500 saved...
2026-06-17 12:02:00,554 INFO MT4 clients: 3000 saved...
2026-06-17 12:02:00,903 INFO MT4 clients: 3500 saved...
2026-06-17 12:02:01,270 INFO MT4 clients: 4000 saved...
2026-06-17 12:02:01,628 INFO MT4 clients: 4500 saved...
2026-06-17 12:02:01,974 INFO MT4 clients: 5000 saved...
2026-06-17 12:02:02,176 INFO MT4: 5291 clients saved
2026-06-17 12:02:02,177 INFO save_mt4_clients done
2026-06-17 12:02:02,177 INFO Fetching closed trade history (last 2 days)...
2026-06-17 12:02:03,558 INFO sync_trade_journal: 78326 records, 6399 closed trades in last 2d
2026-06-17 12:02:03,558 INFO Got 6399 closed trades, saving to deals...
2026-06-17 12:02:10,739 INFO MT4 journal deals saved: 6399
2026-06-17 12:02:10,739 INFO save_journal_deals done
2026-06-17 12:02:10,739 INFO === ONE-SHOT FETCH COMPLETE ===
2026-06-17 12:03:12,803 INFO Connecting to MT4...
2026-06-17 12:03:12,973 INFO mtmanapi64.dll loaded
2026-06-17 12:03:12,974 INFO MT4 manager instance created (ver=26215873)
2026-06-17 12:03:13,232 INFO MT4 connected and logged in. IsConnected=1
2026-06-17 12:03:13,232 INFO Fetching all users...
2026-06-17 12:03:13,444 INFO AdmUsersRequest: 5291 users
2026-06-17 12:03:13,445 INFO Got 5291 users, saving to clients/trading_accounts...
2026-06-17 12:03:15,034 INFO MT4 clients: 500 saved...
2026-06-17 12:03:15,435 INFO MT4 clients: 1000 saved...
2026-06-17 12:03:15,793 INFO MT4 clients: 1500 saved...
2026-06-17 12:03:16,165 INFO MT4 clients: 2000 saved...
2026-06-17 12:03:16,548 INFO MT4 clients: 2500 saved...
2026-06-17 12:03:16,927 INFO MT4 clients: 3000 saved...
2026-06-17 12:03:17,306 INFO MT4 clients: 3500 saved...
2026-06-17 12:03:17,681 INFO MT4 clients: 4000 saved...
2026-06-17 12:03:18,046 INFO MT4 clients: 4500 saved...
2026-06-17 12:03:18,407 INFO MT4 clients: 5000 saved...
2026-06-17 12:03:18,610 INFO MT4: 5291 clients saved
2026-06-17 12:03:18,611 INFO save_mt4_clients done
2026-06-17 12:03:18,612 INFO Fetching closed trade history (last 2 days)...
2026-06-17 12:03:21,067 INFO sync_trade_journal: 78332 records, 6399 closed trades in last 2d
2026-06-17 12:03:21,069 INFO Got 6399 closed trades, saving to deals...
2026-06-17 12:03:29,201 INFO MT4 journal deals saved: 6399
2026-06-17 12:03:29,202 INFO save_journal_deals done
2026-06-17 12:03:29,203 INFO === ONE-SHOT FETCH COMPLETE ===
2026-06-17 12:04:30,424 INFO Connecting to MT4...
2026-06-17 12:04:30,575 INFO mtmanapi64.dll loaded
2026-06-17 12:04:30,577 INFO MT4 manager instance created (ver=26215873)
2026-06-17 12:04:30,778 INFO MT4 connected and logged in. IsConnected=1
2026-06-17 12:04:30,778 INFO Fetching all users...
2026-06-17 12:04:30,984 INFO AdmUsersRequest: 5291 users
2026-06-17 12:04:30,985 INFO Got 5291 users, saving to clients/trading_accounts...
2026-06-17 12:04:32,243 INFO MT4 clients: 500 saved...
2026-06-17 12:04:32,636 INFO MT4 clients: 1000 saved...
2026-06-17 12:04:33,039 INFO MT4 clients: 1500 saved...
2026-06-17 12:04:33,455 INFO MT4 clients: 2000 saved...
2026-06-17 12:04:33,894 INFO MT4 clients: 2500 saved...
2026-06-17 12:04:34,297 INFO MT4 clients: 3000 saved...
2026-06-17 12:04:34,667 INFO MT4 clients: 3500 saved...
2026-06-17 12:04:35,031 INFO MT4 clients: 4000 saved...
2026-06-17 12:04:35,409 INFO MT4 clients: 4500 saved...
2026-06-17 12:04:35,785 INFO MT4 clients: 5000 saved...
2026-06-17 12:04:36,008 INFO MT4: 5291 clients saved
2026-06-17 12:04:36,009 INFO save_mt4_clients done
2026-06-17 12:04:36,009 INFO Fetching closed trade history (last 2 days)...
2026-06-17 12:04:37,462 INFO sync_trade_journal: 78338 records, 6401 closed trades in last 2d
2026-06-17 12:04:37,463 INFO Got 6401 closed trades, saving to deals...
2026-06-17 12:05:50,775 INFO MT4 journal deals saved: 6401
2026-06-17 12:05:50,776 INFO save_journal_deals done
2026-06-17 12:05:50,777 INFO === ONE-SHOT FETCH COMPLETE ===
2026-06-17 12:06:51,890 INFO Connecting to MT4...
2026-06-17 12:06:52,026 INFO mtmanapi64.dll loaded
2026-06-17 12:06:52,028 INFO MT4 manager instance created (ver=26215873)
2026-06-17 12:06:52,289 INFO MT4 connected and logged in. IsConnected=1
2026-06-17 12:06:52,291 INFO Fetching all users...
2026-06-17 12:06:52,515 INFO AdmUsersRequest: 5291 users
2026-06-17 12:06:52,515 INFO Got 5291 users, saving to clients/trading_accounts...
2026-06-17 12:06:53,613 INFO MT4 clients: 500 saved...
2026-06-17 12:06:53,966 INFO MT4 clients: 1000 saved...
2026-06-17 12:06:54,319 INFO MT4 clients: 1500 saved...
2026-06-17 12:06:54,729 INFO MT4 clients: 2000 saved...
2026-06-17 12:06:55,109 INFO MT4 clients: 2500 saved...
2026-06-17 12:06:55,456 INFO MT4 clients: 3000 saved...
2026-06-17 12:06:55,826 INFO MT4 clients: 3500 saved...
2026-06-17 12:06:56,167 INFO MT4 clients: 4000 saved...
2026-06-17 12:06:56,512 INFO MT4 clients: 4500 saved...
2026-06-17 12:06:56,872 INFO MT4 clients: 5000 saved...
2026-06-17 12:06:57,068 INFO MT4: 5291 clients saved
2026-06-17 12:06:57,068 INFO save_mt4_clients done
2026-06-17 12:06:57,068 INFO Fetching closed trade history (last 2 days)...
2026-06-17 12:06:58,506 INFO sync_trade_journal: 78354 records, 6402 closed trades in last 2d
2026-06-17 12:06:58,507 INFO Got 6402 closed trades, saving to deals...
2026-06-17 12:07:05,712 INFO MT4 journal deals saved: 6402
2026-06-17 12:07:05,714 INFO save_journal_deals done
2026-06-17 12:07:05,714 INFO === ONE-SHOT FETCH COMPLETE ===
2026-06-17 12:08:06,539 INFO Connecting to MT4...
2026-06-17 12:08:06,669 INFO mtmanapi64.dll loaded
2026-06-17 12:08:06,672 INFO MT4 manager instance created (ver=26215873)
2026-06-17 12:08:06,935 INFO MT4 connected and logged in. IsConnected=1
2026-06-17 12:08:06,936 INFO Fetching all users...
2026-06-17 12:08:07,166 INFO AdmUsersRequest: 5291 users
2026-06-17 12:08:07,167 INFO Got 5291 users, saving to clients/trading_accounts...
2026-06-17 12:08:08,136 INFO MT4 clients: 500 saved...
2026-06-17 12:08:08,465 INFO MT4 clients: 1000 saved...
2026-06-17 12:08:08,779 INFO MT4 clients: 1500 saved...
2026-06-17 12:08:09,107 INFO MT4 clients: 2000 saved...
2026-06-17 12:08:09,428 INFO MT4 clients: 2500 saved...
2026-06-17 12:08:09,733 INFO MT4 clients: 3000 saved...
2026-06-17 12:08:10,050 INFO MT4 clients: 3500 saved...
2026-06-17 12:08:10,333 INFO MT4 clients: 4000 saved...
2026-06-17 12:08:10,615 INFO MT4 clients: 4500 saved...
2026-06-17 12:08:10,915 INFO MT4 clients: 5000 saved...
2026-06-17 12:08:11,083 INFO MT4: 5291 clients saved
2026-06-17 12:08:11,085 INFO save_mt4_clients done
2026-06-17 12:08:11,085 INFO Fetching closed trade history (last 2 days)...
2026-06-17 12:08:12,583 INFO sync_trade_journal: 78358 records, 6402 closed trades in last 2d
2026-06-17 12:08:12,584 INFO Got 6402 closed trades, saving to deals...
2026-06-17 12:08:18,881 INFO MT4 journal deals saved: 6402
2026-06-17 12:08:18,882 INFO save_journal_deals done
2026-06-17 12:08:18,882 INFO === ONE-SHOT FETCH COMPLETE ===
2026-06-17 12:09:19,705 INFO Connecting to MT4...
2026-06-17 12:09:19,838 INFO mtmanapi64.dll loaded
2026-06-17 12:09:19,839 INFO MT4 manager instance created (ver=26215873)
2026-06-17 12:09:20,092 INFO MT4 connected and logged in. IsConnected=1
2026-06-17 12:09:20,094 INFO Fetching all users...
2026-06-17 12:09:20,295 INFO AdmUsersRequest: 5291 users
2026-06-17 12:09:20,296 INFO Got 5291 users, saving to clients/trading_accounts...
2026-06-17 12:09:21,480 INFO MT4 clients: 500 saved...
2026-06-17 12:09:21,834 INFO MT4 clients: 1000 saved...
2026-06-17 12:09:22,151 INFO MT4 clients: 1500 saved...
2026-06-17 12:09:22,489 INFO MT4 clients: 2000 saved...
2026-06-17 12:09:22,846 INFO MT4 clients: 2500 saved...
2026-06-17 12:09:23,207 INFO MT4 clients: 3000 saved...
2026-06-17 12:09:23,570 INFO MT4 clients: 3500 saved...
2026-06-17 12:09:23,941 INFO MT4 clients: 4000 saved...
2026-06-17 12:09:24,282 INFO MT4 clients: 4500 saved...
2026-06-17 12:09:24,737 INFO MT4 clients: 5000 saved...
2026-06-17 12:09:24,917 INFO MT4: 5291 clients saved
2026-06-17 12:09:24,917 INFO save_mt4_clients done
2026-06-17 12:09:24,918 INFO Fetching closed trade history (last 2 days)...
2026-06-17 12:09:26,332 INFO sync_trade_journal: 78374 records, 6404 closed trades in last 2d
2026-06-17 12:09:26,334 INFO Got 6404 closed trades, saving to deals...
2026-06-17 12:11:35,071 INFO MT4 journal deals saved: 6404
2026-06-17 12:11:35,078 INFO save_journal_deals done
2026-06-17 12:11:35,079 INFO === ONE-SHOT FETCH COMPLETE ===
2026-06-17 12:12:37,081 INFO Connecting to MT4...
2026-06-17 12:12:37,253 INFO mtmanapi64.dll loaded
2026-06-17 12:12:37,254 INFO MT4 manager instance created (ver=26215873)
2026-06-17 12:12:37,505 INFO MT4 connected and logged in. IsConnected=1
2026-06-17 12:12:37,507 INFO Fetching all users...
2026-06-17 12:12:37,709 INFO AdmUsersRequest: 5291 users
2026-06-17 12:12:37,711 INFO Got 5291 users, saving to clients/trading_accounts...
2026-06-17 12:12:39,357 INFO MT4 clients: 500 saved...
2026-06-17 12:12:39,836 INFO MT4 clients: 1000 saved...
2026-06-17 12:12:40,364 INFO MT4 clients: 1500 saved...
2026-06-17 12:12:40,891 INFO MT4 clients: 2000 saved...
2026-06-17 12:12:41,328 INFO MT4 clients: 2500 saved...
2026-06-17 12:12:41,794 INFO MT4 clients: 3000 saved...
2026-06-17 12:12:42,292 INFO MT4 clients: 3500 saved...
2026-06-17 12:12:42,775 INFO MT4 clients: 4000 saved...
2026-06-17 12:12:43,227 INFO MT4 clients: 4500 saved...
2026-06-17 12:12:43,714 INFO MT4 clients: 5000 saved...
2026-06-17 12:12:43,995 INFO MT4: 5291 clients saved
2026-06-17 12:12:43,995 INFO save_mt4_clients done
2026-06-17 12:12:43,995 INFO Fetching closed trade history (last 2 days)...
2026-06-17 12:12:45,406 INFO sync_trade_journal: 78392 records, 6406 closed trades in last 2d
2026-06-17 12:12:45,407 INFO Got 6406 closed trades, saving to deals...
2026-06-17 12:14:05,788 INFO MT4 journal deals saved: 6406
2026-06-17 12:14:05,788 INFO save_journal_deals done
2026-06-17 12:14:05,788 INFO === ONE-SHOT FETCH COMPLETE ===
2026-06-17 12:15:06,984 INFO Connecting to MT4...
2026-06-17 12:15:07,130 INFO mtmanapi64.dll loaded
2026-06-17 12:15:07,131 INFO MT4 manager instance created (ver=26215873)
2026-06-17 12:15:07,384 INFO MT4 connected and logged in. IsConnected=1
2026-06-17 12:15:07,385 INFO Fetching all users...
2026-06-17 12:15:07,588 INFO AdmUsersRequest: 5291 users
2026-06-17 12:15:07,590 INFO Got 5291 users, saving to clients/trading_accounts...
2026-06-17 12:15:08,867 INFO MT4 clients: 500 saved...
2026-06-17 12:15:09,232 INFO MT4 clients: 1000 saved...
2026-06-17 12:15:09,595 INFO MT4 clients: 1500 saved...
2026-06-17 12:15:09,975 INFO MT4 clients: 2000 saved...
2026-06-17 12:15:10,361 INFO MT4 clients: 2500 saved...
2026-06-17 12:15:10,740 INFO MT4 clients: 3000 saved...
2026-06-17 12:15:11,130 INFO MT4 clients: 3500 saved...
2026-06-17 12:15:11,492 INFO MT4 clients: 4000 saved...
2026-06-17 12:15:11,848 INFO MT4 clients: 4500 saved...
2026-06-17 12:15:12,201 INFO MT4 clients: 5000 saved...
2026-06-17 12:15:12,395 INFO MT4: 5291 clients saved
2026-06-17 12:15:12,396 INFO save_mt4_clients done
2026-06-17 12:15:12,397 INFO Fetching closed trade history (last 2 days)...
2026-06-17 12:15:14,152 INFO sync_trade_journal: 78418 records, 6409 closed trades in last 2d
2026-06-17 12:15:14,153 INFO Got 6409 closed trades, saving to deals...
2026-06-17 12:15:21,065 INFO MT4 journal deals saved: 6409
2026-06-17 12:15:21,066 INFO save_journal_deals done
2026-06-17 12:15:21,066 INFO === ONE-SHOT FETCH COMPLETE ===
2026-06-17 12:16:23,003 INFO Connecting to MT4...
2026-06-17 12:16:23,229 INFO mtmanapi64.dll loaded
2026-06-17 12:16:23,230 INFO MT4 manager instance created (ver=26215873)
2026-06-17 12:16:23,487 INFO MT4 connected and logged in. IsConnected=1
2026-06-17 12:16:23,487 INFO Fetching all users...
2026-06-17 12:16:23,687 INFO AdmUsersRequest: 5291 users
2026-06-17 12:16:23,688 INFO Got 5291 users, saving to clients/trading_accounts...
2026-06-17 12:16:25,654 INFO MT4 clients: 500 saved...
2026-06-17 12:16:26,042 INFO MT4 clients: 1000 saved...
2026-06-17 12:16:26,403 INFO MT4 clients: 1500 saved...
2026-06-17 12:16:26,784 INFO MT4 clients: 2000 saved...
2026-06-17 12:16:27,150 INFO MT4 clients: 2500 saved...
2026-06-17 12:16:27,540 INFO MT4 clients: 3000 saved...
2026-06-17 12:16:27,952 INFO MT4 clients: 3500 saved...
2026-06-17 12:16:28,382 INFO MT4 clients: 4000 saved...
2026-06-17 12:16:28,792 INFO MT4 clients: 4500 saved...
2026-06-17 12:16:29,175 INFO MT4 clients: 5000 saved...
2026-06-17 12:16:29,405 INFO MT4: 5291 clients saved
2026-06-17 12:16:29,405 INFO save_mt4_clients done
2026-06-17 12:16:29,407 INFO Fetching closed trade history (last 2 days)...
2026-06-17 12:16:31,353 INFO sync_trade_journal: 78424 records, 6411 closed trades in last 2d
2026-06-17 12:16:31,353 INFO Got 6411 closed trades, saving to deals...
2026-06-17 12:16:45,606 INFO MT4 journal deals saved: 6411
2026-06-17 12:16:45,608 INFO save_journal_deals done
2026-06-17 12:16:45,608 INFO === ONE-SHOT FETCH COMPLETE ===
2026-06-17 12:17:47,436 INFO Connecting to MT4...
2026-06-17 12:17:47,590 INFO mtmanapi64.dll loaded
2026-06-17 12:17:47,591 INFO MT4 manager instance created (ver=26215873)
2026-06-17 12:17:47,845 INFO MT4 connected and logged in. IsConnected=1
2026-06-17 12:17:47,845 INFO Fetching all users...
2026-06-17 12:17:48,047 INFO AdmUsersRequest: 5291 users
2026-06-17 12:17:48,047 INFO Got 5291 users, saving to clients/trading_accounts...
2026-06-17 12:17:49,476 INFO MT4 clients: 500 saved...
2026-06-17 12:17:49,872 INFO MT4 clients: 1000 saved...
2026-06-17 12:17:50,271 INFO MT4 clients: 1500 saved...
2026-06-17 12:17:50,674 INFO MT4 clients: 2000 saved...
2026-06-17 12:17:51,078 INFO MT4 clients: 2500 saved...
2026-06-17 12:17:51,500 INFO MT4 clients: 3000 saved...
2026-06-17 12:17:51,919 INFO MT4 clients: 3500 saved...
2026-06-17 12:17:52,369 INFO MT4 clients: 4000 saved...
2026-06-17 12:17:52,789 INFO MT4 clients: 4500 saved...
2026-06-17 12:17:53,210 INFO MT4 clients: 5000 saved...
2026-06-17 12:17:53,450 INFO MT4: 5291 clients saved
2026-06-17 12:17:53,452 INFO save_mt4_clients done
2026-06-17 12:17:53,452 INFO Fetching closed trade history (last 2 days)...
2026-06-17 12:17:54,981 INFO sync_trade_journal: 78432 records, 6412 closed trades in last 2d
2026-06-17 12:17:54,983 INFO Got 6412 closed trades, saving to deals...
2026-06-17 12:18:02,463 INFO MT4 journal deals saved: 6412
2026-06-17 12:18:02,465 INFO save_journal_deals done
2026-06-17 12:18:02,465 INFO === ONE-SHOT FETCH COMPLETE ===
2026-06-17 12:18:03,448 INFO mtmanapi64.dll loaded
2026-06-17 12:18:03,451 INFO MT4 manager instance created (ver=26215873)
2026-06-17 12:18:03,709 INFO MT4 connected and logged in. IsConnected=1
2026-06-17 12:19:07,218 INFO Connecting to MT4...
2026-06-17 12:19:07,392 INFO mtmanapi64.dll loaded
2026-06-17 12:19:07,393 INFO MT4 manager instance created (ver=26215873)
2026-06-17 12:19:07,642 INFO MT4 connected and logged in. IsConnected=1
2026-06-17 12:19:07,642 INFO Fetching all users...
2026-06-17 12:19:07,839 INFO AdmUsersRequest: 5291 users
2026-06-17 12:19:07,841 INFO Got 5291 users, saving to clients/trading_accounts...
2026-06-17 12:19:09,670 INFO MT4 clients: 500 saved...
2026-06-17 12:19:10,049 INFO MT4 clients: 1000 saved...
2026-06-17 12:19:10,423 INFO MT4 clients: 1500 saved...
2026-06-17 12:19:10,804 INFO MT4 clients: 2000 saved...
2026-06-17 12:19:11,142 INFO MT4 clients: 2500 saved...
2026-06-17 12:19:11,531 INFO MT4 clients: 3000 saved...
2026-06-17 12:19:11,907 INFO MT4 clients: 3500 saved...
2026-06-17 12:19:12,265 INFO MT4 clients: 4000 saved...
2026-06-17 12:19:12,617 INFO MT4 clients: 4500 saved...
2026-06-17 12:19:12,970 INFO MT4 clients: 5000 saved...
2026-06-17 12:19:13,173 INFO MT4: 5291 clients saved
2026-06-17 12:19:13,175 INFO save_mt4_clients done
2026-06-17 12:19:13,176 INFO Fetching closed trade history (last 2 days)...
2026-06-17 12:19:14,554 INFO sync_trade_journal: 78432 records, 6412 closed trades in last 2d
2026-06-17 12:19:14,556 INFO Got 6412 closed trades, saving to deals...
2026-06-17 12:19:21,553 INFO MT4 journal deals saved: 6412
2026-06-17 12:19:21,554 INFO save_journal_deals done
2026-06-17 12:19:21,554 INFO === ONE-SHOT FETCH COMPLETE ===
2026-06-17 12:20:22,640 INFO Connecting to MT4...
2026-06-17 12:20:22,774 INFO mtmanapi64.dll loaded
2026-06-17 12:20:22,776 INFO MT4 manager instance created (ver=26215873)
2026-06-17 12:20:22,976 INFO MT4 connected and logged in. IsConnected=1
2026-06-17 12:20:22,977 INFO Fetching all users...
2026-06-17 12:20:23,184 INFO AdmUsersRequest: 5291 users
2026-06-17 12:20:23,184 INFO Got 5291 users, saving to clients/trading_accounts...
2026-06-17 12:20:24,284 INFO MT4 clients: 500 saved...
2026-06-17 12:20:24,641 INFO MT4 clients: 1000 saved...
2026-06-17 12:20:25,015 INFO MT4 clients: 1500 saved...
2026-06-17 12:20:25,384 INFO MT4 clients: 2000 saved...
2026-06-17 12:20:25,755 INFO MT4 clients: 2500 saved...
2026-06-17 12:20:26,132 INFO MT4 clients: 3000 saved...
2026-06-17 12:20:26,520 INFO MT4 clients: 3500 saved...
2026-06-17 12:20:26,927 INFO MT4 clients: 4000 saved...
2026-06-17 12:20:27,357 INFO MT4 clients: 4500 saved...
2026-06-17 12:20:27,756 INFO MT4 clients: 5000 saved...
2026-06-17 12:20:27,973 INFO MT4: 5291 clients saved
2026-06-17 12:20:27,973 INFO save_mt4_clients done
2026-06-17 12:20:27,975 INFO Fetching closed trade history (last 2 days)...
2026-06-17 12:20:29,389 INFO sync_trade_journal: 78443 records, 6413 closed trades in last 2d
2026-06-17 12:20:29,392 INFO Got 6413 closed trades, saving to deals...
2026-06-17 12:20:35,944 INFO MT4 journal deals saved: 6413
2026-06-17 12:20:35,946 INFO save_journal_deals done
2026-06-17 12:20:35,946 INFO === ONE-SHOT FETCH COMPLETE ===
2026-06-17 12:21:36,892 INFO Connecting to MT4...
2026-06-17 12:21:37,025 INFO mtmanapi64.dll loaded
2026-06-17 12:21:37,025 INFO MT4 manager instance created (ver=26215873)
2026-06-17 12:21:37,277 INFO MT4 connected and logged in. IsConnected=1
2026-06-17 12:21:37,277 INFO Fetching all users...
2026-06-17 12:21:37,487 INFO AdmUsersRequest: 5291 users
2026-06-17 12:21:37,488 INFO Got 5291 users, saving to clients/trading_accounts...
2026-06-17 12:21:38,474 INFO MT4 clients: 500 saved...
2026-06-17 12:21:38,770 INFO MT4 clients: 1000 saved...
2026-06-17 12:21:39,055 INFO MT4 clients: 1500 saved...
2026-06-17 12:21:39,339 INFO MT4 clients: 2000 saved...
2026-06-17 12:21:39,619 INFO MT4 clients: 2500 saved...
2026-06-17 12:21:39,910 INFO MT4 clients: 3000 saved...
2026-06-17 12:21:40,204 INFO MT4 clients: 3500 saved...
2026-06-17 12:21:40,507 INFO MT4 clients: 4000 saved...
2026-06-17 12:21:40,827 INFO MT4 clients: 4500 saved...
2026-06-17 12:21:41,116 INFO MT4 clients: 5000 saved...
2026-06-17 12:21:41,280 INFO MT4: 5291 clients saved
2026-06-17 12:21:41,282 INFO save_mt4_clients done
2026-06-17 12:21:41,282 INFO Fetching closed trade history (last 2 days)...
2026-06-17 12:21:42,636 INFO sync_trade_journal: 78451 records, 6415 closed trades in last 2d
2026-06-17 12:21:42,636 INFO Got 6415 closed trades, saving to deals...
2026-06-17 12:21:48,843 INFO MT4 journal deals saved: 6415
2026-06-17 12:21:48,843 INFO save_journal_deals done
2026-06-17 12:21:48,845 INFO === ONE-SHOT FETCH COMPLETE ===
2026-06-17 12:22:49,698 INFO Connecting to MT4...
2026-06-17 12:22:49,828 INFO mtmanapi64.dll loaded
2026-06-17 12:22:49,828 INFO MT4 manager instance created (ver=26215873)
2026-06-17 12:22:50,039 INFO MT4 connected and logged in. IsConnected=1
2026-06-17 12:22:50,041 INFO Fetching all users...
2026-06-17 12:22:50,249 INFO AdmUsersRequest: 5291 users
2026-06-17 12:22:50,250 INFO Got 5291 users, saving to clients/trading_accounts...
2026-06-17 12:22:51,356 INFO MT4 clients: 500 saved...
2026-06-17 12:22:51,697 INFO MT4 clients: 1000 saved...
2026-06-17 12:22:52,023 INFO MT4 clients: 1500 saved...
2026-06-17 12:22:52,356 INFO MT4 clients: 2000 saved...
2026-06-17 12:22:52,709 INFO MT4 clients: 2500 saved...
2026-06-17 12:22:53,053 INFO MT4 clients: 3000 saved...
2026-06-17 12:22:53,385 INFO MT4 clients: 3500 saved...
2026-06-17 12:22:53,727 INFO MT4 clients: 4000 saved...
2026-06-17 12:22:54,058 INFO MT4 clients: 4500 saved...
2026-06-17 12:22:54,390 INFO MT4 clients: 5000 saved...
2026-06-17 12:22:54,566 INFO MT4: 5291 clients saved
2026-06-17 12:22:54,571 INFO save_mt4_clients done
2026-06-17 12:22:54,571 INFO Fetching closed trade history (last 2 days)...
2026-06-17 12:22:55,954 INFO sync_trade_journal: 78455 records, 6415 closed trades in last 2d
2026-06-17 12:22:55,956 INFO Got 6415 closed trades, saving to deals...
2026-06-17 12:23:53,023 INFO MT4 journal deals saved: 6415
2026-06-17 12:23:53,024 INFO save_journal_deals done
2026-06-17 12:23:53,024 INFO === ONE-SHOT FETCH COMPLETE ===
2026-06-17 12:24:54,109 INFO Connecting to MT4...
2026-06-17 12:24:54,296 INFO mtmanapi64.dll loaded
2026-06-17 12:24:54,297 INFO MT4 manager instance created (ver=26215873)
2026-06-17 12:24:54,551 INFO MT4 connected and logged in. IsConnected=1
2026-06-17 12:24:54,551 INFO Fetching all users...
2026-06-17 12:24:54,764 INFO AdmUsersRequest: 5291 users
2026-06-17 12:24:54,765 INFO Got 5291 users, saving to clients/trading_accounts...
2026-06-17 12:24:56,256 INFO MT4 clients: 500 saved...
2026-06-17 12:24:56,688 INFO MT4 clients: 1000 saved...
2026-06-17 12:24:57,114 INFO MT4 clients: 1500 saved...
2026-06-17 12:24:57,501 INFO MT4 clients: 2000 saved...
2026-06-17 12:24:57,897 INFO MT4 clients: 2500 saved...
2026-06-17 12:24:58,300 INFO MT4 clients: 3000 saved...
2026-06-17 12:24:58,764 INFO MT4 clients: 3500 saved...
2026-06-17 12:24:59,174 INFO MT4 clients: 4000 saved...
2026-06-17 12:24:59,576 INFO MT4 clients: 4500 saved...
2026-06-17 12:24:59,967 INFO MT4 clients: 5000 saved...
2026-06-17 12:25:00,204 INFO MT4: 5291 clients saved
2026-06-17 12:25:00,206 INFO save_mt4_clients done
2026-06-17 12:25:00,206 INFO Fetching closed trade history (last 2 days)...
2026-06-17 12:25:01,696 INFO sync_trade_journal: 78492 records, 6425 closed trades in last 2d
2026-06-17 12:25:01,697 INFO Got 6425 closed trades, saving to deals...
2026-06-17 12:25:09,865 INFO MT4 journal deals saved: 6425
2026-06-17 12:25:09,866 INFO save_journal_deals done
2026-06-17 12:25:09,867 INFO === ONE-SHOT FETCH COMPLETE ===
2026-06-17 12:26:12,006 INFO Connecting to MT4...
2026-06-17 12:26:12,326 INFO mtmanapi64.dll loaded
2026-06-17 12:26:12,328 INFO MT4 manager instance created (ver=26215873)
2026-06-17 12:26:12,581 INFO MT4 connected and logged in. IsConnected=1
2026-06-17 12:26:12,581 INFO Fetching all users...
2026-06-17 12:26:12,795 INFO AdmUsersRequest: 5291 users
2026-06-17 12:26:12,795 INFO Got 5291 users, saving to clients/trading_accounts...
2026-06-17 12:26:14,742 INFO MT4 clients: 500 saved...
2026-06-17 12:26:15,134 INFO MT4 clients: 1000 saved...
2026-06-17 12:26:15,597 INFO MT4 clients: 1500 saved...
2026-06-17 12:26:15,989 INFO MT4 clients: 2000 saved...
2026-06-17 12:26:16,377 INFO MT4 clients: 2500 saved...
2026-06-17 12:26:16,771 INFO MT4 clients: 3000 saved...
2026-06-17 12:26:17,160 INFO MT4 clients: 3500 saved...
2026-06-17 12:26:17,571 INFO MT4 clients: 4000 saved...
2026-06-17 12:26:17,970 INFO MT4 clients: 4500 saved...
2026-06-17 12:26:18,419 INFO MT4 clients: 5000 saved...
2026-06-17 12:26:18,661 INFO MT4: 5291 clients saved
2026-06-17 12:26:18,663 INFO save_mt4_clients done
2026-06-17 12:26:18,663 INFO Fetching closed trade history (last 2 days)...
2026-06-17 12:26:20,109 INFO sync_trade_journal: 78504 records, 6427 closed trades in last 2d
2026-06-17 12:26:20,110 INFO Got 6427 closed trades, saving to deals...
2026-06-17 12:26:31,844 INFO MT4 journal deals saved: 6427
2026-06-17 12:26:31,845 INFO save_journal_deals done
2026-06-17 12:26:31,846 INFO === ONE-SHOT FETCH COMPLETE ===
2026-06-17 12:27:35,482 INFO Connecting to MT4...
2026-06-17 12:27:35,675 INFO mtmanapi64.dll loaded
2026-06-17 12:27:35,677 INFO MT4 manager instance created (ver=26215873)
2026-06-17 12:27:35,931 INFO MT4 connected and logged in. IsConnected=1
2026-06-17 12:27:35,932 INFO Fetching all users...
2026-06-17 12:27:36,143 INFO AdmUsersRequest: 5291 users
2026-06-17 12:27:36,145 INFO Got 5291 users, saving to clients/trading_accounts...
2026-06-17 12:27:37,428 INFO MT4 clients: 500 saved...
2026-06-17 12:27:37,756 INFO MT4 clients: 1000 saved...
2026-06-17 12:27:38,101 INFO MT4 clients: 1500 saved...
2026-06-17 12:27:38,443 INFO MT4 clients: 2000 saved...
2026-06-17 12:27:38,807 INFO MT4 clients: 2500 saved...
2026-06-17 12:27:39,179 INFO MT4 clients: 3000 saved...
2026-06-17 12:27:39,553 INFO MT4 clients: 3500 saved...
2026-06-17 12:27:39,917 INFO MT4 clients: 4000 saved...
2026-06-17 12:27:40,280 INFO MT4 clients: 4500 saved...
2026-06-17 12:27:40,695 INFO MT4 clients: 5000 saved...
2026-06-17 12:27:40,890 INFO MT4: 5291 clients saved
2026-06-17 12:27:40,890 INFO save_mt4_clients done
2026-06-17 12:27:40,892 INFO Fetching closed trade history (last 2 days)...
2026-06-17 12:27:42,383 INFO sync_trade_journal: 78508 records, 6428 closed trades in last 2d
2026-06-17 12:27:42,384 INFO Got 6428 closed trades, saving to deals...
2026-06-17 12:28:45,768 INFO MT4 journal deals saved: 6428
2026-06-17 12:28:45,769 INFO save_journal_deals done
2026-06-17 12:28:45,769 INFO === ONE-SHOT FETCH COMPLETE ===
2026-06-17 12:29:46,744 INFO Connecting to MT4...
2026-06-17 12:29:46,884 INFO mtmanapi64.dll loaded
2026-06-17 12:29:46,886 INFO MT4 manager instance created (ver=26215873)
2026-06-17 12:29:47,137 INFO MT4 connected and logged in. IsConnected=1
2026-06-17 12:29:47,138 INFO Fetching all users...
2026-06-17 12:29:47,352 INFO AdmUsersRequest: 5291 users
2026-06-17 12:29:47,353 INFO Got 5291 users, saving to clients/trading_accounts...
2026-06-17 12:29:48,624 INFO MT4 clients: 500 saved...
2026-06-17 12:29:48,984 INFO MT4 clients: 1000 saved...
2026-06-17 12:29:49,349 INFO MT4 clients: 1500 saved...
2026-06-17 12:29:49,727 INFO MT4 clients: 2000 saved...
2026-06-17 12:29:50,091 INFO MT4 clients: 2500 saved...
2026-06-17 12:29:50,481 INFO MT4 clients: 3000 saved...
2026-06-17 12:29:50,884 INFO MT4 clients: 3500 saved...
2026-06-17 12:29:51,263 INFO MT4 clients: 4000 saved...
2026-06-17 12:29:51,678 INFO MT4 clients: 4500 saved...
2026-06-17 12:29:52,073 INFO MT4 clients: 5000 saved...
2026-06-17 12:29:52,280 INFO MT4: 5291 clients saved
2026-06-17 12:29:52,281 INFO save_mt4_clients done
2026-06-17 12:29:52,282 INFO Fetching closed trade history (last 2 days)...
2026-06-17 12:29:53,709 INFO sync_trade_journal: 78514 records, 6429 closed trades in last 2d
2026-06-17 12:29:53,710 INFO Got 6429 closed trades, saving to deals...
2026-06-17 12:30:00,773 INFO MT4 journal deals saved: 6429
2026-06-17 12:30:00,773 INFO save_journal_deals done
2026-06-17 12:30:00,773 INFO === ONE-SHOT FETCH COMPLETE ===
2026-06-17 12:31:02,134 INFO Connecting to MT4...
2026-06-17 12:31:02,293 INFO mtmanapi64.dll loaded
2026-06-17 12:31:02,294 INFO MT4 manager instance created (ver=26215873)
2026-06-17 12:31:02,546 INFO MT4 connected and logged in. IsConnected=1
2026-06-17 12:31:02,548 INFO Fetching all users...
2026-06-17 12:31:02,756 INFO AdmUsersRequest: 5291 users
2026-06-17 12:31:02,757 INFO Got 5291 users, saving to clients/trading_accounts...
2026-06-17 12:31:03,966 INFO MT4 clients: 500 saved...
2026-06-17 12:31:04,347 INFO MT4 clients: 1000 saved...
2026-06-17 12:31:04,697 INFO MT4 clients: 1500 saved...
2026-06-17 12:31:05,032 INFO MT4 clients: 2000 saved...
2026-06-17 12:31:05,361 INFO MT4 clients: 2500 saved...
2026-06-17 12:31:05,673 INFO MT4 clients: 3000 saved...
2026-06-17 12:31:06,004 INFO MT4 clients: 3500 saved...
2026-06-17 12:31:06,358 INFO MT4 clients: 4000 saved...
2026-06-17 12:31:06,721 INFO MT4 clients: 4500 saved...
2026-06-17 12:31:07,098 INFO MT4 clients: 5000 saved...
2026-06-17 12:31:07,311 INFO MT4: 5291 clients saved
2026-06-17 12:31:07,312 INFO save_mt4_clients done
2026-06-17 12:31:07,313 INFO Fetching closed trade history (last 2 days)...
2026-06-17 12:31:08,738 INFO sync_trade_journal: 78518 records, 6431 closed trades in last 2d
2026-06-17 12:31:08,739 INFO Got 6431 closed trades, saving to deals...
2026-06-17 12:31:15,482 INFO MT4 journal deals saved: 6431
2026-06-17 12:31:15,482 INFO save_journal_deals done
2026-06-17 12:31:15,484 INFO === ONE-SHOT FETCH COMPLETE ===
2026-06-17 12:32:17,421 INFO Connecting to MT4...
2026-06-17 12:32:18,939 INFO mtmanapi64.dll loaded
2026-06-17 12:32:18,939 INFO MT4 manager instance created (ver=26215873)
2026-06-17 12:32:19,193 INFO MT4 connected and logged in. IsConnected=1
2026-06-17 12:32:19,195 INFO Fetching all users...
2026-06-17 12:32:19,409 INFO AdmUsersRequest: 5291 users
2026-06-17 12:32:19,412 INFO Got 5291 users, saving to clients/trading_accounts...
2026-06-17 12:32:24,356 INFO MT4 clients: 500 saved...
2026-06-17 12:32:24,771 INFO MT4 clients: 1000 saved...
2026-06-17 12:32:25,175 INFO MT4 clients: 1500 saved...
2026-06-17 12:32:25,588 INFO MT4 clients: 2000 saved...
2026-06-17 12:32:26,032 INFO MT4 clients: 2500 saved...
2026-06-17 12:32:26,462 INFO MT4 clients: 3000 saved...
2026-06-17 12:32:26,912 INFO MT4 clients: 3500 saved...
2026-06-17 12:32:27,382 INFO MT4 clients: 4000 saved...
2026-06-17 12:32:27,819 INFO MT4 clients: 4500 saved...
2026-06-17 12:32:28,263 INFO MT4 clients: 5000 saved...
2026-06-17 12:32:28,499 INFO MT4: 5291 clients saved
2026-06-17 12:32:28,500 INFO save_mt4_clients done
2026-06-17 12:32:28,500 INFO Fetching closed trade history (last 2 days)...
2026-06-17 12:32:29,950 INFO sync_trade_journal: 78528 records, 6432 closed trades in last 2d
2026-06-17 12:32:29,951 INFO Got 6432 closed trades, saving to deals...
2026-06-17 12:34:01,026 INFO MT4 journal deals saved: 6432
2026-06-17 12:34:01,028 INFO save_journal_deals done
2026-06-17 12:34:01,028 INFO === ONE-SHOT FETCH COMPLETE ===
2026-06-17 12:34:02,313 INFO mtmanapi64.dll loaded
2026-06-17 12:34:02,315 INFO MT4 manager instance created (ver=26215873)
2026-06-17 12:34:02,568 INFO MT4 connected and logged in. IsConnected=1
2026-06-17 12:35:04,706 INFO Connecting to MT4...
2026-06-17 12:35:04,830 INFO mtmanapi64.dll loaded
2026-06-17 12:35:04,832 INFO MT4 manager instance created (ver=26215873)
2026-06-17 12:35:05,086 INFO MT4 connected and logged in. IsConnected=1
2026-06-17 12:35:05,086 INFO Fetching all users...
2026-06-17 12:35:05,292 INFO AdmUsersRequest: 5291 users
2026-06-17 12:35:05,294 INFO Got 5291 users, saving to clients/trading_accounts...
2026-06-17 12:35:06,370 INFO MT4 clients: 500 saved...
2026-06-17 12:35:06,684 INFO MT4 clients: 1000 saved...
2026-06-17 12:35:07,000 INFO MT4 clients: 1500 saved...
2026-06-17 12:35:07,319 INFO MT4 clients: 2000 saved...
2026-06-17 12:35:07,633 INFO MT4 clients: 2500 saved...
2026-06-17 12:35:07,954 INFO MT4 clients: 3000 saved...
2026-06-17 12:35:08,279 INFO MT4 clients: 3500 saved...
2026-06-17 12:35:08,605 INFO MT4 clients: 4000 saved...
2026-06-17 12:35:08,934 INFO MT4 clients: 4500 saved...
2026-06-17 12:35:09,255 INFO MT4 clients: 5000 saved...
2026-06-17 12:35:09,436 INFO MT4: 5291 clients saved
2026-06-17 12:35:09,436 INFO save_mt4_clients done
2026-06-17 12:35:09,436 INFO Fetching closed trade history (last 2 days)...
2026-06-17 12:35:10,802 INFO sync_trade_journal: 78570 records, 6437 closed trades in last 2d
2026-06-17 12:35:10,804 INFO Got 6437 closed trades, saving to deals...
2026-06-17 12:35:17,115 INFO MT4 journal deals saved: 6437
2026-06-17 12:35:17,116 INFO save_journal_deals done
2026-06-17 12:35:17,117 INFO === ONE-SHOT FETCH COMPLETE ===
2026-06-17 12:36:18,161 INFO Connecting to MT4...
2026-06-17 12:36:18,295 INFO mtmanapi64.dll loaded
2026-06-17 12:36:18,297 INFO MT4 manager instance created (ver=26215873)
2026-06-17 12:36:18,557 INFO MT4 connected and logged in. IsConnected=1
2026-06-17 12:36:18,558 INFO Fetching all users...
2026-06-17 12:36:18,764 INFO AdmUsersRequest: 5291 users
2026-06-17 12:36:18,765 INFO Got 5291 users, saving to clients/trading_accounts...
2026-06-17 12:36:20,019 INFO MT4 clients: 500 saved...
2026-06-17 12:36:20,415 INFO MT4 clients: 1000 saved...
2026-06-17 12:36:20,776 INFO MT4 clients: 1500 saved...
2026-06-17 12:36:21,109 INFO MT4 clients: 2000 saved...
2026-06-17 12:36:21,445 INFO MT4 clients: 2500 saved...
2026-06-17 12:36:21,780 INFO MT4 clients: 3000 saved...
2026-06-17 12:36:22,129 INFO MT4 clients: 3500 saved...
2026-06-17 12:36:22,476 INFO MT4 clients: 4000 saved...
2026-06-17 12:36:22,834 INFO MT4 clients: 4500 saved...
2026-06-17 12:36:23,208 INFO MT4 clients: 5000 saved...
2026-06-17 12:36:23,417 INFO MT4: 5291 clients saved
2026-06-17 12:36:23,418 INFO save_mt4_clients done
2026-06-17 12:36:23,418 INFO Fetching closed trade history (last 2 days)...
2026-06-17 12:36:24,819 INFO sync_trade_journal: 78578 records, 6440 closed trades in last 2d
2026-06-17 12:36:24,819 INFO Got 6440 closed trades, saving to deals...
2026-06-17 12:36:31,236 INFO MT4 journal deals saved: 6440
2026-06-17 12:36:31,237 INFO save_journal_deals done
2026-06-17 12:36:31,237 INFO === ONE-SHOT FETCH COMPLETE ===
2026-06-17 12:37:32,225 INFO Connecting to MT4...
2026-06-17 12:37:32,357 INFO mtmanapi64.dll loaded
2026-06-17 12:37:32,357 INFO MT4 manager instance created (ver=26215873)
2026-06-17 12:37:32,609 INFO MT4 connected and logged in. IsConnected=1
2026-06-17 12:37:32,610 INFO Fetching all users...
2026-06-17 12:37:32,833 INFO AdmUsersRequest: 5291 users
2026-06-17 12:37:32,835 INFO Got 5291 users, saving to clients/trading_accounts...
2026-06-17 12:37:33,917 INFO MT4 clients: 500 saved...
2026-06-17 12:37:34,268 INFO MT4 clients: 1000 saved...
2026-06-17 12:37:34,589 INFO MT4 clients: 1500 saved...
2026-06-17 12:37:34,902 INFO MT4 clients: 2000 saved...
2026-06-17 12:37:35,224 INFO MT4 clients: 2500 saved...
2026-06-17 12:37:35,545 INFO MT4 clients: 3000 saved...
2026-06-17 12:37:35,927 INFO MT4 clients: 3500 saved...
2026-06-17 12:37:36,256 INFO MT4 clients: 4000 saved...
2026-06-17 12:37:36,594 INFO MT4 clients: 4500 saved...
2026-06-17 12:37:36,932 INFO MT4 clients: 5000 saved...
2026-06-17 12:37:37,140 INFO MT4: 5291 clients saved
2026-06-17 12:37:37,142 INFO save_mt4_clients done
2026-06-17 12:37:37,142 INFO Fetching closed trade history (last 2 days)...
2026-06-17 12:37:39,045 INFO sync_trade_journal: 78592 records, 6444 closed trades in last 2d
2026-06-17 12:37:39,047 INFO Got 6444 closed trades, saving to deals...
2026-06-17 12:37:45,301 INFO MT4 journal deals saved: 6444
2026-06-17 12:37:45,302 INFO save_journal_deals done
2026-06-17 12:37:45,303 INFO === ONE-SHOT FETCH COMPLETE ===
2026-06-17 12:38:46,189 INFO Connecting to MT4...
2026-06-17 12:38:46,330 INFO mtmanapi64.dll loaded
2026-06-17 12:38:46,331 INFO MT4 manager instance created (ver=26215873)
2026-06-17 12:38:46,584 INFO MT4 connected and logged in. IsConnected=1
2026-06-17 12:38:46,584 INFO Fetching all users...
2026-06-17 12:38:46,792 INFO AdmUsersRequest: 5291 users
2026-06-17 12:38:46,792 INFO Got 5291 users, saving to clients/trading_accounts...
2026-06-17 12:38:47,910 INFO MT4 clients: 500 saved...
2026-06-17 12:38:48,309 INFO MT4 clients: 1000 saved...
2026-06-17 12:38:48,655 INFO MT4 clients: 1500 saved...
2026-06-17 12:38:48,993 INFO MT4 clients: 2000 saved...
2026-06-17 12:38:49,360 INFO MT4 clients: 2500 saved...
2026-06-17 12:38:49,715 INFO MT4 clients: 3000 saved...
2026-06-17 12:38:50,067 INFO MT4 clients: 3500 saved...
2026-06-17 12:38:50,440 INFO MT4 clients: 4000 saved...
2026-06-17 12:38:50,786 INFO MT4 clients: 4500 saved...
2026-06-17 12:38:51,174 INFO MT4 clients: 5000 saved...
2026-06-17 12:38:51,377 INFO MT4: 5291 clients saved
2026-06-17 12:38:51,378 INFO save_mt4_clients done
2026-06-17 12:38:51,378 INFO Fetching closed trade history (last 2 days)...
2026-06-17 12:38:52,753 INFO sync_trade_journal: 78596 records, 6444 closed trades in last 2d
2026-06-17 12:38:52,754 INFO Got 6444 closed trades, saving to deals...
2026-06-17 12:38:58,663 INFO MT4 journal deals saved: 6444
2026-06-17 12:38:58,664 INFO save_journal_deals done
2026-06-17 12:38:58,664 INFO === ONE-SHOT FETCH COMPLETE ===
2026-06-17 12:39:59,416 INFO Connecting to MT4...
2026-06-17 12:39:59,550 INFO mtmanapi64.dll loaded
2026-06-17 12:39:59,550 INFO MT4 manager instance created (ver=26215873)
2026-06-17 12:39:59,818 INFO MT4 connected and logged in. IsConnected=1
2026-06-17 12:39:59,818 INFO Fetching all users...
2026-06-17 12:40:00,062 INFO AdmUsersRequest: 5291 users
2026-06-17 12:40:00,063 INFO Got 5291 users, saving to clients/trading_accounts...
2026-06-17 12:40:01,037 INFO MT4 clients: 500 saved...
2026-06-17 12:40:01,335 INFO MT4 clients: 1000 saved...
2026-06-17 12:40:01,627 INFO MT4 clients: 1500 saved...
2026-06-17 12:40:01,927 INFO MT4 clients: 2000 saved...
2026-06-17 12:40:02,221 INFO MT4 clients: 2500 saved...
2026-06-17 12:40:02,514 INFO MT4 clients: 3000 saved...
2026-06-17 12:40:02,810 INFO MT4 clients: 3500 saved...
2026-06-17 12:40:03,097 INFO MT4 clients: 4000 saved...
2026-06-17 12:40:03,381 INFO MT4 clients: 4500 saved...
2026-06-17 12:40:03,671 INFO MT4 clients: 5000 saved...
2026-06-17 12:40:03,832 INFO MT4: 5291 clients saved
2026-06-17 12:40:03,832 INFO save_mt4_clients done
2026-06-17 12:40:03,832 INFO Fetching closed trade history (last 2 days)...
2026-06-17 12:40:05,245 INFO sync_trade_journal: 78618 records, 6445 closed trades in last 2d
2026-06-17 12:40:05,246 INFO Got 6445 closed trades, saving to deals...
2026-06-17 12:40:10,770 INFO MT4 journal deals saved: 6445
2026-06-17 12:40:10,771 INFO save_journal_deals done
2026-06-17 12:40:10,771 INFO === ONE-SHOT FETCH COMPLETE ===
2026-06-17 12:41:11,624 INFO Connecting to MT4...
2026-06-17 12:41:11,792 INFO mtmanapi64.dll loaded
2026-06-17 12:41:11,793 INFO MT4 manager instance created (ver=26215873)
2026-06-17 12:41:12,052 INFO MT4 connected and logged in. IsConnected=1
2026-06-17 12:41:12,053 INFO Fetching all users...
2026-06-17 12:41:12,268 INFO AdmUsersRequest: 5291 users
2026-06-17 12:41:12,269 INFO Got 5291 users, saving to clients/trading_accounts...
2026-06-17 12:41:13,885 INFO MT4 clients: 500 saved...
2026-06-17 12:41:14,502 INFO MT4 clients: 1000 saved...
2026-06-17 12:41:14,928 INFO MT4 clients: 1500 saved...
2026-06-17 12:41:15,411 INFO MT4 clients: 2000 saved...
2026-06-17 12:41:15,789 INFO MT4 clients: 2500 saved...
2026-06-17 12:41:16,168 INFO MT4 clients: 3000 saved...
2026-06-17 12:41:16,557 INFO MT4 clients: 3500 saved...
2026-06-17 12:41:16,957 INFO MT4 clients: 4000 saved...
2026-06-17 12:41:17,361 INFO MT4 clients: 4500 saved...
2026-06-17 12:41:17,760 INFO MT4 clients: 5000 saved...
2026-06-17 12:41:17,954 INFO MT4: 5291 clients saved
2026-06-17 12:41:17,955 INFO save_mt4_clients done
2026-06-17 12:41:17,955 INFO Fetching closed trade history (last 2 days)...
2026-06-17 12:41:19,560 INFO sync_trade_journal: 78620 records, 6445 closed trades in last 2d
2026-06-17 12:41:19,561 INFO Got 6445 closed trades, saving to deals...
2026-06-17 12:41:29,798 INFO MT4 journal deals saved: 6445
2026-06-17 12:41:29,800 INFO save_journal_deals done
2026-06-17 12:41:29,800 INFO === ONE-SHOT FETCH COMPLETE ===
2026-06-17 12:42:31,921 INFO Connecting to MT4...
2026-06-17 12:42:32,125 INFO mtmanapi64.dll loaded
2026-06-17 12:42:32,126 INFO MT4 manager instance created (ver=26215873)
2026-06-17 12:42:32,378 INFO MT4 connected and logged in. IsConnected=1
2026-06-17 12:42:32,378 INFO Fetching all users...
2026-06-17 12:42:32,572 INFO AdmUsersRequest: 5291 users
2026-06-17 12:42:32,573 INFO Got 5291 users, saving to clients/trading_accounts...
2026-06-17 12:42:34,338 INFO MT4 clients: 500 saved...
2026-06-17 12:42:34,759 INFO MT4 clients: 1000 saved...
2026-06-17 12:42:35,233 INFO MT4 clients: 1500 saved...
2026-06-17 12:42:35,658 INFO MT4 clients: 2000 saved...
2026-06-17 12:42:36,074 INFO MT4 clients: 2500 saved...
2026-06-17 12:42:36,527 INFO MT4 clients: 3000 saved...
2026-06-17 12:42:36,954 INFO MT4 clients: 3500 saved...
2026-06-17 12:42:37,429 INFO MT4 clients: 4000 saved...
2026-06-17 12:42:37,873 INFO MT4 clients: 4500 saved...
2026-06-17 12:42:38,312 INFO MT4 clients: 5000 saved...
2026-06-17 12:42:38,560 INFO MT4: 5291 clients saved
2026-06-17 12:42:38,562 INFO save_mt4_clients done
2026-06-17 12:42:38,562 INFO Fetching closed trade history (last 2 days)...
2026-06-17 12:42:40,035 INFO sync_trade_journal: 78620 records, 6445 closed trades in last 2d
2026-06-17 12:42:40,035 INFO Got 6445 closed trades, saving to deals...
2026-06-17 12:44:11,256 INFO MT4 journal deals saved: 6445
2026-06-17 12:44:11,256 INFO save_journal_deals done
2026-06-17 12:44:11,256 INFO === ONE-SHOT FETCH COMPLETE ===
2026-06-17 12:45:12,928 INFO Connecting to MT4...
2026-06-17 12:45:13,185 INFO mtmanapi64.dll loaded
2026-06-17 12:45:13,187 INFO MT4 manager instance created (ver=26215873)
2026-06-17 12:45:13,445 INFO MT4 connected and logged in. IsConnected=1
2026-06-17 12:45:13,446 INFO Fetching all users...
2026-06-17 12:45:13,661 INFO AdmUsersRequest: 5291 users
2026-06-17 12:45:13,663 INFO Got 5291 users, saving to clients/trading_accounts...
2026-06-17 12:45:17,088 INFO MT4 clients: 500 saved...
2026-06-17 12:45:17,493 INFO MT4 clients: 1000 saved...
2026-06-17 12:45:17,877 INFO MT4 clients: 1500 saved...
2026-06-17 12:45:18,301 INFO MT4 clients: 2000 saved...
2026-06-17 12:45:18,717 INFO MT4 clients: 2500 saved...
2026-06-17 12:45:19,141 INFO MT4 clients: 3000 saved...
2026-06-17 12:45:19,553 INFO MT4 clients: 3500 saved...
2026-06-17 12:45:19,956 INFO MT4 clients: 4000 saved...
2026-06-17 12:45:20,407 INFO MT4 clients: 4500 saved...
2026-06-17 12:45:20,829 INFO MT4 clients: 5000 saved...
2026-06-17 12:45:21,044 INFO MT4: 5291 clients saved
2026-06-17 12:45:21,044 INFO save_mt4_clients done
2026-06-17 12:45:21,045 INFO Fetching closed trade history (last 2 days)...
2026-06-17 12:45:22,404 INFO sync_trade_journal: 78636 records, 6447 closed trades in last 2d
2026-06-17 12:45:22,404 INFO Got 6447 closed trades, saving to deals...
2026-06-17 12:45:29,009 INFO MT4 journal deals saved: 6447
2026-06-17 12:45:29,009 INFO save_journal_deals done
2026-06-17 12:45:29,011 INFO === ONE-SHOT FETCH COMPLETE ===
2026-06-17 12:46:29,958 INFO Connecting to MT4...
2026-06-17 12:46:30,093 INFO mtmanapi64.dll loaded
2026-06-17 12:46:30,093 INFO MT4 manager instance created (ver=26215873)
2026-06-17 12:46:30,347 INFO MT4 connected and logged in. IsConnected=1
2026-06-17 12:46:30,348 INFO Fetching all users...
2026-06-17 12:46:30,551 INFO AdmUsersRequest: 5291 users
2026-06-17 12:46:30,552 INFO Got 5291 users, saving to clients/trading_accounts...
2026-06-17 12:46:31,823 INFO MT4 clients: 500 saved...
2026-06-17 12:46:32,200 INFO MT4 clients: 1000 saved...
2026-06-17 12:46:32,580 INFO MT4 clients: 1500 saved...
2026-06-17 12:46:32,954 INFO MT4 clients: 2000 saved...
2026-06-17 12:46:33,323 INFO MT4 clients: 2500 saved...
2026-06-17 12:46:33,727 INFO MT4 clients: 3000 saved...
2026-06-17 12:46:34,108 INFO MT4 clients: 3500 saved...
2026-06-17 12:46:34,485 INFO MT4 clients: 4000 saved...
2026-06-17 12:46:34,825 INFO MT4 clients: 4500 saved...
2026-06-17 12:46:35,183 INFO MT4 clients: 5000 saved...
2026-06-17 12:46:35,371 INFO MT4: 5291 clients saved
2026-06-17 12:46:35,373 INFO save_mt4_clients done
2026-06-17 12:46:35,373 INFO Fetching closed trade history (last 2 days)...
2026-06-17 12:46:36,721 INFO sync_trade_journal: 78639 records, 6448 closed trades in last 2d
2026-06-17 12:46:36,722 INFO Got 6448 closed trades, saving to deals...
2026-06-17 12:46:43,365 INFO MT4 journal deals saved: 6448
2026-06-17 12:46:43,366 INFO save_journal_deals done
2026-06-17 12:46:43,367 INFO === ONE-SHOT FETCH COMPLETE ===
2026-06-17 12:47:44,300 INFO Connecting to MT4...
2026-06-17 12:47:44,439 INFO mtmanapi64.dll loaded
2026-06-17 12:47:44,441 INFO MT4 manager instance created (ver=26215873)
2026-06-17 12:47:44,692 INFO MT4 connected and logged in. IsConnected=1
2026-06-17 12:47:44,692 INFO Fetching all users...
2026-06-17 12:47:44,892 INFO AdmUsersRequest: 5291 users
2026-06-17 12:47:44,893 INFO Got 5291 users, saving to clients/trading_accounts...
2026-06-17 12:47:45,923 INFO MT4 clients: 500 saved...
2026-06-17 12:47:46,264 INFO MT4 clients: 1000 saved...
2026-06-17 12:47:46,695 INFO MT4 clients: 1500 saved...
2026-06-17 12:47:47,124 INFO MT4 clients: 2000 saved...
2026-06-17 12:47:47,551 INFO MT4 clients: 2500 saved...
2026-06-17 12:47:48,093 INFO MT4 clients: 3000 saved...
2026-06-17 12:47:48,461 INFO MT4 clients: 3500 saved...
2026-06-17 12:47:48,841 INFO MT4 clients: 4000 saved...
2026-06-17 12:47:49,232 INFO MT4 clients: 4500 saved...
2026-06-17 12:47:49,618 INFO MT4 clients: 5000 saved...
2026-06-17 12:47:49,818 INFO MT4: 5291 clients saved
2026-06-17 12:47:49,818 INFO save_mt4_clients done
2026-06-17 12:47:49,820 INFO Fetching closed trade history (last 2 days)...
2026-06-17 12:47:51,208 INFO sync_trade_journal: 78651 records, 6448 closed trades in last 2d
2026-06-17 12:47:51,209 INFO Got 6448 closed trades, saving to deals...
2026-06-17 12:47:57,461 INFO MT4 journal deals saved: 6448
2026-06-17 12:47:57,461 INFO save_journal_deals done
2026-06-17 12:47:57,462 INFO === ONE-SHOT FETCH COMPLETE ===
2026-06-17 12:47:58,386 INFO mtmanapi64.dll loaded
2026-06-17 12:47:58,389 INFO MT4 manager instance created (ver=26215873)
2026-06-17 12:47:58,645 INFO MT4 connected and logged in. IsConnected=1
2026-06-17 12:49:00,699 INFO Connecting to MT4...
2026-06-17 12:49:00,836 INFO mtmanapi64.dll loaded
2026-06-17 12:49:00,838 INFO MT4 manager instance created (ver=26215873)
2026-06-17 12:49:01,062 INFO MT4 connected and logged in. IsConnected=1
2026-06-17 12:49:01,063 INFO Fetching all users...
2026-06-17 12:49:01,276 INFO AdmUsersRequest: 5291 users
2026-06-17 12:49:01,276 INFO Got 5291 users, saving to clients/trading_accounts...
2026-06-17 12:49:02,408 INFO MT4 clients: 500 saved...
2026-06-17 12:49:02,778 INFO MT4 clients: 1000 saved...
2026-06-17 12:49:03,149 INFO MT4 clients: 1500 saved...
2026-06-17 12:49:03,479 INFO MT4 clients: 2000 saved...
2026-06-17 12:49:03,796 INFO MT4 clients: 2500 saved...
2026-06-17 12:49:04,100 INFO MT4 clients: 3000 saved...
2026-06-17 12:49:04,480 INFO MT4 clients: 3500 saved...
2026-06-17 12:49:04,856 INFO MT4 clients: 4000 saved...
2026-06-17 12:49:05,188 INFO MT4 clients: 4500 saved...
2026-06-17 12:49:05,529 INFO MT4 clients: 5000 saved...
2026-06-17 12:49:05,716 INFO MT4: 5291 clients saved
2026-06-17 12:49:05,716 INFO save_mt4_clients done
2026-06-17 12:49:05,716 INFO Fetching closed trade history (last 2 days)...
2026-06-17 12:49:07,238 INFO sync_trade_journal: 78659 records, 6449 closed trades in last 2d
2026-06-17 12:49:07,238 INFO Got 6449 closed trades, saving to deals...
2026-06-17 12:49:13,171 INFO MT4 journal deals saved: 6449
2026-06-17 12:49:13,173 INFO save_journal_deals done
2026-06-17 12:49:13,173 INFO === ONE-SHOT FETCH COMPLETE ===
2026-06-17 12:50:14,068 INFO Connecting to MT4...
2026-06-17 12:50:14,208 INFO mtmanapi64.dll loaded
2026-06-17 12:50:14,209 INFO MT4 manager instance created (ver=26215873)
2026-06-17 12:50:14,473 INFO MT4 connected and logged in. IsConnected=1
2026-06-17 12:50:14,474 INFO Fetching all users...
2026-06-17 12:50:14,700 INFO AdmUsersRequest: 5291 users
2026-06-17 12:50:14,701 INFO Got 5291 users, saving to clients/trading_accounts...
2026-06-17 12:50:15,689 INFO MT4 clients: 500 saved...
2026-06-17 12:50:16,012 INFO MT4 clients: 1000 saved...
2026-06-17 12:50:16,328 INFO MT4 clients: 1500 saved...
2026-06-17 12:50:16,644 INFO MT4 clients: 2000 saved...
2026-06-17 12:50:17,002 INFO MT4 clients: 2500 saved...
2026-06-17 12:50:17,344 INFO MT4 clients: 3000 saved...
2026-06-17 12:50:17,719 INFO MT4 clients: 3500 saved...
2026-06-17 12:50:18,108 INFO MT4 clients: 4000 saved...
2026-06-17 12:50:18,476 INFO MT4 clients: 4500 saved...
2026-06-17 12:50:18,836 INFO MT4 clients: 5000 saved...
2026-06-17 12:50:19,044 INFO MT4: 5291 clients saved
2026-06-17 12:50:19,044 INFO save_mt4_clients done
2026-06-17 12:50:19,046 INFO Fetching closed trade history (last 2 days)...
2026-06-17 12:50:20,444 INFO sync_trade_journal: 78675 records, 6449 closed trades in last 2d
2026-06-17 12:50:20,445 INFO Got 6449 closed trades, saving to deals...
2026-06-17 12:50:27,026 INFO MT4 journal deals saved: 6449
2026-06-17 12:50:27,027 INFO save_journal_deals done
2026-06-17 12:50:27,027 INFO === ONE-SHOT FETCH COMPLETE ===
2026-06-17 12:51:27,947 INFO Connecting to MT4...
2026-06-17 12:51:28,080 INFO mtmanapi64.dll loaded
2026-06-17 12:51:28,082 INFO MT4 manager instance created (ver=26215873)
2026-06-17 12:51:28,336 INFO MT4 connected and logged in. IsConnected=1
2026-06-17 12:51:28,337 INFO Fetching all users...
2026-06-17 12:51:28,541 INFO AdmUsersRequest: 5291 users
2026-06-17 12:51:28,542 INFO Got 5291 users, saving to clients/trading_accounts...
2026-06-17 12:51:29,681 INFO MT4 clients: 500 saved...
2026-06-17 12:51:30,026 INFO MT4 clients: 1000 saved...
2026-06-17 12:51:30,362 INFO MT4 clients: 1500 saved...
2026-06-17 12:51:30,707 INFO MT4 clients: 2000 saved...
2026-06-17 12:51:31,040 INFO MT4 clients: 2500 saved...
2026-06-17 12:51:31,383 INFO MT4 clients: 3000 saved...
2026-06-17 12:51:31,771 INFO MT4 clients: 3500 saved...
2026-06-17 12:51:32,137 INFO MT4 clients: 4000 saved...
2026-06-17 12:51:32,485 INFO MT4 clients: 4500 saved...
2026-06-17 12:51:32,801 INFO MT4 clients: 5000 saved...
2026-06-17 12:51:32,974 INFO MT4: 5291 clients saved
2026-06-17 12:51:32,975 INFO save_mt4_clients done
2026-06-17 12:51:32,975 INFO Fetching closed trade history (last 2 days)...
2026-06-17 12:51:34,387 INFO sync_trade_journal: 78692 records, 6454 closed trades in last 2d
2026-06-17 12:51:34,387 INFO Got 6454 closed trades, saving to deals...
2026-06-17 12:51:40,558 INFO MT4 journal deals saved: 6454
2026-06-17 12:51:40,559 INFO save_journal_deals done
2026-06-17 12:51:40,560 INFO === ONE-SHOT FETCH COMPLETE ===
2026-06-17 12:52:41,519 INFO Connecting to MT4...
2026-06-17 12:52:41,654 INFO mtmanapi64.dll loaded
2026-06-17 12:52:41,656 INFO MT4 manager instance created (ver=26215873)
2026-06-17 12:52:41,913 INFO MT4 connected and logged in. IsConnected=1
2026-06-17 12:52:41,913 INFO Fetching all users...
2026-06-17 12:52:42,113 INFO AdmUsersRequest: 5291 users
2026-06-17 12:52:42,114 INFO Got 5291 users, saving to clients/trading_accounts...
2026-06-17 12:52:43,218 INFO MT4 clients: 500 saved...
2026-06-17 12:52:43,602 INFO MT4 clients: 1000 saved...
2026-06-17 12:52:43,963 INFO MT4 clients: 1500 saved...
2026-06-17 12:52:44,326 INFO MT4 clients: 2000 saved...
2026-06-17 12:52:44,684 INFO MT4 clients: 2500 saved...
2026-06-17 12:52:45,026 INFO MT4 clients: 3000 saved...
2026-06-17 12:52:45,377 INFO MT4 clients: 3500 saved...
2026-06-17 12:52:45,711 INFO MT4 clients: 4000 saved...
2026-06-17 12:52:46,077 INFO MT4 clients: 4500 saved...
2026-06-17 12:52:46,437 INFO MT4 clients: 5000 saved...
2026-06-17 12:52:46,658 INFO MT4: 5291 clients saved
2026-06-17 12:52:46,659 INFO save_mt4_clients done
2026-06-17 12:52:46,659 INFO Fetching closed trade history (last 2 days)...
2026-06-17 12:52:48,079 INFO sync_trade_journal: 78702 records, 6456 closed trades in last 2d
2026-06-17 12:52:48,080 INFO Got 6456 closed trades, saving to deals...
2026-06-17 12:53:50,690 INFO MT4 journal deals saved: 6456
2026-06-17 12:53:50,692 INFO save_journal_deals done
2026-06-17 12:53:50,692 INFO === ONE-SHOT FETCH COMPLETE ===
2026-06-17 12:54:51,719 INFO Connecting to MT4...
2026-06-17 12:54:51,899 INFO mtmanapi64.dll loaded
2026-06-17 12:54:51,900 INFO MT4 manager instance created (ver=26215873)
2026-06-17 12:54:52,161 INFO MT4 connected and logged in. IsConnected=1
2026-06-17 12:54:52,162 INFO Fetching all users...
2026-06-17 12:54:52,381 INFO AdmUsersRequest: 5291 users
2026-06-17 12:54:52,382 INFO Got 5291 users, saving to clients/trading_accounts...
2026-06-17 12:54:53,858 INFO MT4 clients: 500 saved...
2026-06-17 12:54:54,312 INFO MT4 clients: 1000 saved...
2026-06-17 12:54:54,770 INFO MT4 clients: 1500 saved...
2026-06-17 12:54:55,238 INFO MT4 clients: 2000 saved...
2026-06-17 12:54:55,696 INFO MT4 clients: 2500 saved...
2026-06-17 12:54:56,391 INFO MT4 clients: 3000 saved...
2026-06-17 12:54:56,842 INFO MT4 clients: 3500 saved...
2026-06-17 12:54:57,314 INFO MT4 clients: 4000 saved...
2026-06-17 12:54:57,751 INFO MT4 clients: 4500 saved...
2026-06-17 12:54:58,249 INFO MT4 clients: 5000 saved...
2026-06-17 12:54:58,531 INFO MT4: 5291 clients saved
2026-06-17 12:54:58,532 INFO save_mt4_clients done
2026-06-17 12:54:58,532 INFO Fetching closed trade history (last 2 days)...
2026-06-17 12:54:59,936 INFO sync_trade_journal: 78713 records, 6457 closed trades in last 2d
2026-06-17 12:54:59,937 INFO Got 6457 closed trades, saving to deals...
2026-06-17 12:55:07,424 INFO MT4 journal deals saved: 6457
2026-06-17 12:55:07,425 INFO save_journal_deals done
2026-06-17 12:55:07,425 INFO === ONE-SHOT FETCH COMPLETE ===
2026-06-17 12:56:08,780 INFO Connecting to MT4...
2026-06-17 12:56:08,985 INFO mtmanapi64.dll loaded
2026-06-17 12:56:08,986 INFO MT4 manager instance created (ver=26215873)
2026-06-17 12:56:09,411 INFO MT4 connected and logged in. IsConnected=1
2026-06-17 12:56:09,413 INFO Fetching all users...
2026-06-17 12:56:09,629 INFO AdmUsersRequest: 5291 users
2026-06-17 12:56:09,630 INFO Got 5291 users, saving to clients/trading_accounts...
2026-06-17 12:56:11,749 INFO MT4 clients: 500 saved...
2026-06-17 12:56:12,307 INFO MT4 clients: 1000 saved...
2026-06-17 12:56:12,743 INFO MT4 clients: 1500 saved...
2026-06-17 12:56:13,189 INFO MT4 clients: 2000 saved...
2026-06-17 12:56:13,610 INFO MT4 clients: 2500 saved...
2026-06-17 12:56:14,039 INFO MT4 clients: 3000 saved...
2026-06-17 12:56:14,468 INFO MT4 clients: 3500 saved...
2026-06-17 12:56:14,940 INFO MT4 clients: 4000 saved...
2026-06-17 12:56:15,519 INFO MT4 clients: 4500 saved...
2026-06-17 12:56:15,951 INFO MT4 clients: 5000 saved...
2026-06-17 12:56:16,207 INFO MT4: 5291 clients saved
2026-06-17 12:56:16,208 INFO save_mt4_clients done
2026-06-17 12:56:16,208 INFO Fetching closed trade history (last 2 days)...
2026-06-17 12:56:17,633 INFO sync_trade_journal: 78719 records, 6458 closed trades in last 2d
2026-06-17 12:56:17,634 INFO Got 6458 closed trades, saving to deals...
2026-06-17 12:56:26,096 INFO MT4 journal deals saved: 6458
2026-06-17 12:56:26,097 INFO save_journal_deals done
2026-06-17 12:56:26,098 INFO === ONE-SHOT FETCH COMPLETE ===
2026-06-17 12:57:27,335 INFO Connecting to MT4...
2026-06-17 12:57:27,478 INFO mtmanapi64.dll loaded
2026-06-17 12:57:27,480 INFO MT4 manager instance created (ver=26215873)
2026-06-17 12:57:27,739 INFO MT4 connected and logged in. IsConnected=1
2026-06-17 12:57:27,740 INFO Fetching all users...
2026-06-17 12:57:27,944 INFO AdmUsersRequest: 5291 users
2026-06-17 12:57:27,944 INFO Got 5291 users, saving to clients/trading_accounts...
2026-06-17 12:57:29,399 INFO MT4 clients: 500 saved...
2026-06-17 12:57:29,836 INFO MT4 clients: 1000 saved...
2026-06-17 12:57:30,254 INFO MT4 clients: 1500 saved...
2026-06-17 12:57:30,657 INFO MT4 clients: 2000 saved...
2026-06-17 12:57:31,071 INFO MT4 clients: 2500 saved...
2026-06-17 12:57:31,525 INFO MT4 clients: 3000 saved...
2026-06-17 12:57:31,940 INFO MT4 clients: 3500 saved...
2026-06-17 12:57:32,376 INFO MT4 clients: 4000 saved...
2026-06-17 12:57:32,813 INFO MT4 clients: 4500 saved...
2026-06-17 12:57:33,240 INFO MT4 clients: 5000 saved...
2026-06-17 12:57:33,475 INFO MT4: 5291 clients saved
2026-06-17 12:57:33,476 INFO save_mt4_clients done
2026-06-17 12:57:33,477 INFO Fetching closed trade history (last 2 days)...
2026-06-17 12:57:34,925 INFO sync_trade_journal: 78725 records, 6458 closed trades in last 2d
2026-06-17 12:57:34,926 INFO Got 6458 closed trades, saving to deals...
2026-06-17 12:58:10,449 INFO MT4 journal deals saved: 6458
2026-06-17 12:58:10,450 INFO save_journal_deals done
2026-06-17 12:58:10,451 INFO === ONE-SHOT FETCH COMPLETE ===
2026-06-17 12:59:11,928 INFO Connecting to MT4...
2026-06-17 12:59:12,091 INFO mtmanapi64.dll loaded
2026-06-17 12:59:12,113 INFO MT4 manager instance created (ver=26215873)
2026-06-17 12:59:12,371 INFO MT4 connected and logged in. IsConnected=1
2026-06-17 12:59:12,372 INFO Fetching all users...
2026-06-17 12:59:12,590 INFO AdmUsersRequest: 5291 users
2026-06-17 12:59:12,591 INFO Got 5291 users, saving to clients/trading_accounts...
2026-06-17 12:59:13,879 INFO MT4 clients: 500 saved...
2026-06-17 12:59:14,330 INFO MT4 clients: 1000 saved...
2026-06-17 12:59:14,728 INFO MT4 clients: 1500 saved...
2026-06-17 12:59:15,117 INFO MT4 clients: 2000 saved...
2026-06-17 12:59:15,495 INFO MT4 clients: 2500 saved...
2026-06-17 12:59:15,825 INFO MT4 clients: 3000 saved...
2026-06-17 12:59:16,135 INFO MT4 clients: 3500 saved...
2026-06-17 12:59:16,431 INFO MT4 clients: 4000 saved...
2026-06-17 12:59:16,734 INFO MT4 clients: 4500 saved...
2026-06-17 12:59:17,042 INFO MT4 clients: 5000 saved...
2026-06-17 12:59:17,236 INFO MT4: 5291 clients saved
2026-06-17 12:59:17,237 INFO save_mt4_clients done
2026-06-17 12:59:17,238 INFO Fetching closed trade history (last 2 days)...
2026-06-17 12:59:18,622 INFO sync_trade_journal: 78732 records, 6460 closed trades in last 2d
2026-06-17 12:59:18,623 INFO Got 6460 closed trades, saving to deals...
2026-06-17 12:59:24,997 INFO MT4 journal deals saved: 6460
2026-06-17 12:59:24,997 INFO save_journal_deals done
2026-06-17 12:59:24,998 INFO === ONE-SHOT FETCH COMPLETE ===
2026-06-17 13:00:26,045 INFO Connecting to MT4...
2026-06-17 13:00:26,178 INFO mtmanapi64.dll loaded
2026-06-17 13:00:26,180 INFO MT4 manager instance created (ver=26215873)
2026-06-17 13:00:26,438 INFO MT4 connected and logged in. IsConnected=1
2026-06-17 13:00:26,440 INFO Fetching all users...
2026-06-17 13:00:26,637 INFO AdmUsersRequest: 5291 users
2026-06-17 13:00:26,637 INFO Got 5291 users, saving to clients/trading_accounts...
2026-06-17 13:00:28,447 INFO MT4 clients: 500 saved...
2026-06-17 13:00:28,820 INFO MT4 clients: 1000 saved...
2026-06-17 13:00:29,254 INFO MT4 clients: 1500 saved...
2026-06-17 13:00:29,659 INFO MT4 clients: 2000 saved...
2026-06-17 13:00:30,071 INFO MT4 clients: 2500 saved...
2026-06-17 13:00:30,501 INFO MT4 clients: 3000 saved...
2026-06-17 13:00:30,960 INFO MT4 clients: 3500 saved...
2026-06-17 13:00:31,401 INFO MT4 clients: 4000 saved...
2026-06-17 13:00:31,825 INFO MT4 clients: 4500 saved...
2026-06-17 13:00:32,212 INFO MT4 clients: 5000 saved...
2026-06-17 13:00:32,435 INFO MT4: 5291 clients saved
2026-06-17 13:00:32,436 INFO save_mt4_clients done
2026-06-17 13:00:32,437 INFO Fetching closed trade history (last 2 days)...
2026-06-17 13:00:33,785 INFO sync_trade_journal: 78736 records, 6461 closed trades in last 2d
2026-06-17 13:00:33,785 INFO Got 6461 closed trades, saving to deals...
2026-06-17 13:00:40,140 INFO MT4 journal deals saved: 6461
2026-06-17 13:00:40,141 INFO save_journal_deals done
2026-06-17 13:00:40,141 INFO === ONE-SHOT FETCH COMPLETE ===
2026-06-17 13:01:41,037 INFO Connecting to MT4...
2026-06-17 13:01:41,176 INFO mtmanapi64.dll loaded
2026-06-17 13:01:41,178 INFO MT4 manager instance created (ver=26215873)
2026-06-17 13:01:41,436 INFO MT4 connected and logged in. IsConnected=1
2026-06-17 13:01:41,436 INFO Fetching all users...
2026-06-17 13:01:41,646 INFO AdmUsersRequest: 5291 users
2026-06-17 13:01:41,648 INFO Got 5291 users, saving to clients/trading_accounts...
2026-06-17 13:01:42,717 INFO MT4 clients: 500 saved...
2026-06-17 13:01:43,034 INFO MT4 clients: 1000 saved...
2026-06-17 13:01:43,354 INFO MT4 clients: 1500 saved...
2026-06-17 13:01:43,695 INFO MT4 clients: 2000 saved...
2026-06-17 13:01:44,050 INFO MT4 clients: 2500 saved...
2026-06-17 13:01:44,393 INFO MT4 clients: 3000 saved...
2026-06-17 13:01:44,768 INFO MT4 clients: 3500 saved...
2026-06-17 13:01:45,122 INFO MT4 clients: 4000 saved...
2026-06-17 13:01:45,494 INFO MT4 clients: 4500 saved...
2026-06-17 13:01:45,874 INFO MT4 clients: 5000 saved...
2026-06-17 13:01:46,081 INFO MT4: 5291 clients saved
2026-06-17 13:01:46,081 INFO save_mt4_clients done
2026-06-17 13:01:46,083 INFO Fetching closed trade history (last 2 days)...
2026-06-17 13:01:47,491 INFO sync_trade_journal: 78747 records, 6462 closed trades in last 2d
2026-06-17 13:01:47,491 INFO Got 6462 closed trades, saving to deals...
2026-06-17 13:01:54,169 INFO MT4 journal deals saved: 6462
2026-06-17 13:01:54,169 INFO save_journal_deals done
2026-06-17 13:01:54,169 INFO === ONE-SHOT FETCH COMPLETE ===
2026-06-17 13:01:55,183 INFO mtmanapi64.dll loaded
2026-06-17 13:01:55,185 INFO MT4 manager instance created (ver=26215873)
2026-06-17 13:01:55,448 INFO MT4 connected and logged in. IsConnected=1
2026-06-17 13:02:57,869 INFO Connecting to MT4...
2026-06-17 13:02:58,027 INFO mtmanapi64.dll loaded
2026-06-17 13:02:58,028 INFO MT4 manager instance created (ver=26215873)
2026-06-17 13:02:58,284 INFO MT4 connected and logged in. IsConnected=1
2026-06-17 13:02:58,285 INFO Fetching all users...
2026-06-17 13:02:58,485 INFO AdmUsersRequest: 5291 users
2026-06-17 13:02:58,486 INFO Got 5291 users, saving to clients/trading_accounts...
2026-06-17 13:03:00,205 INFO MT4 clients: 500 saved...
2026-06-17 13:03:00,696 INFO MT4 clients: 1000 saved...
2026-06-17 13:03:01,172 INFO MT4 clients: 1500 saved...
2026-06-17 13:03:01,615 INFO MT4 clients: 2000 saved...
2026-06-17 13:03:02,056 INFO MT4 clients: 2500 saved...
2026-06-17 13:03:02,480 INFO MT4 clients: 3000 saved...
2026-06-17 13:03:02,931 INFO MT4 clients: 3500 saved...
2026-06-17 13:03:03,387 INFO MT4 clients: 4000 saved...
2026-06-17 13:03:03,808 INFO MT4 clients: 4500 saved...
2026-06-17 13:03:04,236 INFO MT4 clients: 5000 saved...
2026-06-17 13:03:04,462 INFO MT4: 5291 clients saved
2026-06-17 13:03:04,462 INFO save_mt4_clients done
2026-06-17 13:03:04,462 INFO Fetching closed trade history (last 2 days)...
2026-06-17 13:03:05,865 INFO sync_trade_journal: 78777 records, 6470 closed trades in last 2d
2026-06-17 13:03:05,865 INFO Got 6470 closed trades, saving to deals...
2026-06-17 13:03:55,783 INFO MT4 journal deals saved: 6470
2026-06-17 13:03:55,785 INFO save_journal_deals done
2026-06-17 13:03:55,785 INFO === ONE-SHOT FETCH COMPLETE ===
2026-06-17 13:04:56,802 INFO Connecting to MT4...
2026-06-17 13:04:56,935 INFO mtmanapi64.dll loaded
2026-06-17 13:04:56,935 INFO MT4 manager instance created (ver=26215873)
2026-06-17 13:04:57,190 INFO MT4 connected and logged in. IsConnected=1
2026-06-17 13:04:57,190 INFO Fetching all users...
2026-06-17 13:04:57,397 INFO AdmUsersRequest: 5291 users
2026-06-17 13:04:57,399 INFO Got 5291 users, saving to clients/trading_accounts...
2026-06-17 13:04:58,485 INFO MT4 clients: 500 saved...
2026-06-17 13:04:58,840 INFO MT4 clients: 1000 saved...
2026-06-17 13:04:59,169 INFO MT4 clients: 1500 saved...
2026-06-17 13:04:59,528 INFO MT4 clients: 2000 saved...
2026-06-17 13:04:59,895 INFO MT4 clients: 2500 saved...
2026-06-17 13:05:00,282 INFO MT4 clients: 3000 saved...
2026-06-17 13:05:00,697 INFO MT4 clients: 3500 saved...
2026-06-17 13:05:01,066 INFO MT4 clients: 4000 saved...
2026-06-17 13:05:01,455 INFO MT4 clients: 4500 saved...
2026-06-17 13:05:01,844 INFO MT4 clients: 5000 saved...
2026-06-17 13:05:02,066 INFO MT4: 5291 clients saved
2026-06-17 13:05:02,066 INFO save_mt4_clients done
2026-06-17 13:05:02,066 INFO Fetching closed trade history (last 2 days)...
2026-06-17 13:05:03,530 INFO sync_trade_journal: 78787 records, 6472 closed trades in last 2d
2026-06-17 13:05:03,530 INFO Got 6472 closed trades, saving to deals...
2026-06-17 13:05:10,375 INFO MT4 journal deals saved: 6472
2026-06-17 13:05:10,377 INFO save_journal_deals done
2026-06-17 13:05:10,377 INFO === ONE-SHOT FETCH COMPLETE ===
2026-06-17 13:06:11,346 INFO Connecting to MT4...
2026-06-17 13:06:11,483 INFO mtmanapi64.dll loaded
2026-06-17 13:06:11,483 INFO MT4 manager instance created (ver=26215873)
2026-06-17 13:06:11,738 INFO MT4 connected and logged in. IsConnected=1
2026-06-17 13:06:11,738 INFO Fetching all users...
2026-06-17 13:06:11,947 INFO AdmUsersRequest: 5291 users
2026-06-17 13:06:11,947 INFO Got 5291 users, saving to clients/trading_accounts...
2026-06-17 13:06:13,086 INFO MT4 clients: 500 saved...
2026-06-17 13:06:13,461 INFO MT4 clients: 1000 saved...
2026-06-17 13:06:13,810 INFO MT4 clients: 1500 saved...
2026-06-17 13:06:14,182 INFO MT4 clients: 2000 saved...
2026-06-17 13:06:14,585 INFO MT4 clients: 2500 saved...
2026-06-17 13:06:14,977 INFO MT4 clients: 3000 saved...
2026-06-17 13:06:15,366 INFO MT4 clients: 3500 saved...
2026-06-17 13:06:15,735 INFO MT4 clients: 4000 saved...
2026-06-17 13:06:16,106 INFO MT4 clients: 4500 saved...
2026-06-17 13:06:16,483 INFO MT4 clients: 5000 saved...
2026-06-17 13:06:16,699 INFO MT4: 5291 clients saved
2026-06-17 13:06:16,699 INFO save_mt4_clients done
2026-06-17 13:06:16,701 INFO Fetching closed trade history (last 2 days)...
2026-06-17 13:06:18,077 INFO sync_trade_journal: 78796 records, 6476 closed trades in last 2d
2026-06-17 13:06:18,077 INFO Got 6476 closed trades, saving to deals...
2026-06-17 13:06:24,548 INFO MT4 journal deals saved: 6476
2026-06-17 13:06:24,550 INFO save_journal_deals done
2026-06-17 13:06:24,550 INFO === ONE-SHOT FETCH COMPLETE ===
2026-06-17 13:07:25,370 INFO Connecting to MT4...
2026-06-17 13:07:25,510 INFO mtmanapi64.dll loaded
2026-06-17 13:07:25,512 INFO MT4 manager instance created (ver=26215873)
2026-06-17 13:07:25,764 INFO MT4 connected and logged in. IsConnected=1
2026-06-17 13:07:25,764 INFO Fetching all users...
2026-06-17 13:07:25,969 INFO AdmUsersRequest: 5291 users
2026-06-17 13:07:25,969 INFO Got 5291 users, saving to clients/trading_accounts...
2026-06-17 13:07:26,907 INFO MT4 clients: 500 saved...
2026-06-17 13:07:27,212 INFO MT4 clients: 1000 saved...
2026-06-17 13:07:27,507 INFO MT4 clients: 1500 saved...
2026-06-17 13:07:27,831 INFO MT4 clients: 2000 saved...
2026-06-17 13:07:28,156 INFO MT4 clients: 2500 saved...
2026-06-17 13:07:28,484 INFO MT4 clients: 3000 saved...
2026-06-17 13:07:28,808 INFO MT4 clients: 3500 saved...
2026-06-17 13:07:29,121 INFO MT4 clients: 4000 saved...
2026-06-17 13:07:29,438 INFO MT4 clients: 4500 saved...
2026-06-17 13:07:29,764 INFO MT4 clients: 5000 saved...
2026-06-17 13:07:29,939 INFO MT4: 5291 clients saved
2026-06-17 13:07:29,939 INFO save_mt4_clients done
2026-06-17 13:07:29,939 INFO Fetching closed trade history (last 2 days)...
2026-06-17 13:07:31,325 INFO sync_trade_journal: 78810 records, 6480 closed trades in last 2d
2026-06-17 13:07:31,325 INFO Got 6480 closed trades, saving to deals...
2026-06-17 13:07:37,153 INFO MT4 journal deals saved: 6480
2026-06-17 13:07:37,153 INFO save_journal_deals done
2026-06-17 13:07:37,155 INFO === ONE-SHOT FETCH COMPLETE ===
2026-06-17 13:08:37,941 INFO Connecting to MT4...
2026-06-17 13:08:38,074 INFO mtmanapi64.dll loaded
2026-06-17 13:08:38,076 INFO MT4 manager instance created (ver=26215873)
2026-06-17 13:08:38,332 INFO MT4 connected and logged in. IsConnected=1
2026-06-17 13:08:38,334 INFO Fetching all users...
2026-06-17 13:08:38,539 INFO AdmUsersRequest: 5291 users
2026-06-17 13:08:38,539 INFO Got 5291 users, saving to clients/trading_accounts...
2026-06-17 13:08:39,537 INFO MT4 clients: 500 saved...
2026-06-17 13:08:39,884 INFO MT4 clients: 1000 saved...
2026-06-17 13:08:40,236 INFO MT4 clients: 1500 saved...
2026-06-17 13:08:40,608 INFO MT4 clients: 2000 saved...
2026-06-17 13:08:40,977 INFO MT4 clients: 2500 saved...
2026-06-17 13:08:41,336 INFO MT4 clients: 3000 saved...
2026-06-17 13:08:41,700 INFO MT4 clients: 3500 saved...
2026-06-17 13:08:42,043 INFO MT4 clients: 4000 saved...
2026-06-17 13:08:42,357 INFO MT4 clients: 4500 saved...
2026-06-17 13:08:42,662 INFO MT4 clients: 5000 saved...
2026-06-17 13:08:42,833 INFO MT4: 5291 clients saved
2026-06-17 13:08:42,834 INFO save_mt4_clients done
2026-06-17 13:08:42,834 INFO Fetching closed trade history (last 2 days)...
2026-06-17 13:08:44,289 INFO sync_trade_journal: 78828 records, 6481 closed trades in last 2d
2026-06-17 13:08:44,289 INFO Got 6481 closed trades, saving to deals...
2026-06-17 13:08:59,715 INFO MT4 journal deals saved: 6481
2026-06-17 13:08:59,715 INFO save_journal_deals done
2026-06-17 13:08:59,716 INFO === ONE-SHOT FETCH COMPLETE ===
2026-06-17 13:10:00,670 INFO Connecting to MT4...
2026-06-17 13:10:00,831 INFO mtmanapi64.dll loaded
2026-06-17 13:10:00,831 INFO MT4 manager instance created (ver=26215873)
2026-06-17 13:10:01,091 INFO MT4 connected and logged in. IsConnected=1
2026-06-17 13:10:01,091 INFO Fetching all users...
2026-06-17 13:10:01,301 INFO AdmUsersRequest: 5291 users
2026-06-17 13:10:01,301 INFO Got 5291 users, saving to clients/trading_accounts...
2026-06-17 13:10:02,400 INFO MT4 clients: 500 saved...
2026-06-17 13:10:02,724 INFO MT4 clients: 1000 saved...
2026-06-17 13:10:03,007 INFO MT4 clients: 1500 saved...
2026-06-17 13:10:03,349 INFO MT4 clients: 2000 saved...
2026-06-17 13:10:03,719 INFO MT4 clients: 2500 saved...
2026-06-17 13:10:04,074 INFO MT4 clients: 3000 saved...
2026-06-17 13:10:04,431 INFO MT4 clients: 3500 saved...
2026-06-17 13:10:04,781 INFO MT4 clients: 4000 saved...
2026-06-17 13:10:05,137 INFO MT4 clients: 4500 saved...
2026-06-17 13:10:05,482 INFO MT4 clients: 5000 saved...
2026-06-17 13:10:05,658 INFO MT4: 5291 clients saved
2026-06-17 13:10:05,658 INFO save_mt4_clients done
2026-06-17 13:10:05,658 INFO Fetching closed trade history (last 2 days)...
2026-06-17 13:10:07,053 INFO sync_trade_journal: 78836 records, 6484 closed trades in last 2d
2026-06-17 13:10:07,053 INFO Got 6484 closed trades, saving to deals...
2026-06-17 13:10:13,363 INFO MT4 journal deals saved: 6484
2026-06-17 13:10:13,364 INFO save_journal_deals done
2026-06-17 13:10:13,365 INFO === ONE-SHOT FETCH COMPLETE ===
2026-06-17 13:11:15,134 INFO Connecting to MT4...
2026-06-17 13:11:15,312 INFO mtmanapi64.dll loaded
2026-06-17 13:11:15,312 INFO MT4 manager instance created (ver=26215873)
2026-06-17 13:11:15,564 INFO MT4 connected and logged in. IsConnected=1
2026-06-17 13:11:15,566 INFO Fetching all users...
2026-06-17 13:11:15,781 INFO AdmUsersRequest: 5291 users
2026-06-17 13:11:15,781 INFO Got 5291 users, saving to clients/trading_accounts...
2026-06-17 13:11:17,350 INFO MT4 clients: 500 saved...
2026-06-17 13:11:17,819 INFO MT4 clients: 1000 saved...
2026-06-17 13:11:18,179 INFO MT4 clients: 1500 saved...
2026-06-17 13:11:18,544 INFO MT4 clients: 2000 saved...
2026-06-17 13:11:18,893 INFO MT4 clients: 2500 saved...
2026-06-17 13:11:19,258 INFO MT4 clients: 3000 saved...
2026-06-17 13:11:19,621 INFO MT4 clients: 3500 saved...
2026-06-17 13:11:19,980 INFO MT4 clients: 4000 saved...
2026-06-17 13:11:20,335 INFO MT4 clients: 4500 saved...
2026-06-17 13:11:20,695 INFO MT4 clients: 5000 saved...
2026-06-17 13:11:20,894 INFO MT4: 5291 clients saved
2026-06-17 13:11:20,896 INFO save_mt4_clients done
2026-06-17 13:11:20,896 INFO Fetching closed trade history (last 2 days)...
2026-06-17 13:11:22,271 INFO sync_trade_journal: 78848 records, 6486 closed trades in last 2d
2026-06-17 13:11:22,271 INFO Got 6486 closed trades, saving to deals...
2026-06-17 13:12:23,119 INFO MT4 journal deals saved: 6486
2026-06-17 13:12:23,121 INFO save_journal_deals done
2026-06-17 13:12:23,121 INFO === ONE-SHOT FETCH COMPLETE ===
2026-06-17 13:13:24,724 INFO Connecting to MT4...
2026-06-17 13:13:24,890 INFO mtmanapi64.dll loaded
2026-06-17 13:13:24,890 INFO MT4 manager instance created (ver=26215873)
2026-06-17 13:13:25,148 INFO MT4 connected and logged in. IsConnected=1
2026-06-17 13:13:25,150 INFO Fetching all users...
2026-06-17 13:13:25,363 INFO AdmUsersRequest: 5291 users
2026-06-17 13:13:25,363 INFO Got 5291 users, saving to clients/trading_accounts...
2026-06-17 13:13:26,964 INFO MT4 clients: 500 saved...
2026-06-17 13:13:27,391 INFO MT4 clients: 1000 saved...
2026-06-17 13:13:27,825 INFO MT4 clients: 1500 saved...
2026-06-17 13:13:28,243 INFO MT4 clients: 2000 saved...
2026-06-17 13:13:28,653 INFO MT4 clients: 2500 saved...
2026-06-17 13:13:29,073 INFO MT4 clients: 3000 saved...
2026-06-17 13:13:29,485 INFO MT4 clients: 3500 saved...
2026-06-17 13:13:29,887 INFO MT4 clients: 4000 saved...
2026-06-17 13:13:30,319 INFO MT4 clients: 4500 saved...
2026-06-17 13:13:30,725 INFO MT4 clients: 5000 saved...
2026-06-17 13:13:30,956 INFO MT4: 5291 clients saved
2026-06-17 13:13:30,958 INFO save_mt4_clients done
2026-06-17 13:13:30,958 INFO Fetching closed trade history (last 2 days)...
2026-06-17 13:13:32,527 INFO sync_trade_journal: 78888 records, 6492 closed trades in last 2d
2026-06-17 13:13:32,528 INFO Got 6492 closed trades, saving to deals...
2026-06-17 13:14:10,400 INFO MT4 journal deals saved: 6492
2026-06-17 13:14:10,402 INFO save_journal_deals done
2026-06-17 13:14:10,402 INFO === ONE-SHOT FETCH COMPLETE ===
2026-06-17 13:15:11,588 INFO Connecting to MT4...
2026-06-17 13:15:11,729 INFO mtmanapi64.dll loaded
2026-06-17 13:15:11,731 INFO MT4 manager instance created (ver=26215873)
2026-06-17 13:15:11,979 INFO MT4 connected and logged in. IsConnected=1
2026-06-17 13:15:11,981 INFO Fetching all users...
2026-06-17 13:15:12,187 INFO AdmUsersRequest: 5291 users
2026-06-17 13:15:12,189 INFO Got 5291 users, saving to clients/trading_accounts...
2026-06-17 13:15:13,536 INFO MT4 clients: 500 saved...
2026-06-17 13:15:13,963 INFO MT4 clients: 1000 saved...
2026-06-17 13:15:14,395 INFO MT4 clients: 1500 saved...
2026-06-17 13:15:14,808 INFO MT4 clients: 2000 saved...
2026-06-17 13:15:15,206 INFO MT4 clients: 2500 saved...
2026-06-17 13:15:15,583 INFO MT4 clients: 3000 saved...
2026-06-17 13:15:16,039 INFO MT4 clients: 3500 saved...
2026-06-17 13:15:16,433 INFO MT4 clients: 4000 saved...
2026-06-17 13:15:16,847 INFO MT4 clients: 4500 saved...
2026-06-17 13:15:17,278 INFO MT4 clients: 5000 saved...
2026-06-17 13:15:17,539 INFO MT4: 5291 clients saved
2026-06-17 13:15:17,540 INFO save_mt4_clients done
2026-06-17 13:15:17,540 INFO Fetching closed trade history (last 2 days)...
2026-06-17 13:15:18,947 INFO sync_trade_journal: 78904 records, 6494 closed trades in last 2d
2026-06-17 13:15:18,949 INFO Got 6494 closed trades, saving to deals...
2026-06-17 13:15:25,825 INFO MT4 journal deals saved: 6494
2026-06-17 13:15:25,825 INFO save_journal_deals done
2026-06-17 13:15:25,826 INFO === ONE-SHOT FETCH COMPLETE ===
2026-06-17 13:16:26,797 INFO Connecting to MT4...
2026-06-17 13:16:26,929 INFO mtmanapi64.dll loaded
2026-06-17 13:16:26,930 INFO MT4 manager instance created (ver=26215873)
2026-06-17 13:16:27,189 INFO MT4 connected and logged in. IsConnected=1
2026-06-17 13:16:27,191 INFO Fetching all users...
2026-06-17 13:16:27,407 INFO AdmUsersRequest: 5291 users
2026-06-17 13:16:27,408 INFO Got 5291 users, saving to clients/trading_accounts...
2026-06-17 13:16:28,572 INFO MT4 clients: 500 saved...
2026-06-17 13:16:28,947 INFO MT4 clients: 1000 saved...
2026-06-17 13:16:29,312 INFO MT4 clients: 1500 saved...
2026-06-17 13:16:29,670 INFO MT4 clients: 2000 saved...
2026-06-17 13:16:30,033 INFO MT4 clients: 2500 saved...
2026-06-17 13:16:30,386 INFO MT4 clients: 3000 saved...
2026-06-17 13:16:30,683 INFO MT4 clients: 3500 saved...
2026-06-17 13:16:30,986 INFO MT4 clients: 4000 saved...
2026-06-17 13:16:31,347 INFO MT4 clients: 4500 saved...
2026-06-17 13:16:31,708 INFO MT4 clients: 5000 saved...
2026-06-17 13:16:31,916 INFO MT4: 5291 clients saved
2026-06-17 13:16:31,918 INFO save_mt4_clients done
2026-06-17 13:16:31,918 INFO Fetching closed trade history (last 2 days)...
2026-06-17 13:16:33,278 INFO sync_trade_journal: 78920 records, 6496 closed trades in last 2d
2026-06-17 13:16:33,278 INFO Got 6496 closed trades, saving to deals...
2026-06-17 13:24:36,964 INFO MT4 journal deals saved: 6496
2026-06-17 13:24:36,965 INFO save_journal_deals done
2026-06-17 13:24:36,965 INFO === ONE-SHOT FETCH COMPLETE ===
2026-06-17 13:24:38,276 INFO mtmanapi64.dll loaded
2026-06-17 13:24:38,279 INFO MT4 manager instance created (ver=26215873)
2026-06-17 13:24:38,530 INFO MT4 connected and logged in. IsConnected=1
2026-06-17 13:25:40,632 INFO Connecting to MT4...
2026-06-17 13:25:40,770 INFO mtmanapi64.dll loaded
2026-06-17 13:25:40,770 INFO MT4 manager instance created (ver=26215873)
2026-06-17 13:25:41,022 INFO MT4 connected and logged in. IsConnected=1
2026-06-17 13:25:41,022 INFO Fetching all users...
2026-06-17 13:25:41,232 INFO AdmUsersRequest: 5291 users
2026-06-17 13:25:41,233 INFO Got 5291 users, saving to clients/trading_accounts...
2026-06-17 13:25:42,307 INFO MT4 clients: 500 saved...
2026-06-17 13:25:42,667 INFO MT4 clients: 1000 saved...
2026-06-17 13:25:42,998 INFO MT4 clients: 1500 saved...
2026-06-17 13:25:43,326 INFO MT4 clients: 2000 saved...
2026-06-17 13:25:43,679 INFO MT4 clients: 2500 saved...
2026-06-17 13:25:44,010 INFO MT4 clients: 3000 saved...
2026-06-17 13:25:44,437 INFO MT4 clients: 3500 saved...
2026-06-17 13:25:44,757 INFO MT4 clients: 4000 saved...
2026-06-17 13:25:45,101 INFO MT4 clients: 4500 saved...
2026-06-17 13:25:45,435 INFO MT4 clients: 5000 saved...
2026-06-17 13:25:45,620 INFO MT4: 5291 clients saved
2026-06-17 13:25:45,622 INFO save_mt4_clients done
2026-06-17 13:25:45,622 INFO Fetching closed trade history (last 2 days)...
2026-06-17 13:25:46,967 INFO sync_trade_journal: 79039 records, 6515 closed trades in last 2d
2026-06-17 13:25:46,967 INFO Got 6515 closed trades, saving to deals...
2026-06-17 13:26:19,174 INFO MT4 journal deals saved: 6515
2026-06-17 13:26:19,174 INFO save_journal_deals done
2026-06-17 13:26:19,174 INFO === ONE-SHOT FETCH COMPLETE ===
2026-06-17 13:27:20,230 INFO Connecting to MT4...
2026-06-17 13:27:20,410 INFO mtmanapi64.dll loaded
2026-06-17 13:27:20,412 INFO MT4 manager instance created (ver=26215873)
2026-06-17 13:27:20,670 INFO MT4 connected and logged in. IsConnected=1
2026-06-17 13:27:20,670 INFO Fetching all users...
2026-06-17 13:27:20,886 INFO AdmUsersRequest: 5291 users
2026-06-17 13:27:20,886 INFO Got 5291 users, saving to clients/trading_accounts...
2026-06-17 13:27:22,244 INFO MT4 clients: 500 saved...
2026-06-17 13:27:22,765 INFO MT4 clients: 1000 saved...
2026-06-17 13:27:23,231 INFO MT4 clients: 1500 saved...
2026-06-17 13:27:23,636 INFO MT4 clients: 2000 saved...
2026-06-17 13:27:23,998 INFO MT4 clients: 2500 saved...
2026-06-17 13:27:24,365 INFO MT4 clients: 3000 saved...
2026-06-17 13:27:24,793 INFO MT4 clients: 3500 saved...
2026-06-17 13:27:25,202 INFO MT4 clients: 4000 saved...
2026-06-17 13:27:25,588 INFO MT4 clients: 4500 saved...
2026-06-17 13:27:25,970 INFO MT4 clients: 5000 saved...
2026-06-17 13:27:26,159 INFO MT4: 5291 clients saved
2026-06-17 13:27:26,160 INFO save_mt4_clients done
2026-06-17 13:27:26,161 INFO Fetching closed trade history (last 2 days)...
2026-06-17 13:27:27,604 INFO sync_trade_journal: 79052 records, 6515 closed trades in last 2d
2026-06-17 13:27:27,604 INFO Got 6515 closed trades, saving to deals...
2026-06-17 13:27:35,830 INFO MT4 journal deals saved: 6515
2026-06-17 13:27:35,830 INFO save_journal_deals done
2026-06-17 13:27:35,832 INFO === ONE-SHOT FETCH COMPLETE ===
2026-06-17 13:28:37,189 INFO Connecting to MT4...
2026-06-17 13:28:37,353 INFO mtmanapi64.dll loaded
2026-06-17 13:28:37,355 INFO MT4 manager instance created (ver=26215873)
2026-06-17 13:28:37,607 INFO MT4 connected and logged in. IsConnected=1
2026-06-17 13:28:37,607 INFO Fetching all users...
2026-06-17 13:28:37,812 INFO AdmUsersRequest: 5291 users
2026-06-17 13:28:37,814 INFO Got 5291 users, saving to clients/trading_accounts...
2026-06-17 13:28:39,369 INFO MT4 clients: 500 saved...
2026-06-17 13:28:39,814 INFO MT4 clients: 1000 saved...
2026-06-17 13:28:40,190 INFO MT4 clients: 1500 saved...
2026-06-17 13:28:40,545 INFO MT4 clients: 2000 saved...
2026-06-17 13:28:40,992 INFO MT4 clients: 2500 saved...
2026-06-17 13:28:41,422 INFO MT4 clients: 3000 saved...
2026-06-17 13:28:41,793 INFO MT4 clients: 3500 saved...
2026-06-17 13:28:42,159 INFO MT4 clients: 4000 saved...
2026-06-17 13:28:42,558 INFO MT4 clients: 4500 saved...
2026-06-17 13:28:42,928 INFO MT4 clients: 5000 saved...
2026-06-17 13:28:43,126 INFO MT4: 5291 clients saved
2026-06-17 13:28:43,127 INFO save_mt4_clients done
2026-06-17 13:28:43,127 INFO Fetching closed trade history (last 2 days)...
2026-06-17 13:28:44,613 INFO sync_trade_journal: 79074 records, 6520 closed trades in last 2d
2026-06-17 13:28:44,614 INFO Got 6520 closed trades, saving to deals...
2026-06-17 13:28:52,909 INFO MT4 journal deals saved: 6520
2026-06-17 13:28:52,909 INFO save_journal_deals done
2026-06-17 13:28:52,909 INFO === ONE-SHOT FETCH COMPLETE ===
2026-06-17 13:29:53,774 INFO Connecting to MT4...
2026-06-17 13:29:53,916 INFO mtmanapi64.dll loaded
2026-06-17 13:29:53,916 INFO MT4 manager instance created (ver=26215873)
2026-06-17 13:29:54,173 INFO MT4 connected and logged in. IsConnected=1
2026-06-17 13:29:54,173 INFO Fetching all users...
2026-06-17 13:29:54,380 INFO AdmUsersRequest: 5291 users
2026-06-17 13:29:54,380 INFO Got 5291 users, saving to clients/trading_accounts...
2026-06-17 13:29:55,533 INFO MT4 clients: 500 saved...
2026-06-17 13:29:55,912 INFO MT4 clients: 1000 saved...
2026-06-17 13:29:56,336 INFO MT4 clients: 1500 saved...
2026-06-17 13:29:56,754 INFO MT4 clients: 2000 saved...
2026-06-17 13:29:57,145 INFO MT4 clients: 2500 saved...
2026-06-17 13:29:57,494 INFO MT4 clients: 3000 saved...
2026-06-17 13:29:57,865 INFO MT4 clients: 3500 saved...
2026-06-17 13:29:58,241 INFO MT4 clients: 4000 saved...
2026-06-17 13:29:58,632 INFO MT4 clients: 4500 saved...
2026-06-17 13:29:59,027 INFO MT4 clients: 5000 saved...
2026-06-17 13:29:59,231 INFO MT4: 5291 clients saved
2026-06-17 13:29:59,231 INFO save_mt4_clients done
2026-06-17 13:29:59,233 INFO Fetching closed trade history (last 2 days)...
2026-06-17 13:30:00,635 INFO sync_trade_journal: 79088 records, 6520 closed trades in last 2d
2026-06-17 13:30:00,637 INFO Got 6520 closed trades, saving to deals...
2026-06-17 13:30:11,256 INFO MT4 journal deals saved: 6520
2026-06-17 13:30:11,256 INFO save_journal_deals done
2026-06-17 13:30:11,257 INFO === ONE-SHOT FETCH COMPLETE ===
2026-06-17 13:31:12,140 INFO Connecting to MT4...
2026-06-17 13:31:12,273 INFO mtmanapi64.dll loaded
2026-06-17 13:31:12,275 INFO MT4 manager instance created (ver=26215873)
2026-06-17 13:31:12,525 INFO MT4 connected and logged in. IsConnected=1
2026-06-17 13:31:12,525 INFO Fetching all users...
2026-06-17 13:31:12,729 INFO AdmUsersRequest: 5291 users
2026-06-17 13:31:12,731 INFO Got 5291 users, saving to clients/trading_accounts...
2026-06-17 13:31:13,873 INFO MT4 clients: 500 saved...
2026-06-17 13:31:14,236 INFO MT4 clients: 1000 saved...
2026-06-17 13:31:14,601 INFO MT4 clients: 1500 saved...
2026-06-17 13:31:14,947 INFO MT4 clients: 2000 saved...
2026-06-17 13:31:15,311 INFO MT4 clients: 2500 saved...
2026-06-17 13:31:15,660 INFO MT4 clients: 3000 saved...
2026-06-17 13:31:15,993 INFO MT4 clients: 3500 saved...
2026-06-17 13:31:16,322 INFO MT4 clients: 4000 saved...
2026-06-17 13:31:16,707 INFO MT4 clients: 4500 saved...
2026-06-17 13:31:17,040 INFO MT4 clients: 5000 saved...
2026-06-17 13:31:17,225 INFO MT4: 5291 clients saved
2026-06-17 13:31:17,225 INFO save_mt4_clients done
2026-06-17 13:31:17,227 INFO Fetching closed trade history (last 2 days)...
2026-06-17 13:31:18,604 INFO sync_trade_journal: 79092 records, 6521 closed trades in last 2d
2026-06-17 13:31:18,605 INFO Got 6521 closed trades, saving to deals...
2026-06-17 13:31:26,258 INFO MT4 journal deals saved: 6521
2026-06-17 13:31:26,259 INFO save_journal_deals done
2026-06-17 13:31:26,260 INFO === ONE-SHOT FETCH COMPLETE ===
2026-06-17 13:32:27,512 INFO Connecting to MT4...
2026-06-17 13:32:27,719 INFO mtmanapi64.dll loaded
2026-06-17 13:32:27,720 INFO MT4 manager instance created (ver=26215873)
2026-06-17 13:32:27,972 INFO MT4 connected and logged in. IsConnected=1
2026-06-17 13:32:27,973 INFO Fetching all users...
2026-06-17 13:32:28,175 INFO AdmUsersRequest: 5291 users
2026-06-17 13:32:28,177 INFO Got 5291 users, saving to clients/trading_accounts...
2026-06-17 13:32:29,462 INFO MT4 clients: 500 saved...
2026-06-17 13:32:29,906 INFO MT4 clients: 1000 saved...
2026-06-17 13:32:30,333 INFO MT4 clients: 1500 saved...
2026-06-17 13:32:30,876 INFO MT4 clients: 2000 saved...
2026-06-17 13:32:31,330 INFO MT4 clients: 2500 saved...
2026-06-17 13:32:31,740 INFO MT4 clients: 3000 saved...
2026-06-17 13:32:32,158 INFO MT4 clients: 3500 saved...
2026-06-17 13:32:32,595 INFO MT4 clients: 4000 saved...
2026-06-17 13:32:33,019 INFO MT4 clients: 4500 saved...
2026-06-17 13:32:33,439 INFO MT4 clients: 5000 saved...
2026-06-17 13:32:33,685 INFO MT4: 5291 clients saved
2026-06-17 13:32:33,685 INFO save_mt4_clients done
2026-06-17 13:32:33,685 INFO Fetching closed trade history (last 2 days)...
2026-06-17 13:32:35,900 INFO sync_trade_journal: 79098 records, 6523 closed trades in last 2d
2026-06-17 13:32:35,902 INFO Got 6523 closed trades, saving to deals...
2026-06-17 13:33:55,930 INFO MT4 journal deals saved: 6523
2026-06-17 13:33:55,930 INFO save_journal_deals done
2026-06-17 13:33:55,930 INFO === ONE-SHOT FETCH COMPLETE ===
2026-06-17 13:34:56,862 INFO Connecting to MT4...
2026-06-17 13:34:56,997 INFO mtmanapi64.dll loaded
2026-06-17 13:34:56,998 INFO MT4 manager instance created (ver=26215873)
2026-06-17 13:34:57,251 INFO MT4 connected and logged in. IsConnected=1
2026-06-17 13:34:57,251 INFO Fetching all users...
2026-06-17 13:34:57,472 INFO AdmUsersRequest: 5291 users
2026-06-17 13:34:57,472 INFO Got 5291 users, saving to clients/trading_accounts...
2026-06-17 13:34:58,556 INFO MT4 clients: 500 saved...
2026-06-17 13:34:58,945 INFO MT4 clients: 1000 saved...
2026-06-17 13:34:59,295 INFO MT4 clients: 1500 saved...
2026-06-17 13:34:59,755 INFO MT4 clients: 2000 saved...
2026-06-17 13:35:00,130 INFO MT4 clients: 2500 saved...
2026-06-17 13:35:00,480 INFO MT4 clients: 3000 saved...
2026-06-17 13:35:00,859 INFO MT4 clients: 3500 saved...
2026-06-17 13:35:01,207 INFO MT4 clients: 4000 saved...
2026-06-17 13:35:01,556 INFO MT4 clients: 4500 saved...
2026-06-17 13:35:01,895 INFO MT4 clients: 5000 saved...
2026-06-17 13:35:02,076 INFO MT4: 5291 clients saved
2026-06-17 13:35:02,076 INFO save_mt4_clients done
2026-06-17 13:35:02,076 INFO Fetching closed trade history (last 2 days)...
2026-06-17 13:35:03,470 INFO sync_trade_journal: 79104 records, 6523 closed trades in last 2d
2026-06-17 13:35:03,470 INFO Got 6523 closed trades, saving to deals...
2026-06-17 13:35:09,215 INFO MT4 journal deals saved: 6523
2026-06-17 13:35:09,216 INFO save_journal_deals done
2026-06-17 13:35:09,217 INFO === ONE-SHOT FETCH COMPLETE ===
2026-06-17 13:36:10,092 INFO Connecting to MT4...
2026-06-17 13:36:10,227 INFO mtmanapi64.dll loaded
2026-06-17 13:36:10,227 INFO MT4 manager instance created (ver=26215873)
2026-06-17 13:36:10,483 INFO MT4 connected and logged in. IsConnected=1
2026-06-17 13:36:10,483 INFO Fetching all users...
2026-06-17 13:36:10,695 INFO AdmUsersRequest: 5291 users
2026-06-17 13:36:10,697 INFO Got 5291 users, saving to clients/trading_accounts...
2026-06-17 13:36:11,850 INFO MT4 clients: 500 saved...
2026-06-17 13:36:12,249 INFO MT4 clients: 1000 saved...
2026-06-17 13:36:12,624 INFO MT4 clients: 1500 saved...
2026-06-17 13:36:13,003 INFO MT4 clients: 2000 saved...
2026-06-17 13:36:13,390 INFO MT4 clients: 2500 saved...
2026-06-17 13:36:13,770 INFO MT4 clients: 3000 saved...
2026-06-17 13:36:14,179 INFO MT4 clients: 3500 saved...
2026-06-17 13:36:14,568 INFO MT4 clients: 4000 saved...
2026-06-17 13:36:14,948 INFO MT4 clients: 4500 saved...
2026-06-17 13:36:15,340 INFO MT4 clients: 5000 saved...
2026-06-17 13:36:15,566 INFO MT4: 5291 clients saved
2026-06-17 13:36:15,567 INFO save_mt4_clients done
2026-06-17 13:36:15,567 INFO Fetching closed trade history (last 2 days)...
2026-06-17 13:36:16,967 INFO sync_trade_journal: 79107 records, 6524 closed trades in last 2d
2026-06-17 13:36:16,968 INFO Got 6524 closed trades, saving to deals...
2026-06-17 13:36:24,099 INFO MT4 journal deals saved: 6524
2026-06-17 13:36:24,101 INFO save_journal_deals done
2026-06-17 13:36:24,101 INFO === ONE-SHOT FETCH COMPLETE ===
2026-06-17 13:37:25,131 INFO Connecting to MT4...
2026-06-17 13:37:25,288 INFO mtmanapi64.dll loaded
2026-06-17 13:37:25,289 INFO MT4 manager instance created (ver=26215873)
2026-06-17 13:37:25,546 INFO MT4 connected and logged in. IsConnected=1
2026-06-17 13:37:25,547 INFO Fetching all users...
2026-06-17 13:37:25,753 INFO AdmUsersRequest: 5291 users
2026-06-17 13:37:25,754 INFO Got 5291 users, saving to clients/trading_accounts...
2026-06-17 13:37:27,079 INFO MT4 clients: 500 saved...
2026-06-17 13:37:27,436 INFO MT4 clients: 1000 saved...
2026-06-17 13:37:27,766 INFO MT4 clients: 1500 saved...
2026-06-17 13:37:28,144 INFO MT4 clients: 2000 saved...
2026-06-17 13:37:28,545 INFO MT4 clients: 2500 saved...
2026-06-17 13:37:28,916 INFO MT4 clients: 3000 saved...
2026-06-17 13:37:29,349 INFO MT4 clients: 3500 saved...
2026-06-17 13:37:29,768 INFO MT4 clients: 4000 saved...
2026-06-17 13:37:30,184 INFO MT4 clients: 4500 saved...
2026-06-17 13:37:30,577 INFO MT4 clients: 5000 saved...
2026-06-17 13:37:30,782 INFO MT4: 5291 clients saved
2026-06-17 13:37:30,783 INFO save_mt4_clients done
2026-06-17 13:37:30,783 INFO Fetching closed trade history (last 2 days)...
2026-06-17 13:37:32,210 INFO sync_trade_journal: 79126 records, 6527 closed trades in last 2d
2026-06-17 13:37:32,210 INFO Got 6527 closed trades, saving to deals...
2026-06-17 13:37:38,890 INFO MT4 journal deals saved: 6527
2026-06-17 13:37:38,891 INFO save_journal_deals done
2026-06-17 13:37:38,891 INFO === ONE-SHOT FETCH COMPLETE ===
2026-06-17 13:38:39,739 INFO Connecting to MT4...
2026-06-17 13:38:39,880 INFO mtmanapi64.dll loaded
2026-06-17 13:38:39,882 INFO MT4 manager instance created (ver=26215873)
2026-06-17 13:38:40,138 INFO MT4 connected and logged in. IsConnected=1
2026-06-17 13:38:40,138 INFO Fetching all users...
2026-06-17 13:38:40,334 INFO AdmUsersRequest: 5291 users
2026-06-17 13:38:40,334 INFO Got 5291 users, saving to clients/trading_accounts...
2026-06-17 13:38:41,366 INFO MT4 clients: 500 saved...
2026-06-17 13:38:41,683 INFO MT4 clients: 1000 saved...
2026-06-17 13:38:42,030 INFO MT4 clients: 1500 saved...
2026-06-17 13:38:42,429 INFO MT4 clients: 2000 saved...
2026-06-17 13:38:42,778 INFO MT4 clients: 2500 saved...
2026-06-17 13:38:43,137 INFO MT4 clients: 3000 saved...
2026-06-17 13:38:43,484 INFO MT4 clients: 3500 saved...
2026-06-17 13:38:43,819 INFO MT4 clients: 4000 saved...
2026-06-17 13:38:44,154 INFO MT4 clients: 4500 saved...
2026-06-17 13:38:44,487 INFO MT4 clients: 5000 saved...
2026-06-17 13:38:44,666 INFO MT4: 5291 clients saved
2026-06-17 13:38:44,666 INFO save_mt4_clients done
2026-06-17 13:38:44,668 INFO Fetching closed trade history (last 2 days)...
2026-06-17 13:38:46,036 INFO sync_trade_journal: 79142 records, 6532 closed trades in last 2d
2026-06-17 13:38:46,036 INFO Got 6532 closed trades, saving to deals...
2026-06-17 13:38:51,724 INFO MT4 journal deals saved: 6532
2026-06-17 13:38:51,725 INFO save_journal_deals done
2026-06-17 13:38:51,725 INFO === ONE-SHOT FETCH COMPLETE ===
2026-06-17 13:38:52,703 INFO mtmanapi64.dll loaded
2026-06-17 13:38:52,705 INFO MT4 manager instance created (ver=26215873)
2026-06-17 13:38:52,961 INFO MT4 connected and logged in. IsConnected=1
2026-06-17 13:39:54,951 INFO Connecting to MT4...
2026-06-17 13:39:55,085 INFO mtmanapi64.dll loaded
2026-06-17 13:39:55,085 INFO MT4 manager instance created (ver=26215873)
2026-06-17 13:39:55,319 INFO MT4 connected and logged in. IsConnected=1
2026-06-17 13:39:55,319 INFO Fetching all users...
2026-06-17 13:39:55,523 INFO AdmUsersRequest: 5291 users
2026-06-17 13:39:55,525 INFO Got 5291 users, saving to clients/trading_accounts...
2026-06-17 13:39:56,560 INFO MT4 clients: 500 saved...
2026-06-17 13:39:56,884 INFO MT4 clients: 1000 saved...
2026-06-17 13:39:57,209 INFO MT4 clients: 1500 saved...
2026-06-17 13:39:57,548 INFO MT4 clients: 2000 saved...
2026-06-17 13:39:57,861 INFO MT4 clients: 2500 saved...
2026-06-17 13:39:58,168 INFO MT4 clients: 3000 saved...
2026-06-17 13:39:58,486 INFO MT4 clients: 3500 saved...
2026-06-17 13:39:58,819 INFO MT4 clients: 4000 saved...
2026-06-17 13:39:59,147 INFO MT4 clients: 4500 saved...
2026-06-17 13:39:59,454 INFO MT4 clients: 5000 saved...
2026-06-17 13:39:59,623 INFO MT4: 5291 clients saved
2026-06-17 13:39:59,625 INFO save_mt4_clients done
2026-06-17 13:39:59,625 INFO Fetching closed trade history (last 2 days)...
2026-06-17 13:40:01,071 INFO sync_trade_journal: 79151 records, 6533 closed trades in last 2d
2026-06-17 13:40:01,073 INFO Got 6533 closed trades, saving to deals...
2026-06-17 13:40:07,386 INFO MT4 journal deals saved: 6533
2026-06-17 13:40:07,387 INFO save_journal_deals done
2026-06-17 13:40:07,388 INFO === ONE-SHOT FETCH COMPLETE ===
2026-06-17 13:41:08,180 INFO Connecting to MT4...
2026-06-17 13:41:08,314 INFO mtmanapi64.dll loaded
2026-06-17 13:41:08,316 INFO MT4 manager instance created (ver=26215873)
2026-06-17 13:41:08,516 INFO MT4 connected and logged in. IsConnected=1
2026-06-17 13:41:08,516 INFO Fetching all users...
2026-06-17 13:41:08,724 INFO AdmUsersRequest: 5291 users
2026-06-17 13:41:08,726 INFO Got 5291 users, saving to clients/trading_accounts...
2026-06-17 13:41:09,673 INFO MT4 clients: 500 saved...
2026-06-17 13:41:09,979 INFO MT4 clients: 1000 saved...
2026-06-17 13:41:10,288 INFO MT4 clients: 1500 saved...
2026-06-17 13:41:10,712 INFO MT4 clients: 2000 saved...
2026-06-17 13:41:11,057 INFO MT4 clients: 2500 saved...
2026-06-17 13:41:11,392 INFO MT4 clients: 3000 saved...
2026-06-17 13:41:11,715 INFO MT4 clients: 3500 saved...
2026-06-17 13:41:12,041 INFO MT4 clients: 4000 saved...
2026-06-17 13:41:12,387 INFO MT4 clients: 4500 saved...
2026-06-17 13:41:12,746 INFO MT4 clients: 5000 saved...
2026-06-17 13:41:12,911 INFO MT4: 5291 clients saved
2026-06-17 13:41:12,911 INFO save_mt4_clients done
2026-06-17 13:41:12,911 INFO Fetching closed trade history (last 2 days)...
2026-06-17 13:41:14,289 INFO sync_trade_journal: 79174 records, 6535 closed trades in last 2d
2026-06-17 13:41:14,291 INFO Got 6535 closed trades, saving to deals...
2026-06-17 13:41:20,144 INFO MT4 journal deals saved: 6535
2026-06-17 13:41:20,146 INFO save_journal_deals done
2026-06-17 13:41:20,146 INFO === ONE-SHOT FETCH COMPLETE ===
2026-06-17 13:42:20,933 INFO Connecting to MT4...
2026-06-17 13:42:21,064 INFO mtmanapi64.dll loaded
2026-06-17 13:42:21,066 INFO MT4 manager instance created (ver=26215873)
2026-06-17 13:42:21,316 INFO MT4 connected and logged in. IsConnected=1
2026-06-17 13:42:21,316 INFO Fetching all users...
2026-06-17 13:42:21,518 INFO AdmUsersRequest: 5291 users
2026-06-17 13:42:21,518 INFO Got 5291 users, saving to clients/trading_accounts...
2026-06-17 13:42:22,628 INFO MT4 clients: 500 saved...
2026-06-17 13:42:22,997 INFO MT4 clients: 1000 saved...
2026-06-17 13:42:23,346 INFO MT4 clients: 1500 saved...
2026-06-17 13:42:23,706 INFO MT4 clients: 2000 saved...
2026-06-17 13:42:24,067 INFO MT4 clients: 2500 saved...
2026-06-17 13:42:24,390 INFO MT4 clients: 3000 saved...
2026-06-17 13:42:24,745 INFO MT4 clients: 3500 saved...
2026-06-17 13:42:25,088 INFO MT4 clients: 4000 saved...
2026-06-17 13:42:25,433 INFO MT4 clients: 4500 saved...
2026-06-17 13:42:25,762 INFO MT4 clients: 5000 saved...
2026-06-17 13:42:25,948 INFO MT4: 5291 clients saved
2026-06-17 13:42:25,949 INFO save_mt4_clients done
2026-06-17 13:42:25,949 INFO Fetching closed trade history (last 2 days)...
2026-06-17 13:42:27,333 INFO sync_trade_journal: 79193 records, 6538 closed trades in last 2d
2026-06-17 13:42:27,333 INFO Got 6538 closed trades, saving to deals...
2026-06-17 13:43:50,024 INFO MT4 journal deals saved: 6538
2026-06-17 13:43:50,026 INFO save_journal_deals done
2026-06-17 13:43:50,026 INFO === ONE-SHOT FETCH COMPLETE ===
2026-06-17 13:44:51,571 INFO Connecting to MT4...
2026-06-17 13:44:51,750 INFO mtmanapi64.dll loaded
2026-06-17 13:44:51,752 INFO MT4 manager instance created (ver=26215873)
2026-06-17 13:44:52,011 INFO MT4 connected and logged in. IsConnected=1
2026-06-17 13:44:52,011 INFO Fetching all users...
2026-06-17 13:44:52,217 INFO AdmUsersRequest: 5291 users
2026-06-17 13:44:52,217 INFO Got 5291 users, saving to clients/trading_accounts...
2026-06-17 13:44:53,949 INFO MT4 clients: 500 saved...
2026-06-17 13:44:54,445 INFO MT4 clients: 1000 saved...
2026-06-17 13:44:54,915 INFO MT4 clients: 1500 saved...
2026-06-17 13:44:55,274 INFO MT4 clients: 2000 saved...
2026-06-17 13:44:55,639 INFO MT4 clients: 2500 saved...
2026-06-17 13:44:56,005 INFO MT4 clients: 3000 saved...
2026-06-17 13:44:56,345 INFO MT4 clients: 3500 saved...
2026-06-17 13:44:56,738 INFO MT4 clients: 4000 saved...
2026-06-17 13:44:57,444 INFO MT4 clients: 4500 saved...
2026-06-17 13:44:57,913 INFO MT4 clients: 5000 saved...
2026-06-17 13:44:58,107 INFO MT4: 5291 clients saved
2026-06-17 13:44:58,107 INFO save_mt4_clients done
2026-06-17 13:44:58,107 INFO Fetching closed trade history (last 2 days)...
2026-06-17 13:44:59,729 INFO sync_trade_journal: 79219 records, 6541 closed trades in last 2d
2026-06-17 13:44:59,730 INFO Got 6541 closed trades, saving to deals...
2026-06-17 13:45:12,177 INFO MT4 journal deals saved: 6541
2026-06-17 13:45:12,177 INFO save_journal_deals done
2026-06-17 13:45:12,179 INFO === ONE-SHOT FETCH COMPLETE ===
2026-06-17 13:46:13,450 INFO Connecting to MT4...
2026-06-17 13:46:13,587 INFO mtmanapi64.dll loaded
2026-06-17 13:46:13,589 INFO MT4 manager instance created (ver=26215873)
2026-06-17 13:46:13,841 INFO MT4 connected and logged in. IsConnected=1
2026-06-17 13:46:13,842 INFO Fetching all users...
2026-06-17 13:46:14,046 INFO AdmUsersRequest: 5291 users
2026-06-17 13:46:14,047 INFO Got 5291 users, saving to clients/trading_accounts...
2026-06-17 13:46:15,511 INFO MT4 clients: 500 saved...
2026-06-17 13:46:15,942 INFO MT4 clients: 1000 saved...
2026-06-17 13:46:16,420 INFO MT4 clients: 1500 saved...
2026-06-17 13:46:16,841 INFO MT4 clients: 2000 saved...
2026-06-17 13:46:17,261 INFO MT4 clients: 2500 saved...
2026-06-17 13:46:17,668 INFO MT4 clients: 3000 saved...
2026-06-17 13:46:18,081 INFO MT4 clients: 3500 saved...
2026-06-17 13:46:18,493 INFO MT4 clients: 4000 saved...
2026-06-17 13:46:18,942 INFO MT4 clients: 4500 saved...
2026-06-17 13:46:19,347 INFO MT4 clients: 5000 saved...
2026-06-17 13:46:19,594 INFO MT4: 5291 clients saved
2026-06-17 13:46:19,595 INFO save_mt4_clients done
2026-06-17 13:46:19,595 INFO Fetching closed trade history (last 2 days)...
2026-06-17 13:46:21,087 INFO sync_trade_journal: 79262 records, 6549 closed trades in last 2d
2026-06-17 13:46:21,088 INFO Got 6549 closed trades, saving to deals...
2026-06-17 13:47:08,366 INFO MT4 journal deals saved: 6549
2026-06-17 13:47:08,366 INFO save_journal_deals done
2026-06-17 13:47:08,368 INFO === ONE-SHOT FETCH COMPLETE ===
2026-06-17 13:48:09,336 INFO Connecting to MT4...
2026-06-17 13:48:09,471 INFO mtmanapi64.dll loaded
2026-06-17 13:48:09,472 INFO MT4 manager instance created (ver=26215873)
2026-06-17 13:48:09,730 INFO MT4 connected and logged in. IsConnected=1
2026-06-17 13:48:09,730 INFO Fetching all users...
2026-06-17 13:48:09,949 INFO AdmUsersRequest: 5291 users
2026-06-17 13:48:09,950 INFO Got 5291 users, saving to clients/trading_accounts...
2026-06-17 13:48:11,327 INFO MT4 clients: 500 saved...
2026-06-17 13:48:11,744 INFO MT4 clients: 1000 saved...
2026-06-17 13:48:12,152 INFO MT4 clients: 1500 saved...
2026-06-17 13:48:12,554 INFO MT4 clients: 2000 saved...
2026-06-17 13:48:12,952 INFO MT4 clients: 2500 saved...
2026-06-17 13:48:13,345 INFO MT4 clients: 3000 saved...
2026-06-17 13:48:13,757 INFO MT4 clients: 3500 saved...
2026-06-17 13:48:14,165 INFO MT4 clients: 4000 saved...
2026-06-17 13:48:14,589 INFO MT4 clients: 4500 saved...
2026-06-17 13:48:15,024 INFO MT4 clients: 5000 saved...
2026-06-17 13:48:15,262 INFO MT4: 5291 clients saved
2026-06-17 13:48:15,263 INFO save_mt4_clients done
2026-06-17 13:48:15,264 INFO Fetching closed trade history (last 2 days)...
2026-06-17 13:48:16,745 INFO sync_trade_journal: 79300 records, 6552 closed trades in last 2d
2026-06-17 13:48:16,746 INFO Got 6552 closed trades, saving to deals...
2026-06-17 13:48:24,278 INFO MT4 journal deals saved: 6552
2026-06-17 13:48:24,284 INFO save_journal_deals done
2026-06-17 13:48:24,284 INFO === ONE-SHOT FETCH COMPLETE ===
2026-06-17 13:49:26,386 INFO Connecting to MT4...
2026-06-17 13:49:26,527 INFO mtmanapi64.dll loaded
2026-06-17 13:49:26,529 INFO MT4 manager instance created (ver=26215873)
2026-06-17 13:49:26,781 INFO MT4 connected and logged in. IsConnected=1
2026-06-17 13:49:26,782 INFO Fetching all users...
2026-06-17 13:49:26,999 INFO AdmUsersRequest: 5291 users
2026-06-17 13:49:27,000 INFO Got 5291 users, saving to clients/trading_accounts...
2026-06-17 13:49:28,067 INFO MT4 clients: 500 saved...
2026-06-17 13:49:28,420 INFO MT4 clients: 1000 saved...
2026-06-17 13:49:28,783 INFO MT4 clients: 1500 saved...
2026-06-17 13:49:29,176 INFO MT4 clients: 2000 saved...
2026-06-17 13:49:29,526 INFO MT4 clients: 2500 saved...
2026-06-17 13:49:29,872 INFO MT4 clients: 3000 saved...
2026-06-17 13:49:30,212 INFO MT4 clients: 3500 saved...
2026-06-17 13:49:30,561 INFO MT4 clients: 4000 saved...
2026-06-17 13:49:30,926 INFO MT4 clients: 4500 saved...
2026-06-17 13:49:31,277 INFO MT4 clients: 5000 saved...
2026-06-17 13:49:31,451 INFO MT4: 5291 clients saved
2026-06-17 13:49:31,452 INFO save_mt4_clients done
2026-06-17 13:49:31,453 INFO Fetching closed trade history (last 2 days)...
2026-06-17 13:49:32,843 INFO sync_trade_journal: 79335 records, 6562 closed trades in last 2d
2026-06-17 13:49:32,844 INFO Got 6562 closed trades, saving to deals...
2026-06-17 13:49:39,422 INFO MT4 journal deals saved: 6562
2026-06-17 13:49:39,423 INFO save_journal_deals done
2026-06-17 13:49:39,423 INFO === ONE-SHOT FETCH COMPLETE ===
2026-06-17 13:50:40,425 INFO Connecting to MT4...
2026-06-17 13:50:40,586 INFO mtmanapi64.dll loaded
2026-06-17 13:50:40,587 INFO MT4 manager instance created (ver=26215873)
2026-06-17 13:50:40,851 INFO MT4 connected and logged in. IsConnected=1
2026-06-17 13:50:40,852 INFO Fetching all users...
2026-06-17 13:50:41,062 INFO AdmUsersRequest: 5291 users
2026-06-17 13:50:41,062 INFO Got 5291 users, saving to clients/trading_accounts...
2026-06-17 13:50:42,374 INFO MT4 clients: 500 saved...
2026-06-17 13:50:42,793 INFO MT4 clients: 1000 saved...
2026-06-17 13:50:43,217 INFO MT4 clients: 1500 saved...
2026-06-17 13:50:43,666 INFO MT4 clients: 2000 saved...
2026-06-17 13:50:44,134 INFO MT4 clients: 2500 saved...
2026-06-17 13:50:44,658 INFO MT4 clients: 3000 saved...
2026-06-17 13:50:45,182 INFO MT4 clients: 3500 saved...
2026-06-17 13:50:45,627 INFO MT4 clients: 4000 saved...
2026-06-17 13:50:46,121 INFO MT4 clients: 4500 saved...
2026-06-17 13:50:46,555 INFO MT4 clients: 5000 saved...
2026-06-17 13:50:46,810 INFO MT4: 5291 clients saved
2026-06-17 13:50:46,811 INFO save_mt4_clients done
2026-06-17 13:50:46,811 INFO Fetching closed trade history (last 2 days)...
2026-06-17 13:50:48,888 INFO sync_trade_journal: 79363 records, 6565 closed trades in last 2d
2026-06-17 13:50:48,889 INFO Got 6565 closed trades, saving to deals...
2026-06-17 13:50:57,151 INFO MT4 journal deals saved: 6565
2026-06-17 13:50:57,152 INFO save_journal_deals done
2026-06-17 13:50:57,152 INFO === ONE-SHOT FETCH COMPLETE ===
2026-06-17 13:51:59,266 INFO Connecting to MT4...
2026-06-17 13:51:59,427 INFO mtmanapi64.dll loaded
2026-06-17 13:51:59,427 INFO MT4 manager instance created (ver=26215873)
2026-06-17 13:51:59,735 INFO MT4 connected and logged in. IsConnected=1
2026-06-17 13:51:59,736 INFO Fetching all users...
2026-06-17 13:51:59,975 INFO AdmUsersRequest: 5292 users
2026-06-17 13:51:59,979 INFO Got 5292 users, saving to clients/trading_accounts...
2026-06-17 13:52:11,637 INFO MT4 clients: 500 saved...
2026-06-17 13:52:12,026 INFO MT4 clients: 1000 saved...
2026-06-17 13:52:12,410 INFO MT4 clients: 1500 saved...
2026-06-17 13:52:12,835 INFO MT4 clients: 2000 saved...
2026-06-17 13:52:13,297 INFO MT4 clients: 2500 saved...
2026-06-17 13:52:13,794 INFO MT4 clients: 3000 saved...
2026-06-17 13:52:14,288 INFO MT4 clients: 3500 saved...
2026-06-17 13:52:14,745 INFO MT4 clients: 4000 saved...
2026-06-17 13:52:15,220 INFO MT4 clients: 4500 saved...
2026-06-17 13:52:15,719 INFO MT4 clients: 5000 saved...
2026-06-17 13:52:15,965 INFO MT4: 5292 clients saved
2026-06-17 13:52:15,967 INFO save_mt4_clients done
2026-06-17 13:52:15,967 INFO Fetching closed trade history (last 2 days)...
2026-06-17 13:52:20,086 INFO sync_trade_journal: 79396 records, 6573 closed trades in last 2d
2026-06-17 13:52:20,087 INFO Got 6573 closed trades, saving to deals...
2026-06-17 13:54:35,519 INFO MT4 journal deals saved: 6573
2026-06-17 13:54:35,520 INFO save_journal_deals done
2026-06-17 13:54:35,521 INFO === ONE-SHOT FETCH COMPLETE ===
2026-06-17 13:55:37,636 INFO Connecting to MT4...
2026-06-17 13:55:37,786 INFO mtmanapi64.dll loaded
2026-06-17 13:55:37,787 INFO MT4 manager instance created (ver=26215873)
2026-06-17 13:55:38,038 INFO MT4 connected and logged in. IsConnected=1
2026-06-17 13:55:38,039 INFO Fetching all users...
2026-06-17 13:55:38,239 INFO AdmUsersRequest: 5292 users
2026-06-17 13:55:38,240 INFO Got 5292 users, saving to clients/trading_accounts...
2026-06-17 13:55:40,117 INFO MT4 clients: 500 saved...
2026-06-17 13:55:40,602 INFO MT4 clients: 1000 saved...
2026-06-17 13:55:41,091 INFO MT4 clients: 1500 saved...
2026-06-17 13:55:41,589 INFO MT4 clients: 2000 saved...
2026-06-17 13:55:42,049 INFO MT4 clients: 2500 saved...
2026-06-17 13:55:42,510 INFO MT4 clients: 3000 saved...
2026-06-17 13:55:42,957 INFO MT4 clients: 3500 saved...
2026-06-17 13:55:43,418 INFO MT4 clients: 4000 saved...
2026-06-17 13:55:43,872 INFO MT4 clients: 4500 saved...
2026-06-17 13:55:44,317 INFO MT4 clients: 5000 saved...
2026-06-17 13:55:44,547 INFO MT4: 5292 clients saved
2026-06-17 13:55:44,548 INFO save_mt4_clients done
2026-06-17 13:55:44,549 INFO Fetching closed trade history (last 2 days)...
2026-06-17 13:55:47,046 INFO sync_trade_journal: 79468 records, 6581 closed trades in last 2d
2026-06-17 13:55:47,048 INFO Got 6581 closed trades, saving to deals...
2026-06-17 13:55:55,870 INFO MT4 journal deals saved: 6581
2026-06-17 13:55:55,871 INFO save_journal_deals done
2026-06-17 13:55:55,872 INFO === ONE-SHOT FETCH COMPLETE ===
2026-06-17 13:56:00,244 INFO mtmanapi64.dll loaded
2026-06-17 13:56:00,248 INFO MT4 manager instance created (ver=26215873)
2026-06-17 13:56:00,500 INFO MT4 connected and logged in. IsConnected=1
2026-06-17 13:57:02,945 INFO Connecting to MT4...
2026-06-17 13:57:03,093 INFO mtmanapi64.dll loaded
2026-06-17 13:57:03,094 INFO MT4 manager instance created (ver=26215873)
2026-06-17 13:57:03,353 INFO MT4 connected and logged in. IsConnected=1
2026-06-17 13:57:03,354 INFO Fetching all users...
2026-06-17 13:57:03,553 INFO AdmUsersRequest: 5292 users
2026-06-17 13:57:03,555 INFO Got 5292 users, saving to clients/trading_accounts...
2026-06-17 13:57:04,889 INFO MT4 clients: 500 saved...
2026-06-17 13:57:05,223 INFO MT4 clients: 1000 saved...
2026-06-17 13:57:05,547 INFO MT4 clients: 1500 saved...
2026-06-17 13:57:05,901 INFO MT4 clients: 2000 saved...
2026-06-17 13:57:06,248 INFO MT4 clients: 2500 saved...
2026-06-17 13:57:06,572 INFO MT4 clients: 3000 saved...
2026-06-17 13:57:06,904 INFO MT4 clients: 3500 saved...
2026-06-17 13:57:07,227 INFO MT4 clients: 4000 saved...
2026-06-17 13:57:07,567 INFO MT4 clients: 4500 saved...
2026-06-17 13:57:07,915 INFO MT4 clients: 5000 saved...
2026-06-17 13:57:08,096 INFO MT4: 5292 clients saved
2026-06-17 13:57:08,096 INFO save_mt4_clients done
2026-06-17 13:57:08,097 INFO Fetching closed trade history (last 2 days)...
2026-06-17 13:57:09,581 INFO sync_trade_journal: 79475 records, 6582 closed trades in last 2d
2026-06-17 13:57:09,581 INFO Got 6582 closed trades, saving to deals...
2026-06-17 13:57:15,971 INFO MT4 journal deals saved: 6582
2026-06-17 13:57:15,971 INFO save_journal_deals done
2026-06-17 13:57:15,973 INFO === ONE-SHOT FETCH COMPLETE ===
2026-06-17 13:58:16,825 INFO Connecting to MT4...
2026-06-17 13:58:16,960 INFO mtmanapi64.dll loaded
2026-06-17 13:58:16,961 INFO MT4 manager instance created (ver=26215873)
2026-06-17 13:58:17,216 INFO MT4 connected and logged in. IsConnected=1
2026-06-17 13:58:17,217 INFO Fetching all users...
2026-06-17 13:58:17,419 INFO AdmUsersRequest: 5292 users
2026-06-17 13:58:17,421 INFO Got 5292 users, saving to clients/trading_accounts...
2026-06-17 13:58:18,604 INFO MT4 clients: 500 saved...
2026-06-17 13:58:18,952 INFO MT4 clients: 1000 saved...
2026-06-17 13:58:19,304 INFO MT4 clients: 1500 saved...
2026-06-17 13:58:19,646 INFO MT4 clients: 2000 saved...
2026-06-17 13:58:19,971 INFO MT4 clients: 2500 saved...
2026-06-17 13:58:20,285 INFO MT4 clients: 3000 saved...
2026-06-17 13:58:20,588 INFO MT4 clients: 3500 saved...
2026-06-17 13:58:20,899 INFO MT4 clients: 4000 saved...
2026-06-17 13:58:21,239 INFO MT4 clients: 4500 saved...
2026-06-17 13:58:21,580 INFO MT4 clients: 5000 saved...
2026-06-17 13:58:21,744 INFO MT4: 5292 clients saved
2026-06-17 13:58:21,744 INFO save_mt4_clients done
2026-06-17 13:58:21,744 INFO Fetching closed trade history (last 2 days)...
2026-06-17 13:58:23,188 INFO sync_trade_journal: 79487 records, 6587 closed trades in last 2d
2026-06-17 13:58:23,188 INFO Got 6587 closed trades, saving to deals...
2026-06-17 13:58:30,684 INFO MT4 journal deals saved: 6587
2026-06-17 13:58:30,685 INFO save_journal_deals done
2026-06-17 13:58:30,686 INFO === ONE-SHOT FETCH COMPLETE ===
2026-06-17 13:59:31,936 INFO Connecting to MT4...
2026-06-17 13:59:32,075 INFO mtmanapi64.dll loaded
2026-06-17 13:59:32,076 INFO MT4 manager instance created (ver=26215873)
2026-06-17 13:59:32,334 INFO MT4 connected and logged in. IsConnected=1
2026-06-17 13:59:32,335 INFO Fetching all users...
2026-06-17 13:59:32,542 INFO AdmUsersRequest: 5293 users
2026-06-17 13:59:32,543 INFO Got 5293 users, saving to clients/trading_accounts...
2026-06-17 13:59:33,670 INFO MT4 clients: 500 saved...
2026-06-17 13:59:34,007 INFO MT4 clients: 1000 saved...
2026-06-17 13:59:34,341 INFO MT4 clients: 1500 saved...
2026-06-17 13:59:34,668 INFO MT4 clients: 2000 saved...
2026-06-17 13:59:34,998 INFO MT4 clients: 2500 saved...
2026-06-17 13:59:35,337 INFO MT4 clients: 3000 saved...
2026-06-17 13:59:35,664 INFO MT4 clients: 3500 saved...
2026-06-17 13:59:36,017 INFO MT4 clients: 4000 saved...
2026-06-17 13:59:36,351 INFO MT4 clients: 4500 saved...
2026-06-17 13:59:36,675 INFO MT4 clients: 5000 saved...
2026-06-17 13:59:36,843 INFO MT4: 5293 clients saved
2026-06-17 13:59:36,844 INFO save_mt4_clients done
2026-06-17 13:59:36,844 INFO Fetching closed trade history (last 2 days)...
2026-06-17 13:59:38,314 INFO sync_trade_journal: 79499 records, 6588 closed trades in last 2d
2026-06-17 13:59:38,316 INFO Got 6588 closed trades, saving to deals...
2026-06-17 13:59:44,398 INFO MT4 journal deals saved: 6588
2026-06-17 13:59:44,398 INFO save_journal_deals done
2026-06-17 13:59:44,398 INFO === ONE-SHOT FETCH COMPLETE ===
2026-06-17 14:00:45,359 INFO Connecting to MT4...
2026-06-17 14:00:45,516 INFO mtmanapi64.dll loaded
2026-06-17 14:00:45,517 INFO MT4 manager instance created (ver=26215873)
2026-06-17 14:00:45,773 INFO MT4 connected and logged in. IsConnected=1
2026-06-17 14:00:45,773 INFO Fetching all users...
2026-06-17 14:00:45,992 INFO AdmUsersRequest: 5293 users
2026-06-17 14:00:45,993 INFO Got 5293 users, saving to clients/trading_accounts...
2026-06-17 14:00:47,157 INFO MT4 clients: 500 saved...
2026-06-17 14:00:47,524 INFO MT4 clients: 1000 saved...
2026-06-17 14:00:47,908 INFO MT4 clients: 1500 saved...
2026-06-17 14:00:48,445 INFO MT4 clients: 2000 saved...
2026-06-17 14:00:48,837 INFO MT4 clients: 2500 saved...
2026-06-17 14:00:49,213 INFO MT4 clients: 3000 saved...
2026-06-17 14:00:49,601 INFO MT4 clients: 3500 saved...
2026-06-17 14:00:49,984 INFO MT4 clients: 4000 saved...
2026-06-17 14:00:50,349 INFO MT4 clients: 4500 saved...
2026-06-17 14:00:50,689 INFO MT4 clients: 5000 saved...
2026-06-17 14:00:50,883 INFO MT4: 5293 clients saved
2026-06-17 14:00:50,883 INFO save_mt4_clients done
2026-06-17 14:00:50,884 INFO Fetching closed trade history (last 2 days)...
2026-06-17 14:00:52,304 INFO sync_trade_journal: 79522 records, 6592 closed trades in last 2d
2026-06-17 14:00:52,306 INFO Got 6592 closed trades, saving to deals...
2026-06-17 14:00:59,837 INFO MT4 journal deals saved: 6592
2026-06-17 14:00:59,837 INFO save_journal_deals done
2026-06-17 14:00:59,837 INFO === ONE-SHOT FETCH COMPLETE ===
2026-06-17 14:02:00,887 INFO Connecting to MT4...
2026-06-17 14:02:01,052 INFO mtmanapi64.dll loaded
2026-06-17 14:02:01,053 INFO MT4 manager instance created (ver=26215873)
2026-06-17 14:02:01,303 INFO MT4 connected and logged in. IsConnected=1
2026-06-17 14:02:01,304 INFO Fetching all users...
2026-06-17 14:02:01,508 INFO AdmUsersRequest: 5293 users
2026-06-17 14:02:01,510 INFO Got 5293 users, saving to clients/trading_accounts...
2026-06-17 14:02:02,580 INFO MT4 clients: 500 saved...
2026-06-17 14:02:02,960 INFO MT4 clients: 1000 saved...
2026-06-17 14:02:03,285 INFO MT4 clients: 1500 saved...
2026-06-17 14:02:03,610 INFO MT4 clients: 2000 saved...
2026-06-17 14:02:03,959 INFO MT4 clients: 2500 saved...
2026-06-17 14:02:04,295 INFO MT4 clients: 3000 saved...
2026-06-17 14:02:04,635 INFO MT4 clients: 3500 saved...
2026-06-17 14:02:05,063 INFO MT4 clients: 4000 saved...
2026-06-17 14:02:05,479 INFO MT4 clients: 4500 saved...
2026-06-17 14:02:05,828 INFO MT4 clients: 5000 saved...
2026-06-17 14:02:06,015 INFO MT4: 5293 clients saved
2026-06-17 14:02:06,016 INFO save_mt4_clients done
2026-06-17 14:02:06,016 INFO Fetching closed trade history (last 2 days)...
2026-06-17 14:02:07,635 INFO sync_trade_journal: 79551 records, 6597 closed trades in last 2d
2026-06-17 14:02:07,636 INFO Got 6597 closed trades, saving to deals...
2026-06-17 14:04:37,176 INFO MT4 journal deals saved: 6597
2026-06-17 14:04:37,178 INFO save_journal_deals done
2026-06-17 14:04:37,178 INFO === ONE-SHOT FETCH COMPLETE ===
2026-06-17 14:05:38,487 INFO Connecting to MT4...
2026-06-17 14:05:38,663 INFO mtmanapi64.dll loaded
2026-06-17 14:05:38,664 INFO MT4 manager instance created (ver=26215873)
2026-06-17 14:05:38,923 INFO MT4 connected and logged in. IsConnected=1
2026-06-17 14:05:38,924 INFO Fetching all users...
2026-06-17 14:05:39,133 INFO AdmUsersRequest: 5293 users
2026-06-17 14:05:39,134 INFO Got 5293 users, saving to clients/trading_accounts...
2026-06-17 14:05:40,558 INFO MT4 clients: 500 saved...
2026-06-17 14:05:40,934 INFO MT4 clients: 1000 saved...
2026-06-17 14:05:41,298 INFO MT4 clients: 1500 saved...
2026-06-17 14:05:41,640 INFO MT4 clients: 2000 saved...
2026-06-17 14:05:41,979 INFO MT4 clients: 2500 saved...
2026-06-17 14:05:42,321 INFO MT4 clients: 3000 saved...
2026-06-17 14:05:42,650 INFO MT4 clients: 3500 saved...
2026-06-17 14:05:42,970 INFO MT4 clients: 4000 saved...
2026-06-17 14:05:43,291 INFO MT4 clients: 4500 saved...
2026-06-17 14:05:43,606 INFO MT4 clients: 5000 saved...
2026-06-17 14:05:43,773 INFO MT4: 5293 clients saved
2026-06-17 14:05:43,774 INFO save_mt4_clients done
2026-06-17 14:05:43,775 INFO Fetching closed trade history (last 2 days)...
2026-06-17 14:05:45,288 INFO sync_trade_journal: 79645 records, 6613 closed trades in last 2d
2026-06-17 14:05:45,289 INFO Got 6613 closed trades, saving to deals...
2026-06-17 14:05:52,608 INFO MT4 journal deals saved: 6613
2026-06-17 14:05:52,609 INFO save_journal_deals done
2026-06-17 14:05:52,609 INFO === ONE-SHOT FETCH COMPLETE ===
2026-06-17 14:06:53,467 INFO Connecting to MT4...
2026-06-17 14:06:53,623 INFO mtmanapi64.dll loaded
2026-06-17 14:06:53,624 INFO MT4 manager instance created (ver=26215873)
2026-06-17 14:06:53,880 INFO MT4 connected and logged in. IsConnected=1
2026-06-17 14:06:53,881 INFO Fetching all users...
2026-06-17 14:06:54,109 INFO AdmUsersRequest: 5293 users
2026-06-17 14:06:54,110 INFO Got 5293 users, saving to clients/trading_accounts...
2026-06-17 14:06:55,671 INFO MT4 clients: 500 saved...
2026-06-17 14:06:55,999 INFO MT4 clients: 1000 saved...
2026-06-17 14:06:56,321 INFO MT4 clients: 1500 saved...
2026-06-17 14:06:56,673 INFO MT4 clients: 2000 saved...
2026-06-17 14:06:57,061 INFO MT4 clients: 2500 saved...
2026-06-17 14:06:57,379 INFO MT4 clients: 3000 saved...
2026-06-17 14:06:57,704 INFO MT4 clients: 3500 saved...
2026-06-17 14:06:58,044 INFO MT4 clients: 4000 saved...
2026-06-17 14:06:58,366 INFO MT4 clients: 4500 saved...
2026-06-17 14:06:58,792 INFO MT4 clients: 5000 saved...
2026-06-17 14:06:59,014 INFO MT4: 5293 clients saved
2026-06-17 14:06:59,015 INFO save_mt4_clients done
2026-06-17 14:06:59,015 INFO Fetching closed trade history (last 2 days)...
2026-06-17 14:07:01,785 INFO sync_trade_journal: 79665 records, 6616 closed trades in last 2d
2026-06-17 14:07:01,788 INFO Got 6616 closed trades, saving to deals...
2026-06-17 14:07:10,470 INFO MT4 journal deals saved: 6616
2026-06-17 14:07:10,471 INFO save_journal_deals done
2026-06-17 14:07:10,471 INFO === ONE-SHOT FETCH COMPLETE ===
2026-06-17 14:08:12,023 INFO Connecting to MT4...
2026-06-17 14:08:12,193 INFO mtmanapi64.dll loaded
2026-06-17 14:08:12,195 INFO MT4 manager instance created (ver=26215873)
2026-06-17 14:08:12,397 INFO MT4 connected and logged in. IsConnected=1
2026-06-17 14:08:12,398 INFO Fetching all users...
2026-06-17 14:08:12,602 INFO AdmUsersRequest: 5293 users
2026-06-17 14:08:12,603 INFO Got 5293 users, saving to clients/trading_accounts...
2026-06-17 14:08:13,942 INFO MT4 clients: 500 saved...
2026-06-17 14:08:14,398 INFO MT4 clients: 1000 saved...
2026-06-17 14:08:14,919 INFO MT4 clients: 1500 saved...
2026-06-17 14:08:15,450 INFO MT4 clients: 2000 saved...
2026-06-17 14:08:15,915 INFO MT4 clients: 2500 saved...
2026-06-17 14:08:16,369 INFO MT4 clients: 3000 saved...
2026-06-17 14:08:16,847 INFO MT4 clients: 3500 saved...
2026-06-17 14:08:17,328 INFO MT4 clients: 4000 saved...
2026-06-17 14:08:17,804 INFO MT4 clients: 4500 saved...
2026-06-17 14:08:18,251 INFO MT4 clients: 5000 saved...
2026-06-17 14:08:18,514 INFO MT4: 5293 clients saved
2026-06-17 14:08:18,516 INFO save_mt4_clients done
2026-06-17 14:08:18,517 INFO Fetching closed trade history (last 2 days)...
2026-06-17 14:08:20,199 INFO sync_trade_journal: 79684 records, 6618 closed trades in last 2d
2026-06-17 14:08:20,200 INFO Got 6618 closed trades, saving to deals...
2026-06-17 14:08:28,388 INFO MT4 journal deals saved: 6618
2026-06-17 14:08:28,389 INFO save_journal_deals done
2026-06-17 14:08:28,390 INFO === ONE-SHOT FETCH COMPLETE ===
2026-06-17 14:09:29,529 INFO Connecting to MT4...
2026-06-17 14:09:29,703 INFO mtmanapi64.dll loaded
2026-06-17 14:09:29,704 INFO MT4 manager instance created (ver=26215873)
2026-06-17 14:09:29,959 INFO MT4 connected and logged in. IsConnected=1
2026-06-17 14:09:29,960 INFO Fetching all users...
2026-06-17 14:09:30,163 INFO AdmUsersRequest: 5293 users
2026-06-17 14:09:30,165 INFO Got 5293 users, saving to clients/trading_accounts...
2026-06-17 14:09:35,673 INFO MT4 clients: 500 saved...
2026-06-17 14:09:36,173 INFO MT4 clients: 1000 saved...
2026-06-17 14:09:36,643 INFO MT4 clients: 1500 saved...
2026-06-17 14:09:37,103 INFO MT4 clients: 2000 saved...
2026-06-17 14:09:37,568 INFO MT4 clients: 2500 saved...
2026-06-17 14:09:38,012 INFO MT4 clients: 3000 saved...
2026-06-17 14:09:38,457 INFO MT4 clients: 3500 saved...
2026-06-17 14:09:38,898 INFO MT4 clients: 4000 saved...
2026-06-17 14:09:39,345 INFO MT4 clients: 4500 saved...
2026-06-17 14:09:39,836 INFO MT4 clients: 5000 saved...
2026-06-17 14:09:40,099 INFO MT4: 5293 clients saved
2026-06-17 14:09:40,100 INFO save_mt4_clients done
2026-06-17 14:09:40,100 INFO Fetching closed trade history (last 2 days)...
2026-06-17 14:09:41,885 INFO sync_trade_journal: 79716 records, 6622 closed trades in last 2d
2026-06-17 14:09:41,886 INFO Got 6622 closed trades, saving to deals...
2026-06-17 14:09:50,217 INFO MT4 journal deals saved: 6622
2026-06-17 14:09:50,218 INFO save_journal_deals done
2026-06-17 14:09:50,218 INFO === ONE-SHOT FETCH COMPLETE ===
2026-06-17 14:10:51,417 INFO Connecting to MT4...
2026-06-17 14:10:51,573 INFO mtmanapi64.dll loaded
2026-06-17 14:10:51,574 INFO MT4 manager instance created (ver=26215873)
2026-06-17 14:10:51,831 INFO MT4 connected and logged in. IsConnected=1
2026-06-17 14:10:51,832 INFO Fetching all users...
2026-06-17 14:10:52,039 INFO AdmUsersRequest: 5293 users
2026-06-17 14:10:52,040 INFO Got 5293 users, saving to clients/trading_accounts...
2026-06-17 14:10:53,387 INFO MT4 clients: 500 saved...
2026-06-17 14:10:53,788 INFO MT4 clients: 1000 saved...
2026-06-17 14:10:54,186 INFO MT4 clients: 1500 saved...
2026-06-17 14:10:54,593 INFO MT4 clients: 2000 saved...
2026-06-17 14:10:54,994 INFO MT4 clients: 2500 saved...
2026-06-17 14:10:55,398 INFO MT4 clients: 3000 saved...
2026-06-17 14:10:55,783 INFO MT4 clients: 3500 saved...
2026-06-17 14:10:56,182 INFO MT4 clients: 4000 saved...
2026-06-17 14:10:56,582 INFO MT4 clients: 4500 saved...
2026-06-17 14:10:56,988 INFO MT4 clients: 5000 saved...
2026-06-17 14:10:57,204 INFO MT4: 5293 clients saved
2026-06-17 14:10:57,205 INFO save_mt4_clients done
2026-06-17 14:10:57,206 INFO Fetching closed trade history (last 2 days)...
2026-06-17 14:10:58,707 INFO sync_trade_journal: 79732 records, 6625 closed trades in last 2d
2026-06-17 14:10:58,708 INFO Got 6625 closed trades, saving to deals...
2026-06-17 14:11:05,930 INFO MT4 journal deals saved: 6625
2026-06-17 14:11:05,931 INFO save_journal_deals done
2026-06-17 14:11:05,932 INFO === ONE-SHOT FETCH COMPLETE ===
2026-06-17 14:11:07,905 INFO mtmanapi64.dll loaded
2026-06-17 14:11:07,908 INFO MT4 manager instance created (ver=26215873)
2026-06-17 14:11:08,166 INFO MT4 connected and logged in. IsConnected=1
2026-06-17 14:12:10,599 INFO Connecting to MT4...
2026-06-17 14:12:10,788 INFO mtmanapi64.dll loaded
2026-06-17 14:12:10,789 INFO MT4 manager instance created (ver=26215873)
2026-06-17 14:12:11,042 INFO MT4 connected and logged in. IsConnected=1
2026-06-17 14:12:11,043 INFO Fetching all users...
2026-06-17 14:12:11,259 INFO AdmUsersRequest: 5293 users
2026-06-17 14:12:11,260 INFO Got 5293 users, saving to clients/trading_accounts...
2026-06-17 14:12:13,082 INFO MT4 clients: 500 saved...
2026-06-17 14:12:13,505 INFO MT4 clients: 1000 saved...
2026-06-17 14:12:13,923 INFO MT4 clients: 1500 saved...
2026-06-17 14:12:14,352 INFO MT4 clients: 2000 saved...
2026-06-17 14:12:14,777 INFO MT4 clients: 2500 saved...
2026-06-17 14:12:15,215 INFO MT4 clients: 3000 saved...
2026-06-17 14:12:15,623 INFO MT4 clients: 3500 saved...
2026-06-17 14:12:16,028 INFO MT4 clients: 4000 saved...
2026-06-17 14:12:16,441 INFO MT4 clients: 4500 saved...
2026-06-17 14:12:16,853 INFO MT4 clients: 5000 saved...
2026-06-17 14:12:17,082 INFO MT4: 5293 clients saved
2026-06-17 14:12:17,083 INFO save_mt4_clients done
2026-06-17 14:12:17,083 INFO Fetching closed trade history (last 2 days)...
2026-06-17 14:12:18,705 INFO sync_trade_journal: 79768 records, 6631 closed trades in last 2d
2026-06-17 14:12:18,707 INFO Got 6631 closed trades, saving to deals...
2026-06-17 14:13:57,211 INFO MT4 journal deals saved: 6631
2026-06-17 14:13:57,213 INFO save_journal_deals done
2026-06-17 14:13:57,213 INFO === ONE-SHOT FETCH COMPLETE ===
2026-06-17 14:14:58,827 INFO Connecting to MT4...
2026-06-17 14:14:59,022 INFO mtmanapi64.dll loaded
2026-06-17 14:14:59,023 INFO MT4 manager instance created (ver=26215873)
2026-06-17 14:14:59,279 INFO MT4 connected and logged in. IsConnected=1
2026-06-17 14:14:59,281 INFO Fetching all users...
2026-06-17 14:14:59,485 INFO AdmUsersRequest: 5293 users
2026-06-17 14:14:59,485 INFO Got 5293 users, saving to clients/trading_accounts...
2026-06-17 14:15:01,507 INFO MT4 clients: 500 saved...
2026-06-17 14:15:01,921 INFO MT4 clients: 1000 saved...
2026-06-17 14:15:02,344 INFO MT4 clients: 1500 saved...
2026-06-17 14:15:02,818 INFO MT4 clients: 2000 saved...
2026-06-17 14:15:03,340 INFO MT4 clients: 2500 saved...
2026-06-17 14:15:03,756 INFO MT4 clients: 3000 saved...
2026-06-17 14:15:04,185 INFO MT4 clients: 3500 saved...
2026-06-17 14:15:04,623 INFO MT4 clients: 4000 saved...
2026-06-17 14:15:05,030 INFO MT4 clients: 4500 saved...
2026-06-17 14:15:05,476 INFO MT4 clients: 5000 saved...
2026-06-17 14:15:05,711 INFO MT4: 5293 clients saved
2026-06-17 14:15:05,712 INFO save_mt4_clients done
2026-06-17 14:15:05,712 INFO Fetching closed trade history (last 2 days)...
2026-06-17 14:15:08,538 INFO sync_trade_journal: 79817 records, 6642 closed trades in last 2d
2026-06-17 14:15:08,539 INFO Got 6642 closed trades, saving to deals...
2026-06-17 14:16:21,491 INFO MT4 journal deals saved: 6642
2026-06-17 14:16:21,491 INFO save_journal_deals done
2026-06-17 14:16:21,492 INFO === ONE-SHOT FETCH COMPLETE ===
2026-06-17 14:17:22,424 INFO Connecting to MT4...
2026-06-17 14:17:22,563 INFO mtmanapi64.dll loaded
2026-06-17 14:17:22,564 INFO MT4 manager instance created (ver=26215873)
2026-06-17 14:17:22,775 INFO MT4 connected and logged in. IsConnected=1
2026-06-17 14:17:22,776 INFO Fetching all users...
2026-06-17 14:17:22,972 INFO AdmUsersRequest: 5293 users
2026-06-17 14:17:22,973 INFO Got 5293 users, saving to clients/trading_accounts...
2026-06-17 14:17:24,140 INFO MT4 clients: 500 saved...
2026-06-17 14:17:24,573 INFO MT4 clients: 1000 saved...
2026-06-17 14:17:24,958 INFO MT4 clients: 1500 saved...
2026-06-17 14:17:25,332 INFO MT4 clients: 2000 saved...
2026-06-17 14:17:25,653 INFO MT4 clients: 2500 saved...
2026-06-17 14:17:25,973 INFO MT4 clients: 3000 saved...
2026-06-17 14:17:26,322 INFO MT4 clients: 3500 saved...
2026-06-17 14:17:26,667 INFO MT4 clients: 4000 saved...
2026-06-17 14:17:26,990 INFO MT4 clients: 4500 saved...
2026-06-17 14:17:27,320 INFO MT4 clients: 5000 saved...
2026-06-17 14:17:27,534 INFO MT4: 5293 clients saved
2026-06-17 14:17:27,535 INFO save_mt4_clients done
2026-06-17 14:17:27,535 INFO Fetching closed trade history (last 2 days)...
2026-06-17 14:17:29,062 INFO sync_trade_journal: 79874 records, 6656 closed trades in last 2d
2026-06-17 14:17:29,063 INFO Got 6656 closed trades, saving to deals...
2026-06-17 14:17:35,968 INFO MT4 journal deals saved: 6656
2026-06-17 14:17:35,968 INFO save_journal_deals done
2026-06-17 14:17:35,970 INFO === ONE-SHOT FETCH COMPLETE ===
2026-06-17 14:18:36,841 INFO Connecting to MT4...
2026-06-17 14:18:36,976 INFO mtmanapi64.dll loaded
2026-06-17 14:18:36,977 INFO MT4 manager instance created (ver=26215873)
2026-06-17 14:18:37,234 INFO MT4 connected and logged in. IsConnected=1
2026-06-17 14:18:37,235 INFO Fetching all users...
2026-06-17 14:18:37,429 INFO AdmUsersRequest: 5293 users
2026-06-17 14:18:37,430 INFO Got 5293 users, saving to clients/trading_accounts...
2026-06-17 14:18:38,436 INFO MT4 clients: 500 saved...
2026-06-17 14:18:38,767 INFO MT4 clients: 1000 saved...
2026-06-17 14:18:39,074 INFO MT4 clients: 1500 saved...
2026-06-17 14:18:39,389 INFO MT4 clients: 2000 saved...
2026-06-17 14:18:39,714 INFO MT4 clients: 2500 saved...
2026-06-17 14:18:40,039 INFO MT4 clients: 3000 saved...
2026-06-17 14:18:40,376 INFO MT4 clients: 3500 saved...
2026-06-17 14:18:40,728 INFO MT4 clients: 4000 saved...
2026-06-17 14:18:41,040 INFO MT4 clients: 4500 saved...
2026-06-17 14:18:41,364 INFO MT4 clients: 5000 saved...
2026-06-17 14:18:41,554 INFO MT4: 5293 clients saved
2026-06-17 14:18:41,555 INFO save_mt4_clients done
2026-06-17 14:18:41,555 INFO Fetching closed trade history (last 2 days)...
2026-06-17 14:18:43,003 INFO sync_trade_journal: 79878 records, 6657 closed trades in last 2d
2026-06-17 14:18:43,004 INFO Got 6657 closed trades, saving to deals...
2026-06-17 14:18:49,210 INFO MT4 journal deals saved: 6657
2026-06-17 14:18:49,210 INFO save_journal_deals done
2026-06-17 14:18:49,211 INFO === ONE-SHOT FETCH COMPLETE ===
2026-06-17 14:19:50,139 INFO Connecting to MT4...
2026-06-17 14:19:50,325 INFO mtmanapi64.dll loaded
2026-06-17 14:19:50,325 INFO MT4 manager instance created (ver=26215873)
2026-06-17 14:19:50,576 INFO MT4 connected and logged in. IsConnected=1
2026-06-17 14:19:50,577 INFO Fetching all users...
2026-06-17 14:19:50,772 INFO AdmUsersRequest: 5293 users
2026-06-17 14:19:50,772 INFO Got 5293 users, saving to clients/trading_accounts...
2026-06-17 14:19:52,150 INFO MT4 clients: 500 saved...
2026-06-17 14:19:52,531 INFO MT4 clients: 1000 saved...
2026-06-17 14:19:52,883 INFO MT4 clients: 1500 saved...
2026-06-17 14:19:53,238 INFO MT4 clients: 2000 saved...
2026-06-17 14:19:53,545 INFO MT4 clients: 2500 saved...
2026-06-17 14:19:53,861 INFO MT4 clients: 3000 saved...
2026-06-17 14:19:54,195 INFO MT4 clients: 3500 saved...
2026-06-17 14:19:54,524 INFO MT4 clients: 4000 saved...
2026-06-17 14:19:54,853 INFO MT4 clients: 4500 saved...
2026-06-17 14:19:55,182 INFO MT4 clients: 5000 saved...
2026-06-17 14:19:55,373 INFO MT4: 5293 clients saved
2026-06-17 14:19:55,373 INFO save_mt4_clients done
2026-06-17 14:19:55,375 INFO Fetching closed trade history (last 2 days)...
2026-06-17 14:19:56,777 INFO sync_trade_journal: 79888 records, 6658 closed trades in last 2d
2026-06-17 14:19:56,778 INFO Got 6658 closed trades, saving to deals...
2026-06-17 14:20:03,020 INFO MT4 journal deals saved: 6658
2026-06-17 14:20:03,021 INFO save_journal_deals done
2026-06-17 14:20:03,021 INFO === ONE-SHOT FETCH COMPLETE ===
2026-06-17 14:21:04,831 INFO Connecting to MT4...
2026-06-17 14:21:05,067 INFO mtmanapi64.dll loaded
2026-06-17 14:21:05,068 INFO MT4 manager instance created (ver=26215873)
2026-06-17 14:21:05,325 INFO MT4 connected and logged in. IsConnected=1
2026-06-17 14:21:05,326 INFO Fetching all users...
2026-06-17 14:21:05,541 INFO AdmUsersRequest: 5293 users
2026-06-17 14:21:05,542 INFO Got 5293 users, saving to clients/trading_accounts...
2026-06-17 14:21:07,875 INFO MT4 clients: 500 saved...
2026-06-17 14:21:08,413 INFO MT4 clients: 1000 saved...
2026-06-17 14:21:08,915 INFO MT4 clients: 1500 saved...
2026-06-17 14:21:09,374 INFO MT4 clients: 2000 saved...
2026-06-17 14:21:09,848 INFO MT4 clients: 2500 saved...
2026-06-17 14:21:10,355 INFO MT4 clients: 3000 saved...
2026-06-17 14:21:10,831 INFO MT4 clients: 3500 saved...
2026-06-17 14:21:11,300 INFO MT4 clients: 4000 saved...
2026-06-17 14:21:11,822 INFO MT4 clients: 4500 saved...
2026-06-17 14:21:12,333 INFO MT4 clients: 5000 saved...
2026-06-17 14:21:12,628 INFO MT4: 5293 clients saved
2026-06-17 14:21:12,629 INFO save_mt4_clients done
2026-06-17 14:21:12,629 INFO Fetching closed trade history (last 2 days)...
2026-06-17 14:21:14,582 INFO sync_trade_journal: 79900 records, 6659 closed trades in last 2d
2026-06-17 14:21:14,583 INFO Got 6659 closed trades, saving to deals...
2026-06-17 14:21:23,888 INFO MT4 journal deals saved: 6659
2026-06-17 14:21:23,890 INFO save_journal_deals done
2026-06-17 14:21:23,890 INFO === ONE-SHOT FETCH COMPLETE ===
2026-06-17 14:22:25,374 INFO Connecting to MT4...
2026-06-17 14:22:25,527 INFO mtmanapi64.dll loaded
2026-06-17 14:22:25,528 INFO MT4 manager instance created (ver=26215873)
2026-06-17 14:22:25,783 INFO MT4 connected and logged in. IsConnected=1
2026-06-17 14:22:25,785 INFO Fetching all users...
2026-06-17 14:22:25,990 INFO AdmUsersRequest: 5293 users
2026-06-17 14:22:25,990 INFO Got 5293 users, saving to clients/trading_accounts...
2026-06-17 14:22:27,348 INFO MT4 clients: 500 saved...
2026-06-17 14:22:27,798 INFO MT4 clients: 1000 saved...
2026-06-17 14:22:28,154 INFO MT4 clients: 1500 saved...
2026-06-17 14:22:28,516 INFO MT4 clients: 2000 saved...
2026-06-17 14:22:28,903 INFO MT4 clients: 2500 saved...
2026-06-17 14:22:29,301 INFO MT4 clients: 3000 saved...
2026-06-17 14:22:29,753 INFO MT4 clients: 3500 saved...
2026-06-17 14:22:30,112 INFO MT4 clients: 4000 saved...
2026-06-17 14:22:30,481 INFO MT4 clients: 4500 saved...
2026-06-17 14:22:30,869 INFO MT4 clients: 5000 saved...
2026-06-17 14:22:31,084 INFO MT4: 5293 clients saved
2026-06-17 14:22:31,086 INFO save_mt4_clients done
2026-06-17 14:22:31,086 INFO Fetching closed trade history (last 2 days)...
2026-06-17 14:22:32,521 INFO sync_trade_journal: 79924 records, 6662 closed trades in last 2d
2026-06-17 14:22:32,523 INFO Got 6662 closed trades, saving to deals...
2026-06-17 14:23:15,233 INFO MT4 journal deals saved: 6662
2026-06-17 14:23:15,233 INFO save_journal_deals done
2026-06-17 14:23:15,234 INFO === ONE-SHOT FETCH COMPLETE ===
2026-06-17 14:24:16,384 INFO Connecting to MT4...
2026-06-17 14:24:16,541 INFO mtmanapi64.dll loaded
2026-06-17 14:24:16,542 INFO MT4 manager instance created (ver=26215873)
2026-06-17 14:24:16,794 INFO MT4 connected and logged in. IsConnected=1
2026-06-17 14:24:16,795 INFO Fetching all users...
2026-06-17 14:24:17,002 INFO AdmUsersRequest: 5293 users
2026-06-17 14:24:17,003 INFO Got 5293 users, saving to clients/trading_accounts...
2026-06-17 14:24:18,409 INFO MT4 clients: 500 saved...
2026-06-17 14:24:18,848 INFO MT4 clients: 1000 saved...
2026-06-17 14:24:19,253 INFO MT4 clients: 1500 saved...
2026-06-17 14:24:19,650 INFO MT4 clients: 2000 saved...
2026-06-17 14:24:19,991 INFO MT4 clients: 2500 saved...
2026-06-17 14:24:20,369 INFO MT4 clients: 3000 saved...
2026-06-17 14:24:20,765 INFO MT4 clients: 3500 saved...
2026-06-17 14:24:21,183 INFO MT4 clients: 4000 saved...
2026-06-17 14:24:21,630 INFO MT4 clients: 4500 saved...
2026-06-17 14:24:22,071 INFO MT4 clients: 5000 saved...
2026-06-17 14:24:22,340 INFO MT4: 5293 clients saved
2026-06-17 14:24:22,342 INFO save_mt4_clients done
2026-06-17 14:24:22,343 INFO Fetching closed trade history (last 2 days)...
2026-06-17 14:24:24,120 INFO sync_trade_journal: 80438 records, 6689 closed trades in last 2d
2026-06-17 14:24:24,120 INFO Got 6689 closed trades, saving to deals...
2026-06-17 14:26:44,832 INFO MT4 journal deals saved: 6689
2026-06-17 14:26:44,833 INFO save_journal_deals done
2026-06-17 14:26:44,834 INFO === ONE-SHOT FETCH COMPLETE ===
2026-06-17 14:27:46,839 INFO Connecting to MT4...
2026-06-17 14:27:47,099 INFO mtmanapi64.dll loaded
2026-06-17 14:27:47,100 INFO MT4 manager instance created (ver=26215873)
2026-06-17 14:27:47,313 INFO MT4 connected and logged in. IsConnected=1
2026-06-17 14:27:47,314 INFO Fetching all users...
2026-06-17 14:27:47,545 INFO AdmUsersRequest: 5294 users
2026-06-17 14:27:47,547 INFO Got 5294 users, saving to clients/trading_accounts...
2026-06-17 14:27:49,016 INFO MT4 clients: 500 saved...
2026-06-17 14:27:49,507 INFO MT4 clients: 1000 saved...
2026-06-17 14:27:50,006 INFO MT4 clients: 1500 saved...
2026-06-17 14:27:50,472 INFO MT4 clients: 2000 saved...
2026-06-17 14:27:50,884 INFO MT4 clients: 2500 saved...
2026-06-17 14:27:51,297 INFO MT4 clients: 3000 saved...
2026-06-17 14:27:51,788 INFO MT4 clients: 3500 saved...
2026-06-17 14:27:52,246 INFO MT4 clients: 4000 saved...
2026-06-17 14:27:52,620 INFO MT4 clients: 4500 saved...
2026-06-17 14:27:53,057 INFO MT4 clients: 5000 saved...
2026-06-17 14:27:53,320 INFO MT4: 5294 clients saved
2026-06-17 14:27:53,321 INFO save_mt4_clients done
2026-06-17 14:27:53,322 INFO Fetching closed trade history (last 2 days)...
2026-06-17 14:27:54,823 INFO sync_trade_journal: 80668 records, 6728 closed trades in last 2d
2026-06-17 14:27:54,824 INFO Got 6728 closed trades, saving to deals...
2026-06-17 14:28:06,664 INFO MT4 journal deals saved: 6728
2026-06-17 14:28:06,664 INFO save_journal_deals done
2026-06-17 14:28:06,665 INFO === ONE-SHOT FETCH COMPLETE ===
2026-06-17 14:29:07,850 INFO Connecting to MT4...
2026-06-17 14:29:08,002 INFO mtmanapi64.dll loaded
2026-06-17 14:29:08,003 INFO MT4 manager instance created (ver=26215873)
2026-06-17 14:29:08,237 INFO MT4 connected and logged in. IsConnected=1
2026-06-17 14:29:08,238 INFO Fetching all users...
2026-06-17 14:29:08,443 INFO AdmUsersRequest: 5294 users
2026-06-17 14:29:08,444 INFO Got 5294 users, saving to clients/trading_accounts...
2026-06-17 14:29:09,722 INFO MT4 clients: 500 saved...
2026-06-17 14:29:10,115 INFO MT4 clients: 1000 saved...
2026-06-17 14:29:10,478 INFO MT4 clients: 1500 saved...
2026-06-17 14:29:10,852 INFO MT4 clients: 2000 saved...
2026-06-17 14:29:11,191 INFO MT4 clients: 2500 saved...
2026-06-17 14:29:11,525 INFO MT4 clients: 3000 saved...
2026-06-17 14:29:11,868 INFO MT4 clients: 3500 saved...
2026-06-17 14:29:12,215 INFO MT4 clients: 4000 saved...
2026-06-17 14:29:12,593 INFO MT4 clients: 4500 saved...
2026-06-17 14:29:12,969 INFO MT4 clients: 5000 saved...
2026-06-17 14:29:13,220 INFO MT4: 5294 clients saved
2026-06-17 14:29:13,221 INFO save_mt4_clients done
2026-06-17 14:29:13,222 INFO Fetching closed trade history (last 2 days)...
2026-06-17 14:29:14,689 INFO sync_trade_journal: 80722 records, 6732 closed trades in last 2d
2026-06-17 14:29:14,690 INFO Got 6732 closed trades, saving to deals...
2026-06-17 14:29:22,256 INFO MT4 journal deals saved: 6732
2026-06-17 14:29:22,257 INFO save_journal_deals done
2026-06-17 14:29:22,257 INFO === ONE-SHOT FETCH COMPLETE ===
2026-06-17 14:29:23,487 INFO mtmanapi64.dll loaded
2026-06-17 14:29:23,490 INFO MT4 manager instance created (ver=26215873)
2026-06-17 14:29:23,742 INFO MT4 connected and logged in. IsConnected=1
2026-06-17 14:30:26,076 INFO Connecting to MT4...
2026-06-17 14:30:26,224 INFO mtmanapi64.dll loaded
2026-06-17 14:30:26,225 INFO MT4 manager instance created (ver=26215873)
2026-06-17 14:30:26,481 INFO MT4 connected and logged in. IsConnected=1
2026-06-17 14:30:26,482 INFO Fetching all users...
2026-06-17 14:30:26,687 INFO AdmUsersRequest: 5294 users
2026-06-17 14:30:26,688 INFO Got 5294 users, saving to clients/trading_accounts...
2026-06-17 14:30:28,572 INFO MT4 clients: 500 saved...
2026-06-17 14:30:28,971 INFO MT4 clients: 1000 saved...
2026-06-17 14:30:29,350 INFO MT4 clients: 1500 saved...
2026-06-17 14:30:29,751 INFO MT4 clients: 2000 saved...
2026-06-17 14:30:30,093 INFO MT4 clients: 2500 saved...
2026-06-17 14:30:30,435 INFO MT4 clients: 3000 saved...
2026-06-17 14:30:30,799 INFO MT4 clients: 3500 saved...
2026-06-17 14:30:31,189 INFO MT4 clients: 4000 saved...
2026-06-17 14:30:31,600 INFO MT4 clients: 4500 saved...
2026-06-17 14:30:31,996 INFO MT4 clients: 5000 saved...
2026-06-17 14:30:32,226 INFO MT4: 5294 clients saved
2026-06-17 14:30:32,227 INFO save_mt4_clients done
2026-06-17 14:30:32,227 INFO Fetching closed trade history (last 2 days)...
2026-06-17 14:30:33,703 INFO sync_trade_journal: 80820 records, 6743 closed trades in last 2d
2026-06-17 14:30:33,704 INFO Got 6743 closed trades, saving to deals...
2026-06-17 14:30:40,778 INFO MT4 journal deals saved: 6743
2026-06-17 14:30:40,779 INFO save_journal_deals done
2026-06-17 14:30:40,780 INFO === ONE-SHOT FETCH COMPLETE ===
2026-06-17 14:31:41,747 INFO Connecting to MT4...
2026-06-17 14:31:41,887 INFO mtmanapi64.dll loaded
2026-06-17 14:31:41,889 INFO MT4 manager instance created (ver=26215873)
2026-06-17 14:31:42,142 INFO MT4 connected and logged in. IsConnected=1
2026-06-17 14:31:42,143 INFO Fetching all users...
2026-06-17 14:31:42,353 INFO AdmUsersRequest: 5294 users
2026-06-17 14:31:42,354 INFO Got 5294 users, saving to clients/trading_accounts...
2026-06-17 14:31:43,504 INFO MT4 clients: 500 saved...
2026-06-17 14:31:43,873 INFO MT4 clients: 1000 saved...
2026-06-17 14:31:44,247 INFO MT4 clients: 1500 saved...
2026-06-17 14:31:44,618 INFO MT4 clients: 2000 saved...
2026-06-17 14:31:44,978 INFO MT4 clients: 2500 saved...
2026-06-17 14:31:45,357 INFO MT4 clients: 3000 saved...
2026-06-17 14:31:45,735 INFO MT4 clients: 3500 saved...
2026-06-17 14:31:46,100 INFO MT4 clients: 4000 saved...
2026-06-17 14:31:46,485 INFO MT4 clients: 4500 saved...
2026-06-17 14:31:46,896 INFO MT4 clients: 5000 saved...
2026-06-17 14:31:47,122 INFO MT4: 5294 clients saved
2026-06-17 14:31:47,123 INFO save_mt4_clients done
2026-06-17 14:31:47,123 INFO Fetching closed trade history (last 2 days)...
2026-06-17 14:31:48,579 INFO sync_trade_journal: 80859 records, 6747 closed trades in last 2d
2026-06-17 14:31:48,580 INFO Got 6747 closed trades, saving to deals...
2026-06-17 14:31:56,105 INFO MT4 journal deals saved: 6747
2026-06-17 14:31:56,106 INFO save_journal_deals done
2026-06-17 14:31:56,106 INFO === ONE-SHOT FETCH COMPLETE ===
2026-06-17 14:32:57,106 INFO Connecting to MT4...
2026-06-17 14:32:57,243 INFO mtmanapi64.dll loaded
2026-06-17 14:32:57,244 INFO MT4 manager instance created (ver=26215873)
2026-06-17 14:32:57,500 INFO MT4 connected and logged in. IsConnected=1
2026-06-17 14:32:57,501 INFO Fetching all users...
2026-06-17 14:32:57,718 INFO AdmUsersRequest: 5294 users
2026-06-17 14:32:57,719 INFO Got 5294 users, saving to clients/trading_accounts...
2026-06-17 14:32:58,886 INFO MT4 clients: 500 saved...
2026-06-17 14:32:59,250 INFO MT4 clients: 1000 saved...
2026-06-17 14:32:59,617 INFO MT4 clients: 1500 saved...
2026-06-17 14:32:59,977 INFO MT4 clients: 2000 saved...
2026-06-17 14:33:00,335 INFO MT4 clients: 2500 saved...
2026-06-17 14:33:00,696 INFO MT4 clients: 3000 saved...
2026-06-17 14:33:01,049 INFO MT4 clients: 3500 saved...
2026-06-17 14:33:01,379 INFO MT4 clients: 4000 saved...
2026-06-17 14:33:01,730 INFO MT4 clients: 4500 saved...
2026-06-17 14:33:02,053 INFO MT4 clients: 5000 saved...
2026-06-17 14:33:02,234 INFO MT4: 5294 clients saved
2026-06-17 14:33:02,235 INFO save_mt4_clients done
2026-06-17 14:33:02,235 INFO Fetching closed trade history (last 2 days)...
2026-06-17 14:33:03,704 INFO sync_trade_journal: 80906 records, 6749 closed trades in last 2d
2026-06-17 14:33:03,705 INFO Got 6749 closed trades, saving to deals...
2026-06-17 14:33:09,752 INFO MT4 journal deals saved: 6749
2026-06-17 14:33:09,753 INFO save_journal_deals done
2026-06-17 14:33:09,754 INFO === ONE-SHOT FETCH COMPLETE ===
2026-06-17 14:34:10,562 INFO Connecting to MT4...
2026-06-17 14:34:10,696 INFO mtmanapi64.dll loaded
2026-06-17 14:34:10,697 INFO MT4 manager instance created (ver=26215873)
2026-06-17 14:34:10,949 INFO MT4 connected and logged in. IsConnected=1
2026-06-17 14:34:10,950 INFO Fetching all users...
2026-06-17 14:34:11,153 INFO AdmUsersRequest: 5294 users
2026-06-17 14:34:11,154 INFO Got 5294 users, saving to clients/trading_accounts...
2026-06-17 14:34:12,152 INFO MT4 clients: 500 saved...
2026-06-17 14:34:12,458 INFO MT4 clients: 1000 saved...
2026-06-17 14:34:12,790 INFO MT4 clients: 1500 saved...
2026-06-17 14:34:13,166 INFO MT4 clients: 2000 saved...
2026-06-17 14:34:13,498 INFO MT4 clients: 2500 saved...
2026-06-17 14:34:13,837 INFO MT4 clients: 3000 saved...
2026-06-17 14:34:14,177 INFO MT4 clients: 3500 saved...
2026-06-17 14:34:14,514 INFO MT4 clients: 4000 saved...
2026-06-17 14:34:14,846 INFO MT4 clients: 4500 saved...
2026-06-17 14:34:15,194 INFO MT4 clients: 5000 saved...
2026-06-17 14:34:15,387 INFO MT4: 5294 clients saved
2026-06-17 14:34:15,387 INFO save_mt4_clients done
2026-06-17 14:34:15,388 INFO Fetching closed trade history (last 2 days)...
2026-06-17 14:34:16,846 INFO sync_trade_journal: 80930 records, 6752 closed trades in last 2d
2026-06-17 14:34:16,846 INFO Got 6752 closed trades, saving to deals...
2026-06-17 14:34:23,583 INFO MT4 journal deals saved: 6752
2026-06-17 14:34:23,584 INFO save_journal_deals done
2026-06-17 14:34:23,585 INFO === ONE-SHOT FETCH COMPLETE ===
2026-06-17 14:35:24,506 INFO Connecting to MT4...
2026-06-17 14:35:24,644 INFO mtmanapi64.dll loaded
2026-06-17 14:35:24,645 INFO MT4 manager instance created (ver=26215873)
2026-06-17 14:35:24,901 INFO MT4 connected and logged in. IsConnected=1
2026-06-17 14:35:24,902 INFO Fetching all users...
2026-06-17 14:35:25,107 INFO AdmUsersRequest: 5294 users
2026-06-17 14:35:25,108 INFO Got 5294 users, saving to clients/trading_accounts...
2026-06-17 14:35:26,308 INFO MT4 clients: 500 saved...
2026-06-17 14:35:26,650 INFO MT4 clients: 1000 saved...
2026-06-17 14:35:26,990 INFO MT4 clients: 1500 saved...
2026-06-17 14:35:27,320 INFO MT4 clients: 2000 saved...
2026-06-17 14:35:27,652 INFO MT4 clients: 2500 saved...
2026-06-17 14:35:27,984 INFO MT4 clients: 3000 saved...
2026-06-17 14:35:28,315 INFO MT4 clients: 3500 saved...
2026-06-17 14:35:28,653 INFO MT4 clients: 4000 saved...
2026-06-17 14:35:29,007 INFO MT4 clients: 4500 saved...
2026-06-17 14:35:29,362 INFO MT4 clients: 5000 saved...
2026-06-17 14:35:29,564 INFO MT4: 5294 clients saved
2026-06-17 14:35:29,564 INFO save_mt4_clients done
2026-06-17 14:35:29,565 INFO Fetching closed trade history (last 2 days)...
2026-06-17 14:35:30,998 INFO sync_trade_journal: 80938 records, 6755 closed trades in last 2d
2026-06-17 14:35:30,999 INFO Got 6755 closed trades, saving to deals...
2026-06-17 14:36:25,230 INFO MT4 journal deals saved: 6755
2026-06-17 14:36:25,231 INFO save_journal_deals done
2026-06-17 14:36:25,232 INFO === ONE-SHOT FETCH COMPLETE ===
2026-06-17 14:37:26,605 INFO Connecting to MT4...
2026-06-17 14:37:26,809 INFO mtmanapi64.dll loaded
2026-06-17 14:37:26,810 INFO MT4 manager instance created (ver=26215873)
2026-06-17 14:37:27,065 INFO MT4 connected and logged in. IsConnected=1
2026-06-17 14:37:27,066 INFO Fetching all users...
2026-06-17 14:37:27,272 INFO AdmUsersRequest: 5294 users
2026-06-17 14:37:27,273 INFO Got 5294 users, saving to clients/trading_accounts...
2026-06-17 14:37:28,715 INFO MT4 clients: 500 saved...
2026-06-17 14:37:29,150 INFO MT4 clients: 1000 saved...
2026-06-17 14:37:29,539 INFO MT4 clients: 1500 saved...
2026-06-17 14:37:29,911 INFO MT4 clients: 2000 saved...
2026-06-17 14:37:30,288 INFO MT4 clients: 2500 saved...
2026-06-17 14:37:30,715 INFO MT4 clients: 3000 saved...
2026-06-17 14:37:31,130 INFO MT4 clients: 3500 saved...
2026-06-17 14:37:31,611 INFO MT4 clients: 4000 saved...
2026-06-17 14:37:32,122 INFO MT4 clients: 4500 saved...
2026-06-17 14:37:32,517 INFO MT4 clients: 5000 saved...
2026-06-17 14:37:32,754 INFO MT4: 5294 clients saved
2026-06-17 14:37:32,755 INFO save_mt4_clients done
2026-06-17 14:37:32,756 INFO Fetching closed trade history (last 2 days)...
2026-06-17 14:37:34,419 INFO sync_trade_journal: 80986 records, 6768 closed trades in last 2d
2026-06-17 14:37:34,419 INFO Got 6768 closed trades, saving to deals...
2026-06-17 14:37:43,317 INFO MT4 journal deals saved: 6768
2026-06-17 14:37:43,317 INFO save_journal_deals done
2026-06-17 14:37:43,318 INFO === ONE-SHOT FETCH COMPLETE ===
2026-06-17 14:38:44,837 INFO Connecting to MT4...
2026-06-17 14:38:45,085 INFO mtmanapi64.dll loaded
2026-06-17 14:38:45,086 INFO MT4 manager instance created (ver=26215873)
2026-06-17 14:38:45,346 INFO MT4 connected and logged in. IsConnected=1
2026-06-17 14:38:45,347 INFO Fetching all users...
2026-06-17 14:38:45,554 INFO AdmUsersRequest: 5294 users
2026-06-17 14:38:45,555 INFO Got 5294 users, saving to clients/trading_accounts...
2026-06-17 14:38:47,321 INFO MT4 clients: 500 saved...
2026-06-17 14:38:47,766 INFO MT4 clients: 1000 saved...
2026-06-17 14:38:48,235 INFO MT4 clients: 1500 saved...
2026-06-17 14:38:48,691 INFO MT4 clients: 2000 saved...
2026-06-17 14:38:49,121 INFO MT4 clients: 2500 saved...
2026-06-17 14:38:49,545 INFO MT4 clients: 3000 saved...
2026-06-17 14:38:50,023 INFO MT4 clients: 3500 saved...
2026-06-17 14:38:50,448 INFO MT4 clients: 4000 saved...
2026-06-17 14:38:50,909 INFO MT4 clients: 4500 saved...
2026-06-17 14:38:51,334 INFO MT4 clients: 5000 saved...
2026-06-17 14:38:51,580 INFO MT4: 5294 clients saved
2026-06-17 14:38:51,581 INFO save_mt4_clients done
2026-06-17 14:38:51,582 INFO Fetching closed trade history (last 2 days)...
2026-06-17 14:38:53,087 INFO sync_trade_journal: 81018 records, 6773 closed trades in last 2d
2026-06-17 14:38:53,088 INFO Got 6773 closed trades, saving to deals...
2026-06-17 14:39:01,594 INFO MT4 journal deals saved: 6773
2026-06-17 14:39:01,595 INFO save_journal_deals done
2026-06-17 14:39:01,595 INFO === ONE-SHOT FETCH COMPLETE ===
2026-06-17 14:40:02,587 INFO Connecting to MT4...
2026-06-17 14:40:02,727 INFO mtmanapi64.dll loaded
2026-06-17 14:40:02,728 INFO MT4 manager instance created (ver=26215873)
2026-06-17 14:40:02,983 INFO MT4 connected and logged in. IsConnected=1
2026-06-17 14:40:02,984 INFO Fetching all users...
2026-06-17 14:40:03,197 INFO AdmUsersRequest: 5294 users
2026-06-17 14:40:03,198 INFO Got 5294 users, saving to clients/trading_accounts...
2026-06-17 14:40:04,543 INFO MT4 clients: 500 saved...
2026-06-17 14:40:04,916 INFO MT4 clients: 1000 saved...
2026-06-17 14:40:05,273 INFO MT4 clients: 1500 saved...
2026-06-17 14:40:05,628 INFO MT4 clients: 2000 saved...
2026-06-17 14:40:05,976 INFO MT4 clients: 2500 saved...
2026-06-17 14:40:06,330 INFO MT4 clients: 3000 saved...
2026-06-17 14:40:06,696 INFO MT4 clients: 3500 saved...
2026-06-17 14:40:07,040 INFO MT4 clients: 4000 saved...
2026-06-17 14:40:07,388 INFO MT4 clients: 4500 saved...
2026-06-17 14:40:07,757 INFO MT4 clients: 5000 saved...
2026-06-17 14:40:07,981 INFO MT4: 5294 clients saved
2026-06-17 14:40:07,982 INFO save_mt4_clients done
2026-06-17 14:40:07,983 INFO Fetching closed trade history (last 2 days)...
2026-06-17 14:40:09,488 INFO sync_trade_journal: 81042 records, 6776 closed trades in last 2d
2026-06-17 14:40:09,488 INFO Got 6776 closed trades, saving to deals...
2026-06-17 14:40:18,656 INFO MT4 journal deals saved: 6776
2026-06-17 14:40:18,657 INFO save_journal_deals done
2026-06-17 14:40:18,658 INFO === ONE-SHOT FETCH COMPLETE ===
2026-06-17 14:41:19,751 INFO Connecting to MT4...
2026-06-17 14:41:19,892 INFO mtmanapi64.dll loaded
2026-06-17 14:41:19,957 INFO MT4 manager instance created (ver=26215873)
2026-06-17 14:41:20,211 INFO MT4 connected and logged in. IsConnected=1
2026-06-17 14:41:20,212 INFO Fetching all users...
2026-06-17 14:41:20,420 INFO AdmUsersRequest: 5294 users
2026-06-17 14:41:20,421 INFO Got 5294 users, saving to clients/trading_accounts...
2026-06-17 14:41:21,561 INFO MT4 clients: 500 saved...
2026-06-17 14:41:21,931 INFO MT4 clients: 1000 saved...
2026-06-17 14:41:22,290 INFO MT4 clients: 1500 saved...
2026-06-17 14:41:22,661 INFO MT4 clients: 2000 saved...
2026-06-17 14:41:23,002 INFO MT4 clients: 2500 saved...
2026-06-17 14:41:23,360 INFO MT4 clients: 3000 saved...
2026-06-17 14:41:23,732 INFO MT4 clients: 3500 saved...
2026-06-17 14:41:24,042 INFO MT4 clients: 4000 saved...
2026-06-17 14:41:24,349 INFO MT4 clients: 4500 saved...
2026-06-17 14:41:24,684 INFO MT4 clients: 5000 saved...
2026-06-17 14:41:24,881 INFO MT4: 5294 clients saved
2026-06-17 14:41:24,882 INFO save_mt4_clients done
2026-06-17 14:41:24,883 INFO Fetching closed trade history (last 2 days)...
2026-06-17 14:41:26,339 INFO sync_trade_journal: 81072 records, 6782 closed trades in last 2d
2026-06-17 14:41:26,340 INFO Got 6782 closed trades, saving to deals...
2026-06-17 14:41:33,567 INFO MT4 journal deals saved: 6782
2026-06-17 14:41:33,568 INFO save_journal_deals done
2026-06-17 14:41:33,568 INFO === ONE-SHOT FETCH COMPLETE ===
2026-06-17 14:42:34,536 INFO Connecting to MT4...
2026-06-17 14:42:34,681 INFO mtmanapi64.dll loaded
2026-06-17 14:42:34,682 INFO MT4 manager instance created (ver=26215873)
2026-06-17 14:42:34,937 INFO MT4 connected and logged in. IsConnected=1
2026-06-17 14:42:34,938 INFO Fetching all users...
2026-06-17 14:42:35,145 INFO AdmUsersRequest: 5294 users
2026-06-17 14:42:35,146 INFO Got 5294 users, saving to clients/trading_accounts...
2026-06-17 14:42:36,284 INFO MT4 clients: 500 saved...
2026-06-17 14:42:36,665 INFO MT4 clients: 1000 saved...
2026-06-17 14:42:37,012 INFO MT4 clients: 1500 saved...
2026-06-17 14:42:37,361 INFO MT4 clients: 2000 saved...
2026-06-17 14:42:37,704 INFO MT4 clients: 2500 saved...
2026-06-17 14:42:38,026 INFO MT4 clients: 3000 saved...
2026-06-17 14:42:38,372 INFO MT4 clients: 3500 saved...
2026-06-17 14:42:38,716 INFO MT4 clients: 4000 saved...
2026-06-17 14:42:39,064 INFO MT4 clients: 4500 saved...
2026-06-17 14:42:39,425 INFO MT4 clients: 5000 saved...
2026-06-17 14:42:39,625 INFO MT4: 5294 clients saved
2026-06-17 14:42:39,626 INFO save_mt4_clients done
2026-06-17 14:42:39,626 INFO Fetching closed trade history (last 2 days)...
2026-06-17 14:42:41,106 INFO sync_trade_journal: 81101 records, 6788 closed trades in last 2d
2026-06-17 14:42:41,107 INFO Got 6788 closed trades, saving to deals...
2026-06-17 14:42:48,190 INFO MT4 journal deals saved: 6788
2026-06-17 14:42:48,190 INFO save_journal_deals done
2026-06-17 14:42:48,191 INFO === ONE-SHOT FETCH COMPLETE ===
2026-06-17 14:42:49,395 INFO mtmanapi64.dll loaded
2026-06-17 14:42:49,398 INFO MT4 manager instance created (ver=26215873)
2026-06-17 14:42:49,658 INFO MT4 connected and logged in. IsConnected=1
2026-06-17 14:43:51,789 INFO Connecting to MT4...
2026-06-17 14:43:51,928 INFO mtmanapi64.dll loaded
2026-06-17 14:43:51,929 INFO MT4 manager instance created (ver=26215873)
2026-06-17 14:43:52,193 INFO MT4 connected and logged in. IsConnected=1
2026-06-17 14:43:52,194 INFO Fetching all users...
2026-06-17 14:43:52,398 INFO AdmUsersRequest: 5294 users
2026-06-17 14:43:52,399 INFO Got 5294 users, saving to clients/trading_accounts...
2026-06-17 14:43:53,645 INFO MT4 clients: 500 saved...
2026-06-17 14:43:54,047 INFO MT4 clients: 1000 saved...
2026-06-17 14:43:54,434 INFO MT4 clients: 1500 saved...
2026-06-17 14:43:54,798 INFO MT4 clients: 2000 saved...
2026-06-17 14:43:55,162 INFO MT4 clients: 2500 saved...
2026-06-17 14:43:55,544 INFO MT4 clients: 3000 saved...
2026-06-17 14:43:55,920 INFO MT4 clients: 3500 saved...
2026-06-17 14:43:56,297 INFO MT4 clients: 4000 saved...
2026-06-17 14:43:56,687 INFO MT4 clients: 4500 saved...
2026-06-17 14:43:57,080 INFO MT4 clients: 5000 saved...
2026-06-17 14:43:57,298 INFO MT4: 5294 clients saved
2026-06-17 14:43:57,298 INFO save_mt4_clients done
2026-06-17 14:43:57,299 INFO Fetching closed trade history (last 2 days)...
2026-06-17 14:44:00,163 INFO sync_trade_journal: 81126 records, 6791 closed trades in last 2d
2026-06-17 14:44:00,164 INFO Got 6791 closed trades, saving to deals...
2026-06-17 14:44:08,840 INFO MT4 journal deals saved: 6791
2026-06-17 14:44:08,841 INFO save_journal_deals done
2026-06-17 14:44:08,841 INFO === ONE-SHOT FETCH COMPLETE ===
2026-06-17 14:45:09,927 INFO Connecting to MT4...
2026-06-17 14:45:10,112 INFO mtmanapi64.dll loaded
2026-06-17 14:45:10,113 INFO MT4 manager instance created (ver=26215873)
2026-06-17 14:45:10,362 INFO MT4 connected and logged in. IsConnected=1
2026-06-17 14:45:10,363 INFO Fetching all users...
2026-06-17 14:45:10,572 INFO AdmUsersRequest: 5294 users
2026-06-17 14:45:10,573 INFO Got 5294 users, saving to clients/trading_accounts...
2026-06-17 14:45:12,058 INFO MT4 clients: 500 saved...
2026-06-17 14:45:12,431 INFO MT4 clients: 1000 saved...
2026-06-17 14:45:12,797 INFO MT4 clients: 1500 saved...
2026-06-17 14:45:13,160 INFO MT4 clients: 2000 saved...
2026-06-17 14:45:13,529 INFO MT4 clients: 2500 saved...
2026-06-17 14:45:13,907 INFO MT4 clients: 3000 saved...
2026-06-17 14:45:14,292 INFO MT4 clients: 3500 saved...
2026-06-17 14:45:14,695 INFO MT4 clients: 4000 saved...
2026-06-17 14:45:15,067 INFO MT4 clients: 4500 saved...
2026-06-17 14:45:15,442 INFO MT4 clients: 5000 saved...
2026-06-17 14:45:15,663 INFO MT4: 5294 clients saved
2026-06-17 14:45:15,664 INFO save_mt4_clients done
2026-06-17 14:45:15,665 INFO Fetching closed trade history (last 2 days)...
2026-06-17 14:45:17,428 INFO sync_trade_journal: 81140 records, 6791 closed trades in last 2d
2026-06-17 14:45:17,429 INFO Got 6791 closed trades, saving to deals...
2026-06-17 14:46:40,291 INFO MT4 journal deals saved: 6791
2026-06-17 14:46:40,291 INFO save_journal_deals done
2026-06-17 14:46:40,292 INFO === ONE-SHOT FETCH COMPLETE ===
2026-06-17 14:47:41,516 INFO Connecting to MT4...
2026-06-17 14:47:41,658 INFO mtmanapi64.dll loaded
2026-06-17 14:47:41,659 INFO MT4 manager instance created (ver=26215873)
2026-06-17 14:47:41,913 INFO MT4 connected and logged in. IsConnected=1
2026-06-17 14:47:41,915 INFO Fetching all users...
2026-06-17 14:47:42,127 INFO AdmUsersRequest: 5294 users
2026-06-17 14:47:42,128 INFO Got 5294 users, saving to clients/trading_accounts...
2026-06-17 14:47:43,603 INFO MT4 clients: 500 saved...
2026-06-17 14:47:43,996 INFO MT4 clients: 1000 saved...
2026-06-17 14:47:44,419 INFO MT4 clients: 1500 saved...
2026-06-17 14:47:44,824 INFO MT4 clients: 2000 saved...
2026-06-17 14:47:45,237 INFO MT4 clients: 2500 saved...
2026-06-17 14:47:45,615 INFO MT4 clients: 3000 saved...
2026-06-17 14:47:45,992 INFO MT4 clients: 3500 saved...
2026-06-17 14:47:46,408 INFO MT4 clients: 4000 saved...
2026-06-17 14:47:46,849 INFO MT4 clients: 4500 saved...
2026-06-17 14:47:47,289 INFO MT4 clients: 5000 saved...
2026-06-17 14:47:47,520 INFO MT4: 5294 clients saved
2026-06-17 14:47:47,521 INFO save_mt4_clients done
2026-06-17 14:47:47,521 INFO Fetching closed trade history (last 2 days)...
2026-06-17 14:47:49,016 INFO sync_trade_journal: 81345 records, 6837 closed trades in last 2d
2026-06-17 14:47:49,017 INFO Got 6837 closed trades, saving to deals...
2026-06-17 14:47:56,122 INFO MT4 journal deals saved: 6837
2026-06-17 14:47:56,123 INFO save_journal_deals done
2026-06-17 14:47:56,123 INFO === ONE-SHOT FETCH COMPLETE ===
2026-06-17 14:48:57,491 INFO Connecting to MT4...
2026-06-17 14:48:57,640 INFO mtmanapi64.dll loaded
2026-06-17 14:48:57,642 INFO MT4 manager instance created (ver=26215873)
2026-06-17 14:48:57,898 INFO MT4 connected and logged in. IsConnected=1
2026-06-17 14:48:57,899 INFO Fetching all users...
2026-06-17 14:48:58,110 INFO AdmUsersRequest: 5294 users
2026-06-17 14:48:58,111 INFO Got 5294 users, saving to clients/trading_accounts...
2026-06-17 14:48:59,711 INFO MT4 clients: 500 saved...
2026-06-17 14:49:00,167 INFO MT4 clients: 1000 saved...
2026-06-17 14:49:00,636 INFO MT4 clients: 1500 saved...
2026-06-17 14:49:01,057 INFO MT4 clients: 2000 saved...
2026-06-17 14:49:01,479 INFO MT4 clients: 2500 saved...
2026-06-17 14:49:01,989 INFO MT4 clients: 3000 saved...
2026-06-17 14:49:02,403 INFO MT4 clients: 3500 saved...
2026-06-17 14:49:02,840 INFO MT4 clients: 4000 saved...
2026-06-17 14:49:03,325 INFO MT4 clients: 4500 saved...
2026-06-17 14:49:03,750 INFO MT4 clients: 5000 saved...
2026-06-17 14:49:04,022 INFO MT4: 5294 clients saved
2026-06-17 14:49:04,023 INFO save_mt4_clients done
2026-06-17 14:49:04,024 INFO Fetching closed trade history (last 2 days)...
2026-06-17 14:49:06,109 INFO sync_trade_journal: 81442 records, 6853 closed trades in last 2d
2026-06-17 14:49:06,110 INFO Got 6853 closed trades, saving to deals...
2026-06-17 14:49:43,737 INFO MT4 journal deals saved: 6853
2026-06-17 14:49:43,737 INFO save_journal_deals done
2026-06-17 14:49:43,738 INFO === ONE-SHOT FETCH COMPLETE ===
2026-06-17 14:50:44,971 INFO Connecting to MT4...
2026-06-17 14:50:45,130 INFO mtmanapi64.dll loaded
2026-06-17 14:50:45,130 INFO MT4 manager instance created (ver=26215873)
2026-06-17 14:50:45,351 INFO MT4 connected and logged in. IsConnected=1
2026-06-17 14:50:45,352 INFO Fetching all users...
2026-06-17 14:50:45,568 INFO AdmUsersRequest: 5294 users
2026-06-17 14:50:45,569 INFO Got 5294 users, saving to clients/trading_accounts...
2026-06-17 14:50:46,786 INFO MT4 clients: 500 saved...
2026-06-17 14:50:47,171 INFO MT4 clients: 1000 saved...
2026-06-17 14:50:47,554 INFO MT4 clients: 1500 saved...
2026-06-17 14:50:47,941 INFO MT4 clients: 2000 saved...
2026-06-17 14:50:48,333 INFO MT4 clients: 2500 saved...
2026-06-17 14:50:48,718 INFO MT4 clients: 3000 saved...
2026-06-17 14:50:49,088 INFO MT4 clients: 3500 saved...
2026-06-17 14:50:49,555 INFO MT4 clients: 4000 saved...
2026-06-17 14:50:49,968 INFO MT4 clients: 4500 saved...
2026-06-17 14:50:50,367 INFO MT4 clients: 5000 saved...
2026-06-17 14:50:50,618 INFO MT4: 5294 clients saved
2026-06-17 14:50:50,631 INFO save_mt4_clients done
2026-06-17 14:50:50,633 INFO Fetching closed trade history (last 2 days)...
2026-06-17 14:50:52,950 INFO sync_trade_journal: 81492 records, 6863 closed trades in last 2d
2026-06-17 14:50:52,951 INFO Got 6863 closed trades, saving to deals...
2026-06-17 14:51:00,656 INFO MT4 journal deals saved: 6863
2026-06-17 14:51:00,657 INFO save_journal_deals done
2026-06-17 14:51:00,657 INFO === ONE-SHOT FETCH COMPLETE ===
2026-06-17 14:52:01,700 INFO Connecting to MT4...
2026-06-17 14:52:01,842 INFO mtmanapi64.dll loaded
2026-06-17 14:52:01,843 INFO MT4 manager instance created (ver=26215873)
2026-06-17 14:52:02,099 INFO MT4 connected and logged in. IsConnected=1
2026-06-17 14:52:02,100 INFO Fetching all users...
2026-06-17 14:52:02,306 INFO AdmUsersRequest: 5294 users
2026-06-17 14:52:02,307 INFO Got 5294 users, saving to clients/trading_accounts...
2026-06-17 14:52:03,470 INFO MT4 clients: 500 saved...
2026-06-17 14:52:03,827 INFO MT4 clients: 1000 saved...
2026-06-17 14:52:04,183 INFO MT4 clients: 1500 saved...
2026-06-17 14:52:04,624 INFO MT4 clients: 2000 saved...
2026-06-17 14:52:05,089 INFO MT4 clients: 2500 saved...
2026-06-17 14:52:05,624 INFO MT4 clients: 3000 saved...
2026-06-17 14:52:06,118 INFO MT4 clients: 3500 saved...
2026-06-17 14:52:06,629 INFO MT4 clients: 4000 saved...
2026-06-17 14:52:07,082 INFO MT4 clients: 4500 saved...
2026-06-17 14:52:07,559 INFO MT4 clients: 5000 saved...
2026-06-17 14:52:07,840 INFO MT4: 5294 clients saved
2026-06-17 14:52:07,840 INFO save_mt4_clients done
2026-06-17 14:52:07,841 INFO Fetching closed trade history (last 2 days)...
2026-06-17 14:52:09,420 INFO sync_trade_journal: 81512 records, 6866 closed trades in last 2d
2026-06-17 14:52:09,421 INFO Got 6866 closed trades, saving to deals...
2026-06-17 14:52:17,139 INFO MT4 journal deals saved: 6866
2026-06-17 14:52:17,140 INFO save_journal_deals done
2026-06-17 14:52:17,140 INFO === ONE-SHOT FETCH COMPLETE ===
2026-06-17 14:53:18,214 INFO Connecting to MT4...
2026-06-17 14:53:18,365 INFO mtmanapi64.dll loaded
2026-06-17 14:53:18,366 INFO MT4 manager instance created (ver=26215873)
2026-06-17 14:53:18,597 INFO MT4 connected and logged in. IsConnected=1
2026-06-17 14:53:18,599 INFO Fetching all users...
2026-06-17 14:53:18,805 INFO AdmUsersRequest: 5294 users
2026-06-17 14:53:18,806 INFO Got 5294 users, saving to clients/trading_accounts...
2026-06-17 14:53:19,990 INFO MT4 clients: 500 saved...
2026-06-17 14:53:20,401 INFO MT4 clients: 1000 saved...
2026-06-17 14:53:20,774 INFO MT4 clients: 1500 saved...
2026-06-17 14:53:21,122 INFO MT4 clients: 2000 saved...
2026-06-17 14:53:21,461 INFO MT4 clients: 2500 saved...
2026-06-17 14:53:21,802 INFO MT4 clients: 3000 saved...
2026-06-17 14:53:22,108 INFO MT4 clients: 3500 saved...
2026-06-17 14:53:22,418 INFO MT4 clients: 4000 saved...
2026-06-17 14:53:22,720 INFO MT4 clients: 4500 saved...
2026-06-17 14:53:23,032 INFO MT4 clients: 5000 saved...
2026-06-17 14:53:23,220 INFO MT4: 5294 clients saved
2026-06-17 14:53:23,221 INFO save_mt4_clients done
2026-06-17 14:53:23,222 INFO Fetching closed trade history (last 2 days)...
2026-06-17 14:53:24,647 INFO sync_trade_journal: 81545 records, 6871 closed trades in last 2d
2026-06-17 14:53:24,648 INFO Got 6871 closed trades, saving to deals...
2026-06-17 14:53:32,203 INFO MT4 journal deals saved: 6871
2026-06-17 14:53:32,204 INFO save_journal_deals done
2026-06-17 14:53:32,204 INFO === ONE-SHOT FETCH COMPLETE ===
2026-06-17 14:54:33,245 INFO Connecting to MT4...
2026-06-17 14:54:33,426 INFO mtmanapi64.dll loaded
2026-06-17 14:54:33,427 INFO MT4 manager instance created (ver=26215873)
2026-06-17 14:54:33,682 INFO MT4 connected and logged in. IsConnected=1
2026-06-17 14:54:33,682 INFO Fetching all users...
2026-06-17 14:54:33,904 INFO AdmUsersRequest: 5294 users
2026-06-17 14:54:33,905 INFO Got 5294 users, saving to clients/trading_accounts...
2026-06-17 14:54:35,492 INFO MT4 clients: 500 saved...
2026-06-17 14:54:35,937 INFO MT4 clients: 1000 saved...
2026-06-17 14:54:36,315 INFO MT4 clients: 1500 saved...
2026-06-17 14:54:36,732 INFO MT4 clients: 2000 saved...
2026-06-17 14:54:37,096 INFO MT4 clients: 2500 saved...
2026-06-17 14:54:37,434 INFO MT4 clients: 3000 saved...
2026-06-17 14:54:37,775 INFO MT4 clients: 3500 saved...
2026-06-17 14:54:38,144 INFO MT4 clients: 4000 saved...
2026-06-17 14:54:38,491 INFO MT4 clients: 4500 saved...
2026-06-17 14:54:38,921 INFO MT4 clients: 5000 saved...
2026-06-17 14:54:39,166 INFO MT4: 5294 clients saved
2026-06-17 14:54:39,167 INFO save_mt4_clients done
2026-06-17 14:54:39,167 INFO Fetching closed trade history (last 2 days)...
2026-06-17 14:54:40,647 INFO sync_trade_journal: 81556 records, 6872 closed trades in last 2d
2026-06-17 14:54:40,648 INFO Got 6872 closed trades, saving to deals...
2026-06-17 14:57:04,616 INFO MT4 journal deals saved: 6872
2026-06-17 14:57:04,617 INFO save_journal_deals done
2026-06-17 14:57:04,618 INFO === ONE-SHOT FETCH COMPLETE ===
2026-06-17 14:58:05,862 INFO Connecting to MT4...
2026-06-17 14:58:06,026 INFO mtmanapi64.dll loaded
2026-06-17 14:58:06,028 INFO MT4 manager instance created (ver=26215873)
2026-06-17 14:58:06,177 INFO MT4 connected and logged in. IsConnected=1
2026-06-17 14:58:06,179 INFO Fetching all users...
2026-06-17 14:58:06,382 INFO AdmUsersRequest: 5294 users
2026-06-17 14:58:06,383 INFO Got 5294 users, saving to clients/trading_accounts...
2026-06-17 14:58:07,607 INFO MT4 clients: 500 saved...
2026-06-17 14:58:08,121 INFO MT4 clients: 1000 saved...
2026-06-17 14:58:08,559 INFO MT4 clients: 1500 saved...
2026-06-17 14:58:08,961 INFO MT4 clients: 2000 saved...
2026-06-17 14:58:09,346 INFO MT4 clients: 2500 saved...
2026-06-17 14:58:09,734 INFO MT4 clients: 3000 saved...
2026-06-17 14:58:10,088 INFO MT4 clients: 3500 saved...
2026-06-17 14:58:10,493 INFO MT4 clients: 4000 saved...
2026-06-17 14:58:10,843 INFO MT4 clients: 4500 saved...
2026-06-17 14:58:11,173 INFO MT4 clients: 5000 saved...
2026-06-17 14:58:11,367 INFO MT4: 5294 clients saved
2026-06-17 14:58:11,367 INFO save_mt4_clients done
2026-06-17 14:58:11,368 INFO Fetching closed trade history (last 2 days)...
2026-06-17 14:58:12,815 INFO sync_trade_journal: 81617 records, 6877 closed trades in last 2d
2026-06-17 14:58:12,816 INFO Got 6877 closed trades, saving to deals...
2026-06-17 14:58:22,577 INFO MT4 journal deals saved: 6877
2026-06-17 14:58:22,577 INFO save_journal_deals done
2026-06-17 14:58:22,578 INFO === ONE-SHOT FETCH COMPLETE ===
2026-06-17 14:59:23,432 INFO Connecting to MT4...
2026-06-17 14:59:23,569 INFO mtmanapi64.dll loaded
2026-06-17 14:59:23,571 INFO MT4 manager instance created (ver=26215873)
2026-06-17 14:59:23,824 INFO MT4 connected and logged in. IsConnected=1
2026-06-17 14:59:23,825 INFO Fetching all users...
2026-06-17 14:59:24,031 INFO AdmUsersRequest: 5294 users
2026-06-17 14:59:24,032 INFO Got 5294 users, saving to clients/trading_accounts...
2026-06-17 14:59:25,115 INFO MT4 clients: 500 saved...
2026-06-17 14:59:25,472 INFO MT4 clients: 1000 saved...
2026-06-17 14:59:25,801 INFO MT4 clients: 1500 saved...
2026-06-17 14:59:26,150 INFO MT4 clients: 2000 saved...
2026-06-17 14:59:26,477 INFO MT4 clients: 2500 saved...
2026-06-17 14:59:26,810 INFO MT4 clients: 3000 saved...
2026-06-17 14:59:27,136 INFO MT4 clients: 3500 saved...
2026-06-17 14:59:27,467 INFO MT4 clients: 4000 saved...
2026-06-17 14:59:27,799 INFO MT4 clients: 4500 saved...
2026-06-17 14:59:28,148 INFO MT4 clients: 5000 saved...
2026-06-17 14:59:28,381 INFO MT4: 5294 clients saved
2026-06-17 14:59:28,382 INFO save_mt4_clients done
2026-06-17 14:59:28,382 INFO Fetching closed trade history (last 2 days)...
2026-06-17 14:59:29,874 INFO sync_trade_journal: 81631 records, 6877 closed trades in last 2d
2026-06-17 14:59:29,875 INFO Got 6877 closed trades, saving to deals...
2026-06-17 14:59:36,843 INFO MT4 journal deals saved: 6877
2026-06-17 14:59:36,844 INFO save_journal_deals done
2026-06-17 14:59:36,844 INFO === ONE-SHOT FETCH COMPLETE ===
2026-06-17 14:59:37,931 INFO mtmanapi64.dll loaded
2026-06-17 14:59:37,934 INFO MT4 manager instance created (ver=26215873)
2026-06-17 14:59:38,189 INFO MT4 connected and logged in. IsConnected=1
2026-06-17 15:00:40,330 INFO Connecting to MT4...
2026-06-17 15:00:40,469 INFO mtmanapi64.dll loaded
2026-06-17 15:00:40,470 INFO MT4 manager instance created (ver=26215873)
2026-06-17 15:00:40,722 INFO MT4 connected and logged in. IsConnected=1
2026-06-17 15:00:40,723 INFO Fetching all users...
2026-06-17 15:00:40,920 INFO AdmUsersRequest: 5294 users
2026-06-17 15:00:40,921 INFO Got 5294 users, saving to clients/trading_accounts...
2026-06-17 15:00:42,167 INFO MT4 clients: 500 saved...
2026-06-17 15:00:42,549 INFO MT4 clients: 1000 saved...
2026-06-17 15:00:42,924 INFO MT4 clients: 1500 saved...
2026-06-17 15:00:43,309 INFO MT4 clients: 2000 saved...
2026-06-17 15:00:43,722 INFO MT4 clients: 2500 saved...
2026-06-17 15:00:44,129 INFO MT4 clients: 3000 saved...
2026-06-17 15:00:44,505 INFO MT4 clients: 3500 saved...
2026-06-17 15:00:44,902 INFO MT4 clients: 4000 saved...
2026-06-17 15:00:45,278 INFO MT4 clients: 4500 saved...
2026-06-17 15:00:45,664 INFO MT4 clients: 5000 saved...
2026-06-17 15:00:45,899 INFO MT4: 5294 clients saved
2026-06-17 15:00:45,900 INFO save_mt4_clients done
2026-06-17 15:00:45,901 INFO Fetching closed trade history (last 2 days)...
2026-06-17 15:00:47,353 INFO sync_trade_journal: 81653 records, 6879 closed trades in last 2d
2026-06-17 15:00:47,354 INFO Got 6879 closed trades, saving to deals...
2026-06-17 15:00:54,881 INFO MT4 journal deals saved: 6879
2026-06-17 15:00:54,882 INFO save_journal_deals done
2026-06-17 15:00:54,883 INFO === ONE-SHOT FETCH COMPLETE ===
2026-06-17 15:01:55,816 INFO Connecting to MT4...
2026-06-17 15:01:55,953 INFO mtmanapi64.dll loaded
2026-06-17 15:01:55,954 INFO MT4 manager instance created (ver=26215873)
2026-06-17 15:01:56,214 INFO MT4 connected and logged in. IsConnected=1
2026-06-17 15:01:56,215 INFO Fetching all users...
2026-06-17 15:01:56,434 INFO AdmUsersRequest: 5294 users
2026-06-17 15:01:56,435 INFO Got 5294 users, saving to clients/trading_accounts...
2026-06-17 15:01:57,663 INFO MT4 clients: 500 saved...
2026-06-17 15:01:58,026 INFO MT4 clients: 1000 saved...
2026-06-17 15:01:58,378 INFO MT4 clients: 1500 saved...
2026-06-17 15:01:58,751 INFO MT4 clients: 2000 saved...
2026-06-17 15:01:59,134 INFO MT4 clients: 2500 saved...
2026-06-17 15:01:59,518 INFO MT4 clients: 3000 saved...
2026-06-17 15:01:59,883 INFO MT4 clients: 3500 saved...
2026-06-17 15:02:00,327 INFO MT4 clients: 4000 saved...
2026-06-17 15:02:00,707 INFO MT4 clients: 4500 saved...
2026-06-17 15:02:01,105 INFO MT4 clients: 5000 saved...
2026-06-17 15:02:01,330 INFO MT4: 5294 clients saved
2026-06-17 15:02:01,330 INFO save_mt4_clients done
2026-06-17 15:02:01,331 INFO Fetching closed trade history (last 2 days)...
2026-06-17 15:02:02,842 INFO sync_trade_journal: 81663 records, 6882 closed trades in last 2d
2026-06-17 15:02:02,843 INFO Got 6882 closed trades, saving to deals...
2026-06-17 15:02:10,108 INFO MT4 journal deals saved: 6882
2026-06-17 15:02:10,109 INFO save_journal_deals done
2026-06-17 15:02:10,110 INFO === ONE-SHOT FETCH COMPLETE ===
2026-06-17 15:03:11,051 INFO Connecting to MT4...
2026-06-17 15:03:11,201 INFO mtmanapi64.dll loaded
2026-06-17 15:03:11,202 INFO MT4 manager instance created (ver=26215873)
2026-06-17 15:03:11,459 INFO MT4 connected and logged in. IsConnected=1
2026-06-17 15:03:11,460 INFO Fetching all users...
2026-06-17 15:03:11,658 INFO AdmUsersRequest: 5294 users
2026-06-17 15:03:11,659 INFO Got 5294 users, saving to clients/trading_accounts...
2026-06-17 15:03:12,847 INFO MT4 clients: 500 saved...
2026-06-17 15:03:13,219 INFO MT4 clients: 1000 saved...
2026-06-17 15:03:13,592 INFO MT4 clients: 1500 saved...
2026-06-17 15:03:13,949 INFO MT4 clients: 2000 saved...
2026-06-17 15:03:14,311 INFO MT4 clients: 2500 saved...
2026-06-17 15:03:14,670 INFO MT4 clients: 3000 saved...
2026-06-17 15:03:15,022 INFO MT4 clients: 3500 saved...
2026-06-17 15:03:15,381 INFO MT4 clients: 4000 saved...
2026-06-17 15:03:15,742 INFO MT4 clients: 4500 saved...
2026-06-17 15:03:16,078 INFO MT4 clients: 5000 saved...
2026-06-17 15:03:16,270 INFO MT4: 5294 clients saved
2026-06-17 15:03:16,271 INFO save_mt4_clients done
2026-06-17 15:03:16,272 INFO Fetching closed trade history (last 2 days)...
2026-06-17 15:03:17,780 INFO sync_trade_journal: 81680 records, 6883 closed trades in last 2d
2026-06-17 15:03:17,781 INFO Got 6883 closed trades, saving to deals...
2026-06-17 15:03:25,127 INFO MT4 journal deals saved: 6883
2026-06-17 15:03:25,128 INFO save_journal_deals done
2026-06-17 15:03:25,128 INFO === ONE-SHOT FETCH COMPLETE ===
2026-06-17 15:04:26,239 INFO Connecting to MT4...
2026-06-17 15:04:26,376 INFO mtmanapi64.dll loaded
2026-06-17 15:04:26,377 INFO MT4 manager instance created (ver=26215873)
2026-06-17 15:04:26,636 INFO MT4 connected and logged in. IsConnected=1
2026-06-17 15:04:26,637 INFO Fetching all users...
2026-06-17 15:04:26,852 INFO AdmUsersRequest: 5294 users
2026-06-17 15:04:26,853 INFO Got 5294 users, saving to clients/trading_accounts...
2026-06-17 15:04:28,253 INFO MT4 clients: 500 saved...
2026-06-17 15:04:28,718 INFO MT4 clients: 1000 saved...
2026-06-17 15:04:29,160 INFO MT4 clients: 1500 saved...
2026-06-17 15:04:29,635 INFO MT4 clients: 2000 saved...
2026-06-17 15:04:30,081 INFO MT4 clients: 2500 saved...
2026-06-17 15:04:30,527 INFO MT4 clients: 3000 saved...
2026-06-17 15:04:30,971 INFO MT4 clients: 3500 saved...
2026-06-17 15:04:31,364 INFO MT4 clients: 4000 saved...
2026-06-17 15:04:31,755 INFO MT4 clients: 4500 saved...
2026-06-17 15:04:32,146 INFO MT4 clients: 5000 saved...
2026-06-17 15:04:32,374 INFO MT4: 5294 clients saved
2026-06-17 15:04:32,375 INFO save_mt4_clients done
2026-06-17 15:04:32,376 INFO Fetching closed trade history (last 2 days)...
2026-06-17 15:04:33,995 INFO sync_trade_journal: 81698 records, 6885 closed trades in last 2d
2026-06-17 15:04:33,995 INFO Got 6885 closed trades, saving to deals...
2026-06-17 15:06:18,938 INFO MT4 journal deals saved: 6885
2026-06-17 15:06:18,938 INFO save_journal_deals done
2026-06-17 15:06:18,939 INFO === ONE-SHOT FETCH COMPLETE ===
2026-06-17 15:07:19,904 INFO Connecting to MT4...
2026-06-17 15:07:20,033 INFO mtmanapi64.dll loaded
2026-06-17 15:07:20,034 INFO MT4 manager instance created (ver=26215873)
2026-06-17 15:07:20,289 INFO MT4 connected and logged in. IsConnected=1
2026-06-17 15:07:20,290 INFO Fetching all users...
2026-06-17 15:07:20,512 INFO AdmUsersRequest: 5294 users
2026-06-17 15:07:20,513 INFO Got 5294 users, saving to clients/trading_accounts...
2026-06-17 15:07:21,454 INFO MT4 clients: 500 saved...
2026-06-17 15:07:21,748 INFO MT4 clients: 1000 saved...
2026-06-17 15:07:22,047 INFO MT4 clients: 1500 saved...
2026-06-17 15:07:22,352 INFO MT4 clients: 2000 saved...
2026-06-17 15:07:22,653 INFO MT4 clients: 2500 saved...
2026-06-17 15:07:22,950 INFO MT4 clients: 3000 saved...
2026-06-17 15:07:23,259 INFO MT4 clients: 3500 saved...
2026-06-17 15:07:23,607 INFO MT4 clients: 4000 saved...
2026-06-17 15:07:23,943 INFO MT4 clients: 4500 saved...
2026-06-17 15:07:24,277 INFO MT4 clients: 5000 saved...
2026-06-17 15:07:24,478 INFO MT4: 5294 clients saved
2026-06-17 15:07:24,479 INFO save_mt4_clients done
2026-06-17 15:07:24,480 INFO Fetching closed trade history (last 2 days)...
2026-06-17 15:07:25,943 INFO sync_trade_journal: 81712 records, 6886 closed trades in last 2d
2026-06-17 15:07:25,944 INFO Got 6886 closed trades, saving to deals...
2026-06-17 15:07:32,532 INFO MT4 journal deals saved: 6886
2026-06-17 15:07:32,533 INFO save_journal_deals done
2026-06-17 15:07:32,534 INFO === ONE-SHOT FETCH COMPLETE ===
2026-06-17 15:08:33,369 INFO Connecting to MT4...
2026-06-17 15:08:33,512 INFO mtmanapi64.dll loaded
2026-06-17 15:08:33,513 INFO MT4 manager instance created (ver=26215873)
2026-06-17 15:08:33,772 INFO MT4 connected and logged in. IsConnected=1
2026-06-17 15:08:33,774 INFO Fetching all users...
2026-06-17 15:08:33,978 INFO AdmUsersRequest: 5294 users
2026-06-17 15:08:33,979 INFO Got 5294 users, saving to clients/trading_accounts...
2026-06-17 15:08:34,980 INFO MT4 clients: 500 saved...
2026-06-17 15:08:35,294 INFO MT4 clients: 1000 saved...
2026-06-17 15:08:35,623 INFO MT4 clients: 1500 saved...
2026-06-17 15:08:35,959 INFO MT4 clients: 2000 saved...
2026-06-17 15:08:36,296 INFO MT4 clients: 2500 saved...
2026-06-17 15:08:36,617 INFO MT4 clients: 3000 saved...
2026-06-17 15:08:36,935 INFO MT4 clients: 3500 saved...
2026-06-17 15:08:37,247 INFO MT4 clients: 4000 saved...
2026-06-17 15:08:37,585 INFO MT4 clients: 4500 saved...
2026-06-17 15:08:37,918 INFO MT4 clients: 5000 saved...
2026-06-17 15:08:38,114 INFO MT4: 5294 clients saved
2026-06-17 15:08:38,114 INFO save_mt4_clients done
2026-06-17 15:08:38,115 INFO Fetching closed trade history (last 2 days)...
2026-06-17 15:08:39,531 INFO sync_trade_journal: 81714 records, 6886 closed trades in last 2d
2026-06-17 15:08:39,531 INFO Got 6886 closed trades, saving to deals...
2026-06-17 15:08:45,705 INFO MT4 journal deals saved: 6886
2026-06-17 15:08:45,706 INFO save_journal_deals done
2026-06-17 15:08:45,706 INFO === ONE-SHOT FETCH COMPLETE ===
2026-06-17 15:09:46,532 INFO Connecting to MT4...
2026-06-17 15:09:46,669 INFO mtmanapi64.dll loaded
2026-06-17 15:09:46,670 INFO MT4 manager instance created (ver=26215873)
2026-06-17 15:09:46,924 INFO MT4 connected and logged in. IsConnected=1
2026-06-17 15:09:46,925 INFO Fetching all users...
2026-06-17 15:09:47,130 INFO AdmUsersRequest: 5294 users
2026-06-17 15:09:47,131 INFO Got 5294 users, saving to clients/trading_accounts...
2026-06-17 15:09:48,122 INFO MT4 clients: 500 saved...
2026-06-17 15:09:48,412 INFO MT4 clients: 1000 saved...
2026-06-17 15:09:48,702 INFO MT4 clients: 1500 saved...
2026-06-17 15:09:48,994 INFO MT4 clients: 2000 saved...
2026-06-17 15:09:49,282 INFO MT4 clients: 2500 saved...
2026-06-17 15:09:49,566 INFO MT4 clients: 3000 saved...
2026-06-17 15:09:49,855 INFO MT4 clients: 3500 saved...
2026-06-17 15:09:50,160 INFO MT4 clients: 4000 saved...
2026-06-17 15:09:50,490 INFO MT4 clients: 4500 saved...
2026-06-17 15:09:50,808 INFO MT4 clients: 5000 saved...
2026-06-17 15:09:50,990 INFO MT4: 5294 clients saved
2026-06-17 15:09:50,991 INFO save_mt4_clients done
2026-06-17 15:09:50,991 INFO Fetching closed trade history (last 2 days)...
2026-06-17 15:09:52,450 INFO sync_trade_journal: 81720 records, 6886 closed trades in last 2d
2026-06-17 15:09:52,452 INFO Got 6886 closed trades, saving to deals...
2026-06-17 15:09:58,803 INFO MT4 journal deals saved: 6886
2026-06-17 15:09:58,804 INFO save_journal_deals done
2026-06-17 15:09:58,804 INFO === ONE-SHOT FETCH COMPLETE ===
2026-06-17 15:10:59,575 INFO Connecting to MT4...
2026-06-17 15:10:59,707 INFO mtmanapi64.dll loaded
2026-06-17 15:10:59,708 INFO MT4 manager instance created (ver=26215873)
2026-06-17 15:10:59,960 INFO MT4 connected and logged in. IsConnected=1
2026-06-17 15:10:59,961 INFO Fetching all users...
2026-06-17 15:11:00,171 INFO AdmUsersRequest: 5294 users
2026-06-17 15:11:00,172 INFO Got 5294 users, saving to clients/trading_accounts...
2026-06-17 15:11:01,245 INFO MT4 clients: 500 saved...
2026-06-17 15:11:01,597 INFO MT4 clients: 1000 saved...
2026-06-17 15:11:01,957 INFO MT4 clients: 1500 saved...
2026-06-17 15:11:02,340 INFO MT4 clients: 2000 saved...
2026-06-17 15:11:02,691 INFO MT4 clients: 2500 saved...
2026-06-17 15:11:03,059 INFO MT4 clients: 3000 saved...
2026-06-17 15:11:03,461 INFO MT4 clients: 3500 saved...
2026-06-17 15:11:03,805 INFO MT4 clients: 4000 saved...
2026-06-17 15:11:04,152 INFO MT4 clients: 4500 saved...
2026-06-17 15:11:04,495 INFO MT4 clients: 5000 saved...
2026-06-17 15:11:04,690 INFO MT4: 5294 clients saved
2026-06-17 15:11:04,691 INFO save_mt4_clients done
2026-06-17 15:11:04,691 INFO Fetching closed trade history (last 2 days)...
2026-06-17 15:11:06,146 INFO sync_trade_journal: 81734 records, 6890 closed trades in last 2d
2026-06-17 15:11:06,147 INFO Got 6890 closed trades, saving to deals...
2026-06-17 15:11:12,117 INFO MT4 journal deals saved: 6890
2026-06-17 15:11:12,118 INFO save_journal_deals done
2026-06-17 15:11:12,119 INFO === ONE-SHOT FETCH COMPLETE ===
2026-06-17 15:12:13,408 INFO Connecting to MT4...
2026-06-17 15:12:13,607 INFO mtmanapi64.dll loaded
2026-06-17 15:12:13,608 INFO MT4 manager instance created (ver=26215873)
2026-06-17 15:12:13,864 INFO MT4 connected and logged in. IsConnected=1
2026-06-17 15:12:13,865 INFO Fetching all users...
2026-06-17 15:12:14,066 INFO AdmUsersRequest: 5294 users
2026-06-17 15:12:14,067 INFO Got 5294 users, saving to clients/trading_accounts...
2026-06-17 15:12:16,079 INFO MT4 clients: 500 saved...
2026-06-17 15:12:16,487 INFO MT4 clients: 1000 saved...
2026-06-17 15:12:16,945 INFO MT4 clients: 1500 saved...
2026-06-17 15:12:17,358 INFO MT4 clients: 2000 saved...
2026-06-17 15:12:17,768 INFO MT4 clients: 2500 saved...
2026-06-17 15:12:18,152 INFO MT4 clients: 3000 saved...
2026-06-17 15:12:18,538 INFO MT4 clients: 3500 saved...
2026-06-17 15:12:18,922 INFO MT4 clients: 4000 saved...
2026-06-17 15:12:19,353 INFO MT4 clients: 4500 saved...
2026-06-17 15:12:19,762 INFO MT4 clients: 5000 saved...
2026-06-17 15:12:19,988 INFO MT4: 5294 clients saved
2026-06-17 15:12:19,989 INFO save_mt4_clients done
2026-06-17 15:12:19,989 INFO Fetching closed trade history (last 2 days)...
2026-06-17 15:12:21,522 INFO sync_trade_journal: 81737 records, 6890 closed trades in last 2d
2026-06-17 15:12:21,523 INFO Got 6890 closed trades, saving to deals...
2026-06-17 15:12:30,161 INFO MT4 journal deals saved: 6890
2026-06-17 15:12:30,162 INFO save_journal_deals done
2026-06-17 15:12:30,163 INFO === ONE-SHOT FETCH COMPLETE ===
2026-06-17 15:13:31,314 INFO Connecting to MT4...
2026-06-17 15:13:31,455 INFO mtmanapi64.dll loaded
2026-06-17 15:13:31,456 INFO MT4 manager instance created (ver=26215873)
2026-06-17 15:13:31,709 INFO MT4 connected and logged in. IsConnected=1
2026-06-17 15:13:31,710 INFO Fetching all users...
2026-06-17 15:13:31,924 INFO AdmUsersRequest: 5294 users
2026-06-17 15:13:31,925 INFO Got 5294 users, saving to clients/trading_accounts...
2026-06-17 15:13:33,193 INFO MT4 clients: 500 saved...
2026-06-17 15:13:33,596 INFO MT4 clients: 1000 saved...
2026-06-17 15:13:34,017 INFO MT4 clients: 1500 saved...
2026-06-17 15:13:34,407 INFO MT4 clients: 2000 saved...
2026-06-17 15:13:34,792 INFO MT4 clients: 2500 saved...
2026-06-17 15:13:35,196 INFO MT4 clients: 3000 saved...
2026-06-17 15:13:35,566 INFO MT4 clients: 3500 saved...
2026-06-17 15:13:35,925 INFO MT4 clients: 4000 saved...
2026-06-17 15:13:36,289 INFO MT4 clients: 4500 saved...
2026-06-17 15:13:36,628 INFO MT4 clients: 5000 saved...
2026-06-17 15:13:36,840 INFO MT4: 5294 clients saved
2026-06-17 15:13:36,841 INFO save_mt4_clients done
2026-06-17 15:13:36,842 INFO Fetching closed trade history (last 2 days)...
2026-06-17 15:13:38,314 INFO sync_trade_journal: 81738 records, 6891 closed trades in last 2d
2026-06-17 15:13:38,315 INFO Got 6891 closed trades, saving to deals...
2026-06-17 15:14:21,216 INFO MT4 journal deals saved: 6891
2026-06-17 15:14:21,217 INFO save_journal_deals done
2026-06-17 15:14:21,217 INFO === ONE-SHOT FETCH COMPLETE ===
2026-06-17 15:14:22,448 INFO mtmanapi64.dll loaded
2026-06-17 15:14:22,450 INFO MT4 manager instance created (ver=26215873)
2026-06-17 15:14:22,710 INFO MT4 connected and logged in. IsConnected=1
2026-06-17 15:15:25,006 INFO Connecting to MT4...
2026-06-17 15:15:25,152 INFO mtmanapi64.dll loaded
2026-06-17 15:15:25,153 INFO MT4 manager instance created (ver=26215873)
2026-06-17 15:15:25,404 INFO MT4 connected and logged in. IsConnected=1
2026-06-17 15:15:25,405 INFO Fetching all users...
2026-06-17 15:15:25,629 INFO AdmUsersRequest: 5294 users
2026-06-17 15:15:25,629 INFO Got 5294 users, saving to clients/trading_accounts...
2026-06-17 15:15:27,134 INFO MT4 clients: 500 saved...
2026-06-17 15:15:27,593 INFO MT4 clients: 1000 saved...
2026-06-17 15:15:28,047 INFO MT4 clients: 1500 saved...
2026-06-17 15:15:28,513 INFO MT4 clients: 2000 saved...
2026-06-17 15:15:28,952 INFO MT4 clients: 2500 saved...
2026-06-17 15:15:29,385 INFO MT4 clients: 3000 saved...
2026-06-17 15:15:29,816 INFO MT4 clients: 3500 saved...
2026-06-17 15:15:30,258 INFO MT4 clients: 4000 saved...
2026-06-17 15:15:30,707 INFO MT4 clients: 4500 saved...
2026-06-17 15:15:31,173 INFO MT4 clients: 5000 saved...
2026-06-17 15:15:31,465 INFO MT4: 5294 clients saved
2026-06-17 15:15:31,466 INFO save_mt4_clients done
2026-06-17 15:15:31,467 INFO Fetching closed trade history (last 2 days)...
2026-06-17 15:15:33,017 INFO sync_trade_journal: 81741 records, 6892 closed trades in last 2d
2026-06-17 15:15:33,017 INFO Got 6892 closed trades, saving to deals...
2026-06-17 15:16:33,398 INFO MT4 journal deals saved: 6892
2026-06-17 15:16:33,399 INFO save_journal_deals done
2026-06-17 15:16:33,399 INFO === ONE-SHOT FETCH COMPLETE ===
2026-06-17 15:17:39,301 INFO Connecting to MT4...
2026-06-17 15:17:39,464 INFO mtmanapi64.dll loaded
2026-06-17 15:17:39,465 INFO MT4 manager instance created (ver=26215873)
2026-06-17 15:17:39,719 INFO MT4 connected and logged in. IsConnected=1
2026-06-17 15:17:39,720 INFO Fetching all users...
2026-06-17 15:17:39,921 INFO AdmUsersRequest: 5294 users
2026-06-17 15:17:39,922 INFO Got 5294 users, saving to clients/trading_accounts...
2026-06-17 15:17:41,102 INFO MT4 clients: 500 saved...
2026-06-17 15:17:41,510 INFO MT4 clients: 1000 saved...
2026-06-17 15:17:41,913 INFO MT4 clients: 1500 saved...
2026-06-17 15:17:42,305 INFO MT4 clients: 2000 saved...
2026-06-17 15:17:42,688 INFO MT4 clients: 2500 saved...
2026-06-17 15:17:43,048 INFO MT4 clients: 3000 saved...
2026-06-17 15:17:43,401 INFO MT4 clients: 3500 saved...
2026-06-17 15:17:43,768 INFO MT4 clients: 4000 saved...
2026-06-17 15:17:44,124 INFO MT4 clients: 4500 saved...
2026-06-17 15:17:44,468 INFO MT4 clients: 5000 saved...
2026-06-17 15:17:44,682 INFO MT4: 5294 clients saved
2026-06-17 15:17:44,683 INFO save_mt4_clients done
2026-06-17 15:17:44,684 INFO Fetching closed trade history (last 2 days)...
2026-06-17 15:17:46,163 INFO sync_trade_journal: 81856 records, 6906 closed trades in last 2d
2026-06-17 15:17:46,164 INFO Got 6906 closed trades, saving to deals...
2026-06-17 15:17:53,964 INFO MT4 journal deals saved: 6906
2026-06-17 15:17:53,965 INFO save_journal_deals done
2026-06-17 15:17:53,965 INFO === ONE-SHOT FETCH COMPLETE ===
2026-06-17 15:18:54,960 INFO Connecting to MT4...
2026-06-17 15:18:55,091 INFO mtmanapi64.dll loaded
2026-06-17 15:18:55,092 INFO MT4 manager instance created (ver=26215873)
2026-06-17 15:18:55,371 INFO MT4 connected and logged in. IsConnected=1
2026-06-17 15:18:55,372 INFO Fetching all users...
2026-06-17 15:18:55,576 INFO AdmUsersRequest: 5294 users
2026-06-17 15:18:55,577 INFO Got 5294 users, saving to clients/trading_accounts...
2026-06-17 15:18:56,535 INFO MT4 clients: 500 saved...
2026-06-17 15:18:56,834 INFO MT4 clients: 1000 saved...
2026-06-17 15:18:57,130 INFO MT4 clients: 1500 saved...
2026-06-17 15:18:57,429 INFO MT4 clients: 2000 saved...
2026-06-17 15:18:57,737 INFO MT4 clients: 2500 saved...
2026-06-17 15:18:58,033 INFO MT4 clients: 3000 saved...
2026-06-17 15:18:58,342 INFO MT4 clients: 3500 saved...
2026-06-17 15:18:58,637 INFO MT4 clients: 4000 saved...
2026-06-17 15:18:58,944 INFO MT4 clients: 4500 saved...
2026-06-17 15:18:59,251 INFO MT4 clients: 5000 saved...
2026-06-17 15:18:59,431 INFO MT4: 5294 clients saved
2026-06-17 15:18:59,432 INFO save_mt4_clients done
2026-06-17 15:18:59,432 INFO Fetching closed trade history (last 2 days)...
2026-06-17 15:19:01,030 INFO sync_trade_journal: 81988 records, 6911 closed trades in last 2d
2026-06-17 15:19:01,031 INFO Got 6911 closed trades, saving to deals...
2026-06-17 15:19:08,514 INFO MT4 journal deals saved: 6911
2026-06-17 15:19:08,515 INFO save_journal_deals done
2026-06-17 15:19:08,515 INFO === ONE-SHOT FETCH COMPLETE ===
2026-06-17 15:20:09,429 INFO Connecting to MT4...
2026-06-17 15:20:09,568 INFO mtmanapi64.dll loaded
2026-06-17 15:20:09,569 INFO MT4 manager instance created (ver=26215873)
2026-06-17 15:20:09,825 INFO MT4 connected and logged in. IsConnected=1
2026-06-17 15:20:09,826 INFO Fetching all users...
2026-06-17 15:20:10,039 INFO AdmUsersRequest: 5294 users
2026-06-17 15:20:10,040 INFO Got 5294 users, saving to clients/trading_accounts...
2026-06-17 15:20:11,125 INFO MT4 clients: 500 saved...
2026-06-17 15:20:11,479 INFO MT4 clients: 1000 saved...
2026-06-17 15:20:11,826 INFO MT4 clients: 1500 saved...
2026-06-17 15:20:12,174 INFO MT4 clients: 2000 saved...
2026-06-17 15:20:12,566 INFO MT4 clients: 2500 saved...
2026-06-17 15:20:12,950 INFO MT4 clients: 3000 saved...
2026-06-17 15:20:13,316 INFO MT4 clients: 3500 saved...
2026-06-17 15:20:13,707 INFO MT4 clients: 4000 saved...
2026-06-17 15:20:14,109 INFO MT4 clients: 4500 saved...
2026-06-17 15:20:14,499 INFO MT4 clients: 5000 saved...
2026-06-17 15:20:14,709 INFO MT4: 5294 clients saved
2026-06-17 15:20:14,710 INFO save_mt4_clients done
2026-06-17 15:20:14,711 INFO Fetching closed trade history (last 2 days)...
2026-06-17 15:20:16,232 INFO sync_trade_journal: 82028 records, 6914 closed trades in last 2d
2026-06-17 15:20:16,233 INFO Got 6914 closed trades, saving to deals...
2026-06-17 15:20:23,609 INFO MT4 journal deals saved: 6914
2026-06-17 15:20:23,610 INFO save_journal_deals done
2026-06-17 15:20:23,610 INFO === ONE-SHOT FETCH COMPLETE ===
2026-06-17 15:21:24,477 INFO Connecting to MT4...
2026-06-17 15:21:24,610 INFO mtmanapi64.dll loaded
2026-06-17 15:21:24,611 INFO MT4 manager instance created (ver=26215873)
2026-06-17 15:21:24,903 INFO MT4 connected and logged in. IsConnected=1
2026-06-17 15:21:24,905 INFO Fetching all users...
2026-06-17 15:21:25,114 INFO AdmUsersRequest: 5294 users
2026-06-17 15:21:25,115 INFO Got 5294 users, saving to clients/trading_accounts...
2026-06-17 15:21:26,235 INFO MT4 clients: 500 saved...
2026-06-17 15:21:26,621 INFO MT4 clients: 1000 saved...
2026-06-17 15:21:26,977 INFO MT4 clients: 1500 saved...
2026-06-17 15:21:27,326 INFO MT4 clients: 2000 saved...
2026-06-17 15:21:27,682 INFO MT4 clients: 2500 saved...
2026-06-17 15:21:28,032 INFO MT4 clients: 3000 saved...
2026-06-17 15:21:28,387 INFO MT4 clients: 3500 saved...
2026-06-17 15:21:28,744 INFO MT4 clients: 4000 saved...
2026-06-17 15:21:29,103 INFO MT4 clients: 4500 saved...
2026-06-17 15:21:29,488 INFO MT4 clients: 5000 saved...
2026-06-17 15:21:29,696 INFO MT4: 5294 clients saved
2026-06-17 15:21:29,697 INFO save_mt4_clients done
2026-06-17 15:21:29,698 INFO Fetching closed trade history (last 2 days)...
2026-06-17 15:21:31,234 INFO sync_trade_journal: 82199 records, 6927 closed trades in last 2d
2026-06-17 15:21:31,234 INFO Got 6927 closed trades, saving to deals...
2026-06-17 15:21:38,189 INFO MT4 journal deals saved: 6927
2026-06-17 15:21:38,190 INFO save_journal_deals done
2026-06-17 15:21:38,190 INFO === ONE-SHOT FETCH COMPLETE ===
2026-06-17 15:22:39,195 INFO Connecting to MT4...
2026-06-17 15:22:39,336 INFO mtmanapi64.dll loaded
2026-06-17 15:22:39,337 INFO MT4 manager instance created (ver=26215873)
2026-06-17 15:22:39,541 INFO MT4 connected and logged in. IsConnected=1
2026-06-17 15:22:39,542 INFO Fetching all users...
2026-06-17 15:22:39,747 INFO AdmUsersRequest: 5294 users
2026-06-17 15:22:39,748 INFO Got 5294 users, saving to clients/trading_accounts...
2026-06-17 15:22:41,003 INFO MT4 clients: 500 saved...
2026-06-17 15:22:41,440 INFO MT4 clients: 1000 saved...
2026-06-17 15:22:41,855 INFO MT4 clients: 1500 saved...
2026-06-17 15:22:42,291 INFO MT4 clients: 2000 saved...
2026-06-17 15:22:42,718 INFO MT4 clients: 2500 saved...
2026-06-17 15:22:43,101 INFO MT4 clients: 3000 saved...
2026-06-17 15:22:43,494 INFO MT4 clients: 3500 saved...
2026-06-17 15:22:43,889 INFO MT4 clients: 4000 saved...
2026-06-17 15:22:44,277 INFO MT4 clients: 4500 saved...
2026-06-17 15:22:44,633 INFO MT4 clients: 5000 saved...
2026-06-17 15:22:44,836 INFO MT4: 5294 clients saved
2026-06-17 15:22:44,836 INFO save_mt4_clients done
2026-06-17 15:22:44,837 INFO Fetching closed trade history (last 2 days)...
2026-06-17 15:22:46,367 INFO sync_trade_journal: 82271 records, 6935 closed trades in last 2d
2026-06-17 15:22:46,369 INFO Got 6935 closed trades, saving to deals...
2026-06-17 15:22:53,756 INFO MT4 journal deals saved: 6935
2026-06-17 15:22:53,757 INFO save_journal_deals done
2026-06-17 15:22:53,758 INFO === ONE-SHOT FETCH COMPLETE ===
2026-06-17 15:23:54,604 INFO Connecting to MT4...
2026-06-17 15:23:54,733 INFO mtmanapi64.dll loaded
2026-06-17 15:23:54,734 INFO MT4 manager instance created (ver=26215873)
2026-06-17 15:23:54,988 INFO MT4 connected and logged in. IsConnected=1
2026-06-17 15:23:54,988 INFO Fetching all users...
2026-06-17 15:23:55,186 INFO AdmUsersRequest: 5294 users
2026-06-17 15:23:55,187 INFO Got 5294 users, saving to clients/trading_accounts...
2026-06-17 15:23:56,167 INFO MT4 clients: 500 saved...
2026-06-17 15:23:56,510 INFO MT4 clients: 1000 saved...
2026-06-17 15:23:56,837 INFO MT4 clients: 1500 saved...
2026-06-17 15:23:57,163 INFO MT4 clients: 2000 saved...
2026-06-17 15:23:57,453 INFO MT4 clients: 2500 saved...
2026-06-17 15:23:57,740 INFO MT4 clients: 3000 saved...
2026-06-17 15:23:58,026 INFO MT4 clients: 3500 saved...
2026-06-17 15:23:58,319 INFO MT4 clients: 4000 saved...
2026-06-17 15:23:58,633 INFO MT4 clients: 4500 saved...
2026-06-17 15:23:58,915 INFO MT4 clients: 5000 saved...
2026-06-17 15:23:59,073 INFO MT4: 5294 clients saved
2026-06-17 15:23:59,074 INFO save_mt4_clients done
2026-06-17 15:23:59,075 INFO Fetching closed trade history (last 2 days)...
2026-06-17 15:24:00,545 INFO sync_trade_journal: 82351 records, 6944 closed trades in last 2d
2026-06-17 15:24:00,546 INFO Got 6944 closed trades, saving to deals...
2026-06-17 15:24:06,590 INFO MT4 journal deals saved: 6944
2026-06-17 15:24:06,591 INFO save_journal_deals done
2026-06-17 15:24:06,591 INFO === ONE-SHOT FETCH COMPLETE ===
2026-06-17 15:25:07,521 INFO Connecting to MT4...
2026-06-17 15:25:07,660 INFO mtmanapi64.dll loaded
2026-06-17 15:25:07,661 INFO MT4 manager instance created (ver=26215873)
2026-06-17 15:25:07,913 INFO MT4 connected and logged in. IsConnected=1
2026-06-17 15:25:07,913 INFO Fetching all users...
2026-06-17 15:25:08,127 INFO AdmUsersRequest: 5294 users
2026-06-17 15:25:08,129 INFO Got 5294 users, saving to clients/trading_accounts...
2026-06-17 15:25:09,273 INFO MT4 clients: 500 saved...
2026-06-17 15:25:09,686 INFO MT4 clients: 1000 saved...
2026-06-17 15:25:10,077 INFO MT4 clients: 1500 saved...
2026-06-17 15:25:10,539 INFO MT4 clients: 2000 saved...
2026-06-17 15:25:10,939 INFO MT4 clients: 2500 saved...
2026-06-17 15:25:11,372 INFO MT4 clients: 3000 saved...
2026-06-17 15:25:11,734 INFO MT4 clients: 3500 saved...
2026-06-17 15:25:12,092 INFO MT4 clients: 4000 saved...
2026-06-17 15:25:12,455 INFO MT4 clients: 4500 saved...
2026-06-17 15:25:12,804 INFO MT4 clients: 5000 saved...
2026-06-17 15:25:12,991 INFO MT4: 5294 clients saved
2026-06-17 15:25:12,992 INFO save_mt4_clients done
2026-06-17 15:25:12,992 INFO Fetching closed trade history (last 2 days)...
2026-06-17 15:25:14,472 INFO sync_trade_journal: 82395 records, 6951 closed trades in last 2d
2026-06-17 15:25:14,473 INFO Got 6951 closed trades, saving to deals...
2026-06-17 15:26:14,682 INFO MT4 journal deals saved: 6951
2026-06-17 15:26:14,683 INFO save_journal_deals done
2026-06-17 15:26:14,683 INFO === ONE-SHOT FETCH COMPLETE ===
2026-06-17 15:27:16,552 INFO Connecting to MT4...
2026-06-17 15:27:16,756 INFO mtmanapi64.dll loaded
2026-06-17 15:27:16,756 INFO MT4 manager instance created (ver=26215873)
2026-06-17 15:27:17,021 INFO MT4 connected and logged in. IsConnected=1
2026-06-17 15:27:17,022 INFO Fetching all users...
2026-06-17 15:27:17,231 INFO AdmUsersRequest: 5294 users
2026-06-17 15:27:17,232 INFO Got 5294 users, saving to clients/trading_accounts...
2026-06-17 15:27:19,672 INFO MT4 clients: 500 saved...
2026-06-17 15:27:20,164 INFO MT4 clients: 1000 saved...
2026-06-17 15:27:20,652 INFO MT4 clients: 1500 saved...
2026-06-17 15:27:21,111 INFO MT4 clients: 2000 saved...
2026-06-17 15:27:21,553 INFO MT4 clients: 2500 saved...
2026-06-17 15:27:21,990 INFO MT4 clients: 3000 saved...
2026-06-17 15:27:22,456 INFO MT4 clients: 3500 saved...
2026-06-17 15:27:22,924 INFO MT4 clients: 4000 saved...
2026-06-17 15:27:23,365 INFO MT4 clients: 4500 saved...
2026-06-17 15:27:23,821 INFO MT4 clients: 5000 saved...
2026-06-17 15:27:24,054 INFO MT4: 5294 clients saved
2026-06-17 15:27:24,055 INFO save_mt4_clients done
2026-06-17 15:27:24,056 INFO Fetching closed trade history (last 2 days)...
2026-06-17 15:27:26,412 INFO sync_trade_journal: 82453 records, 6956 closed trades in last 2d
2026-06-17 15:27:26,413 INFO Got 6956 closed trades, saving to deals...
2026-06-17 15:27:35,517 INFO MT4 journal deals saved: 6956
2026-06-17 15:27:35,518 INFO save_journal_deals done
2026-06-17 15:27:35,518 INFO === ONE-SHOT FETCH COMPLETE ===
2026-06-17 15:28:36,673 INFO Connecting to MT4...
2026-06-17 15:28:36,817 INFO mtmanapi64.dll loaded
2026-06-17 15:28:36,818 INFO MT4 manager instance created (ver=26215873)
2026-06-17 15:28:37,070 INFO MT4 connected and logged in. IsConnected=1
2026-06-17 15:28:37,072 INFO Fetching all users...
2026-06-17 15:28:37,276 INFO AdmUsersRequest: 5294 users
2026-06-17 15:28:37,277 INFO Got 5294 users, saving to clients/trading_accounts...
2026-06-17 15:28:38,477 INFO MT4 clients: 500 saved...
2026-06-17 15:28:38,900 INFO MT4 clients: 1000 saved...
2026-06-17 15:28:39,365 INFO MT4 clients: 1500 saved...
2026-06-17 15:28:39,937 INFO MT4 clients: 2000 saved...
2026-06-17 15:28:40,443 INFO MT4 clients: 2500 saved...
2026-06-17 15:28:40,882 INFO MT4 clients: 3000 saved...
2026-06-17 15:28:41,310 INFO MT4 clients: 3500 saved...
2026-06-17 15:28:41,707 INFO MT4 clients: 4000 saved...
2026-06-17 15:28:42,135 INFO MT4 clients: 4500 saved...
2026-06-17 15:28:42,528 INFO MT4 clients: 5000 saved...
2026-06-17 15:28:42,725 INFO MT4: 5294 clients saved
2026-06-17 15:28:42,726 INFO save_mt4_clients done
2026-06-17 15:28:42,726 INFO Fetching closed trade history (last 2 days)...
2026-06-17 15:28:44,176 INFO sync_trade_journal: 82492 records, 6957 closed trades in last 2d
2026-06-17 15:28:44,178 INFO Got 6957 closed trades, saving to deals...
2026-06-17 15:29:08,381 INFO MT4 journal deals saved: 6957
2026-06-17 15:29:08,382 INFO save_journal_deals done
2026-06-17 15:29:08,382 INFO === ONE-SHOT FETCH COMPLETE ===
2026-06-17 15:29:09,447 INFO mtmanapi64.dll loaded
2026-06-17 15:29:09,450 INFO MT4 manager instance created (ver=26215873)
2026-06-17 15:29:09,700 INFO MT4 connected and logged in. IsConnected=1
2026-06-17 15:30:11,897 INFO Connecting to MT4...
2026-06-17 15:30:12,034 INFO mtmanapi64.dll loaded
2026-06-17 15:30:12,035 INFO MT4 manager instance created (ver=26215873)
2026-06-17 15:30:12,293 INFO MT4 connected and logged in. IsConnected=1
2026-06-17 15:30:12,293 INFO Fetching all users...
2026-06-17 15:30:12,501 INFO AdmUsersRequest: 5294 users
2026-06-17 15:30:12,502 INFO Got 5294 users, saving to clients/trading_accounts...
2026-06-17 15:30:13,832 INFO MT4 clients: 500 saved...
2026-06-17 15:30:14,220 INFO MT4 clients: 1000 saved...
2026-06-17 15:30:14,590 INFO MT4 clients: 1500 saved...
2026-06-17 15:30:14,968 INFO MT4 clients: 2000 saved...
2026-06-17 15:30:15,379 INFO MT4 clients: 2500 saved...
2026-06-17 15:30:15,740 INFO MT4 clients: 3000 saved...
2026-06-17 15:30:16,094 INFO MT4 clients: 3500 saved...
2026-06-17 15:30:16,467 INFO MT4 clients: 4000 saved...
2026-06-17 15:30:16,862 INFO MT4 clients: 4500 saved...
2026-06-17 15:30:17,228 INFO MT4 clients: 5000 saved...
2026-06-17 15:30:17,470 INFO MT4: 5294 clients saved
2026-06-17 15:30:17,471 INFO save_mt4_clients done
2026-06-17 15:30:17,472 INFO Fetching closed trade history (last 2 days)...
2026-06-17 15:30:18,944 INFO sync_trade_journal: 82531 records, 6968 closed trades in last 2d
2026-06-17 15:30:18,945 INFO Got 6968 closed trades, saving to deals...
2026-06-17 15:30:26,666 INFO MT4 journal deals saved: 6968
2026-06-17 15:30:26,667 INFO save_journal_deals done
2026-06-17 15:30:26,667 INFO === ONE-SHOT FETCH COMPLETE ===
2026-06-17 15:31:27,586 INFO Connecting to MT4...
2026-06-17 15:31:27,765 INFO mtmanapi64.dll loaded
2026-06-17 15:31:27,765 INFO MT4 manager instance created (ver=26215873)
2026-06-17 15:31:28,017 INFO MT4 connected and logged in. IsConnected=1
2026-06-17 15:31:28,018 INFO Fetching all users...
2026-06-17 15:31:28,225 INFO AdmUsersRequest: 5294 users
2026-06-17 15:31:28,226 INFO Got 5294 users, saving to clients/trading_accounts...
2026-06-17 15:31:29,436 INFO MT4 clients: 500 saved...
2026-06-17 15:31:29,856 INFO MT4 clients: 1000 saved...
2026-06-17 15:31:30,273 INFO MT4 clients: 1500 saved...
2026-06-17 15:31:30,680 INFO MT4 clients: 2000 saved...
2026-06-17 15:31:31,087 INFO MT4 clients: 2500 saved...
2026-06-17 15:31:31,474 INFO MT4 clients: 3000 saved...
2026-06-17 15:31:31,858 INFO MT4 clients: 3500 saved...
2026-06-17 15:31:32,251 INFO MT4 clients: 4000 saved...
2026-06-17 15:31:32,642 INFO MT4 clients: 4500 saved...
2026-06-17 15:31:33,016 INFO MT4 clients: 5000 saved...
2026-06-17 15:31:33,235 INFO MT4: 5294 clients saved
2026-06-17 15:31:33,235 INFO save_mt4_clients done
2026-06-17 15:31:33,236 INFO Fetching closed trade history (last 2 days)...
2026-06-17 15:31:34,716 INFO sync_trade_journal: 82562 records, 6972 closed trades in last 2d
2026-06-17 15:31:34,717 INFO Got 6972 closed trades, saving to deals...
2026-06-17 15:31:42,180 INFO MT4 journal deals saved: 6972
2026-06-17 15:31:42,181 INFO save_journal_deals done
2026-06-17 15:31:42,181 INFO === ONE-SHOT FETCH COMPLETE ===
2026-06-17 15:32:43,137 INFO Connecting to MT4...
2026-06-17 15:32:43,276 INFO mtmanapi64.dll loaded
2026-06-17 15:32:43,277 INFO MT4 manager instance created (ver=26215873)
2026-06-17 15:32:43,531 INFO MT4 connected and logged in. IsConnected=1
2026-06-17 15:32:43,532 INFO Fetching all users...
2026-06-17 15:32:43,737 INFO AdmUsersRequest: 5294 users
2026-06-17 15:32:43,738 INFO Got 5294 users, saving to clients/trading_accounts...
2026-06-17 15:32:44,907 INFO MT4 clients: 500 saved...
2026-06-17 15:32:45,299 INFO MT4 clients: 1000 saved...
2026-06-17 15:32:45,678 INFO MT4 clients: 1500 saved...
2026-06-17 15:32:46,046 INFO MT4 clients: 2000 saved...
2026-06-17 15:32:46,449 INFO MT4 clients: 2500 saved...
2026-06-17 15:32:46,830 INFO MT4 clients: 3000 saved...
2026-06-17 15:32:47,180 INFO MT4 clients: 3500 saved...
2026-06-17 15:32:47,555 INFO MT4 clients: 4000 saved...
2026-06-17 15:32:47,910 INFO MT4 clients: 4500 saved...
2026-06-17 15:32:48,268 INFO MT4 clients: 5000 saved...
2026-06-17 15:32:48,463 INFO MT4: 5294 clients saved
2026-06-17 15:32:48,464 INFO save_mt4_clients done
2026-06-17 15:32:48,465 INFO Fetching closed trade history (last 2 days)...
2026-06-17 15:32:49,926 INFO sync_trade_journal: 82564 records, 6972 closed trades in last 2d
2026-06-17 15:32:49,927 INFO Got 6972 closed trades, saving to deals...
2026-06-17 15:32:57,554 INFO MT4 journal deals saved: 6972
2026-06-17 15:32:57,555 INFO save_journal_deals done
2026-06-17 15:32:57,556 INFO === ONE-SHOT FETCH COMPLETE ===
2026-06-17 15:33:58,463 INFO Connecting to MT4...
2026-06-17 15:33:58,591 INFO mtmanapi64.dll loaded
2026-06-17 15:33:58,593 INFO MT4 manager instance created (ver=26215873)
2026-06-17 15:33:58,848 INFO MT4 connected and logged in. IsConnected=1
2026-06-17 15:33:58,849 INFO Fetching all users...
2026-06-17 15:33:59,059 INFO AdmUsersRequest: 5294 users
2026-06-17 15:33:59,060 INFO Got 5294 users, saving to clients/trading_accounts...
2026-06-17 15:34:00,186 INFO MT4 clients: 500 saved...
2026-06-17 15:34:00,605 INFO MT4 clients: 1000 saved...
2026-06-17 15:34:00,984 INFO MT4 clients: 1500 saved...
2026-06-17 15:34:01,366 INFO MT4 clients: 2000 saved...
2026-06-17 15:34:01,743 INFO MT4 clients: 2500 saved...
2026-06-17 15:34:02,101 INFO MT4 clients: 3000 saved...
2026-06-17 15:34:02,453 INFO MT4 clients: 3500 saved...
2026-06-17 15:34:02,841 INFO MT4 clients: 4000 saved...
2026-06-17 15:34:03,211 INFO MT4 clients: 4500 saved...
2026-06-17 15:34:03,606 INFO MT4 clients: 5000 saved...
2026-06-17 15:34:03,825 INFO MT4: 5294 clients saved
2026-06-17 15:34:03,826 INFO save_mt4_clients done
2026-06-17 15:34:03,826 INFO Fetching closed trade history (last 2 days)...
2026-06-17 15:34:05,351 INFO sync_trade_journal: 82586 records, 6974 closed trades in last 2d
2026-06-17 15:34:05,352 INFO Got 6974 closed trades, saving to deals...
2026-06-17 15:34:13,057 INFO MT4 journal deals saved: 6974
2026-06-17 15:34:13,057 INFO save_journal_deals done
2026-06-17 15:34:13,058 INFO === ONE-SHOT FETCH COMPLETE ===
2026-06-17 15:35:14,180 INFO Connecting to MT4...
2026-06-17 15:35:14,323 INFO mtmanapi64.dll loaded
2026-06-17 15:35:14,324 INFO MT4 manager instance created (ver=26215873)
2026-06-17 15:35:14,580 INFO MT4 connected and logged in. IsConnected=1
2026-06-17 15:35:14,581 INFO Fetching all users...
2026-06-17 15:35:14,783 INFO AdmUsersRequest: 5294 users
2026-06-17 15:35:14,784 INFO Got 5294 users, saving to clients/trading_accounts...
2026-06-17 15:35:16,358 INFO MT4 clients: 500 saved...
2026-06-17 15:35:16,828 INFO MT4 clients: 1000 saved...
2026-06-17 15:35:17,305 INFO MT4 clients: 1500 saved...
2026-06-17 15:35:17,774 INFO MT4 clients: 2000 saved...
2026-06-17 15:35:18,224 INFO MT4 clients: 2500 saved...
2026-06-17 15:35:18,651 INFO MT4 clients: 3000 saved...
2026-06-17 15:35:19,087 INFO MT4 clients: 3500 saved...
2026-06-17 15:35:19,541 INFO MT4 clients: 4000 saved...
2026-06-17 15:35:19,979 INFO MT4 clients: 4500 saved...
2026-06-17 15:35:20,425 INFO MT4 clients: 5000 saved...
2026-06-17 15:35:20,678 INFO MT4: 5294 clients saved
2026-06-17 15:35:20,679 INFO save_mt4_clients done
2026-06-17 15:35:20,680 INFO Fetching closed trade history (last 2 days)...
2026-06-17 15:35:22,243 INFO sync_trade_journal: 82666 records, 6980 closed trades in last 2d
2026-06-17 15:35:22,244 INFO Got 6980 closed trades, saving to deals...
2026-06-17 15:36:20,339 INFO MT4 journal deals saved: 6980
2026-06-17 15:36:20,340 INFO save_journal_deals done
2026-06-17 15:36:20,341 INFO === ONE-SHOT FETCH COMPLETE ===
2026-06-17 15:37:21,427 INFO Connecting to MT4...
2026-06-17 15:37:21,559 INFO mtmanapi64.dll loaded
2026-06-17 15:37:21,560 INFO MT4 manager instance created (ver=26215873)
2026-06-17 15:37:21,816 INFO MT4 connected and logged in. IsConnected=1
2026-06-17 15:37:21,817 INFO Fetching all users...
2026-06-17 15:37:22,017 INFO AdmUsersRequest: 5294 users
2026-06-17 15:37:22,018 INFO Got 5294 users, saving to clients/trading_accounts...
2026-06-17 15:37:23,234 INFO MT4 clients: 500 saved...
2026-06-17 15:37:23,624 INFO MT4 clients: 1000 saved...
2026-06-17 15:37:24,033 INFO MT4 clients: 1500 saved...
2026-06-17 15:37:24,411 INFO MT4 clients: 2000 saved...
2026-06-17 15:37:24,796 INFO MT4 clients: 2500 saved...
2026-06-17 15:37:25,179 INFO MT4 clients: 3000 saved...
2026-06-17 15:37:25,543 INFO MT4 clients: 3500 saved...
2026-06-17 15:37:25,917 INFO MT4 clients: 4000 saved...
2026-06-17 15:37:26,294 INFO MT4 clients: 4500 saved...
2026-06-17 15:37:26,664 INFO MT4 clients: 5000 saved...
2026-06-17 15:37:26,875 INFO MT4: 5294 clients saved
2026-06-17 15:37:26,876 INFO save_mt4_clients done
2026-06-17 15:37:26,877 INFO Fetching closed trade history (last 2 days)...
2026-06-17 15:37:28,406 INFO sync_trade_journal: 82672 records, 6982 closed trades in last 2d
2026-06-17 15:37:28,407 INFO Got 6982 closed trades, saving to deals...
2026-06-17 15:37:35,390 INFO MT4 journal deals saved: 6982
2026-06-17 15:37:35,391 INFO save_journal_deals done
2026-06-17 15:37:35,391 INFO === ONE-SHOT FETCH COMPLETE ===
2026-06-17 15:38:36,304 INFO Connecting to MT4...
2026-06-17 15:38:36,444 INFO mtmanapi64.dll loaded
2026-06-17 15:38:36,445 INFO MT4 manager instance created (ver=26215873)
2026-06-17 15:38:36,662 INFO MT4 connected and logged in. IsConnected=1
2026-06-17 15:38:36,663 INFO Fetching all users...
2026-06-17 15:38:36,877 INFO AdmUsersRequest: 5294 users
2026-06-17 15:38:36,878 INFO Got 5294 users, saving to clients/trading_accounts...
2026-06-17 15:38:37,986 INFO MT4 clients: 500 saved...
2026-06-17 15:38:38,305 INFO MT4 clients: 1000 saved...
2026-06-17 15:38:38,617 INFO MT4 clients: 1500 saved...
2026-06-17 15:38:38,918 INFO MT4 clients: 2000 saved...
2026-06-17 15:38:39,207 INFO MT4 clients: 2500 saved...
2026-06-17 15:38:39,492 INFO MT4 clients: 3000 saved...
2026-06-17 15:38:39,786 INFO MT4 clients: 3500 saved...
2026-06-17 15:38:40,077 INFO MT4 clients: 4000 saved...
2026-06-17 15:38:40,369 INFO MT4 clients: 4500 saved...
2026-06-17 15:38:40,659 INFO MT4 clients: 5000 saved...
2026-06-17 15:38:40,825 INFO MT4: 5294 clients saved
2026-06-17 15:38:40,826 INFO save_mt4_clients done
2026-06-17 15:38:40,826 INFO Fetching closed trade history (last 2 days)...
2026-06-17 15:38:42,271 INFO sync_trade_journal: 82676 records, 6982 closed trades in last 2d
2026-06-17 15:38:42,272 INFO Got 6982 closed trades, saving to deals...
2026-06-17 15:38:48,887 INFO MT4 journal deals saved: 6982
2026-06-17 15:38:48,888 INFO save_journal_deals done
2026-06-17 15:38:48,888 INFO === ONE-SHOT FETCH COMPLETE ===
2026-06-17 15:39:49,710 INFO Connecting to MT4...
2026-06-17 15:39:49,843 INFO mtmanapi64.dll loaded
2026-06-17 15:39:49,844 INFO MT4 manager instance created (ver=26215873)
2026-06-17 15:39:50,096 INFO MT4 connected and logged in. IsConnected=1
2026-06-17 15:39:50,097 INFO Fetching all users...
2026-06-17 15:39:50,310 INFO AdmUsersRequest: 5294 users
2026-06-17 15:39:50,311 INFO Got 5294 users, saving to clients/trading_accounts...
2026-06-17 15:39:51,326 INFO MT4 clients: 500 saved...
2026-06-17 15:39:51,657 INFO MT4 clients: 1000 saved...
2026-06-17 15:39:51,987 INFO MT4 clients: 1500 saved...
2026-06-17 15:39:52,311 INFO MT4 clients: 2000 saved...
2026-06-17 15:39:52,635 INFO MT4 clients: 2500 saved...
2026-06-17 15:39:52,958 INFO MT4 clients: 3000 saved...
2026-06-17 15:39:53,275 INFO MT4 clients: 3500 saved...
2026-06-17 15:39:53,605 INFO MT4 clients: 4000 saved...
2026-06-17 15:39:53,950 INFO MT4 clients: 4500 saved...
2026-06-17 15:39:54,270 INFO MT4 clients: 5000 saved...
2026-06-17 15:39:54,459 INFO MT4: 5294 clients saved
2026-06-17 15:39:54,460 INFO save_mt4_clients done
2026-06-17 15:39:54,460 INFO Fetching closed trade history (last 2 days)...
2026-06-17 15:39:55,925 INFO sync_trade_journal: 82736 records, 6984 closed trades in last 2d
2026-06-17 15:39:55,926 INFO Got 6984 closed trades, saving to deals...
2026-06-17 15:40:02,216 INFO MT4 journal deals saved: 6984
2026-06-17 15:40:02,217 INFO save_journal_deals done
2026-06-17 15:40:02,217 INFO === ONE-SHOT FETCH COMPLETE ===
2026-06-17 15:41:02,973 INFO Connecting to MT4...
2026-06-17 15:41:03,108 INFO mtmanapi64.dll loaded
2026-06-17 15:41:03,109 INFO MT4 manager instance created (ver=26215873)
2026-06-17 15:41:03,362 INFO MT4 connected and logged in. IsConnected=1
2026-06-17 15:41:03,363 INFO Fetching all users...
2026-06-17 15:41:03,573 INFO AdmUsersRequest: 5294 users
2026-06-17 15:41:03,574 INFO Got 5294 users, saving to clients/trading_accounts...
2026-06-17 15:41:04,591 INFO MT4 clients: 500 saved...
2026-06-17 15:41:04,927 INFO MT4 clients: 1000 saved...
2026-06-17 15:41:05,218 INFO MT4 clients: 1500 saved...
2026-06-17 15:41:05,501 INFO MT4 clients: 2000 saved...
2026-06-17 15:41:05,773 INFO MT4 clients: 2500 saved...
2026-06-17 15:41:06,053 INFO MT4 clients: 3000 saved...
2026-06-17 15:41:06,346 INFO MT4 clients: 3500 saved...
2026-06-17 15:41:06,648 INFO MT4 clients: 4000 saved...
2026-06-17 15:41:06,957 INFO MT4 clients: 4500 saved...
2026-06-17 15:41:07,278 INFO MT4 clients: 5000 saved...
2026-06-17 15:41:07,518 INFO MT4: 5294 clients saved
2026-06-17 15:41:07,519 INFO save_mt4_clients done
2026-06-17 15:41:07,519 INFO Fetching closed trade history (last 2 days)...
2026-06-17 15:41:08,954 INFO sync_trade_journal: 82751 records, 6987 closed trades in last 2d
2026-06-17 15:41:08,955 INFO Got 6987 closed trades, saving to deals...
2026-06-17 15:41:15,396 INFO MT4 journal deals saved: 6987
2026-06-17 15:41:15,397 INFO save_journal_deals done
2026-06-17 15:41:15,398 INFO === ONE-SHOT FETCH COMPLETE ===
2026-06-17 15:42:17,441 INFO Connecting to MT4...
2026-06-17 15:42:17,711 INFO mtmanapi64.dll loaded
2026-06-17 15:42:17,712 INFO MT4 manager instance created (ver=26215873)
2026-06-17 15:42:17,966 INFO MT4 connected and logged in. IsConnected=1
2026-06-17 15:42:17,967 INFO Fetching all users...
2026-06-17 15:42:18,168 INFO AdmUsersRequest: 5294 users
2026-06-17 15:42:18,170 INFO Got 5294 users, saving to clients/trading_accounts...
2026-06-17 15:42:20,489 INFO MT4 clients: 500 saved...
2026-06-17 15:42:20,952 INFO MT4 clients: 1000 saved...
2026-06-17 15:42:21,385 INFO MT4 clients: 1500 saved...
2026-06-17 15:42:21,811 INFO MT4 clients: 2000 saved...
2026-06-17 15:42:22,256 INFO MT4 clients: 2500 saved...
2026-06-17 15:42:22,678 INFO MT4 clients: 3000 saved...
2026-06-17 15:42:23,110 INFO MT4 clients: 3500 saved...
2026-06-17 15:42:23,522 INFO MT4 clients: 4000 saved...
2026-06-17 15:42:23,937 INFO MT4 clients: 4500 saved...
2026-06-17 15:42:24,345 INFO MT4 clients: 5000 saved...
2026-06-17 15:42:24,570 INFO MT4: 5294 clients saved
2026-06-17 15:42:24,571 INFO save_mt4_clients done
2026-06-17 15:42:24,571 INFO Fetching closed trade history (last 2 days)...
2026-06-17 15:42:26,429 INFO sync_trade_journal: 82761 records, 6989 closed trades in last 2d
2026-06-17 15:42:26,430 INFO Got 6989 closed trades, saving to deals...
2026-06-17 15:42:36,839 INFO MT4 journal deals saved: 6989
2026-06-17 15:42:36,840 INFO save_journal_deals done
2026-06-17 15:42:36,840 INFO === ONE-SHOT FETCH COMPLETE ===
2026-06-17 15:42:38,232 INFO mtmanapi64.dll loaded
2026-06-17 15:42:38,235 INFO MT4 manager instance created (ver=26215873)
2026-06-17 15:42:38,492 INFO MT4 connected and logged in. IsConnected=1
2026-06-17 15:43:40,893 INFO Connecting to MT4...
2026-06-17 15:43:41,070 INFO mtmanapi64.dll loaded
2026-06-17 15:43:41,071 INFO MT4 manager instance created (ver=26215873)
2026-06-17 15:43:41,323 INFO MT4 connected and logged in. IsConnected=1
2026-06-17 15:43:41,324 INFO Fetching all users...
2026-06-17 15:43:41,541 INFO AdmUsersRequest: 5294 users
2026-06-17 15:43:41,542 INFO Got 5294 users, saving to clients/trading_accounts...
2026-06-17 15:43:43,190 INFO MT4 clients: 500 saved...
2026-06-17 15:43:43,695 INFO MT4 clients: 1000 saved...
2026-06-17 15:43:44,118 INFO MT4 clients: 1500 saved...
2026-06-17 15:43:44,587 INFO MT4 clients: 2000 saved...
2026-06-17 15:43:45,075 INFO MT4 clients: 2500 saved...
2026-06-17 15:43:45,489 INFO MT4 clients: 3000 saved...
2026-06-17 15:43:45,877 INFO MT4 clients: 3500 saved...
2026-06-17 15:43:46,356 INFO MT4 clients: 4000 saved...
2026-06-17 15:43:46,846 INFO MT4 clients: 4500 saved...
2026-06-17 15:43:47,282 INFO MT4 clients: 5000 saved...
2026-06-17 15:43:47,507 INFO MT4: 5294 clients saved
2026-06-17 15:43:47,508 INFO save_mt4_clients done
2026-06-17 15:43:47,509 INFO Fetching closed trade history (last 2 days)...
2026-06-17 15:43:49,144 INFO sync_trade_journal: 82769 records, 6990 closed trades in last 2d
2026-06-17 15:43:49,145 INFO Got 6990 closed trades, saving to deals...
2026-06-17 15:44:23,580 INFO MT4 journal deals saved: 6990
2026-06-17 15:44:23,580 INFO save_journal_deals done
2026-06-17 15:44:23,581 INFO === ONE-SHOT FETCH COMPLETE ===
2026-06-17 15:45:25,803 INFO Connecting to MT4...
2026-06-17 15:45:26,353 INFO mtmanapi64.dll loaded
2026-06-17 15:45:26,354 INFO MT4 manager instance created (ver=26215873)
2026-06-17 15:45:26,607 INFO MT4 connected and logged in. IsConnected=1
2026-06-17 15:45:26,608 INFO Fetching all users...
2026-06-17 15:45:26,814 INFO AdmUsersRequest: 5294 users
2026-06-17 15:45:26,815 INFO Got 5294 users, saving to clients/trading_accounts...
2026-06-17 15:45:28,214 INFO MT4 clients: 500 saved...
2026-06-17 15:45:28,642 INFO MT4 clients: 1000 saved...
2026-06-17 15:45:29,063 INFO MT4 clients: 1500 saved...
2026-06-17 15:45:29,466 INFO MT4 clients: 2000 saved...
2026-06-17 15:45:29,858 INFO MT4 clients: 2500 saved...
2026-06-17 15:45:30,274 INFO MT4 clients: 3000 saved...
2026-06-17 15:45:30,666 INFO MT4 clients: 3500 saved...
2026-06-17 15:45:31,113 INFO MT4 clients: 4000 saved...
2026-06-17 15:45:31,599 INFO MT4 clients: 4500 saved...
2026-06-17 15:45:32,108 INFO MT4 clients: 5000 saved...
2026-06-17 15:45:32,502 INFO MT4: 5294 clients saved
2026-06-17 15:45:32,503 INFO save_mt4_clients done
2026-06-17 15:45:32,503 INFO Fetching closed trade history (last 2 days)...
2026-06-17 15:45:36,497 INFO sync_trade_journal: 82797 records, 6993 closed trades in last 2d
2026-06-17 15:45:36,499 INFO Got 6993 closed trades, saving to deals...
2026-06-17 15:46:27,962 INFO MT4 journal deals saved: 6993
2026-06-17 15:46:27,962 INFO save_journal_deals done
2026-06-17 15:46:27,963 INFO === ONE-SHOT FETCH COMPLETE ===
2026-06-17 15:47:29,025 INFO Connecting to MT4...
2026-06-17 15:47:29,163 INFO mtmanapi64.dll loaded
2026-06-17 15:47:29,164 INFO MT4 manager instance created (ver=26215873)
2026-06-17 15:47:29,415 INFO MT4 connected and logged in. IsConnected=1
2026-06-17 15:47:29,416 INFO Fetching all users...
2026-06-17 15:47:29,628 INFO AdmUsersRequest: 5294 users
2026-06-17 15:47:29,629 INFO Got 5294 users, saving to clients/trading_accounts...
2026-06-17 15:47:30,816 INFO MT4 clients: 500 saved...
2026-06-17 15:47:31,214 INFO MT4 clients: 1000 saved...
2026-06-17 15:47:31,649 INFO MT4 clients: 1500 saved...
2026-06-17 15:47:32,053 INFO MT4 clients: 2000 saved...
2026-06-17 15:47:32,453 INFO MT4 clients: 2500 saved...
2026-06-17 15:47:32,860 INFO MT4 clients: 3000 saved...
2026-06-17 15:47:33,275 INFO MT4 clients: 3500 saved...
2026-06-17 15:47:33,677 INFO MT4 clients: 4000 saved...
2026-06-17 15:47:34,097 INFO MT4 clients: 4500 saved...
2026-06-17 15:47:34,486 INFO MT4 clients: 5000 saved...
2026-06-17 15:47:34,700 INFO MT4: 5294 clients saved
2026-06-17 15:47:34,701 INFO save_mt4_clients done
2026-06-17 15:47:34,701 INFO Fetching closed trade history (last 2 days)...
2026-06-17 15:47:36,245 INFO sync_trade_journal: 82835 records, 6997 closed trades in last 2d
2026-06-17 15:47:36,246 INFO Got 6997 closed trades, saving to deals...
2026-06-17 15:47:43,451 INFO MT4 journal deals saved: 6997
2026-06-17 15:47:43,452 INFO save_journal_deals done
2026-06-17 15:47:43,453 INFO === ONE-SHOT FETCH COMPLETE ===
2026-06-17 15:48:44,421 INFO Connecting to MT4...
2026-06-17 15:48:44,567 INFO mtmanapi64.dll loaded
2026-06-17 15:48:44,568 INFO MT4 manager instance created (ver=26215873)
2026-06-17 15:48:44,797 INFO MT4 connected and logged in. IsConnected=1
2026-06-17 15:48:44,798 INFO Fetching all users...
2026-06-17 15:48:45,008 INFO AdmUsersRequest: 5294 users
2026-06-17 15:48:45,009 INFO Got 5294 users, saving to clients/trading_accounts...
2026-06-17 15:48:46,270 INFO MT4 clients: 500 saved...
2026-06-17 15:48:46,728 INFO MT4 clients: 1000 saved...
2026-06-17 15:48:47,203 INFO MT4 clients: 1500 saved...
2026-06-17 15:48:47,616 INFO MT4 clients: 2000 saved...
2026-06-17 15:48:48,006 INFO MT4 clients: 2500 saved...
2026-06-17 15:48:48,392 INFO MT4 clients: 3000 saved...
2026-06-17 15:48:48,776 INFO MT4 clients: 3500 saved...
2026-06-17 15:48:49,181 INFO MT4 clients: 4000 saved...
2026-06-17 15:48:49,576 INFO MT4 clients: 4500 saved...
2026-06-17 15:48:49,970 INFO MT4 clients: 5000 saved...
2026-06-17 15:48:50,216 INFO MT4: 5294 clients saved
2026-06-17 15:48:50,217 INFO save_mt4_clients done
2026-06-17 15:48:50,218 INFO Fetching closed trade history (last 2 days)...
2026-06-17 15:48:51,753 INFO sync_trade_journal: 82842 records, 7000 closed trades in last 2d
2026-06-17 15:48:51,754 INFO Got 7000 closed trades, saving to deals...
2026-06-17 15:48:59,191 INFO MT4 journal deals saved: 7000
2026-06-17 15:48:59,192 INFO save_journal_deals done
2026-06-17 15:48:59,193 INFO === ONE-SHOT FETCH COMPLETE ===
2026-06-17 15:50:00,187 INFO Connecting to MT4...
2026-06-17 15:50:00,326 INFO mtmanapi64.dll loaded
2026-06-17 15:50:00,328 INFO MT4 manager instance created (ver=26215873)
2026-06-17 15:50:00,579 INFO MT4 connected and logged in. IsConnected=1
2026-06-17 15:50:00,580 INFO Fetching all users...
2026-06-17 15:50:00,788 INFO AdmUsersRequest: 5294 users
2026-06-17 15:50:00,789 INFO Got 5294 users, saving to clients/trading_accounts...
2026-06-17 15:50:01,988 INFO MT4 clients: 500 saved...
2026-06-17 15:50:02,412 INFO MT4 clients: 1000 saved...
2026-06-17 15:50:02,799 INFO MT4 clients: 1500 saved...
2026-06-17 15:50:03,182 INFO MT4 clients: 2000 saved...
2026-06-17 15:50:03,608 INFO MT4 clients: 2500 saved...
2026-06-17 15:50:04,024 INFO MT4 clients: 3000 saved...
2026-06-17 15:50:04,440 INFO MT4 clients: 3500 saved...
2026-06-17 15:50:04,868 INFO MT4 clients: 4000 saved...
2026-06-17 15:50:05,268 INFO MT4 clients: 4500 saved...
2026-06-17 15:50:05,690 INFO MT4 clients: 5000 saved...
2026-06-17 15:50:05,919 INFO MT4: 5294 clients saved
2026-06-17 15:50:05,920 INFO save_mt4_clients done
2026-06-17 15:50:05,921 INFO Fetching closed trade history (last 2 days)...
2026-06-17 15:50:07,446 INFO sync_trade_journal: 82850 records, 7001 closed trades in last 2d
2026-06-17 15:50:07,447 INFO Got 7001 closed trades, saving to deals...
2026-06-17 15:50:15,251 INFO MT4 journal deals saved: 7001
2026-06-17 15:50:15,252 INFO save_journal_deals done
2026-06-17 15:50:15,252 INFO === ONE-SHOT FETCH COMPLETE ===
2026-06-17 15:51:16,337 INFO Connecting to MT4...
2026-06-17 15:51:16,500 INFO mtmanapi64.dll loaded
2026-06-17 15:51:16,502 INFO MT4 manager instance created (ver=26215873)
2026-06-17 15:51:16,755 INFO MT4 connected and logged in. IsConnected=1
2026-06-17 15:51:16,757 INFO Fetching all users...
2026-06-17 15:51:16,968 INFO AdmUsersRequest: 5294 users
2026-06-17 15:51:16,969 INFO Got 5294 users, saving to clients/trading_accounts...
2026-06-17 15:51:18,207 INFO MT4 clients: 500 saved...
2026-06-17 15:51:18,593 INFO MT4 clients: 1000 saved...
2026-06-17 15:51:18,964 INFO MT4 clients: 1500 saved...
2026-06-17 15:51:19,308 INFO MT4 clients: 2000 saved...
2026-06-17 15:51:19,642 INFO MT4 clients: 2500 saved...
2026-06-17 15:51:19,992 INFO MT4 clients: 3000 saved...
2026-06-17 15:51:20,339 INFO MT4 clients: 3500 saved...
2026-06-17 15:51:20,692 INFO MT4 clients: 4000 saved...
2026-06-17 15:51:21,042 INFO MT4 clients: 4500 saved...
2026-06-17 15:51:21,377 INFO MT4 clients: 5000 saved...
2026-06-17 15:51:21,570 INFO MT4: 5294 clients saved
2026-06-17 15:51:21,571 INFO save_mt4_clients done
2026-06-17 15:51:21,572 INFO Fetching closed trade history (last 2 days)...
2026-06-17 15:51:23,039 INFO sync_trade_journal: 82885 records, 7007 closed trades in last 2d
2026-06-17 15:51:23,040 INFO Got 7007 closed trades, saving to deals...
2026-06-17 15:51:30,373 INFO MT4 journal deals saved: 7007
2026-06-17 15:51:30,374 INFO save_journal_deals done
2026-06-17 15:51:30,374 INFO === ONE-SHOT FETCH COMPLETE ===
2026-06-17 15:52:31,259 INFO Connecting to MT4...
2026-06-17 15:52:31,404 INFO mtmanapi64.dll loaded
2026-06-17 15:52:31,405 INFO MT4 manager instance created (ver=26215873)
2026-06-17 15:52:31,660 INFO MT4 connected and logged in. IsConnected=1
2026-06-17 15:52:31,661 INFO Fetching all users...
2026-06-17 15:52:31,877 INFO AdmUsersRequest: 5294 users
2026-06-17 15:52:31,877 INFO Got 5294 users, saving to clients/trading_accounts...
2026-06-17 15:52:33,092 INFO MT4 clients: 500 saved...
2026-06-17 15:52:33,459 INFO MT4 clients: 1000 saved...
2026-06-17 15:52:33,832 INFO MT4 clients: 1500 saved...
2026-06-17 15:52:34,196 INFO MT4 clients: 2000 saved...
2026-06-17 15:52:34,581 INFO MT4 clients: 2500 saved...
2026-06-17 15:52:34,938 INFO MT4 clients: 3000 saved...
2026-06-17 15:52:35,302 INFO MT4 clients: 3500 saved...
2026-06-17 15:52:35,653 INFO MT4 clients: 4000 saved...
2026-06-17 15:52:36,007 INFO MT4 clients: 4500 saved...
2026-06-17 15:52:36,387 INFO MT4 clients: 5000 saved...
2026-06-17 15:52:36,615 INFO MT4: 5294 clients saved
2026-06-17 15:52:36,616 INFO save_mt4_clients done
2026-06-17 15:52:36,616 INFO Fetching closed trade history (last 2 days)...
2026-06-17 15:52:38,072 INFO sync_trade_journal: 82893 records, 7008 closed trades in last 2d
2026-06-17 15:52:38,073 INFO Got 7008 closed trades, saving to deals...
2026-06-17 15:52:44,985 INFO MT4 journal deals saved: 7008
2026-06-17 15:52:44,986 INFO save_journal_deals done
2026-06-17 15:52:44,987 INFO === ONE-SHOT FETCH COMPLETE ===
2026-06-17 15:53:45,952 INFO Connecting to MT4...
2026-06-17 15:53:46,083 INFO mtmanapi64.dll loaded
2026-06-17 15:53:46,084 INFO MT4 manager instance created (ver=26215873)
2026-06-17 15:53:46,337 INFO MT4 connected and logged in. IsConnected=1
2026-06-17 15:53:46,338 INFO Fetching all users...
2026-06-17 15:53:46,540 INFO AdmUsersRequest: 5294 users
2026-06-17 15:53:46,541 INFO Got 5294 users, saving to clients/trading_accounts...
2026-06-17 15:53:47,741 INFO MT4 clients: 500 saved...
2026-06-17 15:53:48,090 INFO MT4 clients: 1000 saved...
2026-06-17 15:53:48,418 INFO MT4 clients: 1500 saved...
2026-06-17 15:53:48,756 INFO MT4 clients: 2000 saved...
2026-06-17 15:53:49,111 INFO MT4 clients: 2500 saved...
2026-06-17 15:53:49,466 INFO MT4 clients: 3000 saved...
2026-06-17 15:53:49,798 INFO MT4 clients: 3500 saved...
2026-06-17 15:53:50,119 INFO MT4 clients: 4000 saved...
2026-06-17 15:53:50,503 INFO MT4 clients: 4500 saved...
2026-06-17 15:53:50,834 INFO MT4 clients: 5000 saved...
2026-06-17 15:53:51,035 INFO MT4: 5294 clients saved
2026-06-17 15:53:51,036 INFO save_mt4_clients done
2026-06-17 15:53:51,036 INFO Fetching closed trade history (last 2 days)...
2026-06-17 15:53:52,586 INFO sync_trade_journal: 82895 records, 7008 closed trades in last 2d
2026-06-17 15:53:52,587 INFO Got 7008 closed trades, saving to deals...
2026-06-17 15:53:59,206 INFO MT4 journal deals saved: 7008
2026-06-17 15:53:59,206 INFO save_journal_deals done
2026-06-17 15:53:59,207 INFO === ONE-SHOT FETCH COMPLETE ===
2026-06-17 15:55:00,049 INFO Connecting to MT4...
2026-06-17 15:55:00,188 INFO mtmanapi64.dll loaded
2026-06-17 15:55:00,190 INFO MT4 manager instance created (ver=26215873)
2026-06-17 15:55:00,445 INFO MT4 connected and logged in. IsConnected=1
2026-06-17 15:55:00,446 INFO Fetching all users...
2026-06-17 15:55:00,649 INFO AdmUsersRequest: 5294 users
2026-06-17 15:55:00,650 INFO Got 5294 users, saving to clients/trading_accounts...
2026-06-17 15:55:01,958 INFO MT4 clients: 500 saved...
2026-06-17 15:55:02,308 INFO MT4 clients: 1000 saved...
2026-06-17 15:55:02,660 INFO MT4 clients: 1500 saved...
2026-06-17 15:55:03,018 INFO MT4 clients: 2000 saved...
2026-06-17 15:55:03,408 INFO MT4 clients: 2500 saved...
2026-06-17 15:55:03,791 INFO MT4 clients: 3000 saved...
2026-06-17 15:55:04,150 INFO MT4 clients: 3500 saved...
2026-06-17 15:55:04,517 INFO MT4 clients: 4000 saved...
2026-06-17 15:55:04,881 INFO MT4 clients: 4500 saved...
2026-06-17 15:55:05,223 INFO MT4 clients: 5000 saved...
2026-06-17 15:55:05,432 INFO MT4: 5294 clients saved
2026-06-17 15:55:05,433 INFO save_mt4_clients done
2026-06-17 15:55:05,434 INFO Fetching closed trade history (last 2 days)...
2026-06-17 15:55:06,900 INFO sync_trade_journal: 82899 records, 7009 closed trades in last 2d
2026-06-17 15:55:06,900 INFO Got 7009 closed trades, saving to deals...
2026-06-17 15:56:20,104 INFO MT4 journal deals saved: 7009
2026-06-17 15:56:20,105 INFO save_journal_deals done
2026-06-17 15:56:20,105 INFO === ONE-SHOT FETCH COMPLETE ===
2026-06-17 15:57:21,574 INFO Connecting to MT4...
2026-06-17 15:57:21,779 INFO mtmanapi64.dll loaded
2026-06-17 15:57:21,779 INFO MT4 manager instance created (ver=26215873)
2026-06-17 15:57:22,030 INFO MT4 connected and logged in. IsConnected=1
2026-06-17 15:57:22,031 INFO Fetching all users...
2026-06-17 15:57:22,247 INFO AdmUsersRequest: 5294 users
2026-06-17 15:57:22,248 INFO Got 5294 users, saving to clients/trading_accounts...
2026-06-17 15:57:23,753 INFO MT4 clients: 500 saved...
2026-06-17 15:57:24,096 INFO MT4 clients: 1000 saved...
2026-06-17 15:57:24,399 INFO MT4 clients: 1500 saved...
2026-06-17 15:57:24,726 INFO MT4 clients: 2000 saved...
2026-06-17 15:57:25,025 INFO MT4 clients: 2500 saved...
2026-06-17 15:57:25,335 INFO MT4 clients: 3000 saved...
2026-06-17 15:57:25,689 INFO MT4 clients: 3500 saved...
2026-06-17 15:57:26,031 INFO MT4 clients: 4000 saved...
2026-06-17 15:57:26,402 INFO MT4 clients: 4500 saved...
2026-06-17 15:57:26,750 INFO MT4 clients: 5000 saved...
2026-06-17 15:57:26,938 INFO MT4: 5294 clients saved
2026-06-17 15:57:26,939 INFO save_mt4_clients done
2026-06-17 15:57:26,939 INFO Fetching closed trade history (last 2 days)...
2026-06-17 15:57:28,454 INFO sync_trade_journal: 83138 records, 7027 closed trades in last 2d
2026-06-17 15:57:28,454 INFO Got 7027 closed trades, saving to deals...
2026-06-17 15:58:47,119 INFO MT4 journal deals saved: 7027
2026-06-17 15:58:47,120 INFO save_journal_deals done
2026-06-17 15:58:47,120 INFO === ONE-SHOT FETCH COMPLETE ===
2026-06-17 15:58:48,263 INFO mtmanapi64.dll loaded
2026-06-17 15:58:48,266 INFO MT4 manager instance created (ver=26215873)
2026-06-17 15:58:48,531 INFO MT4 connected and logged in. IsConnected=1
2026-06-17 15:59:50,814 INFO Connecting to MT4...
2026-06-17 15:59:50,965 INFO mtmanapi64.dll loaded
2026-06-17 15:59:50,966 INFO MT4 manager instance created (ver=26215873)
2026-06-17 15:59:51,227 INFO MT4 connected and logged in. IsConnected=1
2026-06-17 15:59:51,228 INFO Fetching all users...
2026-06-17 15:59:51,433 INFO AdmUsersRequest: 5294 users
2026-06-17 15:59:51,434 INFO Got 5294 users, saving to clients/trading_accounts...
2026-06-17 15:59:52,619 INFO MT4 clients: 500 saved...
2026-06-17 15:59:53,036 INFO MT4 clients: 1000 saved...
2026-06-17 15:59:53,431 INFO MT4 clients: 1500 saved...
2026-06-17 15:59:53,805 INFO MT4 clients: 2000 saved...
2026-06-17 15:59:54,187 INFO MT4 clients: 2500 saved...
2026-06-17 15:59:54,567 INFO MT4 clients: 3000 saved...
2026-06-17 15:59:54,938 INFO MT4 clients: 3500 saved...
2026-06-17 15:59:55,353 INFO MT4 clients: 4000 saved...
2026-06-17 15:59:55,739 INFO MT4 clients: 4500 saved...
2026-06-17 15:59:56,121 INFO MT4 clients: 5000 saved...
2026-06-17 15:59:56,344 INFO MT4: 5294 clients saved
2026-06-17 15:59:56,345 INFO save_mt4_clients done
2026-06-17 15:59:56,346 INFO Fetching closed trade history (last 2 days)...
2026-06-17 15:59:57,903 INFO sync_trade_journal: 83250 records, 7041 closed trades in last 2d
2026-06-17 15:59:57,904 INFO Got 7041 closed trades, saving to deals...
2026-06-17 16:00:06,205 INFO MT4 journal deals saved: 7041
2026-06-17 16:00:06,206 INFO save_journal_deals done
2026-06-17 16:00:06,206 INFO === ONE-SHOT FETCH COMPLETE ===
2026-06-17 16:01:07,272 INFO Connecting to MT4...
2026-06-17 16:01:07,421 INFO mtmanapi64.dll loaded
2026-06-17 16:01:07,422 INFO MT4 manager instance created (ver=26215873)
2026-06-17 16:01:07,675 INFO MT4 connected and logged in. IsConnected=1
2026-06-17 16:01:07,676 INFO Fetching all users...
2026-06-17 16:01:07,879 INFO AdmUsersRequest: 5294 users
2026-06-17 16:01:07,880 INFO Got 5294 users, saving to clients/trading_accounts...
2026-06-17 16:01:09,145 INFO MT4 clients: 500 saved...
2026-06-17 16:01:09,545 INFO MT4 clients: 1000 saved...
2026-06-17 16:01:09,977 INFO MT4 clients: 1500 saved...
2026-06-17 16:01:10,360 INFO MT4 clients: 2000 saved...
2026-06-17 16:01:10,725 INFO MT4 clients: 2500 saved...
2026-06-17 16:01:11,093 INFO MT4 clients: 3000 saved...
2026-06-17 16:01:11,472 INFO MT4 clients: 3500 saved...
2026-06-17 16:01:11,834 INFO MT4 clients: 4000 saved...
2026-06-17 16:01:12,198 INFO MT4 clients: 4500 saved...
2026-06-17 16:01:12,553 INFO MT4 clients: 5000 saved...
2026-06-17 16:01:12,755 INFO MT4: 5294 clients saved
2026-06-17 16:01:12,755 INFO save_mt4_clients done
2026-06-17 16:01:12,756 INFO Fetching closed trade history (last 2 days)...
2026-06-17 16:01:14,281 INFO sync_trade_journal: 83290 records, 7050 closed trades in last 2d
2026-06-17 16:01:14,282 INFO Got 7050 closed trades, saving to deals...
2026-06-17 16:01:22,021 INFO MT4 journal deals saved: 7050
2026-06-17 16:01:22,022 INFO save_journal_deals done
2026-06-17 16:01:22,023 INFO === ONE-SHOT FETCH COMPLETE ===
2026-06-17 16:02:23,086 INFO Connecting to MT4...
2026-06-17 16:02:23,225 INFO mtmanapi64.dll loaded
2026-06-17 16:02:23,226 INFO MT4 manager instance created (ver=26215873)
2026-06-17 16:02:23,485 INFO MT4 connected and logged in. IsConnected=1
2026-06-17 16:02:23,486 INFO Fetching all users...
2026-06-17 16:02:23,694 INFO AdmUsersRequest: 5294 users
2026-06-17 16:02:23,695 INFO Got 5294 users, saving to clients/trading_accounts...
2026-06-17 16:02:24,875 INFO MT4 clients: 500 saved...
2026-06-17 16:02:25,257 INFO MT4 clients: 1000 saved...
2026-06-17 16:02:25,601 INFO MT4 clients: 1500 saved...
2026-06-17 16:02:25,942 INFO MT4 clients: 2000 saved...
2026-06-17 16:02:26,288 INFO MT4 clients: 2500 saved...
2026-06-17 16:02:26,628 INFO MT4 clients: 3000 saved...
2026-06-17 16:02:26,961 INFO MT4 clients: 3500 saved...
2026-06-17 16:02:27,280 INFO MT4 clients: 4000 saved...
2026-06-17 16:02:27,617 INFO MT4 clients: 4500 saved...
2026-06-17 16:02:27,943 INFO MT4 clients: 5000 saved...
2026-06-17 16:02:28,133 INFO MT4: 5294 clients saved
2026-06-17 16:02:28,133 INFO save_mt4_clients done
2026-06-17 16:02:28,134 INFO Fetching closed trade history (last 2 days)...
2026-06-17 16:02:29,626 INFO sync_trade_journal: 83337 records, 7054 closed trades in last 2d
2026-06-17 16:02:29,627 INFO Got 7054 closed trades, saving to deals...
2026-06-17 16:02:36,835 INFO MT4 journal deals saved: 7054
2026-06-17 16:02:36,835 INFO save_journal_deals done
2026-06-17 16:02:36,836 INFO === ONE-SHOT FETCH COMPLETE ===
2026-06-17 16:03:37,757 INFO Connecting to MT4...
2026-06-17 16:03:37,894 INFO mtmanapi64.dll loaded
2026-06-17 16:03:37,895 INFO MT4 manager instance created (ver=26215873)
2026-06-17 16:03:38,151 INFO MT4 connected and logged in. IsConnected=1
2026-06-17 16:03:38,152 INFO Fetching all users...
2026-06-17 16:03:38,351 INFO AdmUsersRequest: 5294 users
2026-06-17 16:03:38,352 INFO Got 5294 users, saving to clients/trading_accounts...
2026-06-17 16:03:39,750 INFO MT4 clients: 500 saved...
2026-06-17 16:03:40,122 INFO MT4 clients: 1000 saved...
2026-06-17 16:03:40,518 INFO MT4 clients: 1500 saved...
2026-06-17 16:03:40,883 INFO MT4 clients: 2000 saved...
2026-06-17 16:03:41,265 INFO MT4 clients: 2500 saved...
2026-06-17 16:03:41,647 INFO MT4 clients: 3000 saved...
2026-06-17 16:03:42,006 INFO MT4 clients: 3500 saved...
2026-06-17 16:03:42,392 INFO MT4 clients: 4000 saved...
2026-06-17 16:03:42,781 INFO MT4 clients: 4500 saved...
2026-06-17 16:03:43,171 INFO MT4 clients: 5000 saved...
2026-06-17 16:03:43,384 INFO MT4: 5294 clients saved
2026-06-17 16:03:43,385 INFO save_mt4_clients done
2026-06-17 16:03:43,385 INFO Fetching closed trade history (last 2 days)...
2026-06-17 16:03:45,963 INFO sync_trade_journal: 83363 records, 7058 closed trades in last 2d
2026-06-17 16:03:45,968 INFO Got 7058 closed trades, saving to deals...
2026-06-17 16:03:54,051 INFO MT4 journal deals saved: 7058
2026-06-17 16:03:54,052 INFO save_journal_deals done
2026-06-17 16:03:54,052 INFO === ONE-SHOT FETCH COMPLETE ===
2026-06-17 16:04:55,059 INFO Connecting to MT4...
2026-06-17 16:04:55,203 INFO mtmanapi64.dll loaded
2026-06-17 16:04:55,204 INFO MT4 manager instance created (ver=26215873)
2026-06-17 16:04:55,459 INFO MT4 connected and logged in. IsConnected=1
2026-06-17 16:04:55,460 INFO Fetching all users...
2026-06-17 16:04:55,660 INFO AdmUsersRequest: 5294 users
2026-06-17 16:04:55,660 INFO Got 5294 users, saving to clients/trading_accounts...
2026-06-17 16:04:57,051 INFO MT4 clients: 500 saved...
2026-06-17 16:04:57,487 INFO MT4 clients: 1000 saved...
2026-06-17 16:04:57,901 INFO MT4 clients: 1500 saved...
2026-06-17 16:04:58,309 INFO MT4 clients: 2000 saved...
2026-06-17 16:04:58,704 INFO MT4 clients: 2500 saved...
2026-06-17 16:04:59,107 INFO MT4 clients: 3000 saved...
2026-06-17 16:04:59,494 INFO MT4 clients: 3500 saved...
2026-06-17 16:04:59,878 INFO MT4 clients: 4000 saved...
2026-06-17 16:05:00,287 INFO MT4 clients: 4500 saved...
2026-06-17 16:05:00,675 INFO MT4 clients: 5000 saved...
2026-06-17 16:05:00,905 INFO MT4: 5294 clients saved
2026-06-17 16:05:00,905 INFO save_mt4_clients done
2026-06-17 16:05:00,906 INFO Fetching closed trade history (last 2 days)...
2026-06-17 16:05:02,468 INFO sync_trade_journal: 83385 records, 7059 closed trades in last 2d
2026-06-17 16:05:02,469 INFO Got 7059 closed trades, saving to deals...
2026-06-17 16:06:20,521 INFO MT4 journal deals saved: 7059
2026-06-17 16:06:20,521 INFO save_journal_deals done
2026-06-17 16:06:20,522 INFO === ONE-SHOT FETCH COMPLETE ===
2026-06-17 16:07:21,609 INFO Connecting to MT4...
2026-06-17 16:07:21,747 INFO mtmanapi64.dll loaded
2026-06-17 16:07:21,748 INFO MT4 manager instance created (ver=26215873)
2026-06-17 16:07:22,004 INFO MT4 connected and logged in. IsConnected=1
2026-06-17 16:07:22,005 INFO Fetching all users...
2026-06-17 16:07:22,226 INFO AdmUsersRequest: 5294 users
2026-06-17 16:07:22,227 INFO Got 5294 users, saving to clients/trading_accounts...
2026-06-17 16:07:47,240 INFO MT4 clients: 500 saved...
2026-06-17 16:07:47,552 INFO MT4 clients: 1000 saved...
2026-06-17 16:07:47,860 INFO MT4 clients: 1500 saved...
2026-06-17 16:07:48,167 INFO MT4 clients: 2000 saved...
2026-06-17 16:07:48,479 INFO MT4 clients: 2500 saved...
2026-06-17 16:07:48,798 INFO MT4 clients: 3000 saved...
2026-06-17 16:07:49,103 INFO MT4 clients: 3500 saved...
2026-06-17 16:07:49,406 INFO MT4 clients: 4000 saved...
2026-06-17 16:07:49,692 INFO MT4 clients: 4500 saved...
2026-06-17 16:07:49,990 INFO MT4 clients: 5000 saved...
2026-06-17 16:07:50,173 INFO MT4: 5294 clients saved
2026-06-17 16:07:50,173 INFO save_mt4_clients done
2026-06-17 16:07:50,174 INFO Fetching closed trade history (last 2 days)...
2026-06-17 16:07:51,650 INFO sync_trade_journal: 83492 records, 7070 closed trades in last 2d
2026-06-17 16:07:51,651 INFO Got 7070 closed trades, saving to deals...
2026-06-17 16:07:59,394 INFO MT4 journal deals saved: 7070
2026-06-17 16:07:59,394 INFO save_journal_deals done
2026-06-17 16:07:59,395 INFO === ONE-SHOT FETCH COMPLETE ===
2026-06-17 16:09:00,277 INFO Connecting to MT4...
2026-06-17 16:09:00,414 INFO mtmanapi64.dll loaded
2026-06-17 16:09:00,414 INFO MT4 manager instance created (ver=26215873)
2026-06-17 16:09:00,666 INFO MT4 connected and logged in. IsConnected=1
2026-06-17 16:09:00,667 INFO Fetching all users...
2026-06-17 16:09:00,863 INFO AdmUsersRequest: 5294 users
2026-06-17 16:09:00,864 INFO Got 5294 users, saving to clients/trading_accounts...
2026-06-17 16:09:01,961 INFO MT4 clients: 500 saved...
2026-06-17 16:09:02,312 INFO MT4 clients: 1000 saved...
2026-06-17 16:09:02,678 INFO MT4 clients: 1500 saved...
2026-06-17 16:09:03,030 INFO MT4 clients: 2000 saved...
2026-06-17 16:09:03,368 INFO MT4 clients: 2500 saved...
2026-06-17 16:09:03,717 INFO MT4 clients: 3000 saved...
2026-06-17 16:09:04,078 INFO MT4 clients: 3500 saved...
2026-06-17 16:09:04,425 INFO MT4 clients: 4000 saved...
2026-06-17 16:09:04,744 INFO MT4 clients: 4500 saved...
2026-06-17 16:09:05,064 INFO MT4 clients: 5000 saved...
2026-06-17 16:09:05,255 INFO MT4: 5294 clients saved
2026-06-17 16:09:05,255 INFO save_mt4_clients done
2026-06-17 16:09:05,256 INFO Fetching closed trade history (last 2 days)...
2026-06-17 16:09:06,826 INFO sync_trade_journal: 83498 records, 7070 closed trades in last 2d
2026-06-17 16:09:06,827 INFO Got 7070 closed trades, saving to deals...
2026-06-17 16:09:13,787 INFO MT4 journal deals saved: 7070
2026-06-17 16:09:13,788 INFO save_journal_deals done
2026-06-17 16:09:13,789 INFO === ONE-SHOT FETCH COMPLETE ===
2026-06-17 16:10:14,683 INFO Connecting to MT4...
2026-06-17 16:10:14,835 INFO mtmanapi64.dll loaded
2026-06-17 16:10:14,836 INFO MT4 manager instance created (ver=26215873)
2026-06-17 16:10:15,089 INFO MT4 connected and logged in. IsConnected=1
2026-06-17 16:10:15,090 INFO Fetching all users...
2026-06-17 16:10:15,298 INFO AdmUsersRequest: 5294 users
2026-06-17 16:10:15,299 INFO Got 5294 users, saving to clients/trading_accounts...
2026-06-17 16:10:16,369 INFO MT4 clients: 500 saved...
2026-06-17 16:10:16,704 INFO MT4 clients: 1000 saved...
2026-06-17 16:10:17,039 INFO MT4 clients: 1500 saved...
2026-06-17 16:10:17,368 INFO MT4 clients: 2000 saved...
2026-06-17 16:10:17,675 INFO MT4 clients: 2500 saved...
2026-06-17 16:10:18,001 INFO MT4 clients: 3000 saved...
2026-06-17 16:10:18,340 INFO MT4 clients: 3500 saved...
2026-06-17 16:10:18,686 INFO MT4 clients: 4000 saved...
2026-06-17 16:10:19,024 INFO MT4 clients: 4500 saved...
2026-06-17 16:10:19,345 INFO MT4 clients: 5000 saved...
2026-06-17 16:10:19,532 INFO MT4: 5294 clients saved
2026-06-17 16:10:19,533 INFO save_mt4_clients done
2026-06-17 16:10:19,533 INFO Fetching closed trade history (last 2 days)...
2026-06-17 16:10:21,159 INFO sync_trade_journal: 83504 records, 7071 closed trades in last 2d
2026-06-17 16:10:21,160 INFO Got 7071 closed trades, saving to deals...
2026-06-17 16:10:28,261 INFO MT4 journal deals saved: 7071
2026-06-17 16:10:28,262 INFO save_journal_deals done
2026-06-17 16:10:28,263 INFO === ONE-SHOT FETCH COMPLETE ===
2026-06-17 16:11:29,261 INFO Connecting to MT4...
2026-06-17 16:11:29,416 INFO mtmanapi64.dll loaded
2026-06-17 16:11:29,417 INFO MT4 manager instance created (ver=26215873)
2026-06-17 16:11:29,621 INFO MT4 connected and logged in. IsConnected=1
2026-06-17 16:11:29,622 INFO Fetching all users...
2026-06-17 16:11:29,821 INFO AdmUsersRequest: 5294 users
2026-06-17 16:11:29,821 INFO Got 5294 users, saving to clients/trading_accounts...
2026-06-17 16:11:30,964 INFO MT4 clients: 500 saved...
2026-06-17 16:11:31,300 INFO MT4 clients: 1000 saved...
2026-06-17 16:11:31,641 INFO MT4 clients: 1500 saved...
2026-06-17 16:11:31,965 INFO MT4 clients: 2000 saved...
2026-06-17 16:11:32,319 INFO MT4 clients: 2500 saved...
2026-06-17 16:11:32,637 INFO MT4 clients: 3000 saved...
2026-06-17 16:11:32,969 INFO MT4 clients: 3500 saved...
2026-06-17 16:11:33,311 INFO MT4 clients: 4000 saved...
2026-06-17 16:11:33,625 INFO MT4 clients: 4500 saved...
2026-06-17 16:11:33,962 INFO MT4 clients: 5000 saved...
2026-06-17 16:11:34,148 INFO MT4: 5294 clients saved
2026-06-17 16:11:34,149 INFO save_mt4_clients done
2026-06-17 16:11:34,149 INFO Fetching closed trade history (last 2 days)...
2026-06-17 16:11:35,707 INFO sync_trade_journal: 83514 records, 7073 closed trades in last 2d
2026-06-17 16:11:35,709 INFO Got 7073 closed trades, saving to deals...
2026-06-17 16:11:43,511 INFO MT4 journal deals saved: 7073
2026-06-17 16:11:43,512 INFO save_journal_deals done
2026-06-17 16:11:43,513 INFO === ONE-SHOT FETCH COMPLETE ===
2026-06-17 16:12:44,652 INFO Connecting to MT4...
2026-06-17 16:12:44,821 INFO mtmanapi64.dll loaded
2026-06-17 16:12:44,822 INFO MT4 manager instance created (ver=26215873)
2026-06-17 16:12:45,074 INFO MT4 connected and logged in. IsConnected=1
2026-06-17 16:12:45,075 INFO Fetching all users...
2026-06-17 16:12:45,279 INFO AdmUsersRequest: 5294 users
2026-06-17 16:12:45,280 INFO Got 5294 users, saving to clients/trading_accounts...
2026-06-17 16:12:46,542 INFO MT4 clients: 500 saved...
2026-06-17 16:12:46,917 INFO MT4 clients: 1000 saved...
2026-06-17 16:12:47,330 INFO MT4 clients: 1500 saved...
2026-06-17 16:12:47,730 INFO MT4 clients: 2000 saved...
2026-06-17 16:12:48,097 INFO MT4 clients: 2500 saved...
2026-06-17 16:12:48,476 INFO MT4 clients: 3000 saved...
2026-06-17 16:12:48,837 INFO MT4 clients: 3500 saved...
2026-06-17 16:12:49,168 INFO MT4 clients: 4000 saved...
2026-06-17 16:12:49,486 INFO MT4 clients: 4500 saved...
2026-06-17 16:12:49,853 INFO MT4 clients: 5000 saved...
2026-06-17 16:12:50,058 INFO MT4: 5294 clients saved
2026-06-17 16:12:50,059 INFO save_mt4_clients done
2026-06-17 16:12:50,059 INFO Fetching closed trade history (last 2 days)...
2026-06-17 16:12:51,581 INFO sync_trade_journal: 83532 records, 7074 closed trades in last 2d
2026-06-17 16:12:51,582 INFO Got 7074 closed trades, saving to deals...
2026-06-17 16:14:11,841 INFO MT4 journal deals saved: 7074
2026-06-17 16:14:11,842 INFO save_journal_deals done
2026-06-17 16:14:11,843 INFO === ONE-SHOT FETCH COMPLETE ===
2026-06-17 16:14:12,906 INFO mtmanapi64.dll loaded
2026-06-17 16:14:12,909 INFO MT4 manager instance created (ver=26215873)
2026-06-17 16:14:13,174 INFO MT4 connected and logged in. IsConnected=1
2026-06-17 16:15:15,502 INFO Connecting to MT4...
2026-06-17 16:15:15,667 INFO mtmanapi64.dll loaded
2026-06-17 16:15:15,668 INFO MT4 manager instance created (ver=26215873)
2026-06-17 16:15:15,875 INFO MT4 connected and logged in. IsConnected=1
2026-06-17 16:15:15,876 INFO Fetching all users...
2026-06-17 16:15:16,077 INFO AdmUsersRequest: 5295 users
2026-06-17 16:15:16,078 INFO Got 5295 users, saving to clients/trading_accounts...
2026-06-17 16:15:17,457 INFO MT4 clients: 500 saved...
2026-06-17 16:15:17,880 INFO MT4 clients: 1000 saved...
2026-06-17 16:15:18,299 INFO MT4 clients: 1500 saved...
2026-06-17 16:15:18,707 INFO MT4 clients: 2000 saved...
2026-06-17 16:15:19,140 INFO MT4 clients: 2500 saved...
2026-06-17 16:15:19,531 INFO MT4 clients: 3000 saved...
2026-06-17 16:15:19,914 INFO MT4 clients: 3500 saved...
2026-06-17 16:15:20,310 INFO MT4 clients: 4000 saved...
2026-06-17 16:15:20,716 INFO MT4 clients: 4500 saved...
2026-06-17 16:15:21,098 INFO MT4 clients: 5000 saved...
2026-06-17 16:15:21,325 INFO MT4: 5295 clients saved
2026-06-17 16:15:21,326 INFO save_mt4_clients done
2026-06-17 16:15:21,326 INFO Fetching closed trade history (last 2 days)...
2026-06-17 16:15:22,932 INFO sync_trade_journal: 83556 records, 7081 closed trades in last 2d
2026-06-17 16:15:22,933 INFO Got 7081 closed trades, saving to deals...
2026-06-17 16:16:33,213 INFO MT4 journal deals saved: 7081
2026-06-17 16:16:33,213 INFO save_journal_deals done
2026-06-17 16:16:33,214 INFO === ONE-SHOT FETCH COMPLETE ===
2026-06-17 16:17:34,347 INFO Connecting to MT4...
2026-06-17 16:17:34,489 INFO mtmanapi64.dll loaded
2026-06-17 16:17:34,490 INFO MT4 manager instance created (ver=26215873)
2026-06-17 16:17:34,746 INFO MT4 connected and logged in. IsConnected=1
2026-06-17 16:17:34,747 INFO Fetching all users...
2026-06-17 16:17:34,954 INFO AdmUsersRequest: 5295 users
2026-06-17 16:17:34,955 INFO Got 5295 users, saving to clients/trading_accounts...
2026-06-17 16:17:36,245 INFO MT4 clients: 500 saved...
2026-06-17 16:17:36,609 INFO MT4 clients: 1000 saved...
2026-06-17 16:17:36,982 INFO MT4 clients: 1500 saved...
2026-06-17 16:17:37,346 INFO MT4 clients: 2000 saved...
2026-06-17 16:17:37,712 INFO MT4 clients: 2500 saved...
2026-06-17 16:17:38,034 INFO MT4 clients: 3000 saved...
2026-06-17 16:17:38,382 INFO MT4 clients: 3500 saved...
2026-06-17 16:17:38,721 INFO MT4 clients: 4000 saved...
2026-06-17 16:17:39,031 INFO MT4 clients: 4500 saved...
2026-06-17 16:17:39,364 INFO MT4 clients: 5000 saved...
2026-06-17 16:17:39,592 INFO MT4: 5295 clients saved
2026-06-17 16:17:39,593 INFO save_mt4_clients done
2026-06-17 16:17:39,593 INFO Fetching closed trade history (last 2 days)...
2026-06-17 16:17:41,418 INFO sync_trade_journal: 83568 records, 7081 closed trades in last 2d
2026-06-17 16:17:41,431 INFO Got 7081 closed trades, saving to deals...
2026-06-17 16:17:49,295 INFO MT4 journal deals saved: 7081
2026-06-17 16:17:49,296 INFO save_journal_deals done
2026-06-17 16:17:49,296 INFO === ONE-SHOT FETCH COMPLETE ===
2026-06-17 16:18:50,762 INFO Connecting to MT4...
2026-06-17 16:18:50,904 INFO mtmanapi64.dll loaded
2026-06-17 16:18:50,905 INFO MT4 manager instance created (ver=26215873)
2026-06-17 16:18:51,156 INFO MT4 connected and logged in. IsConnected=1
2026-06-17 16:18:51,158 INFO Fetching all users...
2026-06-17 16:18:51,368 INFO AdmUsersRequest: 5295 users
2026-06-17 16:18:51,368 INFO Got 5295 users, saving to clients/trading_accounts...
2026-06-17 16:18:52,628 INFO MT4 clients: 500 saved...
2026-06-17 16:18:53,039 INFO MT4 clients: 1000 saved...
2026-06-17 16:18:53,444 INFO MT4 clients: 1500 saved...
2026-06-17 16:18:53,835 INFO MT4 clients: 2000 saved...
2026-06-17 16:18:54,229 INFO MT4 clients: 2500 saved...
2026-06-17 16:18:54,573 INFO MT4 clients: 3000 saved...
2026-06-17 16:18:54,908 INFO MT4 clients: 3500 saved...
2026-06-17 16:18:55,320 INFO MT4 clients: 4000 saved...
2026-06-17 16:18:55,703 INFO MT4 clients: 4500 saved...
2026-06-17 16:18:56,114 INFO MT4 clients: 5000 saved...
2026-06-17 16:18:56,374 INFO MT4: 5295 clients saved
2026-06-17 16:18:56,375 INFO save_mt4_clients done
2026-06-17 16:18:56,376 INFO Fetching closed trade history (last 2 days)...
2026-06-17 16:18:57,982 INFO sync_trade_journal: 83579 records, 7083 closed trades in last 2d
2026-06-17 16:18:57,983 INFO Got 7083 closed trades, saving to deals...
2026-06-17 16:19:05,720 INFO MT4 journal deals saved: 7083
2026-06-17 16:19:05,721 INFO save_journal_deals done
2026-06-17 16:19:05,721 INFO === ONE-SHOT FETCH COMPLETE ===
2026-06-17 16:20:06,688 INFO Connecting to MT4...
2026-06-17 16:20:06,831 INFO mtmanapi64.dll loaded
2026-06-17 16:20:06,833 INFO MT4 manager instance created (ver=26215873)
2026-06-17 16:20:07,086 INFO MT4 connected and logged in. IsConnected=1
2026-06-17 16:20:07,087 INFO Fetching all users...
2026-06-17 16:20:07,290 INFO AdmUsersRequest: 5295 users
2026-06-17 16:20:07,290 INFO Got 5295 users, saving to clients/trading_accounts...
2026-06-17 16:20:08,518 INFO MT4 clients: 500 saved...
2026-06-17 16:20:08,880 INFO MT4 clients: 1000 saved...
2026-06-17 16:20:09,229 INFO MT4 clients: 1500 saved...
2026-06-17 16:20:09,623 INFO MT4 clients: 2000 saved...
2026-06-17 16:20:10,008 INFO MT4 clients: 2500 saved...
2026-06-17 16:20:10,372 INFO MT4 clients: 3000 saved...
2026-06-17 16:20:10,757 INFO MT4 clients: 3500 saved...
2026-06-17 16:20:11,135 INFO MT4 clients: 4000 saved...
2026-06-17 16:20:11,520 INFO MT4 clients: 4500 saved...
2026-06-17 16:20:11,891 INFO MT4 clients: 5000 saved...
2026-06-17 16:20:12,114 INFO MT4: 5295 clients saved
2026-06-17 16:20:12,114 INFO save_mt4_clients done
2026-06-17 16:20:12,115 INFO Fetching closed trade history (last 2 days)...
2026-06-17 16:20:13,682 INFO sync_trade_journal: 83642 records, 7083 closed trades in last 2d
2026-06-17 16:20:13,683 INFO Got 7083 closed trades, saving to deals...
2026-06-17 16:20:21,708 INFO MT4 journal deals saved: 7083
2026-06-17 16:20:21,709 INFO save_journal_deals done
2026-06-17 16:20:21,710 INFO === ONE-SHOT FETCH COMPLETE ===
2026-06-17 16:21:22,634 INFO Connecting to MT4...
2026-06-17 16:21:22,779 INFO mtmanapi64.dll loaded
2026-06-17 16:21:22,781 INFO MT4 manager instance created (ver=26215873)
2026-06-17 16:21:23,037 INFO MT4 connected and logged in. IsConnected=1
2026-06-17 16:21:23,038 INFO Fetching all users...
2026-06-17 16:21:23,247 INFO AdmUsersRequest: 5295 users
2026-06-17 16:21:23,248 INFO Got 5295 users, saving to clients/trading_accounts...
2026-06-17 16:21:24,293 INFO MT4 clients: 500 saved...
2026-06-17 16:21:24,647 INFO MT4 clients: 1000 saved...
2026-06-17 16:21:24,979 INFO MT4 clients: 1500 saved...
2026-06-17 16:21:25,321 INFO MT4 clients: 2000 saved...
2026-06-17 16:21:25,657 INFO MT4 clients: 2500 saved...
2026-06-17 16:21:26,007 INFO MT4 clients: 3000 saved...
2026-06-17 16:21:26,330 INFO MT4 clients: 3500 saved...
2026-06-17 16:21:26,668 INFO MT4 clients: 4000 saved...
2026-06-17 16:21:26,994 INFO MT4 clients: 4500 saved...
2026-06-17 16:21:27,343 INFO MT4 clients: 5000 saved...
2026-06-17 16:21:27,553 INFO MT4: 5295 clients saved
2026-06-17 16:21:27,553 INFO save_mt4_clients done
2026-06-17 16:21:27,554 INFO Fetching closed trade history (last 2 days)...
2026-06-17 16:21:29,128 INFO sync_trade_journal: 83716 records, 7097 closed trades in last 2d
2026-06-17 16:21:29,129 INFO Got 7097 closed trades, saving to deals...
2026-06-17 16:21:36,454 INFO MT4 journal deals saved: 7097
2026-06-17 16:21:36,454 INFO save_journal_deals done
2026-06-17 16:21:36,455 INFO === ONE-SHOT FETCH COMPLETE ===
2026-06-17 16:22:37,521 INFO Connecting to MT4...
2026-06-17 16:22:37,658 INFO mtmanapi64.dll loaded
2026-06-17 16:22:37,659 INFO MT4 manager instance created (ver=26215873)
2026-06-17 16:22:37,913 INFO MT4 connected and logged in. IsConnected=1
2026-06-17 16:22:37,914 INFO Fetching all users...
2026-06-17 16:22:38,116 INFO AdmUsersRequest: 5295 users
2026-06-17 16:22:38,117 INFO Got 5295 users, saving to clients/trading_accounts...
2026-06-17 16:22:39,394 INFO MT4 clients: 500 saved...
2026-06-17 16:22:39,770 INFO MT4 clients: 1000 saved...
2026-06-17 16:22:40,123 INFO MT4 clients: 1500 saved...
2026-06-17 16:22:40,487 INFO MT4 clients: 2000 saved...
2026-06-17 16:22:40,859 INFO MT4 clients: 2500 saved...
2026-06-17 16:22:41,214 INFO MT4 clients: 3000 saved...
2026-06-17 16:22:41,561 INFO MT4 clients: 3500 saved...
2026-06-17 16:22:41,908 INFO MT4 clients: 4000 saved...
2026-06-17 16:22:42,259 INFO MT4 clients: 4500 saved...
2026-06-17 16:22:42,629 INFO MT4 clients: 5000 saved...
2026-06-17 16:22:42,843 INFO MT4: 5295 clients saved
2026-06-17 16:22:42,844 INFO save_mt4_clients done
2026-06-17 16:22:42,844 INFO Fetching closed trade history (last 2 days)...
2026-06-17 16:22:44,662 INFO sync_trade_journal: 83735 records, 7099 closed trades in last 2d
2026-06-17 16:22:44,663 INFO Got 7099 closed trades, saving to deals...
2026-06-17 16:22:52,946 INFO MT4 journal deals saved: 7099
2026-06-17 16:22:52,947 INFO save_journal_deals done
2026-06-17 16:22:52,948 INFO === ONE-SHOT FETCH COMPLETE ===
2026-06-17 16:23:54,093 INFO Connecting to MT4...
2026-06-17 16:23:54,230 INFO mtmanapi64.dll loaded
2026-06-17 16:23:54,232 INFO MT4 manager instance created (ver=26215873)
2026-06-17 16:23:54,484 INFO MT4 connected and logged in. IsConnected=1
2026-06-17 16:23:54,485 INFO Fetching all users...
2026-06-17 16:23:54,697 INFO AdmUsersRequest: 5295 users
2026-06-17 16:23:54,697 INFO Got 5295 users, saving to clients/trading_accounts...
2026-06-17 16:23:55,717 INFO MT4 clients: 500 saved...
2026-06-17 16:23:56,017 INFO MT4 clients: 1000 saved...
2026-06-17 16:23:56,318 INFO MT4 clients: 1500 saved...
2026-06-17 16:23:56,638 INFO MT4 clients: 2000 saved...
2026-06-17 16:23:56,964 INFO MT4 clients: 2500 saved...
2026-06-17 16:23:57,273 INFO MT4 clients: 3000 saved...
2026-06-17 16:23:57,587 INFO MT4 clients: 3500 saved...
2026-06-17 16:23:57,914 INFO MT4 clients: 4000 saved...
2026-06-17 16:23:58,250 INFO MT4 clients: 4500 saved...
2026-06-17 16:23:58,561 INFO MT4 clients: 5000 saved...
2026-06-17 16:23:58,740 INFO MT4: 5295 clients saved
2026-06-17 16:23:58,741 INFO save_mt4_clients done
2026-06-17 16:23:58,742 INFO Fetching closed trade history (last 2 days)...
2026-06-17 16:24:00,263 INFO sync_trade_journal: 83762 records, 7105 closed trades in last 2d
2026-06-17 16:24:00,264 INFO Got 7105 closed trades, saving to deals...
2026-06-17 16:24:06,975 INFO MT4 journal deals saved: 7105
2026-06-17 16:24:06,976 INFO save_journal_deals done
2026-06-17 16:24:06,976 INFO === ONE-SHOT FETCH COMPLETE ===
2026-06-17 16:25:07,868 INFO Connecting to MT4...
2026-06-17 16:25:08,006 INFO mtmanapi64.dll loaded
2026-06-17 16:25:08,007 INFO MT4 manager instance created (ver=26215873)
2026-06-17 16:25:08,267 INFO MT4 connected and logged in. IsConnected=1
2026-06-17 16:25:08,268 INFO Fetching all users...
2026-06-17 16:25:08,474 INFO AdmUsersRequest: 5295 users
2026-06-17 16:25:08,475 INFO Got 5295 users, saving to clients/trading_accounts...
2026-06-17 16:25:09,769 INFO MT4 clients: 500 saved...
2026-06-17 16:25:10,176 INFO MT4 clients: 1000 saved...
2026-06-17 16:25:10,560 INFO MT4 clients: 1500 saved...
2026-06-17 16:25:10,929 INFO MT4 clients: 2000 saved...
2026-06-17 16:25:11,405 INFO MT4 clients: 2500 saved...
2026-06-17 16:25:11,793 INFO MT4 clients: 3000 saved...
2026-06-17 16:25:12,148 INFO MT4 clients: 3500 saved...
2026-06-17 16:25:12,515 INFO MT4 clients: 4000 saved...
2026-06-17 16:25:12,883 INFO MT4 clients: 4500 saved...
2026-06-17 16:25:13,248 INFO MT4 clients: 5000 saved...
2026-06-17 16:25:13,449 INFO MT4: 5295 clients saved
2026-06-17 16:25:13,449 INFO save_mt4_clients done
2026-06-17 16:25:13,450 INFO Fetching closed trade history (last 2 days)...
2026-06-17 16:25:15,023 INFO sync_trade_journal: 83785 records, 7107 closed trades in last 2d
2026-06-17 16:25:15,024 INFO Got 7107 closed trades, saving to deals...
2026-06-17 16:26:32,582 INFO MT4 journal deals saved: 7107
2026-06-17 16:26:32,584 INFO save_journal_deals done
2026-06-17 16:26:32,585 INFO === ONE-SHOT FETCH COMPLETE ===
2026-06-17 16:27:34,883 INFO Connecting to MT4...
2026-06-17 16:27:35,061 INFO mtmanapi64.dll loaded
2026-06-17 16:27:35,062 INFO MT4 manager instance created (ver=26215873)
2026-06-17 16:27:35,318 INFO MT4 connected and logged in. IsConnected=1
2026-06-17 16:27:35,319 INFO Fetching all users...
2026-06-17 16:27:35,527 INFO AdmUsersRequest: 5295 users
2026-06-17 16:27:35,528 INFO Got 5295 users, saving to clients/trading_accounts...
2026-06-17 16:27:37,193 INFO MT4 clients: 500 saved...
2026-06-17 16:27:37,817 INFO MT4 clients: 1000 saved...
2026-06-17 16:27:38,270 INFO MT4 clients: 1500 saved...
2026-06-17 16:27:38,698 INFO MT4 clients: 2000 saved...
2026-06-17 16:27:39,099 INFO MT4 clients: 2500 saved...
2026-06-17 16:27:39,524 INFO MT4 clients: 3000 saved...
2026-06-17 16:27:39,962 INFO MT4 clients: 3500 saved...
2026-06-17 16:27:40,370 INFO MT4 clients: 4000 saved...
2026-06-17 16:27:40,798 INFO MT4 clients: 4500 saved...
2026-06-17 16:27:41,236 INFO MT4 clients: 5000 saved...
2026-06-17 16:27:41,491 INFO MT4: 5295 clients saved
2026-06-17 16:27:41,492 INFO save_mt4_clients done
2026-06-17 16:27:41,493 INFO Fetching closed trade history (last 2 days)...
2026-06-17 16:27:43,051 INFO sync_trade_journal: 83806 records, 7111 closed trades in last 2d
2026-06-17 16:27:43,052 INFO Got 7111 closed trades, saving to deals...
2026-06-17 16:28:49,381 INFO MT4 journal deals saved: 7111
2026-06-17 16:28:49,382 INFO save_journal_deals done
2026-06-17 16:28:49,382 INFO === ONE-SHOT FETCH COMPLETE ===
2026-06-17 16:29:50,434 INFO Connecting to MT4...
2026-06-17 16:29:50,575 INFO mtmanapi64.dll loaded
2026-06-17 16:29:50,576 INFO MT4 manager instance created (ver=26215873)
2026-06-17 16:29:50,829 INFO MT4 connected and logged in. IsConnected=1
2026-06-17 16:29:50,829 INFO Fetching all users...
2026-06-17 16:29:51,045 INFO AdmUsersRequest: 5295 users
2026-06-17 16:29:51,046 INFO Got 5295 users, saving to clients/trading_accounts...
2026-06-17 16:29:52,375 INFO MT4 clients: 500 saved...
2026-06-17 16:29:52,774 INFO MT4 clients: 1000 saved...
2026-06-17 16:29:53,192 INFO MT4 clients: 1500 saved...
2026-06-17 16:29:53,586 INFO MT4 clients: 2000 saved...
2026-06-17 16:29:54,011 INFO MT4 clients: 2500 saved...
2026-06-17 16:29:54,415 INFO MT4 clients: 3000 saved...
2026-06-17 16:29:54,789 INFO MT4 clients: 3500 saved...
2026-06-17 16:29:55,160 INFO MT4 clients: 4000 saved...
2026-06-17 16:29:55,553 INFO MT4 clients: 4500 saved...
2026-06-17 16:29:55,936 INFO MT4 clients: 5000 saved...
2026-06-17 16:29:56,205 INFO MT4: 5295 clients saved
2026-06-17 16:29:56,206 INFO save_mt4_clients done
2026-06-17 16:29:56,206 INFO Fetching closed trade history (last 2 days)...
2026-06-17 16:29:57,842 INFO sync_trade_journal: 83825 records, 7112 closed trades in last 2d
2026-06-17 16:29:57,843 INFO Got 7112 closed trades, saving to deals...
2026-06-17 16:30:05,980 INFO MT4 journal deals saved: 7112
2026-06-17 16:30:05,981 INFO save_journal_deals done
2026-06-17 16:30:05,981 INFO === ONE-SHOT FETCH COMPLETE ===
2026-06-17 16:30:07,133 INFO mtmanapi64.dll loaded
2026-06-17 16:30:07,137 INFO MT4 manager instance created (ver=26215873)
2026-06-17 16:30:07,390 INFO MT4 connected and logged in. IsConnected=1
2026-06-17 16:31:09,614 INFO Connecting to MT4...
2026-06-17 16:31:09,763 INFO mtmanapi64.dll loaded
2026-06-17 16:31:09,764 INFO MT4 manager instance created (ver=26215873)
2026-06-17 16:31:10,021 INFO MT4 connected and logged in. IsConnected=1
2026-06-17 16:31:10,022 INFO Fetching all users...
2026-06-17 16:31:10,231 INFO AdmUsersRequest: 5295 users
2026-06-17 16:31:10,232 INFO Got 5295 users, saving to clients/trading_accounts...
2026-06-17 16:31:11,605 INFO MT4 clients: 500 saved...
2026-06-17 16:31:12,027 INFO MT4 clients: 1000 saved...
2026-06-17 16:31:12,443 INFO MT4 clients: 1500 saved...
2026-06-17 16:31:12,867 INFO MT4 clients: 2000 saved...
2026-06-17 16:31:13,274 INFO MT4 clients: 2500 saved...
2026-06-17 16:31:13,662 INFO MT4 clients: 3000 saved...
2026-06-17 16:31:14,040 INFO MT4 clients: 3500 saved...
2026-06-17 16:31:14,420 INFO MT4 clients: 4000 saved...
2026-06-17 16:31:14,771 INFO MT4 clients: 4500 saved...
2026-06-17 16:31:15,127 INFO MT4 clients: 5000 saved...
2026-06-17 16:31:15,336 INFO MT4: 5295 clients saved
2026-06-17 16:31:15,336 INFO save_mt4_clients done
2026-06-17 16:31:15,337 INFO Fetching closed trade history (last 2 days)...
2026-06-17 16:31:16,923 INFO sync_trade_journal: 83827 records, 7112 closed trades in last 2d
2026-06-17 16:31:16,923 INFO Got 7112 closed trades, saving to deals...
2026-06-17 16:31:24,778 INFO MT4 journal deals saved: 7112
2026-06-17 16:31:24,779 INFO save_journal_deals done
2026-06-17 16:31:24,780 INFO === ONE-SHOT FETCH COMPLETE ===
2026-06-17 16:32:26,185 INFO Connecting to MT4...
2026-06-17 16:32:26,349 INFO mtmanapi64.dll loaded
2026-06-17 16:32:26,350 INFO MT4 manager instance created (ver=26215873)
2026-06-17 16:32:26,636 INFO MT4 connected and logged in. IsConnected=1
2026-06-17 16:32:26,636 INFO Fetching all users...
2026-06-17 16:32:26,846 INFO AdmUsersRequest: 5295 users
2026-06-17 16:32:26,847 INFO Got 5295 users, saving to clients/trading_accounts...
2026-06-17 16:32:29,244 INFO MT4 clients: 500 saved...
2026-06-17 16:32:29,686 INFO MT4 clients: 1000 saved...
2026-06-17 16:32:30,132 INFO MT4 clients: 1500 saved...
2026-06-17 16:32:30,570 INFO MT4 clients: 2000 saved...
2026-06-17 16:32:31,008 INFO MT4 clients: 2500 saved...
2026-06-17 16:32:31,422 INFO MT4 clients: 3000 saved...
2026-06-17 16:32:31,849 INFO MT4 clients: 3500 saved...
2026-06-17 16:32:32,281 INFO MT4 clients: 4000 saved...
2026-06-17 16:32:32,721 INFO MT4 clients: 4500 saved...
2026-06-17 16:32:33,179 INFO MT4 clients: 5000 saved...
2026-06-17 16:32:33,425 INFO MT4: 5295 clients saved
2026-06-17 16:32:33,426 INFO save_mt4_clients done
2026-06-17 16:32:33,426 INFO Fetching closed trade history (last 2 days)...
2026-06-17 16:32:35,588 INFO sync_trade_journal: 83839 records, 7115 closed trades in last 2d
2026-06-17 16:32:35,588 INFO Got 7115 closed trades, saving to deals...
2026-06-17 16:32:43,918 INFO MT4 journal deals saved: 7115
2026-06-17 16:32:43,918 INFO save_journal_deals done
2026-06-17 16:32:43,919 INFO === ONE-SHOT FETCH COMPLETE ===
2026-06-17 16:33:45,033 INFO Connecting to MT4...
2026-06-17 16:33:45,175 INFO mtmanapi64.dll loaded
2026-06-17 16:33:45,176 INFO MT4 manager instance created (ver=26215873)
2026-06-17 16:33:45,430 INFO MT4 connected and logged in. IsConnected=1
2026-06-17 16:33:45,431 INFO Fetching all users...
2026-06-17 16:33:45,631 INFO AdmUsersRequest: 5295 users
2026-06-17 16:33:45,632 INFO Got 5295 users, saving to clients/trading_accounts...
2026-06-17 16:33:46,865 INFO MT4 clients: 500 saved...
2026-06-17 16:33:47,234 INFO MT4 clients: 1000 saved...
2026-06-17 16:33:47,601 INFO MT4 clients: 1500 saved...
2026-06-17 16:33:47,997 INFO MT4 clients: 2000 saved...
2026-06-17 16:33:48,382 INFO MT4 clients: 2500 saved...
2026-06-17 16:33:48,794 INFO MT4 clients: 3000 saved...
2026-06-17 16:33:49,190 INFO MT4 clients: 3500 saved...
2026-06-17 16:33:49,558 INFO MT4 clients: 4000 saved...
2026-06-17 16:33:49,932 INFO MT4 clients: 4500 saved...
2026-06-17 16:33:50,342 INFO MT4 clients: 5000 saved...
2026-06-17 16:33:50,579 INFO MT4: 5295 clients saved
2026-06-17 16:33:50,580 INFO save_mt4_clients done
2026-06-17 16:33:50,581 INFO Fetching closed trade history (last 2 days)...
2026-06-17 16:33:52,158 INFO sync_trade_journal: 83843 records, 7115 closed trades in last 2d
2026-06-17 16:33:52,159 INFO Got 7115 closed trades, saving to deals...
2026-06-17 16:34:00,333 INFO MT4 journal deals saved: 7115
2026-06-17 16:34:00,334 INFO save_journal_deals done
2026-06-17 16:34:00,335 INFO === ONE-SHOT FETCH COMPLETE ===
2026-06-17 16:35:07,215 INFO Connecting to MT4...
2026-06-17 16:35:08,527 INFO mtmanapi64.dll loaded
2026-06-17 16:35:08,529 INFO MT4 manager instance created (ver=26215873)
2026-06-17 16:35:08,788 INFO MT4 connected and logged in. IsConnected=1
2026-06-17 16:35:08,789 INFO Fetching all users...
2026-06-17 16:35:09,001 INFO AdmUsersRequest: 5295 users
2026-06-17 16:35:09,002 INFO Got 5295 users, saving to clients/trading_accounts...
2026-06-17 16:35:14,420 INFO MT4 clients: 500 saved...
2026-06-17 16:35:14,867 INFO MT4 clients: 1000 saved...
2026-06-17 16:35:15,306 INFO MT4 clients: 1500 saved...
2026-06-17 16:35:15,748 INFO MT4 clients: 2000 saved...
2026-06-17 16:35:16,190 INFO MT4 clients: 2500 saved...
2026-06-17 16:35:16,611 INFO MT4 clients: 3000 saved...
2026-06-17 16:35:17,032 INFO MT4 clients: 3500 saved...
2026-06-17 16:35:17,460 INFO MT4 clients: 4000 saved...
2026-06-17 16:35:17,886 INFO MT4 clients: 4500 saved...
2026-06-17 16:35:18,312 INFO MT4 clients: 5000 saved...
2026-06-17 16:35:18,678 INFO MT4: 5295 clients saved
2026-06-17 16:35:18,678 INFO save_mt4_clients done
2026-06-17 16:35:18,679 INFO Fetching closed trade history (last 2 days)...
2026-06-17 16:35:22,735 INFO sync_trade_journal: 83863 records, 7119 closed trades in last 2d
2026-06-17 16:35:22,738 INFO Got 7119 closed trades, saving to deals...
2026-06-17 16:53:11,152 INFO MT4 journal deals saved: 7119
2026-06-17 16:53:11,153 INFO save_journal_deals done
2026-06-17 16:53:11,153 INFO === ONE-SHOT FETCH COMPLETE ===
2026-06-17 16:54:12,530 INFO Connecting to MT4...
2026-06-17 16:54:12,676 INFO mtmanapi64.dll loaded
2026-06-17 16:54:12,677 INFO MT4 manager instance created (ver=26215873)
2026-06-17 16:54:12,926 INFO MT4 connected and logged in. IsConnected=1
2026-06-17 16:54:12,928 INFO Fetching all users...
2026-06-17 16:54:13,149 INFO AdmUsersRequest: 5297 users
2026-06-17 16:54:13,150 INFO Got 5297 users, saving to clients/trading_accounts...
2026-06-17 16:54:14,498 INFO MT4 clients: 500 saved...
2026-06-17 16:54:14,897 INFO MT4 clients: 1000 saved...
2026-06-17 16:54:15,376 INFO MT4 clients: 1500 saved...
2026-06-17 16:54:15,841 INFO MT4 clients: 2000 saved...
2026-06-17 16:54:16,298 INFO MT4 clients: 2500 saved...
2026-06-17 16:54:16,716 INFO MT4 clients: 3000 saved...
2026-06-17 16:54:17,113 INFO MT4 clients: 3500 saved...
2026-06-17 16:54:17,504 INFO MT4 clients: 4000 saved...
2026-06-17 16:54:17,889 INFO MT4 clients: 4500 saved...
2026-06-17 16:54:18,280 INFO MT4 clients: 5000 saved...
2026-06-17 16:54:18,518 INFO MT4: 5297 clients saved
2026-06-17 16:54:18,519 INFO save_mt4_clients done
2026-06-17 16:54:18,520 INFO Fetching closed trade history (last 2 days)...
2026-06-17 16:54:20,258 INFO sync_trade_journal: 84047 records, 7148 closed trades in last 2d
2026-06-17 16:54:20,259 INFO Got 7148 closed trades, saving to deals...
2026-06-17 16:56:21,460 INFO MT4 journal deals saved: 7148
2026-06-17 16:56:21,462 INFO save_journal_deals done
2026-06-17 16:56:21,463 INFO === ONE-SHOT FETCH COMPLETE ===
2026-06-17 16:57:24,053 INFO Connecting to MT4...
2026-06-17 16:57:24,307 INFO mtmanapi64.dll loaded
2026-06-17 16:57:24,308 INFO MT4 manager instance created (ver=26215873)
2026-06-17 16:57:24,522 INFO MT4 connected and logged in. IsConnected=1
2026-06-17 16:57:24,523 INFO Fetching all users...
2026-06-17 16:57:24,749 INFO AdmUsersRequest: 5297 users
2026-06-17 16:57:24,750 INFO Got 5297 users, saving to clients/trading_accounts...
2026-06-17 16:57:27,731 INFO MT4 clients: 500 saved...
2026-06-17 16:57:28,854 INFO MT4 clients: 1000 saved...
2026-06-17 16:57:29,375 INFO MT4 clients: 1500 saved...
2026-06-17 16:57:29,832 INFO MT4 clients: 2000 saved...
2026-06-17 16:57:30,349 INFO MT4 clients: 2500 saved...
2026-06-17 16:57:30,806 INFO MT4 clients: 3000 saved...
2026-06-17 16:57:31,182 INFO MT4 clients: 3500 saved...
2026-06-17 16:57:31,582 INFO MT4 clients: 4000 saved...
2026-06-17 16:57:31,962 INFO MT4 clients: 4500 saved...
2026-06-17 16:57:32,340 INFO MT4 clients: 5000 saved...
2026-06-17 16:57:32,571 INFO MT4: 5297 clients saved
2026-06-17 16:57:32,572 INFO save_mt4_clients done
2026-06-17 16:57:32,573 INFO Fetching closed trade history (last 2 days)...
2026-06-17 16:57:34,850 INFO sync_trade_journal: 84076 records, 7155 closed trades in last 2d
2026-06-17 16:57:34,851 INFO Got 7155 closed trades, saving to deals...
2026-06-17 16:58:00,312 INFO MT4 journal deals saved: 7155
2026-06-17 16:58:00,313 INFO save_journal_deals done
2026-06-17 16:58:00,314 INFO === ONE-SHOT FETCH COMPLETE ===
2026-06-17 16:59:01,522 INFO Connecting to MT4...
2026-06-17 16:59:01,684 INFO mtmanapi64.dll loaded
2026-06-17 16:59:01,685 INFO MT4 manager instance created (ver=26215873)
2026-06-17 16:59:01,938 INFO MT4 connected and logged in. IsConnected=1
2026-06-17 16:59:01,939 INFO Fetching all users...
2026-06-17 16:59:02,142 INFO AdmUsersRequest: 5297 users
2026-06-17 16:59:02,143 INFO Got 5297 users, saving to clients/trading_accounts...
2026-06-17 16:59:03,577 INFO MT4 clients: 500 saved...
2026-06-17 16:59:04,064 INFO MT4 clients: 1000 saved...
2026-06-17 16:59:04,487 INFO MT4 clients: 1500 saved...
2026-06-17 16:59:04,905 INFO MT4 clients: 2000 saved...
2026-06-17 16:59:05,359 INFO MT4 clients: 2500 saved...
2026-06-17 16:59:05,802 INFO MT4 clients: 3000 saved...
2026-06-17 16:59:06,235 INFO MT4 clients: 3500 saved...
2026-06-17 16:59:06,658 INFO MT4 clients: 4000 saved...
2026-06-17 16:59:07,105 INFO MT4 clients: 4500 saved...
2026-06-17 16:59:07,540 INFO MT4 clients: 5000 saved...
2026-06-17 16:59:07,778 INFO MT4: 5297 clients saved
2026-06-17 16:59:07,778 INFO save_mt4_clients done
2026-06-17 16:59:07,779 INFO Fetching closed trade history (last 2 days)...
2026-06-17 16:59:13,021 INFO sync_trade_journal: 84077 records, 7156 closed trades in last 2d
2026-06-17 16:59:13,022 INFO Got 7156 closed trades, saving to deals...
2026-06-17 17:20:11,384 INFO MT4 journal deals saved: 7156
2026-06-17 17:20:11,385 INFO save_journal_deals done
2026-06-17 17:20:11,386 INFO === ONE-SHOT FETCH COMPLETE ===
2026-06-17 17:21:12,653 INFO Connecting to MT4...
2026-06-17 17:21:12,802 INFO mtmanapi64.dll loaded
2026-06-17 17:21:12,803 INFO MT4 manager instance created (ver=26215873)
2026-06-17 17:21:13,053 INFO MT4 connected and logged in. IsConnected=1
2026-06-17 17:21:13,054 INFO Fetching all users...
2026-06-17 17:21:13,266 INFO AdmUsersRequest: 5297 users
2026-06-17 17:21:13,268 INFO Got 5297 users, saving to clients/trading_accounts...
2026-06-17 17:21:14,714 INFO MT4 clients: 500 saved...
2026-06-17 17:21:15,131 INFO MT4 clients: 1000 saved...
2026-06-17 17:21:15,541 INFO MT4 clients: 1500 saved...
2026-06-17 17:21:15,939 INFO MT4 clients: 2000 saved...
2026-06-17 17:21:16,349 INFO MT4 clients: 2500 saved...
2026-06-17 17:21:16,738 INFO MT4 clients: 3000 saved...
2026-06-17 17:21:17,121 INFO MT4 clients: 3500 saved...
2026-06-17 17:21:17,511 INFO MT4 clients: 4000 saved...
2026-06-17 17:21:17,900 INFO MT4 clients: 4500 saved...
2026-06-17 17:21:18,303 INFO MT4 clients: 5000 saved...
2026-06-17 17:21:18,530 INFO MT4: 5297 clients saved
2026-06-17 17:21:18,531 INFO save_mt4_clients done
2026-06-17 17:21:18,532 INFO Fetching closed trade history (last 2 days)...
2026-06-17 17:21:20,988 INFO sync_trade_journal: 84269 records, 7180 closed trades in last 2d
2026-06-17 17:21:20,989 INFO Got 7180 closed trades, saving to deals...
2026-06-17 17:22:19,515 INFO MT4 journal deals saved: 7180
2026-06-17 17:22:19,516 INFO save_journal_deals done
2026-06-17 17:22:19,517 INFO === ONE-SHOT FETCH COMPLETE ===
2026-06-17 17:23:20,731 INFO Connecting to MT4...
2026-06-17 17:23:20,872 INFO mtmanapi64.dll loaded
2026-06-17 17:23:20,873 INFO MT4 manager instance created (ver=26215873)
2026-06-17 17:23:21,129 INFO MT4 connected and logged in. IsConnected=1
2026-06-17 17:23:21,130 INFO Fetching all users...
2026-06-17 17:23:21,341 INFO AdmUsersRequest: 5297 users
2026-06-17 17:23:21,342 INFO Got 5297 users, saving to clients/trading_accounts...
2026-06-17 17:23:22,748 INFO MT4 clients: 500 saved...
2026-06-17 17:23:23,207 INFO MT4 clients: 1000 saved...
2026-06-17 17:23:23,634 INFO MT4 clients: 1500 saved...
2026-06-17 17:23:24,149 INFO MT4 clients: 2000 saved...
2026-06-17 17:23:24,668 INFO MT4 clients: 2500 saved...
2026-06-17 17:23:25,154 INFO MT4 clients: 3000 saved...
2026-06-17 17:23:25,566 INFO MT4 clients: 3500 saved...
2026-06-17 17:23:25,990 INFO MT4 clients: 4000 saved...
2026-06-17 17:23:26,446 INFO MT4 clients: 4500 saved...
2026-06-17 17:23:26,949 INFO MT4 clients: 5000 saved...
2026-06-17 17:23:27,214 INFO MT4: 5297 clients saved
2026-06-17 17:23:27,214 INFO save_mt4_clients done
2026-06-17 17:23:27,215 INFO Fetching closed trade history (last 2 days)...
2026-06-17 17:23:28,942 INFO sync_trade_journal: 84281 records, 7183 closed trades in last 2d
2026-06-17 17:23:28,943 INFO Got 7183 closed trades, saving to deals...
2026-06-17 17:24:57,053 INFO MT4 journal deals saved: 7183
2026-06-17 17:24:57,054 INFO save_journal_deals done
2026-06-17 17:24:57,054 INFO === ONE-SHOT FETCH COMPLETE ===
2026-06-17 17:25:58,091 INFO Connecting to MT4...
2026-06-17 17:25:58,234 INFO mtmanapi64.dll loaded
2026-06-17 17:25:58,235 INFO MT4 manager instance created (ver=26215873)
2026-06-17 17:25:58,490 INFO MT4 connected and logged in. IsConnected=1
2026-06-17 17:25:58,491 INFO Fetching all users...
2026-06-17 17:25:58,691 INFO AdmUsersRequest: 5297 users
2026-06-17 17:25:58,691 INFO Got 5297 users, saving to clients/trading_accounts...
2026-06-17 17:25:59,853 INFO MT4 clients: 500 saved...
2026-06-17 17:26:00,289 INFO MT4 clients: 1000 saved...
2026-06-17 17:26:00,666 INFO MT4 clients: 1500 saved...
2026-06-17 17:26:01,047 INFO MT4 clients: 2000 saved...
2026-06-17 17:26:01,457 INFO MT4 clients: 2500 saved...
2026-06-17 17:26:01,897 INFO MT4 clients: 3000 saved...
2026-06-17 17:26:02,352 INFO MT4 clients: 3500 saved...
2026-06-17 17:26:02,808 INFO MT4 clients: 4000 saved...
2026-06-17 17:26:03,265 INFO MT4 clients: 4500 saved...
2026-06-17 17:26:03,693 INFO MT4 clients: 5000 saved...
2026-06-17 17:26:03,941 INFO MT4: 5297 clients saved
2026-06-17 17:26:03,942 INFO save_mt4_clients done
2026-06-17 17:26:03,942 INFO Fetching closed trade history (last 2 days)...
2026-06-17 17:26:05,530 INFO sync_trade_journal: 84299 records, 7186 closed trades in last 2d
2026-06-17 17:26:05,531 INFO Got 7186 closed trades, saving to deals...
2026-06-17 17:26:13,197 INFO MT4 journal deals saved: 7186
2026-06-17 17:26:13,198 INFO save_journal_deals done
2026-06-17 17:26:13,199 INFO === ONE-SHOT FETCH COMPLETE ===
2026-06-17 17:26:14,237 INFO mtmanapi64.dll loaded
2026-06-17 17:26:14,239 INFO MT4 manager instance created (ver=26215873)
2026-06-17 17:26:14,493 INFO MT4 connected and logged in. IsConnected=1
2026-06-17 17:27:16,617 INFO Connecting to MT4...
2026-06-17 17:27:16,753 INFO mtmanapi64.dll loaded
2026-06-17 17:27:16,754 INFO MT4 manager instance created (ver=26215873)
2026-06-17 17:27:17,017 INFO MT4 connected and logged in. IsConnected=1
2026-06-17 17:27:17,018 INFO Fetching all users...
2026-06-17 17:27:17,223 INFO AdmUsersRequest: 5297 users
2026-06-17 17:27:17,224 INFO Got 5297 users, saving to clients/trading_accounts...
2026-06-17 17:27:18,417 INFO MT4 clients: 500 saved...
2026-06-17 17:27:18,814 INFO MT4 clients: 1000 saved...
2026-06-17 17:27:19,205 INFO MT4 clients: 1500 saved...
2026-06-17 17:27:19,610 INFO MT4 clients: 2000 saved...
2026-06-17 17:27:19,991 INFO MT4 clients: 2500 saved...
2026-06-17 17:27:20,361 INFO MT4 clients: 3000 saved...
2026-06-17 17:27:20,748 INFO MT4 clients: 3500 saved...
2026-06-17 17:27:21,116 INFO MT4 clients: 4000 saved...
2026-06-17 17:27:21,492 INFO MT4 clients: 4500 saved...
2026-06-17 17:27:21,859 INFO MT4 clients: 5000 saved...
2026-06-17 17:27:22,094 INFO MT4: 5297 clients saved
2026-06-17 17:27:22,095 INFO save_mt4_clients done
2026-06-17 17:27:22,095 INFO Fetching closed trade history (last 2 days)...
2026-06-17 17:27:23,749 INFO sync_trade_journal: 84329 records, 7190 closed trades in last 2d
2026-06-17 17:27:23,750 INFO Got 7190 closed trades, saving to deals...
2026-06-17 17:27:31,567 INFO MT4 journal deals saved: 7190
2026-06-17 17:27:31,568 INFO save_journal_deals done
2026-06-17 17:27:31,569 INFO === ONE-SHOT FETCH COMPLETE ===
2026-06-17 17:28:32,535 INFO Connecting to MT4...
2026-06-17 17:28:32,677 INFO mtmanapi64.dll loaded
2026-06-17 17:28:32,679 INFO MT4 manager instance created (ver=26215873)
2026-06-17 17:28:32,937 INFO MT4 connected and logged in. IsConnected=1
2026-06-17 17:28:32,938 INFO Fetching all users...
2026-06-17 17:28:33,151 INFO AdmUsersRequest: 5297 users
2026-06-17 17:28:33,152 INFO Got 5297 users, saving to clients/trading_accounts...
2026-06-17 17:28:34,332 INFO MT4 clients: 500 saved...
2026-06-17 17:28:34,747 INFO MT4 clients: 1000 saved...
2026-06-17 17:28:35,124 INFO MT4 clients: 1500 saved...
2026-06-17 17:28:35,482 INFO MT4 clients: 2000 saved...
2026-06-17 17:28:35,848 INFO MT4 clients: 2500 saved...
2026-06-17 17:28:36,205 INFO MT4 clients: 3000 saved...
2026-06-17 17:28:36,577 INFO MT4 clients: 3500 saved...
2026-06-17 17:28:36,943 INFO MT4 clients: 4000 saved...
2026-06-17 17:28:37,316 INFO MT4 clients: 4500 saved...
2026-06-17 17:28:37,680 INFO MT4 clients: 5000 saved...
2026-06-17 17:28:37,905 INFO MT4: 5297 clients saved
2026-06-17 17:28:37,905 INFO save_mt4_clients done
2026-06-17 17:28:37,906 INFO Fetching closed trade history (last 2 days)...
2026-06-17 17:28:39,480 INFO sync_trade_journal: 84349 records, 7190 closed trades in last 2d
2026-06-17 17:28:39,481 INFO Got 7190 closed trades, saving to deals...
2026-06-17 17:28:47,654 INFO MT4 journal deals saved: 7190
2026-06-17 17:28:47,655 INFO save_journal_deals done
2026-06-17 17:28:47,656 INFO === ONE-SHOT FETCH COMPLETE ===
2026-06-17 17:29:48,605 INFO Connecting to MT4...
2026-06-17 17:29:48,740 INFO mtmanapi64.dll loaded
2026-06-17 17:29:48,740 INFO MT4 manager instance created (ver=26215873)
2026-06-17 17:29:49,002 INFO MT4 connected and logged in. IsConnected=1
2026-06-17 17:29:49,004 INFO Fetching all users...
2026-06-17 17:29:49,226 INFO AdmUsersRequest: 5298 users
2026-06-17 17:29:49,227 INFO Got 5298 users, saving to clients/trading_accounts...
2026-06-17 17:29:50,311 INFO MT4 clients: 500 saved...
2026-06-17 17:29:50,629 INFO MT4 clients: 1000 saved...
2026-06-17 17:29:50,940 INFO MT4 clients: 1500 saved...
2026-06-17 17:29:51,247 INFO MT4 clients: 2000 saved...
2026-06-17 17:29:51,558 INFO MT4 clients: 2500 saved...
2026-06-17 17:29:51,874 INFO MT4 clients: 3000 saved...
2026-06-17 17:29:52,218 INFO MT4 clients: 3500 saved...
2026-06-17 17:29:52,573 INFO MT4 clients: 4000 saved...
2026-06-17 17:29:52,907 INFO MT4 clients: 4500 saved...
2026-06-17 17:29:53,243 INFO MT4 clients: 5000 saved...
2026-06-17 17:29:53,434 INFO MT4: 5298 clients saved
2026-06-17 17:29:53,435 INFO save_mt4_clients done
2026-06-17 17:29:53,436 INFO Fetching closed trade history (last 2 days)...
2026-06-17 17:29:54,944 INFO sync_trade_journal: 84355 records, 7193 closed trades in last 2d
2026-06-17 17:29:54,945 INFO Got 7193 closed trades, saving to deals...
2026-06-17 17:30:01,250 INFO MT4 journal deals saved: 7193
2026-06-17 17:30:01,250 INFO save_journal_deals done
2026-06-17 17:30:01,251 INFO === ONE-SHOT FETCH COMPLETE ===
2026-06-17 17:31:02,132 INFO Connecting to MT4...
2026-06-17 17:31:02,272 INFO mtmanapi64.dll loaded
2026-06-17 17:31:02,273 INFO MT4 manager instance created (ver=26215873)
2026-06-17 17:31:02,523 INFO MT4 connected and logged in. IsConnected=1
2026-06-17 17:31:02,524 INFO Fetching all users...
2026-06-17 17:31:02,721 INFO AdmUsersRequest: 5298 users
2026-06-17 17:31:02,722 INFO Got 5298 users, saving to clients/trading_accounts...
2026-06-17 17:31:03,746 INFO MT4 clients: 500 saved...
2026-06-17 17:31:04,089 INFO MT4 clients: 1000 saved...
2026-06-17 17:31:04,415 INFO MT4 clients: 1500 saved...
2026-06-17 17:31:04,756 INFO MT4 clients: 2000 saved...
2026-06-17 17:31:05,083 INFO MT4 clients: 2500 saved...
2026-06-17 17:31:05,429 INFO MT4 clients: 3000 saved...
2026-06-17 17:31:05,765 INFO MT4 clients: 3500 saved...
2026-06-17 17:31:06,139 INFO MT4 clients: 4000 saved...
2026-06-17 17:31:06,498 INFO MT4 clients: 4500 saved...
2026-06-17 17:31:06,862 INFO MT4 clients: 5000 saved...
2026-06-17 17:31:07,081 INFO MT4: 5298 clients saved
2026-06-17 17:31:07,082 INFO save_mt4_clients done
2026-06-17 17:31:07,083 INFO Fetching closed trade history (last 2 days)...
2026-06-17 17:31:08,571 INFO sync_trade_journal: 84357 records, 7193 closed trades in last 2d
2026-06-17 17:31:08,573 INFO Got 7193 closed trades, saving to deals...
2026-06-17 17:31:15,180 INFO MT4 journal deals saved: 7193
2026-06-17 17:31:15,180 INFO save_journal_deals done
2026-06-17 17:31:15,181 INFO === ONE-SHOT FETCH COMPLETE ===
2026-06-17 17:32:16,868 INFO Connecting to MT4...
2026-06-17 17:32:17,400 INFO mtmanapi64.dll loaded
2026-06-17 17:32:17,400 INFO MT4 manager instance created (ver=26215873)
2026-06-17 17:32:17,652 INFO MT4 connected and logged in. IsConnected=1
2026-06-17 17:32:17,653 INFO Fetching all users...
2026-06-17 17:32:17,858 INFO AdmUsersRequest: 5298 users
2026-06-17 17:32:17,859 INFO Got 5298 users, saving to clients/trading_accounts...
2026-06-17 17:32:19,878 INFO MT4 clients: 500 saved...
2026-06-17 17:32:20,347 INFO MT4 clients: 1000 saved...
2026-06-17 17:32:20,764 INFO MT4 clients: 1500 saved...
2026-06-17 17:32:21,146 INFO MT4 clients: 2000 saved...
2026-06-17 17:32:21,541 INFO MT4 clients: 2500 saved...
2026-06-17 17:32:21,921 INFO MT4 clients: 3000 saved...
2026-06-17 17:32:22,292 INFO MT4 clients: 3500 saved...
2026-06-17 17:32:22,682 INFO MT4 clients: 4000 saved...
2026-06-17 17:32:23,051 INFO MT4 clients: 4500 saved...
2026-06-17 17:32:23,407 INFO MT4 clients: 5000 saved...
2026-06-17 17:32:23,758 INFO MT4: 5298 clients saved
2026-06-17 17:32:23,759 INFO save_mt4_clients done
2026-06-17 17:32:23,759 INFO Fetching closed trade history (last 2 days)...
2026-06-17 17:32:25,349 INFO sync_trade_journal: 84378 records, 7197 closed trades in last 2d
2026-06-17 17:32:25,350 INFO Got 7197 closed trades, saving to deals...
2026-06-17 17:32:35,199 INFO MT4 journal deals saved: 7197
2026-06-17 17:32:35,200 INFO save_journal_deals done
2026-06-17 17:32:35,201 INFO === ONE-SHOT FETCH COMPLETE ===
2026-06-17 17:33:36,510 INFO Connecting to MT4...
2026-06-17 17:33:36,716 INFO mtmanapi64.dll loaded
2026-06-17 17:33:36,717 INFO MT4 manager instance created (ver=26215873)
2026-06-17 17:33:36,921 INFO MT4 connected and logged in. IsConnected=1
2026-06-17 17:33:36,921 INFO Fetching all users...
2026-06-17 17:33:37,121 INFO AdmUsersRequest: 5298 users
2026-06-17 17:33:37,122 INFO Got 5298 users, saving to clients/trading_accounts...
2026-06-17 17:33:39,193 INFO MT4 clients: 500 saved...
2026-06-17 17:33:39,720 INFO MT4 clients: 1000 saved...
2026-06-17 17:33:40,151 INFO MT4 clients: 1500 saved...
2026-06-17 17:33:40,636 INFO MT4 clients: 2000 saved...
2026-06-17 17:33:41,233 INFO MT4 clients: 2500 saved...
2026-06-17 17:33:41,615 INFO MT4 clients: 3000 saved...
2026-06-17 17:33:42,114 INFO MT4 clients: 3500 saved...
2026-06-17 17:33:42,507 INFO MT4 clients: 4000 saved...
2026-06-17 17:33:42,966 INFO MT4 clients: 4500 saved...
2026-06-17 17:33:43,367 INFO MT4 clients: 5000 saved...
2026-06-17 17:33:43,614 INFO MT4: 5298 clients saved
2026-06-17 17:33:43,615 INFO save_mt4_clients done
2026-06-17 17:33:43,615 INFO Fetching closed trade history (last 2 days)...
2026-06-17 17:33:45,209 INFO sync_trade_journal: 84523 records, 7224 closed trades in last 2d
2026-06-17 17:33:45,210 INFO Got 7224 closed trades, saving to deals...
2026-06-17 17:35:17,594 INFO MT4 journal deals saved: 7224
2026-06-17 17:35:17,595 INFO save_journal_deals done
2026-06-17 17:35:17,595 INFO === ONE-SHOT FETCH COMPLETE ===
2026-06-17 17:36:18,934 INFO Connecting to MT4...
2026-06-17 17:36:19,073 INFO mtmanapi64.dll loaded
2026-06-17 17:36:19,074 INFO MT4 manager instance created (ver=26215873)
2026-06-17 17:36:19,328 INFO MT4 connected and logged in. IsConnected=1
2026-06-17 17:36:19,329 INFO Fetching all users...
2026-06-17 17:36:19,537 INFO AdmUsersRequest: 5298 users
2026-06-17 17:36:19,537 INFO Got 5298 users, saving to clients/trading_accounts...
2026-06-17 17:36:20,777 INFO MT4 clients: 500 saved...
2026-06-17 17:36:21,285 INFO MT4 clients: 1000 saved...
2026-06-17 17:36:21,798 INFO MT4 clients: 1500 saved...
2026-06-17 17:36:22,184 INFO MT4 clients: 2000 saved...
2026-06-17 17:36:22,568 INFO MT4 clients: 2500 saved...
2026-06-17 17:36:22,992 INFO MT4 clients: 3000 saved...
2026-06-17 17:36:23,584 INFO MT4 clients: 3500 saved...
2026-06-17 17:36:23,979 INFO MT4 clients: 4000 saved...
2026-06-17 17:36:24,507 INFO MT4 clients: 4500 saved...
2026-06-17 17:36:24,921 INFO MT4 clients: 5000 saved...
2026-06-17 17:36:25,161 INFO MT4: 5298 clients saved
2026-06-17 17:36:25,162 INFO save_mt4_clients done
2026-06-17 17:36:25,163 INFO Fetching closed trade history (last 2 days)...
2026-06-17 17:36:28,092 INFO sync_trade_journal: 84714 records, 7251 closed trades in last 2d
2026-06-17 17:36:28,092 INFO Got 7251 closed trades, saving to deals...
2026-06-17 17:36:43,525 INFO MT4 journal deals saved: 7251
2026-06-17 17:36:43,525 INFO save_journal_deals done
2026-06-17 17:36:43,526 INFO === ONE-SHOT FETCH COMPLETE ===
2026-06-17 17:37:44,444 INFO Connecting to MT4...
2026-06-17 17:37:44,580 INFO mtmanapi64.dll loaded
2026-06-17 17:37:44,581 INFO MT4 manager instance created (ver=26215873)
2026-06-17 17:37:44,819 INFO MT4 connected and logged in. IsConnected=1
2026-06-17 17:37:44,820 INFO Fetching all users...
2026-06-17 17:37:45,052 INFO AdmUsersRequest: 5298 users
2026-06-17 17:37:45,052 INFO Got 5298 users, saving to clients/trading_accounts...
2026-06-17 17:37:46,210 INFO MT4 clients: 500 saved...
2026-06-17 17:37:46,598 INFO MT4 clients: 1000 saved...
2026-06-17 17:37:46,955 INFO MT4 clients: 1500 saved...
2026-06-17 17:37:47,311 INFO MT4 clients: 2000 saved...
2026-06-17 17:37:47,677 INFO MT4 clients: 2500 saved...
2026-06-17 17:37:48,047 INFO MT4 clients: 3000 saved...
2026-06-17 17:37:48,392 INFO MT4 clients: 3500 saved...
2026-06-17 17:37:48,769 INFO MT4 clients: 4000 saved...
2026-06-17 17:37:49,135 INFO MT4 clients: 4500 saved...
2026-06-17 17:37:49,535 INFO MT4 clients: 5000 saved...
2026-06-17 17:37:49,772 INFO MT4: 5298 clients saved
2026-06-17 17:37:49,773 INFO save_mt4_clients done
2026-06-17 17:37:49,774 INFO Fetching closed trade history (last 2 days)...
2026-06-17 17:37:51,320 INFO sync_trade_journal: 84754 records, 7255 closed trades in last 2d
2026-06-17 17:37:51,321 INFO Got 7255 closed trades, saving to deals...
2026-06-17 17:37:58,742 INFO MT4 journal deals saved: 7255
2026-06-17 17:37:58,743 INFO save_journal_deals done
2026-06-17 17:37:58,744 INFO === ONE-SHOT FETCH COMPLETE ===
2026-06-17 17:38:59,744 INFO Connecting to MT4...
2026-06-17 17:38:59,879 INFO mtmanapi64.dll loaded
2026-06-17 17:38:59,879 INFO MT4 manager instance created (ver=26215873)
2026-06-17 17:39:00,086 INFO MT4 connected and logged in. IsConnected=1
2026-06-17 17:39:00,087 INFO Fetching all users...
2026-06-17 17:39:00,303 INFO AdmUsersRequest: 5298 users
2026-06-17 17:39:00,304 INFO Got 5298 users, saving to clients/trading_accounts...
2026-06-17 17:39:01,470 INFO MT4 clients: 500 saved...
2026-06-17 17:39:01,870 INFO MT4 clients: 1000 saved...
2026-06-17 17:39:02,272 INFO MT4 clients: 1500 saved...
2026-06-17 17:39:02,682 INFO MT4 clients: 2000 saved...
2026-06-17 17:39:03,090 INFO MT4 clients: 2500 saved...
2026-06-17 17:39:03,487 INFO MT4 clients: 3000 saved...
2026-06-17 17:39:03,868 INFO MT4 clients: 3500 saved...
2026-06-17 17:39:04,232 INFO MT4 clients: 4000 saved...
2026-06-17 17:39:04,642 INFO MT4 clients: 4500 saved...
2026-06-17 17:39:05,019 INFO MT4 clients: 5000 saved...
2026-06-17 17:39:05,236 INFO MT4: 5298 clients saved
2026-06-17 17:39:05,237 INFO save_mt4_clients done
2026-06-17 17:39:05,238 INFO Fetching closed trade history (last 2 days)...
2026-06-17 17:39:06,813 INFO sync_trade_journal: 84791 records, 7258 closed trades in last 2d
2026-06-17 17:39:06,814 INFO Got 7258 closed trades, saving to deals...
2026-06-17 17:39:14,508 INFO MT4 journal deals saved: 7258
2026-06-17 17:39:14,509 INFO save_journal_deals done
2026-06-17 17:39:14,510 INFO === ONE-SHOT FETCH COMPLETE ===
2026-06-17 17:40:15,423 INFO Connecting to MT4...
2026-06-17 17:40:15,570 INFO mtmanapi64.dll loaded
2026-06-17 17:40:15,571 INFO MT4 manager instance created (ver=26215873)
2026-06-17 17:40:15,808 INFO MT4 connected and logged in. IsConnected=1
2026-06-17 17:40:15,808 INFO Fetching all users...
2026-06-17 17:40:16,017 INFO AdmUsersRequest: 5298 users
2026-06-17 17:40:16,019 INFO Got 5298 users, saving to clients/trading_accounts...
2026-06-17 17:40:17,232 INFO MT4 clients: 500 saved...
2026-06-17 17:40:17,609 INFO MT4 clients: 1000 saved...
2026-06-17 17:40:18,002 INFO MT4 clients: 1500 saved...
2026-06-17 17:40:18,386 INFO MT4 clients: 2000 saved...
2026-06-17 17:40:18,780 INFO MT4 clients: 2500 saved...
2026-06-17 17:40:19,157 INFO MT4 clients: 3000 saved...
2026-06-17 17:40:19,544 INFO MT4 clients: 3500 saved...
2026-06-17 17:40:19,940 INFO MT4 clients: 4000 saved...
2026-06-17 17:40:20,335 INFO MT4 clients: 4500 saved...
2026-06-17 17:40:20,758 INFO MT4 clients: 5000 saved...
2026-06-17 17:40:21,013 INFO MT4: 5298 clients saved
2026-06-17 17:40:21,014 INFO save_mt4_clients done
2026-06-17 17:40:21,015 INFO Fetching closed trade history (last 2 days)...
2026-06-17 17:40:22,583 INFO sync_trade_journal: 84821 records, 7262 closed trades in last 2d
2026-06-17 17:40:22,584 INFO Got 7262 closed trades, saving to deals...
2026-06-17 17:40:30,330 INFO MT4 journal deals saved: 7262
2026-06-17 17:40:30,330 INFO save_journal_deals done
2026-06-17 17:40:30,331 INFO === ONE-SHOT FETCH COMPLETE ===
2026-06-17 17:40:31,582 INFO mtmanapi64.dll loaded
2026-06-17 17:40:31,585 INFO MT4 manager instance created (ver=26215873)
2026-06-17 17:40:31,841 INFO MT4 connected and logged in. IsConnected=1
2026-06-17 17:41:34,086 INFO Connecting to MT4...
2026-06-17 17:41:34,223 INFO mtmanapi64.dll loaded
2026-06-17 17:41:34,225 INFO MT4 manager instance created (ver=26215873)
2026-06-17 17:41:34,477 INFO MT4 connected and logged in. IsConnected=1
2026-06-17 17:41:34,478 INFO Fetching all users...
2026-06-17 17:41:34,684 INFO AdmUsersRequest: 5298 users
2026-06-17 17:41:34,685 INFO Got 5298 users, saving to clients/trading_accounts...
2026-06-17 17:41:36,043 INFO MT4 clients: 500 saved...
2026-06-17 17:41:36,449 INFO MT4 clients: 1000 saved...
2026-06-17 17:41:36,858 INFO MT4 clients: 1500 saved...
2026-06-17 17:41:37,279 INFO MT4 clients: 2000 saved...
2026-06-17 17:41:37,712 INFO MT4 clients: 2500 saved...
2026-06-17 17:41:38,105 INFO MT4 clients: 3000 saved...
2026-06-17 17:41:38,498 INFO MT4 clients: 3500 saved...
2026-06-17 17:41:38,897 INFO MT4 clients: 4000 saved...
2026-06-17 17:41:39,303 INFO MT4 clients: 4500 saved...
2026-06-17 17:41:39,674 INFO MT4 clients: 5000 saved...
2026-06-17 17:41:39,897 INFO MT4: 5298 clients saved
2026-06-17 17:41:39,898 INFO save_mt4_clients done
2026-06-17 17:41:39,898 INFO Fetching closed trade history (last 2 days)...
2026-06-17 17:41:41,516 INFO sync_trade_journal: 84862 records, 7271 closed trades in last 2d
2026-06-17 17:41:41,517 INFO Got 7271 closed trades, saving to deals...
2026-06-17 17:41:49,700 INFO MT4 journal deals saved: 7271
2026-06-17 17:41:49,701 INFO save_journal_deals done
2026-06-17 17:41:49,702 INFO === ONE-SHOT FETCH COMPLETE ===
2026-06-17 17:42:50,634 INFO Connecting to MT4...
2026-06-17 17:42:50,771 INFO mtmanapi64.dll loaded
2026-06-17 17:42:50,772 INFO MT4 manager instance created (ver=26215873)
2026-06-17 17:42:51,022 INFO MT4 connected and logged in. IsConnected=1
2026-06-17 17:42:51,023 INFO Fetching all users...
2026-06-17 17:42:51,226 INFO AdmUsersRequest: 5298 users
2026-06-17 17:42:51,227 INFO Got 5298 users, saving to clients/trading_accounts...
2026-06-17 17:42:52,318 INFO MT4 clients: 500 saved...
2026-06-17 17:42:52,735 INFO MT4 clients: 1000 saved...
2026-06-17 17:42:53,091 INFO MT4 clients: 1500 saved...
2026-06-17 17:42:53,455 INFO MT4 clients: 2000 saved...
2026-06-17 17:42:53,843 INFO MT4 clients: 2500 saved...
2026-06-17 17:42:54,206 INFO MT4 clients: 3000 saved...
2026-06-17 17:42:54,549 INFO MT4 clients: 3500 saved...
2026-06-17 17:42:54,896 INFO MT4 clients: 4000 saved...
2026-06-17 17:42:55,233 INFO MT4 clients: 4500 saved...
2026-06-17 17:42:55,550 INFO MT4 clients: 5000 saved...
2026-06-17 17:42:55,745 INFO MT4: 5298 clients saved
2026-06-17 17:42:55,746 INFO save_mt4_clients done
2026-06-17 17:42:55,746 INFO Fetching closed trade history (last 2 days)...
2026-06-17 17:42:57,352 INFO sync_trade_journal: 84884 records, 7272 closed trades in last 2d
2026-06-17 17:42:57,353 INFO Got 7272 closed trades, saving to deals...
2026-06-17 17:44:55,846 INFO MT4 journal deals saved: 7272
2026-06-17 17:44:55,847 INFO save_journal_deals done
2026-06-17 17:44:55,848 INFO === ONE-SHOT FETCH COMPLETE ===
2026-06-17 17:45:56,869 INFO Connecting to MT4...
2026-06-17 17:45:57,052 INFO mtmanapi64.dll loaded
2026-06-17 17:45:57,053 INFO MT4 manager instance created (ver=26215873)
2026-06-17 17:45:57,303 INFO MT4 connected and logged in. IsConnected=1
2026-06-17 17:45:57,303 INFO Fetching all users...
2026-06-17 17:45:57,514 INFO AdmUsersRequest: 5299 users
2026-06-17 17:45:57,515 INFO Got 5299 users, saving to clients/trading_accounts...
2026-06-17 17:45:58,580 INFO MT4 clients: 500 saved...
2026-06-17 17:45:58,940 INFO MT4 clients: 1000 saved...
2026-06-17 17:45:59,298 INFO MT4 clients: 1500 saved...
2026-06-17 17:45:59,649 INFO MT4 clients: 2000 saved...
2026-06-17 17:46:00,013 INFO MT4 clients: 2500 saved...
2026-06-17 17:46:00,365 INFO MT4 clients: 3000 saved...
2026-06-17 17:46:00,712 INFO MT4 clients: 3500 saved...
2026-06-17 17:46:01,086 INFO MT4 clients: 4000 saved...
2026-06-17 17:46:01,473 INFO MT4 clients: 4500 saved...
2026-06-17 17:46:01,870 INFO MT4 clients: 5000 saved...
2026-06-17 17:46:02,097 INFO MT4: 5299 clients saved
2026-06-17 17:46:02,098 INFO save_mt4_clients done
2026-06-17 17:46:02,098 INFO Fetching closed trade history (last 2 days)...
2026-06-17 17:46:03,692 INFO sync_trade_journal: 84968 records, 7282 closed trades in last 2d
2026-06-17 17:46:03,694 INFO Got 7282 closed trades, saving to deals...
2026-06-17 17:46:11,255 INFO MT4 journal deals saved: 7282
2026-06-17 17:46:11,256 INFO save_journal_deals done
2026-06-17 17:46:11,257 INFO === ONE-SHOT FETCH COMPLETE ===
2026-06-17 17:47:12,165 INFO Connecting to MT4...
2026-06-17 17:47:12,296 INFO mtmanapi64.dll loaded
2026-06-17 17:47:12,297 INFO MT4 manager instance created (ver=26215873)
2026-06-17 17:47:12,556 INFO MT4 connected and logged in. IsConnected=1
2026-06-17 17:47:12,556 INFO Fetching all users...
2026-06-17 17:47:12,757 INFO AdmUsersRequest: 5299 users
2026-06-17 17:47:12,757 INFO Got 5299 users, saving to clients/trading_accounts...
2026-06-17 17:47:13,806 INFO MT4 clients: 500 saved...
2026-06-17 17:47:14,203 INFO MT4 clients: 1000 saved...
2026-06-17 17:47:14,611 INFO MT4 clients: 1500 saved...
2026-06-17 17:47:14,970 INFO MT4 clients: 2000 saved...
2026-06-17 17:47:15,351 INFO MT4 clients: 2500 saved...
2026-06-17 17:47:15,720 INFO MT4 clients: 3000 saved...
2026-06-17 17:47:16,128 INFO MT4 clients: 3500 saved...
2026-06-17 17:47:16,528 INFO MT4 clients: 4000 saved...
2026-06-17 17:47:16,917 INFO MT4 clients: 4500 saved...
2026-06-17 17:47:17,291 INFO MT4 clients: 5000 saved...
2026-06-17 17:47:17,500 INFO MT4: 5299 clients saved
2026-06-17 17:47:17,501 INFO save_mt4_clients done
2026-06-17 17:47:17,502 INFO Fetching closed trade history (last 2 days)...
2026-06-17 17:47:19,025 INFO sync_trade_journal: 84984 records, 7283 closed trades in last 2d
2026-06-17 17:47:19,026 INFO Got 7283 closed trades, saving to deals...
2026-06-17 17:47:26,592 INFO MT4 journal deals saved: 7283
2026-06-17 17:47:26,593 INFO save_journal_deals done
2026-06-17 17:47:26,594 INFO === ONE-SHOT FETCH COMPLETE ===
2026-06-17 17:48:27,475 INFO Connecting to MT4...
2026-06-17 17:48:27,613 INFO mtmanapi64.dll loaded
2026-06-17 17:48:27,614 INFO MT4 manager instance created (ver=26215873)
2026-06-17 17:48:27,864 INFO MT4 connected and logged in. IsConnected=1
2026-06-17 17:48:27,864 INFO Fetching all users...
2026-06-17 17:48:28,068 INFO AdmUsersRequest: 5299 users
2026-06-17 17:48:28,069 INFO Got 5299 users, saving to clients/trading_accounts...
2026-06-17 17:48:29,111 INFO MT4 clients: 500 saved...
2026-06-17 17:48:29,495 INFO MT4 clients: 1000 saved...
2026-06-17 17:48:29,881 INFO MT4 clients: 1500 saved...
2026-06-17 17:48:30,239 INFO MT4 clients: 2000 saved...
2026-06-17 17:48:30,589 INFO MT4 clients: 2500 saved...
2026-06-17 17:48:30,939 INFO MT4 clients: 3000 saved...
2026-06-17 17:48:31,271 INFO MT4 clients: 3500 saved...
2026-06-17 17:48:31,626 INFO MT4 clients: 4000 saved...
2026-06-17 17:48:31,989 INFO MT4 clients: 4500 saved...
2026-06-17 17:48:32,340 INFO MT4 clients: 5000 saved...
2026-06-17 17:48:32,577 INFO MT4: 5299 clients saved
2026-06-17 17:48:32,578 INFO save_mt4_clients done
2026-06-17 17:48:32,579 INFO Fetching closed trade history (last 2 days)...
2026-06-17 17:48:34,109 INFO sync_trade_journal: 85022 records, 7292 closed trades in last 2d
2026-06-17 17:48:34,110 INFO Got 7292 closed trades, saving to deals...
2026-06-17 17:48:40,284 INFO MT4 journal deals saved: 7292
2026-06-17 17:48:40,284 INFO save_journal_deals done
2026-06-17 17:48:40,285 INFO === ONE-SHOT FETCH COMPLETE ===
2026-06-17 17:49:41,187 INFO Connecting to MT4...
2026-06-17 17:49:41,341 INFO mtmanapi64.dll loaded
2026-06-17 17:49:41,342 INFO MT4 manager instance created (ver=26215873)
2026-06-17 17:49:41,558 INFO MT4 connected and logged in. IsConnected=1
2026-06-17 17:49:41,559 INFO Fetching all users...
2026-06-17 17:49:41,759 INFO AdmUsersRequest: 5299 users
2026-06-17 17:49:41,760 INFO Got 5299 users, saving to clients/trading_accounts...
2026-06-17 17:49:42,865 INFO MT4 clients: 500 saved...
2026-06-17 17:49:43,215 INFO MT4 clients: 1000 saved...
2026-06-17 17:49:43,548 INFO MT4 clients: 1500 saved...
2026-06-17 17:49:43,861 INFO MT4 clients: 2000 saved...
2026-06-17 17:49:44,178 INFO MT4 clients: 2500 saved...
2026-06-17 17:49:44,489 INFO MT4 clients: 3000 saved...
2026-06-17 17:49:44,818 INFO MT4 clients: 3500 saved...
2026-06-17 17:49:45,151 INFO MT4 clients: 4000 saved...
2026-06-17 17:49:45,496 INFO MT4 clients: 4500 saved...
2026-06-17 17:49:45,827 INFO MT4 clients: 5000 saved...
2026-06-17 17:49:46,028 INFO MT4: 5299 clients saved
2026-06-17 17:49:46,029 INFO save_mt4_clients done
2026-06-17 17:49:46,029 INFO Fetching closed trade history (last 2 days)...
2026-06-17 17:49:47,693 INFO sync_trade_journal: 85029 records, 7293 closed trades in last 2d
2026-06-17 17:49:47,694 INFO Got 7293 closed trades, saving to deals...
2026-06-17 17:49:55,924 INFO MT4 journal deals saved: 7293
2026-06-17 17:49:55,925 INFO save_journal_deals done
2026-06-17 17:49:55,926 INFO === ONE-SHOT FETCH COMPLETE ===
2026-06-17 17:50:57,551 INFO Connecting to MT4...
2026-06-17 17:50:57,739 INFO mtmanapi64.dll loaded
2026-06-17 17:50:57,740 INFO MT4 manager instance created (ver=26215873)
2026-06-17 17:50:57,992 INFO MT4 connected and logged in. IsConnected=1
2026-06-17 17:50:57,993 INFO Fetching all users...
2026-06-17 17:50:58,209 INFO AdmUsersRequest: 5300 users
2026-06-17 17:50:58,209 INFO Got 5300 users, saving to clients/trading_accounts...
2026-06-17 17:50:59,656 INFO MT4 clients: 500 saved...
2026-06-17 17:51:00,064 INFO MT4 clients: 1000 saved...
2026-06-17 17:51:00,465 INFO MT4 clients: 1500 saved...
2026-06-17 17:51:00,864 INFO MT4 clients: 2000 saved...
2026-06-17 17:51:01,266 INFO MT4 clients: 2500 saved...
2026-06-17 17:51:01,641 INFO MT4 clients: 3000 saved...
2026-06-17 17:51:02,011 INFO MT4 clients: 3500 saved...
2026-06-17 17:51:02,382 INFO MT4 clients: 4000 saved...
2026-06-17 17:51:02,763 INFO MT4 clients: 4500 saved...
2026-06-17 17:51:03,140 INFO MT4 clients: 5000 saved...
2026-06-17 17:51:03,360 INFO MT4: 5300 clients saved
2026-06-17 17:51:03,361 INFO save_mt4_clients done
2026-06-17 17:51:03,361 INFO Fetching closed trade history (last 2 days)...
2026-06-17 17:51:04,861 INFO sync_trade_journal: 85033 records, 7293 closed trades in last 2d
2026-06-17 17:51:04,862 INFO Got 7293 closed trades, saving to deals...
2026-06-17 17:51:14,871 INFO MT4 journal deals saved: 7293
2026-06-17 17:51:14,872 INFO save_journal_deals done
2026-06-17 17:51:14,872 INFO === ONE-SHOT FETCH COMPLETE ===
2026-06-17 17:52:16,824 INFO Connecting to MT4...
2026-06-17 17:52:17,314 INFO mtmanapi64.dll loaded
2026-06-17 17:52:17,327 INFO MT4 manager instance created (ver=26215873)
2026-06-17 17:52:17,584 INFO MT4 connected and logged in. IsConnected=1
2026-06-17 17:52:17,585 INFO Fetching all users...
2026-06-17 17:52:17,783 INFO AdmUsersRequest: 5300 users
2026-06-17 17:52:17,784 INFO Got 5300 users, saving to clients/trading_accounts...
2026-06-17 17:52:19,874 INFO MT4 clients: 500 saved...
2026-06-17 17:52:20,325 INFO MT4 clients: 1000 saved...
2026-06-17 17:52:20,756 INFO MT4 clients: 1500 saved...
2026-06-17 17:52:21,169 INFO MT4 clients: 2000 saved...
2026-06-17 17:52:21,579 INFO MT4 clients: 2500 saved...
2026-06-17 17:52:21,969 INFO MT4 clients: 3000 saved...
2026-06-17 17:52:22,369 INFO MT4 clients: 3500 saved...
2026-06-17 17:52:22,778 INFO MT4 clients: 4000 saved...
2026-06-17 17:52:23,193 INFO MT4 clients: 4500 saved...
2026-06-17 17:52:23,614 INFO MT4 clients: 5000 saved...
2026-06-17 17:52:23,859 INFO MT4: 5300 clients saved
2026-06-17 17:52:23,860 INFO save_mt4_clients done
2026-06-17 17:52:23,861 INFO Fetching closed trade history (last 2 days)...
2026-06-17 17:52:25,695 INFO sync_trade_journal: 85045 records, 7293 closed trades in last 2d
2026-06-17 17:52:25,697 INFO Got 7293 closed trades, saving to deals...
2026-06-17 17:52:44,289 INFO MT4 journal deals saved: 7293
2026-06-17 17:52:44,290 INFO save_journal_deals done
2026-06-17 17:52:44,291 INFO === ONE-SHOT FETCH COMPLETE ===
2026-06-17 17:53:45,291 INFO Connecting to MT4...
2026-06-17 17:53:45,719 INFO mtmanapi64.dll loaded
2026-06-17 17:53:45,720 INFO MT4 manager instance created (ver=26215873)
2026-06-17 17:53:45,969 INFO MT4 connected and logged in. IsConnected=1
2026-06-17 17:53:45,970 INFO Fetching all users...
2026-06-17 17:53:46,193 INFO AdmUsersRequest: 5300 users
2026-06-17 17:53:46,194 INFO Got 5300 users, saving to clients/trading_accounts...
2026-06-17 17:53:47,643 INFO MT4 clients: 500 saved...
2026-06-17 17:53:48,067 INFO MT4 clients: 1000 saved...
2026-06-17 17:53:48,489 INFO MT4 clients: 1500 saved...
2026-06-17 17:53:48,916 INFO MT4 clients: 2000 saved...
2026-06-17 17:53:49,339 INFO MT4 clients: 2500 saved...
2026-06-17 17:53:49,749 INFO MT4 clients: 3000 saved...
2026-06-17 17:53:50,176 INFO MT4 clients: 3500 saved...
2026-06-17 17:53:50,601 INFO MT4 clients: 4000 saved...
2026-06-17 17:53:51,029 INFO MT4 clients: 4500 saved...
2026-06-17 17:53:51,460 INFO MT4 clients: 5000 saved...
2026-06-17 17:53:51,699 INFO MT4: 5300 clients saved
2026-06-17 17:53:51,700 INFO save_mt4_clients done
2026-06-17 17:53:51,701 INFO Fetching closed trade history (last 2 days)...
2026-06-17 17:53:53,323 INFO sync_trade_journal: 85072 records, 7301 closed trades in last 2d
2026-06-17 17:53:53,324 INFO Got 7301 closed trades, saving to deals...
2026-06-17 17:55:08,238 INFO MT4 journal deals saved: 7301
2026-06-17 17:55:08,239 INFO save_journal_deals done
2026-06-17 17:55:08,239 INFO === ONE-SHOT FETCH COMPLETE ===
2026-06-17 17:56:09,356 INFO Connecting to MT4...
2026-06-17 17:56:09,492 INFO mtmanapi64.dll loaded
2026-06-17 17:56:09,493 INFO MT4 manager instance created (ver=26215873)
2026-06-17 17:56:09,748 INFO MT4 connected and logged in. IsConnected=1
2026-06-17 17:56:09,749 INFO Fetching all users...
2026-06-17 17:56:09,954 INFO AdmUsersRequest: 5300 users
2026-06-17 17:56:09,955 INFO Got 5300 users, saving to clients/trading_accounts...
2026-06-17 17:56:11,225 INFO MT4 clients: 500 saved...
2026-06-17 17:56:11,658 INFO MT4 clients: 1000 saved...
2026-06-17 17:56:12,082 INFO MT4 clients: 1500 saved...
2026-06-17 17:56:12,490 INFO MT4 clients: 2000 saved...
2026-06-17 17:56:12,901 INFO MT4 clients: 2500 saved...
2026-06-17 17:56:13,315 INFO MT4 clients: 3000 saved...
2026-06-17 17:56:13,700 INFO MT4 clients: 3500 saved...
2026-06-17 17:56:14,078 INFO MT4 clients: 4000 saved...
2026-06-17 17:56:14,477 INFO MT4 clients: 4500 saved...
2026-06-17 17:56:14,911 INFO MT4 clients: 5000 saved...
2026-06-17 17:56:15,153 INFO MT4: 5300 clients saved
2026-06-17 17:56:15,154 INFO save_mt4_clients done
2026-06-17 17:56:15,154 INFO Fetching closed trade history (last 2 days)...
2026-06-17 17:56:16,717 INFO sync_trade_journal: 85127 records, 7310 closed trades in last 2d
2026-06-17 17:56:16,718 INFO Got 7310 closed trades, saving to deals...
2026-06-17 17:56:24,328 INFO MT4 journal deals saved: 7310
2026-06-17 17:56:24,328 INFO save_journal_deals done
2026-06-17 17:56:24,329 INFO === ONE-SHOT FETCH COMPLETE ===
2026-06-17 17:56:25,458 INFO mtmanapi64.dll loaded
2026-06-17 17:56:25,460 INFO MT4 manager instance created (ver=26215873)
2026-06-17 17:56:25,716 INFO MT4 connected and logged in. IsConnected=1
2026-06-17 17:57:27,860 INFO Connecting to MT4...
2026-06-17 17:57:27,990 INFO mtmanapi64.dll loaded
2026-06-17 17:57:27,991 INFO MT4 manager instance created (ver=26215873)
2026-06-17 17:57:28,243 INFO MT4 connected and logged in. IsConnected=1
2026-06-17 17:57:28,244 INFO Fetching all users...
2026-06-17 17:57:28,447 INFO AdmUsersRequest: 5300 users
2026-06-17 17:57:28,448 INFO Got 5300 users, saving to clients/trading_accounts...
2026-06-17 17:57:29,527 INFO MT4 clients: 500 saved...
2026-06-17 17:57:29,956 INFO MT4 clients: 1000 saved...
2026-06-17 17:57:30,338 INFO MT4 clients: 1500 saved...
2026-06-17 17:57:30,726 INFO MT4 clients: 2000 saved...
2026-06-17 17:57:31,118 INFO MT4 clients: 2500 saved...
2026-06-17 17:57:31,485 INFO MT4 clients: 3000 saved...
2026-06-17 17:57:31,857 INFO MT4 clients: 3500 saved...
2026-06-17 17:57:32,272 INFO MT4 clients: 4000 saved...
2026-06-17 17:57:32,669 INFO MT4 clients: 4500 saved...
2026-06-17 17:57:33,042 INFO MT4 clients: 5000 saved...
2026-06-17 17:57:33,272 INFO MT4: 5300 clients saved
2026-06-17 17:57:33,273 INFO save_mt4_clients done
2026-06-17 17:57:33,274 INFO Fetching closed trade history (last 2 days)...
2026-06-17 17:57:34,821 INFO sync_trade_journal: 85157 records, 7313 closed trades in last 2d
2026-06-17 17:57:34,822 INFO Got 7313 closed trades, saving to deals...
2026-06-17 17:57:42,210 INFO MT4 journal deals saved: 7313
2026-06-17 17:57:42,211 INFO save_journal_deals done
2026-06-17 17:57:42,211 INFO === ONE-SHOT FETCH COMPLETE ===
2026-06-17 17:58:43,222 INFO Connecting to MT4...
2026-06-17 17:58:43,363 INFO mtmanapi64.dll loaded
2026-06-17 17:58:43,364 INFO MT4 manager instance created (ver=26215873)
2026-06-17 17:58:43,619 INFO MT4 connected and logged in. IsConnected=1
2026-06-17 17:58:43,620 INFO Fetching all users...
2026-06-17 17:58:43,829 INFO AdmUsersRequest: 5300 users
2026-06-17 17:58:43,830 INFO Got 5300 users, saving to clients/trading_accounts...
2026-06-17 17:58:45,017 INFO MT4 clients: 500 saved...
2026-06-17 17:58:45,409 INFO MT4 clients: 1000 saved...
2026-06-17 17:58:45,808 INFO MT4 clients: 1500 saved...
2026-06-17 17:58:46,202 INFO MT4 clients: 2000 saved...
2026-06-17 17:58:46,562 INFO MT4 clients: 2500 saved...
2026-06-17 17:58:46,916 INFO MT4 clients: 3000 saved...
2026-06-17 17:58:47,273 INFO MT4 clients: 3500 saved...
2026-06-17 17:58:47,645 INFO MT4 clients: 4000 saved...
2026-06-17 17:58:48,003 INFO MT4 clients: 4500 saved...
2026-06-17 17:58:48,368 INFO MT4 clients: 5000 saved...
2026-06-17 17:58:48,594 INFO MT4: 5300 clients saved
2026-06-17 17:58:48,595 INFO save_mt4_clients done
2026-06-17 17:58:48,595 INFO Fetching closed trade history (last 2 days)...
2026-06-17 17:58:50,099 INFO sync_trade_journal: 85203 records, 7317 closed trades in last 2d
2026-06-17 17:58:50,099 INFO Got 7317 closed trades, saving to deals...
2026-06-17 17:58:57,582 INFO MT4 journal deals saved: 7317
2026-06-17 17:58:57,583 INFO save_journal_deals done
2026-06-17 17:58:57,584 INFO === ONE-SHOT FETCH COMPLETE ===
2026-06-17 17:59:58,499 INFO Connecting to MT4...
2026-06-17 17:59:58,638 INFO mtmanapi64.dll loaded
2026-06-17 17:59:58,639 INFO MT4 manager instance created (ver=26215873)
2026-06-17 17:59:58,892 INFO MT4 connected and logged in. IsConnected=1
2026-06-17 17:59:58,893 INFO Fetching all users...
2026-06-17 17:59:59,109 INFO AdmUsersRequest: 5300 users
2026-06-17 17:59:59,110 INFO Got 5300 users, saving to clients/trading_accounts...
2026-06-17 18:00:00,394 INFO MT4 clients: 500 saved...
2026-06-17 18:00:00,776 INFO MT4 clients: 1000 saved...
2026-06-17 18:00:01,147 INFO MT4 clients: 1500 saved...
2026-06-17 18:00:01,496 INFO MT4 clients: 2000 saved...
2026-06-17 18:00:01,825 INFO MT4 clients: 2500 saved...
2026-06-17 18:00:02,139 INFO MT4 clients: 3000 saved...
2026-06-17 18:00:02,450 INFO MT4 clients: 3500 saved...
2026-06-17 18:00:02,780 INFO MT4 clients: 4000 saved...
2026-06-17 18:00:03,096 INFO MT4 clients: 4500 saved...
2026-06-17 18:00:03,404 INFO MT4 clients: 5000 saved...
2026-06-17 18:00:03,582 INFO MT4: 5300 clients saved
2026-06-17 18:00:03,583 INFO save_mt4_clients done
2026-06-17 18:00:03,583 INFO Fetching closed trade history (last 2 days)...
2026-06-17 18:00:05,110 INFO sync_trade_journal: 85251 records, 7327 closed trades in last 2d
2026-06-17 18:00:05,111 INFO Got 7327 closed trades, saving to deals...
2026-06-17 18:00:12,566 INFO MT4 journal deals saved: 7327
2026-06-17 18:00:12,566 INFO save_journal_deals done
2026-06-17 18:00:12,567 INFO === ONE-SHOT FETCH COMPLETE ===
2026-06-17 18:01:13,504 INFO Connecting to MT4...
2026-06-17 18:01:13,637 INFO mtmanapi64.dll loaded
2026-06-17 18:01:13,638 INFO MT4 manager instance created (ver=26215873)
2026-06-17 18:01:13,890 INFO MT4 connected and logged in. IsConnected=1
2026-06-17 18:01:13,891 INFO Fetching all users...
2026-06-17 18:01:14,098 INFO AdmUsersRequest: 5300 users
2026-06-17 18:01:14,099 INFO Got 5300 users, saving to clients/trading_accounts...
2026-06-17 18:01:15,173 INFO MT4 clients: 500 saved...
2026-06-17 18:01:15,539 INFO MT4 clients: 1000 saved...
2026-06-17 18:01:15,930 INFO MT4 clients: 1500 saved...
2026-06-17 18:01:16,360 INFO MT4 clients: 2000 saved...
2026-06-17 18:01:16,769 INFO MT4 clients: 2500 saved...
2026-06-17 18:01:17,162 INFO MT4 clients: 3000 saved...
2026-06-17 18:01:17,555 INFO MT4 clients: 3500 saved...
2026-06-17 18:01:18,009 INFO MT4 clients: 4000 saved...
2026-06-17 18:01:18,405 INFO MT4 clients: 4500 saved...
2026-06-17 18:01:18,805 INFO MT4 clients: 5000 saved...
2026-06-17 18:01:19,053 INFO MT4: 5300 clients saved
2026-06-17 18:01:19,054 INFO save_mt4_clients done
2026-06-17 18:01:19,054 INFO Fetching closed trade history (last 2 days)...
2026-06-17 18:01:20,571 INFO sync_trade_journal: 85600 records, 7414 closed trades in last 2d
2026-06-17 18:01:20,572 INFO Got 7414 closed trades, saving to deals...
2026-06-17 18:01:29,297 INFO MT4 journal deals saved: 7414
2026-06-17 18:01:29,298 INFO save_journal_deals done
2026-06-17 18:01:29,299 INFO === ONE-SHOT FETCH COMPLETE ===
2026-06-17 18:02:30,873 INFO Connecting to MT4...
2026-06-17 18:02:31,013 INFO mtmanapi64.dll loaded
2026-06-17 18:02:31,014 INFO MT4 manager instance created (ver=26215873)
2026-06-17 18:02:31,265 INFO MT4 connected and logged in. IsConnected=1
2026-06-17 18:02:31,266 INFO Fetching all users...
2026-06-17 18:02:31,475 INFO AdmUsersRequest: 5300 users
2026-06-17 18:02:31,476 INFO Got 5300 users, saving to clients/trading_accounts...
2026-06-17 18:02:32,545 INFO MT4 clients: 500 saved...
2026-06-17 18:02:32,888 INFO MT4 clients: 1000 saved...
2026-06-17 18:02:33,239 INFO MT4 clients: 1500 saved...
2026-06-17 18:02:33,604 INFO MT4 clients: 2000 saved...
2026-06-17 18:02:33,959 INFO MT4 clients: 2500 saved...
2026-06-17 18:02:34,324 INFO MT4 clients: 3000 saved...
2026-06-17 18:02:34,671 INFO MT4 clients: 3500 saved...
2026-06-17 18:02:35,025 INFO MT4 clients: 4000 saved...
2026-06-17 18:02:35,383 INFO MT4 clients: 4500 saved...
2026-06-17 18:02:35,733 INFO MT4 clients: 5000 saved...
2026-06-17 18:02:35,937 INFO MT4: 5300 clients saved
2026-06-17 18:02:35,937 INFO save_mt4_clients done
2026-06-17 18:02:35,938 INFO Fetching closed trade history (last 2 days)...
2026-06-17 18:02:37,493 INFO sync_trade_journal: 85745 records, 7445 closed trades in last 2d
2026-06-17 18:02:37,494 INFO Got 7445 closed trades, saving to deals...
2026-06-17 18:02:44,988 INFO MT4 journal deals saved: 7445
2026-06-17 18:02:44,989 INFO save_journal_deals done
2026-06-17 18:02:44,989 INFO === ONE-SHOT FETCH COMPLETE ===
2026-06-17 18:03:45,891 INFO Connecting to MT4...
2026-06-17 18:03:46,023 INFO mtmanapi64.dll loaded
2026-06-17 18:03:46,024 INFO MT4 manager instance created (ver=26215873)
2026-06-17 18:03:46,286 INFO MT4 connected and logged in. IsConnected=1
2026-06-17 18:03:46,287 INFO Fetching all users...
2026-06-17 18:03:46,491 INFO AdmUsersRequest: 5300 users
2026-06-17 18:03:46,492 INFO Got 5300 users, saving to clients/trading_accounts...
2026-06-17 18:03:48,050 INFO MT4 clients: 500 saved...
2026-06-17 18:03:48,503 INFO MT4 clients: 1000 saved...
2026-06-17 18:03:48,888 INFO MT4 clients: 1500 saved...
2026-06-17 18:03:49,249 INFO MT4 clients: 2000 saved...
2026-06-17 18:03:49,607 INFO MT4 clients: 2500 saved...
2026-06-17 18:03:50,005 INFO MT4 clients: 3000 saved...
2026-06-17 18:03:50,383 INFO MT4 clients: 3500 saved...
2026-06-17 18:03:50,743 INFO MT4 clients: 4000 saved...
2026-06-17 18:03:51,097 INFO MT4 clients: 4500 saved...
2026-06-17 18:03:51,488 INFO MT4 clients: 5000 saved...
2026-06-17 18:03:51,701 INFO MT4: 5300 clients saved
2026-06-17 18:03:51,702 INFO save_mt4_clients done
2026-06-17 18:03:51,702 INFO Fetching closed trade history (last 2 days)...
2026-06-17 18:03:53,341 INFO sync_trade_journal: 85972 records, 7479 closed trades in last 2d
2026-06-17 18:03:53,342 INFO Got 7479 closed trades, saving to deals...
2026-06-17 18:04:48,937 INFO MT4 journal deals saved: 7479
2026-06-17 18:04:48,937 INFO save_journal_deals done
2026-06-17 18:04:48,938 INFO === ONE-SHOT FETCH COMPLETE ===
2026-06-17 18:05:49,845 INFO Connecting to MT4...
2026-06-17 18:05:49,984 INFO mtmanapi64.dll loaded
2026-06-17 18:05:49,985 INFO MT4 manager instance created (ver=26215873)
2026-06-17 18:05:50,236 INFO MT4 connected and logged in. IsConnected=1
2026-06-17 18:05:50,237 INFO Fetching all users...
2026-06-17 18:05:50,436 INFO AdmUsersRequest: 5300 users
2026-06-17 18:05:50,437 INFO Got 5300 users, saving to clients/trading_accounts...
2026-06-17 18:05:51,534 INFO MT4 clients: 500 saved...
2026-06-17 18:05:51,899 INFO MT4 clients: 1000 saved...
2026-06-17 18:05:52,243 INFO MT4 clients: 1500 saved...
2026-06-17 18:05:52,581 INFO MT4 clients: 2000 saved...
2026-06-17 18:05:52,940 INFO MT4 clients: 2500 saved...
2026-06-17 18:05:53,305 INFO MT4 clients: 3000 saved...
2026-06-17 18:05:53,647 INFO MT4 clients: 3500 saved...
2026-06-17 18:05:53,991 INFO MT4 clients: 4000 saved...
2026-06-17 18:05:54,366 INFO MT4 clients: 4500 saved...
2026-06-17 18:05:54,730 INFO MT4 clients: 5000 saved...
2026-06-17 18:05:54,947 INFO MT4: 5300 clients saved
2026-06-17 18:05:54,948 INFO save_mt4_clients done
2026-06-17 18:05:54,948 INFO Fetching closed trade history (last 2 days)...
2026-06-17 18:05:56,902 INFO sync_trade_journal: 86438 records, 7528 closed trades in last 2d
2026-06-17 18:05:56,903 INFO Got 7528 closed trades, saving to deals...
2026-06-17 18:06:04,789 INFO MT4 journal deals saved: 7528
2026-06-17 18:06:04,790 INFO save_journal_deals done
2026-06-17 18:06:04,791 INFO === ONE-SHOT FETCH COMPLETE ===
2026-06-17 18:07:05,806 INFO Connecting to MT4...
2026-06-17 18:07:05,964 INFO mtmanapi64.dll loaded
2026-06-17 18:07:05,965 INFO MT4 manager instance created (ver=26215873)
2026-06-17 18:07:06,226 INFO MT4 connected and logged in. IsConnected=1
2026-06-17 18:07:06,227 INFO Fetching all users...
2026-06-17 18:07:06,417 INFO AdmUsersRequest: 5300 users
2026-06-17 18:07:06,418 INFO Got 5300 users, saving to clients/trading_accounts...
2026-06-17 18:07:07,835 INFO MT4 clients: 500 saved...
2026-06-17 18:07:08,245 INFO MT4 clients: 1000 saved...
2026-06-17 18:07:08,627 INFO MT4 clients: 1500 saved...
2026-06-17 18:07:08,993 INFO MT4 clients: 2000 saved...
2026-06-17 18:07:09,459 INFO MT4 clients: 2500 saved...
2026-06-17 18:07:09,878 INFO MT4 clients: 3000 saved...
2026-06-17 18:07:10,293 INFO MT4 clients: 3500 saved...
2026-06-17 18:07:10,696 INFO MT4 clients: 4000 saved...
2026-06-17 18:07:11,087 INFO MT4 clients: 4500 saved...
2026-06-17 18:07:11,505 INFO MT4 clients: 5000 saved...
2026-06-17 18:07:11,841 INFO MT4: 5300 clients saved
2026-06-17 18:07:11,841 INFO save_mt4_clients done
2026-06-17 18:07:11,842 INFO Fetching closed trade history (last 2 days)...
2026-06-17 18:07:13,909 INFO sync_trade_journal: 86553 records, 7555 closed trades in last 2d
2026-06-17 18:07:13,910 INFO Got 7555 closed trades, saving to deals...
2026-06-17 18:07:25,596 INFO MT4 journal deals saved: 7555
2026-06-17 18:07:25,598 INFO save_journal_deals done
2026-06-17 18:07:25,598 INFO === ONE-SHOT FETCH COMPLETE ===
2026-06-17 18:08:26,894 INFO Connecting to MT4...
2026-06-17 18:08:27,091 INFO mtmanapi64.dll loaded
2026-06-17 18:08:27,092 INFO MT4 manager instance created (ver=26215873)
2026-06-17 18:08:27,351 INFO MT4 connected and logged in. IsConnected=1
2026-06-17 18:08:27,353 INFO Fetching all users...
2026-06-17 18:08:27,579 INFO AdmUsersRequest: 5300 users
2026-06-17 18:08:27,585 INFO Got 5300 users, saving to clients/trading_accounts...
2026-06-17 18:08:29,754 INFO MT4 clients: 500 saved...
2026-06-17 18:08:30,335 INFO MT4 clients: 1000 saved...
2026-06-17 18:08:30,909 INFO MT4 clients: 1500 saved...
2026-06-17 18:08:31,469 INFO MT4 clients: 2000 saved...
2026-06-17 18:08:31,929 INFO MT4 clients: 2500 saved...
2026-06-17 18:08:32,386 INFO MT4 clients: 3000 saved...
2026-06-17 18:08:32,859 INFO MT4 clients: 3500 saved...
2026-06-17 18:08:33,367 INFO MT4 clients: 4000 saved...
2026-06-17 18:08:33,816 INFO MT4 clients: 4500 saved...
2026-06-17 18:08:34,378 INFO MT4 clients: 5000 saved...
2026-06-17 18:08:34,600 INFO MT4: 5300 clients saved
2026-06-17 18:08:34,600 INFO save_mt4_clients done
2026-06-17 18:08:34,601 INFO Fetching closed trade history (last 2 days)...
2026-06-17 18:08:36,253 INFO sync_trade_journal: 86704 records, 7574 closed trades in last 2d
2026-06-17 18:08:36,254 INFO Got 7574 closed trades, saving to deals...
2026-06-17 18:08:47,555 INFO MT4 journal deals saved: 7574
2026-06-17 18:08:47,556 INFO save_journal_deals done
2026-06-17 18:08:47,557 INFO === ONE-SHOT FETCH COMPLETE ===
2026-06-17 18:09:48,836 INFO Connecting to MT4...
2026-06-17 18:09:49,036 INFO mtmanapi64.dll loaded
2026-06-17 18:09:49,037 INFO MT4 manager instance created (ver=26215873)
2026-06-17 18:09:49,299 INFO MT4 connected and logged in. IsConnected=1
2026-06-17 18:09:49,300 INFO Fetching all users...
2026-06-17 18:09:49,499 INFO AdmUsersRequest: 5300 users
2026-06-17 18:09:49,500 INFO Got 5300 users, saving to clients/trading_accounts...
2026-06-17 18:09:50,869 INFO MT4 clients: 500 saved...
2026-06-17 18:09:51,243 INFO MT4 clients: 1000 saved...
2026-06-17 18:09:51,638 INFO MT4 clients: 1500 saved...
2026-06-17 18:09:52,025 INFO MT4 clients: 2000 saved...
2026-06-17 18:09:52,420 INFO MT4 clients: 2500 saved...
2026-06-17 18:09:52,796 INFO MT4 clients: 3000 saved...
2026-06-17 18:09:53,164 INFO MT4 clients: 3500 saved...
2026-06-17 18:09:53,559 INFO MT4 clients: 4000 saved...
2026-06-17 18:09:53,934 INFO MT4 clients: 4500 saved...
2026-06-17 18:09:54,314 INFO MT4 clients: 5000 saved...
2026-06-17 18:09:54,533 INFO MT4: 5300 clients saved
2026-06-17 18:09:54,534 INFO save_mt4_clients done
2026-06-17 18:09:54,534 INFO Fetching closed trade history (last 2 days)...
2026-06-17 18:09:56,137 INFO sync_trade_journal: 87007 records, 7610 closed trades in last 2d
2026-06-17 18:09:56,138 INFO Got 7610 closed trades, saving to deals...
2026-06-17 18:10:42,637 INFO MT4 journal deals saved: 7610
2026-06-17 18:10:42,638 INFO save_journal_deals done
2026-06-17 18:10:42,638 INFO === ONE-SHOT FETCH COMPLETE ===
2026-06-17 18:10:43,518 INFO mtmanapi64.dll loaded
2026-06-17 18:10:43,521 INFO MT4 manager instance created (ver=26215873)
2026-06-17 18:10:43,773 INFO MT4 connected and logged in. IsConnected=1
2026-06-17 18:11:46,017 INFO Connecting to MT4...
2026-06-17 18:11:46,160 INFO mtmanapi64.dll loaded
2026-06-17 18:11:46,162 INFO MT4 manager instance created (ver=26215873)
2026-06-17 18:11:46,420 INFO MT4 connected and logged in. IsConnected=1
2026-06-17 18:11:46,421 INFO Fetching all users...
2026-06-17 18:11:46,636 INFO AdmUsersRequest: 5300 users
2026-06-17 18:11:46,637 INFO Got 5300 users, saving to clients/trading_accounts...
2026-06-17 18:11:48,028 INFO MT4 clients: 500 saved...
2026-06-17 18:11:48,468 INFO MT4 clients: 1000 saved...
2026-06-17 18:11:48,902 INFO MT4 clients: 1500 saved...
2026-06-17 18:11:49,317 INFO MT4 clients: 2000 saved...
2026-06-17 18:11:49,739 INFO MT4 clients: 2500 saved...
2026-06-17 18:11:50,179 INFO MT4 clients: 3000 saved...
2026-06-17 18:11:50,610 INFO MT4 clients: 3500 saved...
2026-06-17 18:11:51,052 INFO MT4 clients: 4000 saved...
2026-06-17 18:11:51,497 INFO MT4 clients: 4500 saved...
2026-06-17 18:11:51,939 INFO MT4 clients: 5000 saved...
2026-06-17 18:11:52,194 INFO MT4: 5300 clients saved
2026-06-17 18:11:52,195 INFO save_mt4_clients done
2026-06-17 18:11:52,195 INFO Fetching closed trade history (last 2 days)...
2026-06-17 18:11:53,835 INFO sync_trade_journal: 87174 records, 7641 closed trades in last 2d
2026-06-17 18:11:53,836 INFO Got 7641 closed trades, saving to deals...
2026-06-17 18:12:02,468 INFO MT4 journal deals saved: 7641
2026-06-17 18:12:02,469 INFO save_journal_deals done
2026-06-17 18:12:02,469 INFO === ONE-SHOT FETCH COMPLETE ===
2026-06-17 18:13:03,706 INFO Connecting to MT4...
2026-06-17 18:13:03,852 INFO mtmanapi64.dll loaded
2026-06-17 18:13:03,853 INFO MT4 manager instance created (ver=26215873)
2026-06-17 18:13:04,116 INFO MT4 connected and logged in. IsConnected=1
2026-06-17 18:13:04,116 INFO Fetching all users...
2026-06-17 18:13:04,332 INFO AdmUsersRequest: 5300 users
2026-06-17 18:13:04,333 INFO Got 5300 users, saving to clients/trading_accounts...
2026-06-17 18:13:05,724 INFO MT4 clients: 500 saved...
2026-06-17 18:13:06,161 INFO MT4 clients: 1000 saved...
2026-06-17 18:13:06,586 INFO MT4 clients: 1500 saved...
2026-06-17 18:13:07,022 INFO MT4 clients: 2000 saved...
2026-06-17 18:13:07,475 INFO MT4 clients: 2500 saved...
2026-06-17 18:13:07,887 INFO MT4 clients: 3000 saved...
2026-06-17 18:13:08,302 INFO MT4 clients: 3500 saved...
2026-06-17 18:13:08,755 INFO MT4 clients: 4000 saved...
2026-06-17 18:13:09,173 INFO MT4 clients: 4500 saved...
2026-06-17 18:13:09,581 INFO MT4 clients: 5000 saved...
2026-06-17 18:13:09,833 INFO MT4: 5300 clients saved
2026-06-17 18:13:09,834 INFO save_mt4_clients done
2026-06-17 18:13:09,834 INFO Fetching closed trade history (last 2 days)...
2026-06-17 18:13:11,630 INFO sync_trade_journal: 87319 records, 7663 closed trades in last 2d
2026-06-17 18:13:11,631 INFO Got 7663 closed trades, saving to deals...
2026-06-17 18:15:10,871 INFO MT4 journal deals saved: 7663
2026-06-17 18:15:10,872 INFO save_journal_deals done
2026-06-17 18:15:10,873 INFO === ONE-SHOT FETCH COMPLETE ===
2026-06-17 18:16:11,846 INFO Connecting to MT4...
2026-06-17 18:16:11,996 INFO mtmanapi64.dll loaded
2026-06-17 18:16:11,997 INFO MT4 manager instance created (ver=26215873)
2026-06-17 18:16:12,254 INFO MT4 connected and logged in. IsConnected=1
2026-06-17 18:16:12,255 INFO Fetching all users...
2026-06-17 18:16:12,465 INFO AdmUsersRequest: 5300 users
2026-06-17 18:16:12,466 INFO Got 5300 users, saving to clients/trading_accounts...
2026-06-17 18:16:13,557 INFO MT4 clients: 500 saved...
2026-06-17 18:16:13,945 INFO MT4 clients: 1000 saved...
2026-06-17 18:16:14,332 INFO MT4 clients: 1500 saved...
2026-06-17 18:16:14,690 INFO MT4 clients: 2000 saved...
2026-06-17 18:16:15,011 INFO MT4 clients: 2500 saved...
2026-06-17 18:16:15,355 INFO MT4 clients: 3000 saved...
2026-06-17 18:16:15,682 INFO MT4 clients: 3500 saved...
2026-06-17 18:16:16,028 INFO MT4 clients: 4000 saved...
2026-06-17 18:16:16,384 INFO MT4 clients: 4500 saved...
2026-06-17 18:16:16,757 INFO MT4 clients: 5000 saved...
2026-06-17 18:16:16,987 INFO MT4: 5300 clients saved
2026-06-17 18:16:16,988 INFO save_mt4_clients done
2026-06-17 18:16:16,989 INFO Fetching closed trade history (last 2 days)...
2026-06-17 18:16:18,595 INFO sync_trade_journal: 87531 records, 7708 closed trades in last 2d
2026-06-17 18:16:18,596 INFO Got 7708 closed trades, saving to deals...
2026-06-17 18:16:26,275 INFO MT4 journal deals saved: 7708
2026-06-17 18:16:26,276 INFO save_journal_deals done
2026-06-17 18:16:26,277 INFO === ONE-SHOT FETCH COMPLETE ===
2026-06-17 18:17:27,091 INFO Connecting to MT4...
2026-06-17 18:17:27,228 INFO mtmanapi64.dll loaded
2026-06-17 18:17:27,229 INFO MT4 manager instance created (ver=26215873)
2026-06-17 18:17:27,487 INFO MT4 connected and logged in. IsConnected=1
2026-06-17 18:17:27,488 INFO Fetching all users...
2026-06-17 18:17:27,692 INFO AdmUsersRequest: 5300 users
2026-06-17 18:17:27,693 INFO Got 5300 users, saving to clients/trading_accounts...
2026-06-17 18:17:28,668 INFO MT4 clients: 500 saved...
2026-06-17 18:17:29,016 INFO MT4 clients: 1000 saved...
2026-06-17 18:17:29,349 INFO MT4 clients: 1500 saved...
2026-06-17 18:17:29,715 INFO MT4 clients: 2000 saved...
2026-06-17 18:17:30,070 INFO MT4 clients: 2500 saved...
2026-06-17 18:17:30,424 INFO MT4 clients: 3000 saved...
2026-06-17 18:17:30,770 INFO MT4 clients: 3500 saved...
2026-06-17 18:17:31,116 INFO MT4 clients: 4000 saved...
2026-06-17 18:17:31,504 INFO MT4 clients: 4500 saved...
2026-06-17 18:17:31,919 INFO MT4 clients: 5000 saved...
2026-06-17 18:17:32,154 INFO MT4: 5300 clients saved
2026-06-17 18:17:32,155 INFO save_mt4_clients done
2026-06-17 18:17:32,155 INFO Fetching closed trade history (last 2 days)...
2026-06-17 18:17:33,783 INFO sync_trade_journal: 87707 records, 7729 closed trades in last 2d
2026-06-17 18:17:33,785 INFO Got 7729 closed trades, saving to deals...
2026-06-17 18:17:41,524 INFO MT4 journal deals saved: 7729
2026-06-17 18:17:41,525 INFO save_journal_deals done
2026-06-17 18:17:41,525 INFO === ONE-SHOT FETCH COMPLETE ===
2026-06-17 18:18:42,448 INFO Connecting to MT4...
2026-06-17 18:18:42,595 INFO mtmanapi64.dll loaded
2026-06-17 18:18:42,597 INFO MT4 manager instance created (ver=26215873)
2026-06-17 18:18:42,831 INFO MT4 connected and logged in. IsConnected=1
2026-06-17 18:18:42,832 INFO Fetching all users...
2026-06-17 18:18:43,042 INFO AdmUsersRequest: 5300 users
2026-06-17 18:18:43,043 INFO Got 5300 users, saving to clients/trading_accounts...
2026-06-17 18:18:44,142 INFO MT4 clients: 500 saved...
2026-06-17 18:18:44,545 INFO MT4 clients: 1000 saved...
2026-06-17 18:18:44,911 INFO MT4 clients: 1500 saved...
2026-06-17 18:18:45,279 INFO MT4 clients: 2000 saved...
2026-06-17 18:18:45,659 INFO MT4 clients: 2500 saved...
2026-06-17 18:18:46,019 INFO MT4 clients: 3000 saved...
2026-06-17 18:18:46,370 INFO MT4 clients: 3500 saved...
2026-06-17 18:18:46,717 INFO MT4 clients: 4000 saved...
2026-06-17 18:18:47,052 INFO MT4 clients: 4500 saved...
2026-06-17 18:18:47,411 INFO MT4 clients: 5000 saved...
2026-06-17 18:18:47,678 INFO MT4: 5300 clients saved
2026-06-17 18:18:47,679 INFO save_mt4_clients done
2026-06-17 18:18:47,679 INFO Fetching closed trade history (last 2 days)...
2026-06-17 18:18:49,256 INFO sync_trade_journal: 87750 records, 7735 closed trades in last 2d
2026-06-17 18:18:49,257 INFO Got 7735 closed trades, saving to deals...
2026-06-17 18:18:57,075 INFO MT4 journal deals saved: 7735
2026-06-17 18:18:57,075 INFO save_journal_deals done
2026-06-17 18:18:57,076 INFO === ONE-SHOT FETCH COMPLETE ===
2026-06-17 18:19:57,910 INFO Connecting to MT4...
2026-06-17 18:19:58,043 INFO mtmanapi64.dll loaded
2026-06-17 18:19:58,044 INFO MT4 manager instance created (ver=26215873)
2026-06-17 18:19:58,298 INFO MT4 connected and logged in. IsConnected=1
2026-06-17 18:19:58,300 INFO Fetching all users...
2026-06-17 18:19:58,494 INFO AdmUsersRequest: 5300 users
2026-06-17 18:19:58,495 INFO Got 5300 users, saving to clients/trading_accounts...
2026-06-17 18:19:59,656 INFO MT4 clients: 500 saved...
2026-06-17 18:20:00,043 INFO MT4 clients: 1000 saved...
2026-06-17 18:20:00,421 INFO MT4 clients: 1500 saved...
2026-06-17 18:20:00,778 INFO MT4 clients: 2000 saved...
2026-06-17 18:20:01,139 INFO MT4 clients: 2500 saved...
2026-06-17 18:20:01,496 INFO MT4 clients: 3000 saved...
2026-06-17 18:20:01,827 INFO MT4 clients: 3500 saved...
2026-06-17 18:20:02,156 INFO MT4 clients: 4000 saved...
2026-06-17 18:20:02,530 INFO MT4 clients: 4500 saved...
2026-06-17 18:20:02,880 INFO MT4 clients: 5000 saved...
2026-06-17 18:20:03,092 INFO MT4: 5300 clients saved
2026-06-17 18:20:03,093 INFO save_mt4_clients done
2026-06-17 18:20:03,094 INFO Fetching closed trade history (last 2 days)...
2026-06-17 18:20:04,707 INFO sync_trade_journal: 87820 records, 7747 closed trades in last 2d
2026-06-17 18:20:04,708 INFO Got 7747 closed trades, saving to deals...
2026-06-17 18:20:12,348 INFO MT4 journal deals saved: 7747
2026-06-17 18:20:12,349 INFO save_journal_deals done
2026-06-17 18:20:12,350 INFO === ONE-SHOT FETCH COMPLETE ===
2026-06-17 18:21:13,092 INFO Connecting to MT4...
2026-06-17 18:21:13,225 INFO mtmanapi64.dll loaded
2026-06-17 18:21:13,226 INFO MT4 manager instance created (ver=26215873)
2026-06-17 18:21:13,481 INFO MT4 connected and logged in. IsConnected=1
2026-06-17 18:21:13,482 INFO Fetching all users...
2026-06-17 18:21:13,684 INFO AdmUsersRequest: 5300 users
2026-06-17 18:21:13,685 INFO Got 5300 users, saving to clients/trading_accounts...
2026-06-17 18:21:14,687 INFO MT4 clients: 500 saved...
2026-06-17 18:21:14,999 INFO MT4 clients: 1000 saved...
2026-06-17 18:21:15,308 INFO MT4 clients: 1500 saved...
2026-06-17 18:21:15,599 INFO MT4 clients: 2000 saved...
2026-06-17 18:21:15,909 INFO MT4 clients: 2500 saved...
2026-06-17 18:21:16,224 INFO MT4 clients: 3000 saved...
2026-06-17 18:21:16,547 INFO MT4 clients: 3500 saved...
2026-06-17 18:21:16,860 INFO MT4 clients: 4000 saved...
2026-06-17 18:21:17,168 INFO MT4 clients: 4500 saved...
2026-06-17 18:21:17,488 INFO MT4 clients: 5000 saved...
2026-06-17 18:21:17,674 INFO MT4: 5300 clients saved
2026-06-17 18:21:17,674 INFO save_mt4_clients done
2026-06-17 18:21:17,675 INFO Fetching closed trade history (last 2 days)...
2026-06-17 18:21:19,211 INFO sync_trade_journal: 87873 records, 7757 closed trades in last 2d
2026-06-17 18:21:19,212 INFO Got 7757 closed trades, saving to deals...
2026-06-17 18:21:26,347 INFO MT4 journal deals saved: 7757
2026-06-17 18:21:26,348 INFO save_journal_deals done
2026-06-17 18:21:26,349 INFO === ONE-SHOT FETCH COMPLETE ===
2026-06-17 18:22:27,178 INFO Connecting to MT4...
2026-06-17 18:22:27,316 INFO mtmanapi64.dll loaded
2026-06-17 18:22:27,317 INFO MT4 manager instance created (ver=26215873)
2026-06-17 18:22:27,573 INFO MT4 connected and logged in. IsConnected=1
2026-06-17 18:22:27,574 INFO Fetching all users...
2026-06-17 18:22:27,778 INFO AdmUsersRequest: 5300 users
2026-06-17 18:22:27,779 INFO Got 5300 users, saving to clients/trading_accounts...
2026-06-17 18:22:28,861 INFO MT4 clients: 500 saved...
2026-06-17 18:22:29,238 INFO MT4 clients: 1000 saved...
2026-06-17 18:22:29,598 INFO MT4 clients: 1500 saved...
2026-06-17 18:22:29,948 INFO MT4 clients: 2000 saved...
2026-06-17 18:22:30,284 INFO MT4 clients: 2500 saved...
2026-06-17 18:22:30,606 INFO MT4 clients: 3000 saved...
2026-06-17 18:22:30,947 INFO MT4 clients: 3500 saved...
2026-06-17 18:22:31,284 INFO MT4 clients: 4000 saved...
2026-06-17 18:22:31,607 INFO MT4 clients: 4500 saved...
2026-06-17 18:22:31,924 INFO MT4 clients: 5000 saved...
2026-06-17 18:22:32,113 INFO MT4: 5300 clients saved
2026-06-17 18:22:32,114 INFO save_mt4_clients done
2026-06-17 18:22:32,114 INFO Fetching closed trade history (last 2 days)...
2026-06-17 18:22:33,684 INFO sync_trade_journal: 87909 records, 7762 closed trades in last 2d
2026-06-17 18:22:33,685 INFO Got 7762 closed trades, saving to deals...
2026-06-17 18:22:41,162 INFO MT4 journal deals saved: 7762
2026-06-17 18:22:41,163 INFO save_journal_deals done
2026-06-17 18:22:41,164 INFO === ONE-SHOT FETCH COMPLETE ===
2026-06-17 18:23:41,999 INFO Connecting to MT4...
2026-06-17 18:23:42,135 INFO mtmanapi64.dll loaded
2026-06-17 18:23:42,137 INFO MT4 manager instance created (ver=26215873)
2026-06-17 18:23:42,389 INFO MT4 connected and logged in. IsConnected=1
2026-06-17 18:23:42,390 INFO Fetching all users...
2026-06-17 18:23:42,604 INFO AdmUsersRequest: 5300 users
2026-06-17 18:23:42,605 INFO Got 5300 users, saving to clients/trading_accounts...
2026-06-17 18:23:43,650 INFO MT4 clients: 500 saved...
2026-06-17 18:23:43,967 INFO MT4 clients: 1000 saved...
2026-06-17 18:23:44,283 INFO MT4 clients: 1500 saved...
2026-06-17 18:23:44,604 INFO MT4 clients: 2000 saved...
2026-06-17 18:23:44,948 INFO MT4 clients: 2500 saved...
2026-06-17 18:23:45,277 INFO MT4 clients: 3000 saved...
2026-06-17 18:23:45,605 INFO MT4 clients: 3500 saved...
2026-06-17 18:23:45,925 INFO MT4 clients: 4000 saved...
2026-06-17 18:23:46,247 INFO MT4 clients: 4500 saved...
2026-06-17 18:23:46,599 INFO MT4 clients: 5000 saved...
2026-06-17 18:23:46,831 INFO MT4: 5300 clients saved
2026-06-17 18:23:46,831 INFO save_mt4_clients done
2026-06-17 18:23:46,832 INFO Fetching closed trade history (last 2 days)...
2026-06-17 18:23:48,459 INFO sync_trade_journal: 87928 records, 7767 closed trades in last 2d
2026-06-17 18:23:48,460 INFO Got 7767 closed trades, saving to deals...
2026-06-17 18:25:03,926 INFO MT4 journal deals saved: 7767
2026-06-17 18:25:03,927 INFO save_journal_deals done
2026-06-17 18:25:03,928 INFO === ONE-SHOT FETCH COMPLETE ===
2026-06-17 18:26:05,854 INFO Connecting to MT4...
2026-06-17 18:26:06,026 INFO mtmanapi64.dll loaded
2026-06-17 18:26:06,027 INFO MT4 manager instance created (ver=26215873)
2026-06-17 18:26:06,286 INFO MT4 connected and logged in. IsConnected=1
2026-06-17 18:26:06,308 INFO Fetching all users...
2026-06-17 18:26:06,534 INFO AdmUsersRequest: 5300 users
2026-06-17 18:26:06,535 INFO Got 5300 users, saving to clients/trading_accounts...
2026-06-17 18:26:08,089 INFO MT4 clients: 500 saved...
2026-06-17 18:26:08,498 INFO MT4 clients: 1000 saved...
2026-06-17 18:26:08,901 INFO MT4 clients: 1500 saved...
2026-06-17 18:26:09,284 INFO MT4 clients: 2000 saved...
2026-06-17 18:26:09,624 INFO MT4 clients: 2500 saved...
2026-06-17 18:26:09,983 INFO MT4 clients: 3000 saved...
2026-06-17 18:26:10,352 INFO MT4 clients: 3500 saved...
2026-06-17 18:26:10,724 INFO MT4 clients: 4000 saved...
2026-06-17 18:26:11,109 INFO MT4 clients: 4500 saved...
2026-06-17 18:26:11,480 INFO MT4 clients: 5000 saved...
2026-06-17 18:26:11,708 INFO MT4: 5300 clients saved
2026-06-17 18:26:11,708 INFO save_mt4_clients done
2026-06-17 18:26:11,709 INFO Fetching closed trade history (last 2 days)...
2026-06-17 18:26:13,307 INFO sync_trade_journal: 88007 records, 7785 closed trades in last 2d
2026-06-17 18:26:13,308 INFO Got 7785 closed trades, saving to deals...
2026-06-17 18:27:10,701 INFO MT4 journal deals saved: 7785
2026-06-17 18:27:10,702 INFO save_journal_deals done
2026-06-17 18:27:10,702 INFO === ONE-SHOT FETCH COMPLETE ===
2026-06-17 18:27:11,913 INFO mtmanapi64.dll loaded
2026-06-17 18:27:11,916 INFO MT4 manager instance created (ver=26215873)
2026-06-17 18:27:12,175 INFO MT4 connected and logged in. IsConnected=1
2026-06-17 18:28:14,484 INFO Connecting to MT4...
2026-06-17 18:28:14,626 INFO mtmanapi64.dll loaded
2026-06-17 18:28:14,627 INFO MT4 manager instance created (ver=26215873)
2026-06-17 18:28:14,879 INFO MT4 connected and logged in. IsConnected=1
2026-06-17 18:28:14,880 INFO Fetching all users...
2026-06-17 18:28:15,095 INFO AdmUsersRequest: 5300 users
2026-06-17 18:28:15,096 INFO Got 5300 users, saving to clients/trading_accounts...
2026-06-17 18:28:16,322 INFO MT4 clients: 500 saved...
2026-06-17 18:28:16,718 INFO MT4 clients: 1000 saved...
2026-06-17 18:28:17,102 INFO MT4 clients: 1500 saved...
2026-06-17 18:28:17,497 INFO MT4 clients: 2000 saved...
2026-06-17 18:28:17,851 INFO MT4 clients: 2500 saved...
2026-06-17 18:28:18,210 INFO MT4 clients: 3000 saved...
2026-06-17 18:28:18,549 INFO MT4 clients: 3500 saved...
2026-06-17 18:28:18,895 INFO MT4 clients: 4000 saved...
2026-06-17 18:28:19,280 INFO MT4 clients: 4500 saved...
2026-06-17 18:28:19,740 INFO MT4 clients: 5000 saved...
2026-06-17 18:28:20,014 INFO MT4: 5300 clients saved
2026-06-17 18:28:20,015 INFO save_mt4_clients done
2026-06-17 18:28:20,015 INFO Fetching closed trade history (last 2 days)...
2026-06-17 18:28:21,580 INFO sync_trade_journal: 88047 records, 7792 closed trades in last 2d
2026-06-17 18:28:21,581 INFO Got 7792 closed trades, saving to deals...
2026-06-17 18:28:29,935 INFO MT4 journal deals saved: 7792
2026-06-17 18:28:29,936 INFO save_journal_deals done
2026-06-17 18:28:29,936 INFO === ONE-SHOT FETCH COMPLETE ===
2026-06-17 18:29:30,752 INFO Connecting to MT4...
2026-06-17 18:29:30,882 INFO mtmanapi64.dll loaded
2026-06-17 18:29:30,883 INFO MT4 manager instance created (ver=26215873)
2026-06-17 18:29:31,136 INFO MT4 connected and logged in. IsConnected=1
2026-06-17 18:29:31,137 INFO Fetching all users...
2026-06-17 18:29:31,349 INFO AdmUsersRequest: 5300 users
2026-06-17 18:29:31,350 INFO Got 5300 users, saving to clients/trading_accounts...
2026-06-17 18:29:32,562 INFO MT4 clients: 500 saved...
2026-06-17 18:29:32,958 INFO MT4 clients: 1000 saved...
2026-06-17 18:29:33,352 INFO MT4 clients: 1500 saved...
2026-06-17 18:29:33,729 INFO MT4 clients: 2000 saved...
2026-06-17 18:29:34,108 INFO MT4 clients: 2500 saved...
2026-06-17 18:29:34,484 INFO MT4 clients: 3000 saved...
2026-06-17 18:29:34,857 INFO MT4 clients: 3500 saved...
2026-06-17 18:29:35,227 INFO MT4 clients: 4000 saved...
2026-06-17 18:29:35,567 INFO MT4 clients: 4500 saved...
2026-06-17 18:29:35,890 INFO MT4 clients: 5000 saved...
2026-06-17 18:29:36,083 INFO MT4: 5300 clients saved
2026-06-17 18:29:36,083 INFO save_mt4_clients done
2026-06-17 18:29:36,084 INFO Fetching closed trade history (last 2 days)...
2026-06-17 18:29:37,684 INFO sync_trade_journal: 88061 records, 7794 closed trades in last 2d
2026-06-17 18:29:37,685 INFO Got 7794 closed trades, saving to deals...
2026-06-17 18:29:45,657 INFO MT4 journal deals saved: 7794
2026-06-17 18:29:45,658 INFO save_journal_deals done
2026-06-17 18:29:45,659 INFO === ONE-SHOT FETCH COMPLETE ===
2026-06-17 18:30:46,649 INFO Connecting to MT4...
2026-06-17 18:30:46,788 INFO mtmanapi64.dll loaded
2026-06-17 18:30:46,789 INFO MT4 manager instance created (ver=26215873)
2026-06-17 18:30:47,169 INFO MT4 connected and logged in. IsConnected=1
2026-06-17 18:30:47,170 INFO Fetching all users...
2026-06-17 18:30:47,386 INFO AdmUsersRequest: 5300 users
2026-06-17 18:30:47,386 INFO Got 5300 users, saving to clients/trading_accounts...
2026-06-17 18:30:48,456 INFO MT4 clients: 500 saved...
2026-06-17 18:30:48,857 INFO MT4 clients: 1000 saved...
2026-06-17 18:30:49,221 INFO MT4 clients: 1500 saved...
2026-06-17 18:30:49,570 INFO MT4 clients: 2000 saved...
2026-06-17 18:30:49,945 INFO MT4 clients: 2500 saved...
2026-06-17 18:30:50,305 INFO MT4 clients: 3000 saved...
2026-06-17 18:30:50,655 INFO MT4 clients: 3500 saved...
2026-06-17 18:30:51,018 INFO MT4 clients: 4000 saved...
2026-06-17 18:30:51,373 INFO MT4 clients: 4500 saved...
2026-06-17 18:30:51,720 INFO MT4 clients: 5000 saved...
2026-06-17 18:30:51,942 INFO MT4: 5300 clients saved
2026-06-17 18:30:51,943 INFO save_mt4_clients done
2026-06-17 18:30:51,943 INFO Fetching closed trade history (last 2 days)...
2026-06-17 18:30:53,506 INFO sync_trade_journal: 88083 records, 7798 closed trades in last 2d
2026-06-17 18:30:53,507 INFO Got 7798 closed trades, saving to deals...
2026-06-17 18:31:01,215 INFO MT4 journal deals saved: 7798
2026-06-17 18:31:01,216 INFO save_journal_deals done
2026-06-17 18:31:01,216 INFO === ONE-SHOT FETCH COMPLETE ===
2026-06-17 18:32:02,170 INFO Connecting to MT4...
2026-06-17 18:32:02,309 INFO mtmanapi64.dll loaded
2026-06-17 18:32:02,310 INFO MT4 manager instance created (ver=26215873)
2026-06-17 18:32:02,563 INFO MT4 connected and logged in. IsConnected=1
2026-06-17 18:32:02,564 INFO Fetching all users...
2026-06-17 18:32:02,769 INFO AdmUsersRequest: 5300 users
2026-06-17 18:32:02,770 INFO Got 5300 users, saving to clients/trading_accounts...
2026-06-17 18:32:04,004 INFO MT4 clients: 500 saved...
2026-06-17 18:32:04,448 INFO MT4 clients: 1000 saved...
2026-06-17 18:32:04,915 INFO MT4 clients: 1500 saved...
2026-06-17 18:32:05,332 INFO MT4 clients: 2000 saved...
2026-06-17 18:32:05,745 INFO MT4 clients: 2500 saved...
2026-06-17 18:32:06,186 INFO MT4 clients: 3000 saved...
2026-06-17 18:32:06,642 INFO MT4 clients: 3500 saved...
2026-06-17 18:32:07,090 INFO MT4 clients: 4000 saved...
2026-06-17 18:32:07,513 INFO MT4 clients: 4500 saved...
2026-06-17 18:32:07,921 INFO MT4 clients: 5000 saved...
2026-06-17 18:32:08,161 INFO MT4: 5300 clients saved
2026-06-17 18:32:08,162 INFO save_mt4_clients done
2026-06-17 18:32:08,163 INFO Fetching closed trade history (last 2 days)...
2026-06-17 18:32:09,772 INFO sync_trade_journal: 88134 records, 7808 closed trades in last 2d
2026-06-17 18:32:09,773 INFO Got 7808 closed trades, saving to deals...
2026-06-17 18:32:17,839 INFO MT4 journal deals saved: 7808
2026-06-17 18:32:17,840 INFO save_journal_deals done
2026-06-17 18:32:17,841 INFO === ONE-SHOT FETCH COMPLETE ===
2026-06-17 18:33:18,870 INFO Connecting to MT4...
2026-06-17 18:33:19,005 INFO mtmanapi64.dll loaded
2026-06-17 18:33:19,007 INFO MT4 manager instance created (ver=26215873)
2026-06-17 18:33:19,268 INFO MT4 connected and logged in. IsConnected=1
2026-06-17 18:33:19,269 INFO Fetching all users...
2026-06-17 18:33:19,470 INFO AdmUsersRequest: 5300 users
2026-06-17 18:33:19,471 INFO Got 5300 users, saving to clients/trading_accounts...
2026-06-17 18:33:20,864 INFO MT4 clients: 500 saved...
2026-06-17 18:33:21,319 INFO MT4 clients: 1000 saved...
2026-06-17 18:33:21,767 INFO MT4 clients: 1500 saved...
2026-06-17 18:33:22,199 INFO MT4 clients: 2000 saved...
2026-06-17 18:33:22,619 INFO MT4 clients: 2500 saved...
2026-06-17 18:33:23,044 INFO MT4 clients: 3000 saved...
2026-06-17 18:33:23,479 INFO MT4 clients: 3500 saved...
2026-06-17 18:33:23,871 INFO MT4 clients: 4000 saved...
2026-06-17 18:33:24,269 INFO MT4 clients: 4500 saved...
2026-06-17 18:33:24,683 INFO MT4 clients: 5000 saved...
2026-06-17 18:33:24,938 INFO MT4: 5300 clients saved
2026-06-17 18:33:24,938 INFO save_mt4_clients done
2026-06-17 18:33:24,939 INFO Fetching closed trade history (last 2 days)...
2026-06-17 18:33:26,663 INFO sync_trade_journal: 88318 records, 7843 closed trades in last 2d
2026-06-17 18:33:26,664 INFO Got 7843 closed trades, saving to deals...
2026-06-17 18:34:54,817 INFO MT4 journal deals saved: 7843
2026-06-17 18:34:54,817 INFO save_journal_deals done
2026-06-17 18:34:54,818 INFO === ONE-SHOT FETCH COMPLETE ===
2026-06-17 18:35:55,848 INFO Connecting to MT4...
2026-06-17 18:35:55,983 INFO mtmanapi64.dll loaded
2026-06-17 18:35:55,984 INFO MT4 manager instance created (ver=26215873)
2026-06-17 18:35:56,225 INFO MT4 connected and logged in. IsConnected=1
2026-06-17 18:35:56,226 INFO Fetching all users...
2026-06-17 18:35:56,435 INFO AdmUsersRequest: 5300 users
2026-06-17 18:35:56,436 INFO Got 5300 users, saving to clients/trading_accounts...
2026-06-17 18:35:57,537 INFO MT4 clients: 500 saved...
2026-06-17 18:35:57,895 INFO MT4 clients: 1000 saved...
2026-06-17 18:35:58,233 INFO MT4 clients: 1500 saved...
2026-06-17 18:35:58,570 INFO MT4 clients: 2000 saved...
2026-06-17 18:35:58,911 INFO MT4 clients: 2500 saved...
2026-06-17 18:35:59,255 INFO MT4 clients: 3000 saved...
2026-06-17 18:35:59,591 INFO MT4 clients: 3500 saved...
2026-06-17 18:35:59,922 INFO MT4 clients: 4000 saved...
2026-06-17 18:36:00,268 INFO MT4 clients: 4500 saved...
2026-06-17 18:36:00,606 INFO MT4 clients: 5000 saved...
2026-06-17 18:36:00,798 INFO MT4: 5300 clients saved
2026-06-17 18:36:00,799 INFO save_mt4_clients done
2026-06-17 18:36:00,800 INFO Fetching closed trade history (last 2 days)...
2026-06-17 18:36:02,373 INFO sync_trade_journal: 88784 records, 7914 closed trades in last 2d
2026-06-17 18:36:02,374 INFO Got 7914 closed trades, saving to deals...
2026-06-17 18:36:10,028 INFO MT4 journal deals saved: 7914
2026-06-17 18:36:10,029 INFO save_journal_deals done
2026-06-17 18:36:10,029 INFO === ONE-SHOT FETCH COMPLETE ===
2026-06-17 18:37:10,868 INFO Connecting to MT4...
2026-06-17 18:37:11,006 INFO mtmanapi64.dll loaded
2026-06-17 18:37:11,007 INFO MT4 manager instance created (ver=26215873)
2026-06-17 18:37:11,222 INFO MT4 connected and logged in. IsConnected=1
2026-06-17 18:37:11,223 INFO Fetching all users...
2026-06-17 18:37:11,433 INFO AdmUsersRequest: 5300 users
2026-06-17 18:37:11,434 INFO Got 5300 users, saving to clients/trading_accounts...
2026-06-17 18:37:12,591 INFO MT4 clients: 500 saved...
2026-06-17 18:37:12,969 INFO MT4 clients: 1000 saved...
2026-06-17 18:37:13,328 INFO MT4 clients: 1500 saved...
2026-06-17 18:37:13,663 INFO MT4 clients: 2000 saved...
2026-06-17 18:37:14,016 INFO MT4 clients: 2500 saved...
2026-06-17 18:37:14,367 INFO MT4 clients: 3000 saved...
2026-06-17 18:37:14,728 INFO MT4 clients: 3500 saved...
2026-06-17 18:37:15,080 INFO MT4 clients: 4000 saved...
2026-06-17 18:37:15,407 INFO MT4 clients: 4500 saved...
2026-06-17 18:37:15,751 INFO MT4 clients: 5000 saved...
2026-06-17 18:37:15,972 INFO MT4: 5300 clients saved
2026-06-17 18:37:15,972 INFO save_mt4_clients done
2026-06-17 18:37:15,973 INFO Fetching closed trade history (last 2 days)...
2026-06-17 18:37:17,534 INFO sync_trade_journal: 88979 records, 7935 closed trades in last 2d
2026-06-17 18:37:17,535 INFO Got 7935 closed trades, saving to deals...
2026-06-17 18:37:25,695 INFO MT4 journal deals saved: 7935
2026-06-17 18:37:25,696 INFO save_journal_deals done
2026-06-17 18:37:25,696 INFO === ONE-SHOT FETCH COMPLETE ===
2026-06-17 18:38:26,604 INFO Connecting to MT4...
2026-06-17 18:38:26,741 INFO mtmanapi64.dll loaded
2026-06-17 18:38:26,743 INFO MT4 manager instance created (ver=26215873)
2026-06-17 18:38:27,002 INFO MT4 connected and logged in. IsConnected=1
2026-06-17 18:38:27,003 INFO Fetching all users...
2026-06-17 18:38:27,216 INFO AdmUsersRequest: 5300 users
2026-06-17 18:38:27,217 INFO Got 5300 users, saving to clients/trading_accounts...
2026-06-17 18:38:28,356 INFO MT4 clients: 500 saved...
2026-06-17 18:38:28,746 INFO MT4 clients: 1000 saved...
2026-06-17 18:38:29,103 INFO MT4 clients: 1500 saved...
2026-06-17 18:38:29,442 INFO MT4 clients: 2000 saved...
2026-06-17 18:38:29,793 INFO MT4 clients: 2500 saved...
2026-06-17 18:38:30,131 INFO MT4 clients: 3000 saved...
2026-06-17 18:38:30,470 INFO MT4 clients: 3500 saved...
2026-06-17 18:38:30,814 INFO MT4 clients: 4000 saved...
2026-06-17 18:38:31,160 INFO MT4 clients: 4500 saved...
2026-06-17 18:38:31,497 INFO MT4 clients: 5000 saved...
2026-06-17 18:38:31,699 INFO MT4: 5300 clients saved
2026-06-17 18:38:31,700 INFO save_mt4_clients done
2026-06-17 18:38:31,700 INFO Fetching closed trade history (last 2 days)...
2026-06-17 18:38:33,298 INFO sync_trade_journal: 89072 records, 7955 closed trades in last 2d
2026-06-17 18:38:33,299 INFO Got 7955 closed trades, saving to deals...
2026-06-17 18:38:39,861 INFO MT4 journal deals saved: 7955
2026-06-17 18:38:39,862 INFO save_journal_deals done
2026-06-17 18:38:39,862 INFO === ONE-SHOT FETCH COMPLETE ===
2026-06-17 18:39:40,578 INFO Connecting to MT4...
2026-06-17 18:39:40,724 INFO mtmanapi64.dll loaded
2026-06-17 18:39:40,725 INFO MT4 manager instance created (ver=26215873)
2026-06-17 18:39:40,979 INFO MT4 connected and logged in. IsConnected=1
2026-06-17 18:39:40,980 INFO Fetching all users...
2026-06-17 18:39:41,196 INFO AdmUsersRequest: 5300 users
2026-06-17 18:39:41,197 INFO Got 5300 users, saving to clients/trading_accounts...
2026-06-17 18:39:42,188 INFO MT4 clients: 500 saved...
2026-06-17 18:39:42,524 INFO MT4 clients: 1000 saved...
2026-06-17 18:39:42,851 INFO MT4 clients: 1500 saved...
2026-06-17 18:39:43,236 INFO MT4 clients: 2000 saved...
2026-06-17 18:39:43,618 INFO MT4 clients: 2500 saved...
2026-06-17 18:39:43,993 INFO MT4 clients: 3000 saved...
2026-06-17 18:39:44,374 INFO MT4 clients: 3500 saved...
2026-06-17 18:39:44,750 INFO MT4 clients: 4000 saved...
2026-06-17 18:39:45,127 INFO MT4 clients: 4500 saved...
2026-06-17 18:39:45,493 INFO MT4 clients: 5000 saved...
2026-06-17 18:39:45,718 INFO MT4: 5300 clients saved
2026-06-17 18:39:45,718 INFO save_mt4_clients done
2026-06-17 18:39:45,719 INFO Fetching closed trade history (last 2 days)...
2026-06-17 18:39:47,304 INFO sync_trade_journal: 89172 records, 7969 closed trades in last 2d
2026-06-17 18:39:47,305 INFO Got 7969 closed trades, saving to deals...
2026-06-17 18:39:54,837 INFO MT4 journal deals saved: 7969
2026-06-17 18:39:54,837 INFO save_journal_deals done
2026-06-17 18:39:54,838 INFO === ONE-SHOT FETCH COMPLETE ===
2026-06-17 18:40:55,747 INFO Connecting to MT4...
2026-06-17 18:40:55,907 INFO mtmanapi64.dll loaded
2026-06-17 18:40:55,907 INFO MT4 manager instance created (ver=26215873)
2026-06-17 18:40:56,161 INFO MT4 connected and logged in. IsConnected=1
2026-06-17 18:40:56,162 INFO Fetching all users...
2026-06-17 18:40:56,371 INFO AdmUsersRequest: 5300 users
2026-06-17 18:40:56,372 INFO Got 5300 users, saving to clients/trading_accounts...
2026-06-17 18:40:57,451 INFO MT4 clients: 500 saved...
2026-06-17 18:40:57,778 INFO MT4 clients: 1000 saved...
2026-06-17 18:40:58,134 INFO MT4 clients: 1500 saved...
2026-06-17 18:40:58,487 INFO MT4 clients: 2000 saved...
2026-06-17 18:40:58,876 INFO MT4 clients: 2500 saved...
2026-06-17 18:40:59,278 INFO MT4 clients: 3000 saved...
2026-06-17 18:40:59,606 INFO MT4 clients: 3500 saved...
2026-06-17 18:40:59,925 INFO MT4 clients: 4000 saved...
2026-06-17 18:41:00,244 INFO MT4 clients: 4500 saved...
2026-06-17 18:41:00,581 INFO MT4 clients: 5000 saved...
2026-06-17 18:41:00,779 INFO MT4: 5300 clients saved
2026-06-17 18:41:00,780 INFO save_mt4_clients done
2026-06-17 18:41:00,780 INFO Fetching closed trade history (last 2 days)...
2026-06-17 18:41:02,385 INFO sync_trade_journal: 89218 records, 7973 closed trades in last 2d
2026-06-17 18:41:02,386 INFO Got 7973 closed trades, saving to deals...
2026-06-17 18:41:09,982 INFO MT4 journal deals saved: 7973
2026-06-17 18:41:09,983 INFO save_journal_deals done
2026-06-17 18:41:09,984 INFO === ONE-SHOT FETCH COMPLETE ===
2026-06-17 18:41:11,156 INFO mtmanapi64.dll loaded
2026-06-17 18:41:11,159 INFO MT4 manager instance created (ver=26215873)
2026-06-17 18:41:11,419 INFO MT4 connected and logged in. IsConnected=1
2026-06-17 18:42:13,919 INFO Connecting to MT4...
2026-06-17 18:42:14,085 INFO mtmanapi64.dll loaded
2026-06-17 18:42:14,086 INFO MT4 manager instance created (ver=26215873)
2026-06-17 18:42:14,336 INFO MT4 connected and logged in. IsConnected=1
2026-06-17 18:42:14,337 INFO Fetching all users...
2026-06-17 18:42:14,558 INFO AdmUsersRequest: 5300 users
2026-06-17 18:42:14,559 INFO Got 5300 users, saving to clients/trading_accounts...
2026-06-17 18:42:15,819 INFO MT4 clients: 500 saved...
2026-06-17 18:42:16,342 INFO MT4 clients: 1000 saved...
2026-06-17 18:42:16,756 INFO MT4 clients: 1500 saved...
2026-06-17 18:42:17,166 INFO MT4 clients: 2000 saved...
2026-06-17 18:42:17,554 INFO MT4 clients: 2500 saved...
2026-06-17 18:42:17,929 INFO MT4 clients: 3000 saved...
2026-06-17 18:42:18,343 INFO MT4 clients: 3500 saved...
2026-06-17 18:42:18,734 INFO MT4 clients: 4000 saved...
2026-06-17 18:42:19,144 INFO MT4 clients: 4500 saved...
2026-06-17 18:42:19,540 INFO MT4 clients: 5000 saved...
2026-06-17 18:42:19,772 INFO MT4: 5300 clients saved
2026-06-17 18:42:19,773 INFO save_mt4_clients done
2026-06-17 18:42:19,773 INFO Fetching closed trade history (last 2 days)...
2026-06-17 18:42:21,406 INFO sync_trade_journal: 89282 records, 7988 closed trades in last 2d
2026-06-17 18:42:21,407 INFO Got 7988 closed trades, saving to deals...
2026-06-17 18:43:46,286 INFO MT4 journal deals saved: 7988
2026-06-17 18:43:46,287 INFO save_journal_deals done
2026-06-17 18:43:46,287 INFO === ONE-SHOT FETCH COMPLETE ===
2026-06-17 18:44:47,448 INFO Connecting to MT4...
2026-06-17 18:44:47,592 INFO mtmanapi64.dll loaded
2026-06-17 18:44:47,593 INFO MT4 manager instance created (ver=26215873)
2026-06-17 18:44:47,845 INFO MT4 connected and logged in. IsConnected=1
2026-06-17 18:44:47,846 INFO Fetching all users...
2026-06-17 18:44:48,054 INFO AdmUsersRequest: 5300 users
2026-06-17 18:44:48,055 INFO Got 5300 users, saving to clients/trading_accounts...
2026-06-17 18:44:49,466 INFO MT4 clients: 500 saved...
2026-06-17 18:44:49,886 INFO MT4 clients: 1000 saved...
2026-06-17 18:44:50,309 INFO MT4 clients: 1500 saved...
2026-06-17 18:44:50,722 INFO MT4 clients: 2000 saved...
2026-06-17 18:44:51,148 INFO MT4 clients: 2500 saved...
2026-06-17 18:44:51,558 INFO MT4 clients: 3000 saved...
2026-06-17 18:44:51,988 INFO MT4 clients: 3500 saved...
2026-06-17 18:44:52,401 INFO MT4 clients: 4000 saved...
2026-06-17 18:44:52,812 INFO MT4 clients: 4500 saved...
2026-06-17 18:44:53,271 INFO MT4 clients: 5000 saved...
2026-06-17 18:44:53,529 INFO MT4: 5300 clients saved
2026-06-17 18:44:53,530 INFO save_mt4_clients done
2026-06-17 18:44:53,531 INFO Fetching closed trade history (last 2 days)...
2026-06-17 18:44:55,249 INFO sync_trade_journal: 89588 records, 8038 closed trades in last 2d
2026-06-17 18:44:55,250 INFO Got 8038 closed trades, saving to deals...
2026-06-17 18:45:47,738 INFO MT4 journal deals saved: 8038
2026-06-17 18:45:47,739 INFO save_journal_deals done
2026-06-17 18:45:47,739 INFO === ONE-SHOT FETCH COMPLETE ===
2026-06-17 18:46:48,792 INFO Connecting to MT4...
2026-06-17 18:46:48,932 INFO mtmanapi64.dll loaded
2026-06-17 18:46:48,933 INFO MT4 manager instance created (ver=26215873)
2026-06-17 18:46:49,174 INFO MT4 connected and logged in. IsConnected=1
2026-06-17 18:46:49,175 INFO Fetching all users...
2026-06-17 18:46:49,407 INFO AdmUsersRequest: 5300 users
2026-06-17 18:46:49,408 INFO Got 5300 users, saving to clients/trading_accounts...
2026-06-17 18:46:50,501 INFO MT4 clients: 500 saved...
2026-06-17 18:46:50,868 INFO MT4 clients: 1000 saved...
2026-06-17 18:46:51,251 INFO MT4 clients: 1500 saved...
2026-06-17 18:46:51,624 INFO MT4 clients: 2000 saved...
2026-06-17 18:46:51,984 INFO MT4 clients: 2500 saved...
2026-06-17 18:46:52,364 INFO MT4 clients: 3000 saved...
2026-06-17 18:46:52,736 INFO MT4 clients: 3500 saved...
2026-06-17 18:46:53,114 INFO MT4 clients: 4000 saved...
2026-06-17 18:46:53,507 INFO MT4 clients: 4500 saved...
2026-06-17 18:46:53,879 INFO MT4 clients: 5000 saved...
2026-06-17 18:46:54,092 INFO MT4: 5300 clients saved
2026-06-17 18:46:54,093 INFO save_mt4_clients done
2026-06-17 18:46:54,093 INFO Fetching closed trade history (last 2 days)...
2026-06-17 18:46:55,705 INFO sync_trade_journal: 89660 records, 8048 closed trades in last 2d
2026-06-17 18:46:55,706 INFO Got 8048 closed trades, saving to deals...
2026-06-17 18:47:03,873 INFO MT4 journal deals saved: 8048
2026-06-17 18:47:03,873 INFO save_journal_deals done
2026-06-17 18:47:03,874 INFO === ONE-SHOT FETCH COMPLETE ===
2026-06-17 18:48:04,808 INFO Connecting to MT4...
2026-06-17 18:48:04,939 INFO mtmanapi64.dll loaded
2026-06-17 18:48:04,940 INFO MT4 manager instance created (ver=26215873)
2026-06-17 18:48:05,191 INFO MT4 connected and logged in. IsConnected=1
2026-06-17 18:48:05,191 INFO Fetching all users...
2026-06-17 18:48:05,395 INFO AdmUsersRequest: 5300 users
2026-06-17 18:48:05,396 INFO Got 5300 users, saving to clients/trading_accounts...
2026-06-17 18:48:06,615 INFO MT4 clients: 500 saved...
2026-06-17 18:48:07,048 INFO MT4 clients: 1000 saved...
2026-06-17 18:48:07,450 INFO MT4 clients: 1500 saved...
2026-06-17 18:48:07,846 INFO MT4 clients: 2000 saved...
2026-06-17 18:48:08,243 INFO MT4 clients: 2500 saved...
2026-06-17 18:48:08,648 INFO MT4 clients: 3000 saved...
2026-06-17 18:48:09,043 INFO MT4 clients: 3500 saved...
2026-06-17 18:48:09,422 INFO MT4 clients: 4000 saved...
2026-06-17 18:48:09,812 INFO MT4 clients: 4500 saved...
2026-06-17 18:48:10,190 INFO MT4 clients: 5000 saved...
2026-06-17 18:48:10,421 INFO MT4: 5300 clients saved
2026-06-17 18:48:10,422 INFO save_mt4_clients done
2026-06-17 18:48:10,423 INFO Fetching closed trade history (last 2 days)...
2026-06-17 18:48:12,012 INFO sync_trade_journal: 89767 records, 8064 closed trades in last 2d
2026-06-17 18:48:12,013 INFO Got 8064 closed trades, saving to deals...
2026-06-17 18:48:20,729 INFO MT4 journal deals saved: 8064
2026-06-17 18:48:20,730 INFO save_journal_deals done
2026-06-17 18:48:20,730 INFO === ONE-SHOT FETCH COMPLETE ===
2026-06-17 18:49:21,687 INFO Connecting to MT4...
2026-06-17 18:49:21,819 INFO mtmanapi64.dll loaded
2026-06-17 18:49:21,820 INFO MT4 manager instance created (ver=26215873)
2026-06-17 18:49:22,076 INFO MT4 connected and logged in. IsConnected=1
2026-06-17 18:49:22,077 INFO Fetching all users...
2026-06-17 18:49:22,287 INFO AdmUsersRequest: 5300 users
2026-06-17 18:49:22,288 INFO Got 5300 users, saving to clients/trading_accounts...
2026-06-17 18:49:23,558 INFO MT4 clients: 500 saved...
2026-06-17 18:49:23,947 INFO MT4 clients: 1000 saved...
2026-06-17 18:49:24,379 INFO MT4 clients: 1500 saved...
2026-06-17 18:49:24,802 INFO MT4 clients: 2000 saved...
2026-06-17 18:49:25,212 INFO MT4 clients: 2500 saved...
2026-06-17 18:49:25,652 INFO MT4 clients: 3000 saved...
2026-06-17 18:49:26,076 INFO MT4 clients: 3500 saved...
2026-06-17 18:49:26,498 INFO MT4 clients: 4000 saved...
2026-06-17 18:49:26,932 INFO MT4 clients: 4500 saved...
2026-06-17 18:49:27,362 INFO MT4 clients: 5000 saved...
2026-06-17 18:49:27,624 INFO MT4: 5300 clients saved
2026-06-17 18:49:27,625 INFO save_mt4_clients done
2026-06-17 18:49:27,625 INFO Fetching closed trade history (last 2 days)...
2026-06-17 18:49:29,256 INFO sync_trade_journal: 89789 records, 8069 closed trades in last 2d
2026-06-17 18:49:29,257 INFO Got 8069 closed trades, saving to deals...
2026-06-17 18:49:37,246 INFO MT4 journal deals saved: 8069
2026-06-17 18:49:37,247 INFO save_journal_deals done
2026-06-17 18:49:37,247 INFO === ONE-SHOT FETCH COMPLETE ===
2026-06-17 18:50:38,194 INFO Connecting to MT4...
2026-06-17 18:50:38,349 INFO mtmanapi64.dll loaded
2026-06-17 18:50:38,351 INFO MT4 manager instance created (ver=26215873)
2026-06-17 18:50:38,613 INFO MT4 connected and logged in. IsConnected=1
2026-06-17 18:50:38,614 INFO Fetching all users...
2026-06-17 18:50:38,818 INFO AdmUsersRequest: 5300 users
2026-06-17 18:50:38,819 INFO Got 5300 users, saving to clients/trading_accounts...
2026-06-17 18:50:40,145 INFO MT4 clients: 500 saved...
2026-06-17 18:50:40,547 INFO MT4 clients: 1000 saved...
2026-06-17 18:50:40,927 INFO MT4 clients: 1500 saved...
2026-06-17 18:50:41,278 INFO MT4 clients: 2000 saved...
2026-06-17 18:50:41,625 INFO MT4 clients: 2500 saved...
2026-06-17 18:50:41,973 INFO MT4 clients: 3000 saved...
2026-06-17 18:50:42,316 INFO MT4 clients: 3500 saved...
2026-06-17 18:50:42,659 INFO MT4 clients: 4000 saved...
2026-06-17 18:50:43,003 INFO MT4 clients: 4500 saved...
2026-06-17 18:50:43,341 INFO MT4 clients: 5000 saved...
2026-06-17 18:50:43,532 INFO MT4: 5300 clients saved
2026-06-17 18:50:43,533 INFO save_mt4_clients done
2026-06-17 18:50:43,533 INFO Fetching closed trade history (last 2 days)...
2026-06-17 18:50:45,153 INFO sync_trade_journal: 89802 records, 8072 closed trades in last 2d
2026-06-17 18:50:45,154 INFO Got 8072 closed trades, saving to deals...
2026-06-17 18:50:53,723 INFO MT4 journal deals saved: 8072
2026-06-17 18:50:53,724 INFO save_journal_deals done
2026-06-17 18:50:53,724 INFO === ONE-SHOT FETCH COMPLETE ===
2026-06-17 18:51:54,608 INFO Connecting to MT4...
2026-06-17 18:51:54,741 INFO mtmanapi64.dll loaded
2026-06-17 18:51:54,742 INFO MT4 manager instance created (ver=26215873)
2026-06-17 18:51:54,942 INFO MT4 connected and logged in. IsConnected=1
2026-06-17 18:51:54,943 INFO Fetching all users...
2026-06-17 18:51:55,154 INFO AdmUsersRequest: 5300 users
2026-06-17 18:51:55,155 INFO Got 5300 users, saving to clients/trading_accounts...
2026-06-17 18:51:56,280 INFO MT4 clients: 500 saved...
2026-06-17 18:51:56,652 INFO MT4 clients: 1000 saved...
2026-06-17 18:51:57,038 INFO MT4 clients: 1500 saved...
2026-06-17 18:51:57,422 INFO MT4 clients: 2000 saved...
2026-06-17 18:51:57,791 INFO MT4 clients: 2500 saved...
2026-06-17 18:51:58,162 INFO MT4 clients: 3000 saved...
2026-06-17 18:51:58,531 INFO MT4 clients: 3500 saved...
2026-06-17 18:51:58,885 INFO MT4 clients: 4000 saved...
2026-06-17 18:51:59,234 INFO MT4 clients: 4500 saved...
2026-06-17 18:51:59,604 INFO MT4 clients: 5000 saved...
2026-06-17 18:51:59,824 INFO MT4: 5300 clients saved
2026-06-17 18:51:59,824 INFO save_mt4_clients done
2026-06-17 18:51:59,825 INFO Fetching closed trade history (last 2 days)...
2026-06-17 18:52:01,423 INFO sync_trade_journal: 89824 records, 8073 closed trades in last 2d
2026-06-17 18:52:01,424 INFO Got 8073 closed trades, saving to deals...
2026-06-17 18:52:09,721 INFO MT4 journal deals saved: 8073
2026-06-17 18:52:09,722 INFO save_journal_deals done
2026-06-17 18:52:09,723 INFO === ONE-SHOT FETCH COMPLETE ===
2026-06-17 18:53:10,684 INFO Connecting to MT4...
2026-06-17 18:53:10,817 INFO mtmanapi64.dll loaded
2026-06-17 18:53:10,818 INFO MT4 manager instance created (ver=26215873)
2026-06-17 18:53:11,069 INFO MT4 connected and logged in. IsConnected=1
2026-06-17 18:53:11,070 INFO Fetching all users...
2026-06-17 18:53:11,284 INFO AdmUsersRequest: 5300 users
2026-06-17 18:53:11,285 INFO Got 5300 users, saving to clients/trading_accounts...
2026-06-17 18:53:12,549 INFO MT4 clients: 500 saved...
2026-06-17 18:53:12,915 INFO MT4 clients: 1000 saved...
2026-06-17 18:53:13,290 INFO MT4 clients: 1500 saved...
2026-06-17 18:53:13,646 INFO MT4 clients: 2000 saved...
2026-06-17 18:53:13,996 INFO MT4 clients: 2500 saved...
2026-06-17 18:53:14,323 INFO MT4 clients: 3000 saved...
2026-06-17 18:53:14,685 INFO MT4 clients: 3500 saved...
2026-06-17 18:53:15,033 INFO MT4 clients: 4000 saved...
2026-06-17 18:53:15,408 INFO MT4 clients: 4500 saved...
2026-06-17 18:53:15,796 INFO MT4 clients: 5000 saved...
2026-06-17 18:53:16,057 INFO MT4: 5300 clients saved
2026-06-17 18:53:16,058 INFO save_mt4_clients done
2026-06-17 18:53:16,058 INFO Fetching closed trade history (last 2 days)...
2026-06-17 18:53:17,666 INFO sync_trade_journal: 89855 records, 8079 closed trades in last 2d
2026-06-17 18:53:17,667 INFO Got 8079 closed trades, saving to deals...
2026-06-17 18:54:51,197 INFO MT4 journal deals saved: 8079
2026-06-17 18:54:51,198 INFO save_journal_deals done
2026-06-17 18:54:51,198 INFO === ONE-SHOT FETCH COMPLETE ===
2026-06-17 18:55:52,005 INFO Connecting to MT4...
2026-06-17 18:55:52,132 INFO mtmanapi64.dll loaded
2026-06-17 18:55:52,133 INFO MT4 manager instance created (ver=26215873)
2026-06-17 18:55:52,386 INFO MT4 connected and logged in. IsConnected=1
2026-06-17 18:55:52,387 INFO Fetching all users...
2026-06-17 18:55:52,589 INFO AdmUsersRequest: 5300 users
2026-06-17 18:55:52,589 INFO Got 5300 users, saving to clients/trading_accounts...
2026-06-17 18:55:53,546 INFO MT4 clients: 500 saved...
2026-06-17 18:55:53,863 INFO MT4 clients: 1000 saved...
2026-06-17 18:55:54,187 INFO MT4 clients: 1500 saved...
2026-06-17 18:55:54,504 INFO MT4 clients: 2000 saved...
2026-06-17 18:55:54,835 INFO MT4 clients: 2500 saved...
2026-06-17 18:55:55,135 INFO MT4 clients: 3000 saved...
2026-06-17 18:55:55,426 INFO MT4 clients: 3500 saved...
2026-06-17 18:55:55,745 INFO MT4 clients: 4000 saved...
2026-06-17 18:55:56,074 INFO MT4 clients: 4500 saved...
2026-06-17 18:55:56,392 INFO MT4 clients: 5000 saved...
2026-06-17 18:55:56,579 INFO MT4: 5300 clients saved
2026-06-17 18:55:56,580 INFO save_mt4_clients done
2026-06-17 18:55:56,580 INFO Fetching closed trade history (last 2 days)...
2026-06-17 18:55:58,155 INFO sync_trade_journal: 90200 records, 8104 closed trades in last 2d
2026-06-17 18:55:58,156 INFO Got 8104 closed trades, saving to deals...
2026-06-17 18:56:05,895 INFO MT4 journal deals saved: 8104
2026-06-17 18:56:05,896 INFO save_journal_deals done
2026-06-17 18:56:05,896 INFO === ONE-SHOT FETCH COMPLETE ===
2026-06-17 18:57:06,700 INFO Connecting to MT4...
2026-06-17 18:57:06,828 INFO mtmanapi64.dll loaded
2026-06-17 18:57:06,829 INFO MT4 manager instance created (ver=26215873)
2026-06-17 18:57:07,082 INFO MT4 connected and logged in. IsConnected=1
2026-06-17 18:57:07,082 INFO Fetching all users...
2026-06-17 18:57:07,289 INFO AdmUsersRequest: 5300 users
2026-06-17 18:57:07,290 INFO Got 5300 users, saving to clients/trading_accounts...
2026-06-17 18:57:08,298 INFO MT4 clients: 500 saved...
2026-06-17 18:57:08,689 INFO MT4 clients: 1000 saved...
2026-06-17 18:57:09,017 INFO MT4 clients: 1500 saved...
2026-06-17 18:57:09,361 INFO MT4 clients: 2000 saved...
2026-06-17 18:57:09,700 INFO MT4 clients: 2500 saved...
2026-06-17 18:57:09,992 INFO MT4 clients: 3000 saved...
2026-06-17 18:57:10,285 INFO MT4 clients: 3500 saved...
2026-06-17 18:57:10,578 INFO MT4 clients: 4000 saved...
2026-06-17 18:57:10,873 INFO MT4 clients: 4500 saved...
2026-06-17 18:57:11,185 INFO MT4 clients: 5000 saved...
2026-06-17 18:57:11,397 INFO MT4: 5300 clients saved
2026-06-17 18:57:11,398 INFO save_mt4_clients done
2026-06-17 18:57:11,398 INFO Fetching closed trade history (last 2 days)...
2026-06-17 18:57:12,973 INFO sync_trade_journal: 90282 records, 8121 closed trades in last 2d
2026-06-17 18:57:12,974 INFO Got 8121 closed trades, saving to deals...
2026-06-17 18:57:20,210 INFO MT4 journal deals saved: 8121
2026-06-17 18:57:20,211 INFO save_journal_deals done
2026-06-17 18:57:20,212 INFO === ONE-SHOT FETCH COMPLETE ===
2026-06-17 18:57:21,211 INFO mtmanapi64.dll loaded
2026-06-17 18:57:21,214 INFO MT4 manager instance created (ver=26215873)
2026-06-17 18:57:21,473 INFO MT4 connected and logged in. IsConnected=1
2026-06-17 18:58:23,856 INFO Connecting to MT4...
2026-06-17 18:58:24,022 INFO mtmanapi64.dll loaded
2026-06-17 18:58:24,023 INFO MT4 manager instance created (ver=26215873)
2026-06-17 18:58:24,278 INFO MT4 connected and logged in. IsConnected=1
2026-06-17 18:58:24,279 INFO Fetching all users...
2026-06-17 18:58:24,486 INFO AdmUsersRequest: 5300 users
2026-06-17 18:58:24,488 INFO Got 5300 users, saving to clients/trading_accounts...
2026-06-17 18:58:26,075 INFO MT4 clients: 500 saved...
2026-06-17 18:58:26,549 INFO MT4 clients: 1000 saved...
2026-06-17 18:58:26,974 INFO MT4 clients: 1500 saved...
2026-06-17 18:58:27,385 INFO MT4 clients: 2000 saved...
2026-06-17 18:58:27,811 INFO MT4 clients: 2500 saved...
2026-06-17 18:58:28,220 INFO MT4 clients: 3000 saved...
2026-06-17 18:58:28,610 INFO MT4 clients: 3500 saved...
2026-06-17 18:58:28,990 INFO MT4 clients: 4000 saved...
2026-06-17 18:58:29,391 INFO MT4 clients: 4500 saved...
2026-06-17 18:58:29,780 INFO MT4 clients: 5000 saved...
2026-06-17 18:58:30,008 INFO MT4: 5300 clients saved
2026-06-17 18:58:30,008 INFO save_mt4_clients done
2026-06-17 18:58:30,009 INFO Fetching closed trade history (last 2 days)...
2026-06-17 18:58:31,654 INFO sync_trade_journal: 90592 records, 8151 closed trades in last 2d
2026-06-17 18:58:31,655 INFO Got 8151 closed trades, saving to deals...
2026-06-17 18:59:41,874 INFO MT4 journal deals saved: 8151
2026-06-17 18:59:41,875 INFO save_journal_deals done
2026-06-17 18:59:41,875 INFO === ONE-SHOT FETCH COMPLETE ===
2026-06-17 19:00:42,846 INFO Connecting to MT4...
2026-06-17 19:00:42,981 INFO mtmanapi64.dll loaded
2026-06-17 19:00:42,983 INFO MT4 manager instance created (ver=26215873)
2026-06-17 19:00:43,243 INFO MT4 connected and logged in. IsConnected=1
2026-06-17 19:00:43,244 INFO Fetching all users...
2026-06-17 19:00:43,454 INFO AdmUsersRequest: 5300 users
2026-06-17 19:00:43,455 INFO Got 5300 users, saving to clients/trading_accounts...
2026-06-17 19:00:44,591 INFO MT4 clients: 500 saved...
2026-06-17 19:00:44,932 INFO MT4 clients: 1000 saved...
2026-06-17 19:00:45,292 INFO MT4 clients: 1500 saved...
2026-06-17 19:00:45,633 INFO MT4 clients: 2000 saved...
2026-06-17 19:00:46,034 INFO MT4 clients: 2500 saved...
2026-06-17 19:00:46,380 INFO MT4 clients: 3000 saved...
2026-06-17 19:00:46,712 INFO MT4 clients: 3500 saved...
2026-06-17 19:00:47,052 INFO MT4 clients: 4000 saved...
2026-06-17 19:00:47,396 INFO MT4 clients: 4500 saved...
2026-06-17 19:00:47,739 INFO MT4 clients: 5000 saved...
2026-06-17 19:00:47,962 INFO MT4: 5300 clients saved
2026-06-17 19:00:47,963 INFO save_mt4_clients done
2026-06-17 19:00:47,963 INFO Fetching closed trade history (last 2 days)...
2026-06-17 19:00:49,573 INFO sync_trade_journal: 90732 records, 8186 closed trades in last 2d
2026-06-17 19:00:49,574 INFO Got 8186 closed trades, saving to deals...
2026-06-17 19:00:57,554 INFO MT4 journal deals saved: 8186
2026-06-17 19:00:57,555 INFO save_journal_deals done
2026-06-17 19:00:57,556 INFO === ONE-SHOT FETCH COMPLETE ===
2026-06-17 19:01:58,554 INFO Connecting to MT4...
2026-06-17 19:01:58,696 INFO mtmanapi64.dll loaded
2026-06-17 19:01:58,697 INFO MT4 manager instance created (ver=26215873)
2026-06-17 19:01:58,952 INFO MT4 connected and logged in. IsConnected=1
2026-06-17 19:01:58,953 INFO Fetching all users...
2026-06-17 19:01:59,170 INFO AdmUsersRequest: 5300 users
2026-06-17 19:01:59,171 INFO Got 5300 users, saving to clients/trading_accounts...
2026-06-17 19:02:00,391 INFO MT4 clients: 500 saved...
2026-06-17 19:02:00,810 INFO MT4 clients: 1000 saved...
2026-06-17 19:02:01,219 INFO MT4 clients: 1500 saved...
2026-06-17 19:02:01,632 INFO MT4 clients: 2000 saved...
2026-06-17 19:02:01,998 INFO MT4 clients: 2500 saved...
2026-06-17 19:02:02,383 INFO MT4 clients: 3000 saved...
2026-06-17 19:02:02,745 INFO MT4 clients: 3500 saved...
2026-06-17 19:02:03,141 INFO MT4 clients: 4000 saved...
2026-06-17 19:02:03,514 INFO MT4 clients: 4500 saved...
2026-06-17 19:02:03,887 INFO MT4 clients: 5000 saved...
2026-06-17 19:02:04,106 INFO MT4: 5300 clients saved
2026-06-17 19:02:04,107 INFO save_mt4_clients done
2026-06-17 19:02:04,107 INFO Fetching closed trade history (last 2 days)...
2026-06-17 19:02:05,734 INFO sync_trade_journal: 90755 records, 8190 closed trades in last 2d
2026-06-17 19:02:05,735 INFO Got 8190 closed trades, saving to deals...
2026-06-17 19:02:14,709 INFO MT4 journal deals saved: 8190
2026-06-17 19:02:14,710 INFO save_journal_deals done
2026-06-17 19:02:14,710 INFO === ONE-SHOT FETCH COMPLETE ===
2026-06-17 19:03:15,741 INFO Connecting to MT4...
2026-06-17 19:03:15,889 INFO mtmanapi64.dll loaded
2026-06-17 19:03:15,891 INFO MT4 manager instance created (ver=26215873)
2026-06-17 19:03:16,149 INFO MT4 connected and logged in. IsConnected=1
2026-06-17 19:03:16,149 INFO Fetching all users...
2026-06-17 19:03:16,366 INFO AdmUsersRequest: 5300 users
2026-06-17 19:03:16,367 INFO Got 5300 users, saving to clients/trading_accounts...
2026-06-17 19:03:17,853 INFO MT4 clients: 500 saved...
2026-06-17 19:03:18,331 INFO MT4 clients: 1000 saved...
2026-06-17 19:03:18,816 INFO MT4 clients: 1500 saved...
2026-06-17 19:03:19,301 INFO MT4 clients: 2000 saved...
2026-06-17 19:03:19,758 INFO MT4 clients: 2500 saved...
2026-06-17 19:03:20,212 INFO MT4 clients: 3000 saved...
2026-06-17 19:03:20,636 INFO MT4 clients: 3500 saved...
2026-06-17 19:03:21,083 INFO MT4 clients: 4000 saved...
2026-06-17 19:03:21,548 INFO MT4 clients: 4500 saved...
2026-06-17 19:03:21,984 INFO MT4 clients: 5000 saved...
2026-06-17 19:03:22,249 INFO MT4: 5300 clients saved
2026-06-17 19:03:22,250 INFO save_mt4_clients done
2026-06-17 19:03:22,250 INFO Fetching closed trade history (last 2 days)...
2026-06-17 19:03:23,980 INFO sync_trade_journal: 90857 records, 8205 closed trades in last 2d
2026-06-17 19:03:23,980 INFO Got 8205 closed trades, saving to deals...
2026-06-17 19:05:12,364 INFO MT4 journal deals saved: 8205
2026-06-17 19:05:12,365 INFO save_journal_deals done
2026-06-17 19:05:12,365 INFO === ONE-SHOT FETCH COMPLETE ===
2026-06-17 19:06:14,245 INFO Connecting to MT4...
2026-06-17 19:06:14,381 INFO mtmanapi64.dll loaded
2026-06-17 19:06:14,382 INFO MT4 manager instance created (ver=26215873)
2026-06-17 19:06:14,646 INFO MT4 connected and logged in. IsConnected=1
2026-06-17 19:06:14,647 INFO Fetching all users...
2026-06-17 19:06:14,855 INFO AdmUsersRequest: 5300 users
2026-06-17 19:06:14,856 INFO Got 5300 users, saving to clients/trading_accounts...
2026-06-17 19:06:16,069 INFO MT4 clients: 500 saved...
2026-06-17 19:06:16,463 INFO MT4 clients: 1000 saved...
2026-06-17 19:06:16,840 INFO MT4 clients: 1500 saved...
2026-06-17 19:06:17,208 INFO MT4 clients: 2000 saved...
2026-06-17 19:06:17,565 INFO MT4 clients: 2500 saved...
2026-06-17 19:06:17,925 INFO MT4 clients: 3000 saved...
2026-06-17 19:06:18,280 INFO MT4 clients: 3500 saved...
2026-06-17 19:06:18,660 INFO MT4 clients: 4000 saved...
2026-06-17 19:06:19,041 INFO MT4 clients: 4500 saved...
2026-06-17 19:06:19,397 INFO MT4 clients: 5000 saved...
2026-06-17 19:06:19,614 INFO MT4: 5300 clients saved
2026-06-17 19:06:19,615 INFO save_mt4_clients done
2026-06-17 19:06:19,615 INFO Fetching closed trade history (last 2 days)...
2026-06-17 19:06:21,252 INFO sync_trade_journal: 91062 records, 8229 closed trades in last 2d
2026-06-17 19:06:21,253 INFO Got 8229 closed trades, saving to deals...
2026-06-17 19:06:29,937 INFO MT4 journal deals saved: 8229
2026-06-17 19:06:29,938 INFO save_journal_deals done
2026-06-17 19:06:29,939 INFO === ONE-SHOT FETCH COMPLETE ===
2026-06-17 19:07:30,964 INFO Connecting to MT4...
2026-06-17 19:07:31,104 INFO mtmanapi64.dll loaded
2026-06-17 19:07:31,105 INFO MT4 manager instance created (ver=26215873)
2026-06-17 19:07:31,360 INFO MT4 connected and logged in. IsConnected=1
2026-06-17 19:07:31,361 INFO Fetching all users...
2026-06-17 19:07:31,557 INFO AdmUsersRequest: 5300 users
2026-06-17 19:07:31,558 INFO Got 5300 users, saving to clients/trading_accounts...
2026-06-17 19:07:32,809 INFO MT4 clients: 500 saved...
2026-06-17 19:07:33,270 INFO MT4 clients: 1000 saved...
2026-06-17 19:07:33,710 INFO MT4 clients: 1500 saved...
2026-06-17 19:07:34,142 INFO MT4 clients: 2000 saved...
2026-06-17 19:07:34,559 INFO MT4 clients: 2500 saved...
2026-06-17 19:07:34,963 INFO MT4 clients: 3000 saved...
2026-06-17 19:07:35,364 INFO MT4 clients: 3500 saved...
2026-06-17 19:07:35,780 INFO MT4 clients: 4000 saved...
2026-06-17 19:07:36,225 INFO MT4 clients: 4500 saved...
2026-06-17 19:07:36,626 INFO MT4 clients: 5000 saved...
2026-06-17 19:07:36,859 INFO MT4: 5300 clients saved
2026-06-17 19:07:36,859 INFO save_mt4_clients done
2026-06-17 19:07:36,860 INFO Fetching closed trade history (last 2 days)...
2026-06-17 19:07:38,529 INFO sync_trade_journal: 91274 records, 8246 closed trades in last 2d
2026-06-17 19:07:38,529 INFO Got 8246 closed trades, saving to deals...
2026-06-17 19:07:47,035 INFO MT4 journal deals saved: 8246
2026-06-17 19:07:47,036 INFO save_journal_deals done
2026-06-17 19:07:47,036 INFO === ONE-SHOT FETCH COMPLETE ===
2026-06-17 19:08:47,979 INFO Connecting to MT4...
2026-06-17 19:08:48,121 INFO mtmanapi64.dll loaded
2026-06-17 19:08:48,122 INFO MT4 manager instance created (ver=26215873)
2026-06-17 19:08:48,384 INFO MT4 connected and logged in. IsConnected=1
2026-06-17 19:08:48,385 INFO Fetching all users...
2026-06-17 19:08:48,596 INFO AdmUsersRequest: 5300 users
2026-06-17 19:08:48,597 INFO Got 5300 users, saving to clients/trading_accounts...
2026-06-17 19:08:49,788 INFO MT4 clients: 500 saved...
2026-06-17 19:08:50,182 INFO MT4 clients: 1000 saved...
2026-06-17 19:08:50,576 INFO MT4 clients: 1500 saved...
2026-06-17 19:08:50,946 INFO MT4 clients: 2000 saved...
2026-06-17 19:08:51,325 INFO MT4 clients: 2500 saved...
2026-06-17 19:08:51,688 INFO MT4 clients: 3000 saved...
2026-06-17 19:08:52,062 INFO MT4 clients: 3500 saved...
2026-06-17 19:08:52,431 INFO MT4 clients: 4000 saved...
2026-06-17 19:08:52,800 INFO MT4 clients: 4500 saved...
2026-06-17 19:08:53,153 INFO MT4 clients: 5000 saved...
2026-06-17 19:08:53,373 INFO MT4: 5300 clients saved
2026-06-17 19:08:53,374 INFO save_mt4_clients done
2026-06-17 19:08:53,375 INFO Fetching closed trade history (last 2 days)...
2026-06-17 19:08:55,111 INFO sync_trade_journal: 91309 records, 8250 closed trades in last 2d
2026-06-17 19:08:55,113 INFO Got 8250 closed trades, saving to deals...
2026-06-17 19:09:03,397 INFO MT4 journal deals saved: 8250
2026-06-17 19:09:03,398 INFO save_journal_deals done
2026-06-17 19:09:03,398 INFO === ONE-SHOT FETCH COMPLETE ===
2026-06-17 19:10:04,248 INFO Connecting to MT4...
2026-06-17 19:10:04,386 INFO mtmanapi64.dll loaded
2026-06-17 19:10:04,387 INFO MT4 manager instance created (ver=26215873)
2026-06-17 19:10:04,645 INFO MT4 connected and logged in. IsConnected=1
2026-06-17 19:10:04,646 INFO Fetching all users...
2026-06-17 19:10:04,853 INFO AdmUsersRequest: 5300 users
2026-06-17 19:10:04,854 INFO Got 5300 users, saving to clients/trading_accounts...
2026-06-17 19:10:05,883 INFO MT4 clients: 500 saved...
2026-06-17 19:10:06,217 INFO MT4 clients: 1000 saved...
2026-06-17 19:10:06,576 INFO MT4 clients: 1500 saved...
2026-06-17 19:10:06,922 INFO MT4 clients: 2000 saved...
2026-06-17 19:10:07,273 INFO MT4 clients: 2500 saved...
2026-06-17 19:10:07,615 INFO MT4 clients: 3000 saved...
2026-06-17 19:10:07,982 INFO MT4 clients: 3500 saved...
2026-06-17 19:10:08,355 INFO MT4 clients: 4000 saved...
2026-06-17 19:10:08,693 INFO MT4 clients: 4500 saved...
2026-06-17 19:10:09,027 INFO MT4 clients: 5000 saved...
2026-06-17 19:10:09,220 INFO MT4: 5300 clients saved
2026-06-17 19:10:09,221 INFO save_mt4_clients done
2026-06-17 19:10:09,221 INFO Fetching closed trade history (last 2 days)...
2026-06-17 19:10:10,949 INFO sync_trade_journal: 91327 records, 8254 closed trades in last 2d
2026-06-17 19:10:10,950 INFO Got 8254 closed trades, saving to deals...
2026-06-17 19:10:19,279 INFO MT4 journal deals saved: 8254
2026-06-17 19:10:19,280 INFO save_journal_deals done
2026-06-17 19:10:19,280 INFO === ONE-SHOT FETCH COMPLETE ===
2026-06-17 19:11:20,174 INFO Connecting to MT4...
2026-06-17 19:11:20,310 INFO mtmanapi64.dll loaded
2026-06-17 19:11:20,311 INFO MT4 manager instance created (ver=26215873)
2026-06-17 19:11:20,571 INFO MT4 connected and logged in. IsConnected=1
2026-06-17 19:11:20,572 INFO Fetching all users...
2026-06-17 19:11:20,768 INFO AdmUsersRequest: 5300 users
2026-06-17 19:11:20,768 INFO Got 5300 users, saving to clients/trading_accounts...
2026-06-17 19:11:21,931 INFO MT4 clients: 500 saved...
2026-06-17 19:11:22,309 INFO MT4 clients: 1000 saved...
2026-06-17 19:11:22,716 INFO MT4 clients: 1500 saved...
2026-06-17 19:11:23,063 INFO MT4 clients: 2000 saved...
2026-06-17 19:11:23,462 INFO MT4 clients: 2500 saved...
2026-06-17 19:11:23,799 INFO MT4 clients: 3000 saved...
2026-06-17 19:11:24,113 INFO MT4 clients: 3500 saved...
2026-06-17 19:11:24,446 INFO MT4 clients: 4000 saved...
2026-06-17 19:11:24,775 INFO MT4 clients: 4500 saved...
2026-06-17 19:11:25,099 INFO MT4 clients: 5000 saved...
2026-06-17 19:11:25,290 INFO MT4: 5300 clients saved
2026-06-17 19:11:25,291 INFO save_mt4_clients done
2026-06-17 19:11:25,291 INFO Fetching closed trade history (last 2 days)...
2026-06-17 19:11:26,959 INFO sync_trade_journal: 91421 records, 8273 closed trades in last 2d
2026-06-17 19:11:26,960 INFO Got 8273 closed trades, saving to deals...
2026-06-17 19:11:34,020 INFO MT4 journal deals saved: 8273
2026-06-17 19:11:34,021 INFO save_journal_deals done
2026-06-17 19:11:34,021 INFO === ONE-SHOT FETCH COMPLETE ===
2026-06-17 19:12:34,820 INFO Connecting to MT4...
2026-06-17 19:12:34,965 INFO mtmanapi64.dll loaded
2026-06-17 19:12:34,966 INFO MT4 manager instance created (ver=26215873)
2026-06-17 19:12:35,223 INFO MT4 connected and logged in. IsConnected=1
2026-06-17 19:12:35,224 INFO Fetching all users...
2026-06-17 19:12:35,429 INFO AdmUsersRequest: 5300 users
2026-06-17 19:12:35,430 INFO Got 5300 users, saving to clients/trading_accounts...
2026-06-17 19:12:36,502 INFO MT4 clients: 500 saved...
2026-06-17 19:12:36,861 INFO MT4 clients: 1000 saved...
2026-06-17 19:12:37,213 INFO MT4 clients: 1500 saved...
2026-06-17 19:12:37,556 INFO MT4 clients: 2000 saved...
2026-06-17 19:12:37,905 INFO MT4 clients: 2500 saved...
2026-06-17 19:12:38,250 INFO MT4 clients: 3000 saved...
2026-06-17 19:12:38,599 INFO MT4 clients: 3500 saved...
2026-06-17 19:12:38,969 INFO MT4 clients: 4000 saved...
2026-06-17 19:12:39,351 INFO MT4 clients: 4500 saved...
2026-06-17 19:12:39,742 INFO MT4 clients: 5000 saved...
2026-06-17 19:12:39,998 INFO MT4: 5300 clients saved
2026-06-17 19:12:39,999 INFO save_mt4_clients done
2026-06-17 19:12:39,999 INFO Fetching closed trade history (last 2 days)...
2026-06-17 19:12:41,651 INFO sync_trade_journal: 91472 records, 8277 closed trades in last 2d
2026-06-17 19:12:41,652 INFO Got 8277 closed trades, saving to deals...
2026-06-17 19:12:48,473 INFO MT4 journal deals saved: 8277
2026-06-17 19:12:48,473 INFO save_journal_deals done
2026-06-17 19:12:48,474 INFO === ONE-SHOT FETCH COMPLETE ===
2026-06-17 19:12:49,400 INFO mtmanapi64.dll loaded
2026-06-17 19:12:49,402 INFO MT4 manager instance created (ver=26215873)
2026-06-17 19:12:49,665 INFO MT4 connected and logged in. IsConnected=1
2026-06-17 19:13:52,084 INFO Connecting to MT4...
2026-06-17 19:13:52,256 INFO mtmanapi64.dll loaded
2026-06-17 19:13:52,257 INFO MT4 manager instance created (ver=26215873)
2026-06-17 19:13:52,510 INFO MT4 connected and logged in. IsConnected=1
2026-06-17 19:13:52,510 INFO Fetching all users...
2026-06-17 19:13:52,712 INFO AdmUsersRequest: 5300 users
2026-06-17 19:13:52,713 INFO Got 5300 users, saving to clients/trading_accounts...
2026-06-17 19:13:54,297 INFO MT4 clients: 500 saved...
2026-06-17 19:13:54,766 INFO MT4 clients: 1000 saved...
2026-06-17 19:13:55,182 INFO MT4 clients: 1500 saved...
2026-06-17 19:13:55,608 INFO MT4 clients: 2000 saved...
2026-06-17 19:13:55,991 INFO MT4 clients: 2500 saved...
2026-06-17 19:13:56,376 INFO MT4 clients: 3000 saved...
2026-06-17 19:13:56,742 INFO MT4 clients: 3500 saved...
2026-06-17 19:13:57,116 INFO MT4 clients: 4000 saved...
2026-06-17 19:13:57,546 INFO MT4 clients: 4500 saved...
2026-06-17 19:13:57,943 INFO MT4 clients: 5000 saved...
2026-06-17 19:13:58,179 INFO MT4: 5300 clients saved
2026-06-17 19:13:58,180 INFO save_mt4_clients done
2026-06-17 19:13:58,180 INFO Fetching closed trade history (last 2 days)...
2026-06-17 19:13:59,919 INFO sync_trade_journal: 91505 records, 8282 closed trades in last 2d
2026-06-17 19:13:59,920 INFO Got 8282 closed trades, saving to deals...
2026-06-17 19:15:53,684 INFO MT4 journal deals saved: 8282
2026-06-17 19:15:53,685 INFO save_journal_deals done
2026-06-17 19:15:53,686 INFO === ONE-SHOT FETCH COMPLETE ===
2026-06-17 19:16:54,929 INFO Connecting to MT4...
2026-06-17 19:16:55,070 INFO mtmanapi64.dll loaded
2026-06-17 19:16:55,071 INFO MT4 manager instance created (ver=26215873)
2026-06-17 19:16:55,326 INFO MT4 connected and logged in. IsConnected=1
2026-06-17 19:16:55,327 INFO Fetching all users...
2026-06-17 19:16:55,536 INFO AdmUsersRequest: 5300 users
2026-06-17 19:16:55,537 INFO Got 5300 users, saving to clients/trading_accounts...
2026-06-17 19:16:56,926 INFO MT4 clients: 500 saved...
2026-06-17 19:16:57,363 INFO MT4 clients: 1000 saved...
2026-06-17 19:16:57,746 INFO MT4 clients: 1500 saved...
2026-06-17 19:16:58,106 INFO MT4 clients: 2000 saved...
2026-06-17 19:16:58,481 INFO MT4 clients: 2500 saved...
2026-06-17 19:16:58,831 INFO MT4 clients: 3000 saved...
2026-06-17 19:16:59,179 INFO MT4 clients: 3500 saved...
2026-06-17 19:16:59,529 INFO MT4 clients: 4000 saved...
2026-06-17 19:16:59,912 INFO MT4 clients: 4500 saved...
2026-06-17 19:17:00,281 INFO MT4 clients: 5000 saved...
2026-06-17 19:17:00,510 INFO MT4: 5300 clients saved
2026-06-17 19:17:00,511 INFO save_mt4_clients done
2026-06-17 19:17:00,512 INFO Fetching closed trade history (last 2 days)...
2026-06-17 19:17:02,159 INFO sync_trade_journal: 91743 records, 8312 closed trades in last 2d
2026-06-17 19:17:02,160 INFO Got 8312 closed trades, saving to deals...
2026-06-17 19:17:20,620 INFO MT4 journal deals saved: 8312
2026-06-17 19:17:20,621 INFO save_journal_deals done
2026-06-17 19:17:20,622 INFO === ONE-SHOT FETCH COMPLETE ===
2026-06-17 19:18:21,490 INFO Connecting to MT4...
2026-06-17 19:18:21,624 INFO mtmanapi64.dll loaded
2026-06-17 19:18:21,625 INFO MT4 manager instance created (ver=26215873)
2026-06-17 19:18:21,879 INFO MT4 connected and logged in. IsConnected=1
2026-06-17 19:18:21,879 INFO Fetching all users...
2026-06-17 19:18:22,086 INFO AdmUsersRequest: 5300 users
2026-06-17 19:18:22,087 INFO Got 5300 users, saving to clients/trading_accounts...
2026-06-17 19:18:23,215 INFO MT4 clients: 500 saved...
2026-06-17 19:18:23,553 INFO MT4 clients: 1000 saved...
2026-06-17 19:18:23,886 INFO MT4 clients: 1500 saved...
2026-06-17 19:18:24,222 INFO MT4 clients: 2000 saved...
2026-06-17 19:18:24,556 INFO MT4 clients: 2500 saved...
2026-06-17 19:18:24,889 INFO MT4 clients: 3000 saved...
2026-06-17 19:18:25,235 INFO MT4 clients: 3500 saved...
2026-06-17 19:18:25,569 INFO MT4 clients: 4000 saved...
2026-06-17 19:18:25,903 INFO MT4 clients: 4500 saved...
2026-06-17 19:18:26,234 INFO MT4 clients: 5000 saved...
2026-06-17 19:18:26,426 INFO MT4: 5300 clients saved
2026-06-17 19:18:26,427 INFO save_mt4_clients done
2026-06-17 19:18:26,427 INFO Fetching closed trade history (last 2 days)...
2026-06-17 19:18:28,111 INFO sync_trade_journal: 91905 records, 8335 closed trades in last 2d
2026-06-17 19:18:28,112 INFO Got 8335 closed trades, saving to deals...
2026-06-17 19:18:36,482 INFO MT4 journal deals saved: 8335
2026-06-17 19:18:36,483 INFO save_journal_deals done
2026-06-17 19:18:36,484 INFO === ONE-SHOT FETCH COMPLETE ===
2026-06-17 19:19:37,489 INFO Connecting to MT4...
2026-06-17 19:19:37,627 INFO mtmanapi64.dll loaded
2026-06-17 19:19:37,628 INFO MT4 manager instance created (ver=26215873)
2026-06-17 19:19:37,882 INFO MT4 connected and logged in. IsConnected=1
2026-06-17 19:19:37,884 INFO Fetching all users...
2026-06-17 19:19:38,090 INFO AdmUsersRequest: 5300 users
2026-06-17 19:19:38,091 INFO Got 5300 users, saving to clients/trading_accounts...
2026-06-17 19:19:39,204 INFO MT4 clients: 500 saved...
2026-06-17 19:19:39,585 INFO MT4 clients: 1000 saved...
2026-06-17 19:19:39,985 INFO MT4 clients: 1500 saved...
2026-06-17 19:19:40,365 INFO MT4 clients: 2000 saved...
2026-06-17 19:19:40,718 INFO MT4 clients: 2500 saved...
2026-06-17 19:19:41,081 INFO MT4 clients: 3000 saved...
2026-06-17 19:19:41,416 INFO MT4 clients: 3500 saved...
2026-06-17 19:19:41,788 INFO MT4 clients: 4000 saved...
2026-06-17 19:19:42,165 INFO MT4 clients: 4500 saved...
2026-06-17 19:19:42,523 INFO MT4 clients: 5000 saved...
2026-06-17 19:19:42,751 INFO MT4: 5300 clients saved
2026-06-17 19:19:42,751 INFO save_mt4_clients done
2026-06-17 19:19:42,752 INFO Fetching closed trade history (last 2 days)...
2026-06-17 19:19:44,397 INFO sync_trade_journal: 91955 records, 8342 closed trades in last 2d
2026-06-17 19:19:44,398 INFO Got 8342 closed trades, saving to deals...
2026-06-17 19:19:52,957 INFO MT4 journal deals saved: 8342
2026-06-17 19:19:52,958 INFO save_journal_deals done
2026-06-17 19:19:52,959 INFO === ONE-SHOT FETCH COMPLETE ===
2026-06-17 19:20:53,850 INFO Connecting to MT4...
2026-06-17 19:20:53,996 INFO mtmanapi64.dll loaded
2026-06-17 19:20:53,997 INFO MT4 manager instance created (ver=26215873)
2026-06-17 19:20:54,248 INFO MT4 connected and logged in. IsConnected=1
2026-06-17 19:20:54,249 INFO Fetching all users...
2026-06-17 19:20:54,457 INFO AdmUsersRequest: 5300 users
2026-06-17 19:20:54,458 INFO Got 5300 users, saving to clients/trading_accounts...
2026-06-17 19:20:55,660 INFO MT4 clients: 500 saved...
2026-06-17 19:20:56,119 INFO MT4 clients: 1000 saved...
2026-06-17 19:20:56,531 INFO MT4 clients: 1500 saved...
2026-06-17 19:20:57,000 INFO MT4 clients: 2000 saved...
2026-06-17 19:20:57,412 INFO MT4 clients: 2500 saved...
2026-06-17 19:20:57,850 INFO MT4 clients: 3000 saved...
2026-06-17 19:20:58,313 INFO MT4 clients: 3500 saved...
2026-06-17 19:20:58,746 INFO MT4 clients: 4000 saved...
2026-06-17 19:20:59,166 INFO MT4 clients: 4500 saved...
2026-06-17 19:20:59,565 INFO MT4 clients: 5000 saved...
2026-06-17 19:20:59,822 INFO MT4: 5300 clients saved
2026-06-17 19:20:59,822 INFO save_mt4_clients done
2026-06-17 19:20:59,823 INFO Fetching closed trade history (last 2 days)...
2026-06-17 19:21:01,586 INFO sync_trade_journal: 92049 records, 8353 closed trades in last 2d
2026-06-17 19:21:01,587 INFO Got 8353 closed trades, saving to deals...
2026-06-17 19:21:11,064 INFO MT4 journal deals saved: 8353
2026-06-17 19:21:11,065 INFO save_journal_deals done
2026-06-17 19:21:11,066 INFO === ONE-SHOT FETCH COMPLETE ===
2026-06-17 19:22:11,963 INFO Connecting to MT4...
2026-06-17 19:22:12,108 INFO mtmanapi64.dll loaded
2026-06-17 19:22:12,109 INFO MT4 manager instance created (ver=26215873)
2026-06-17 19:22:12,362 INFO MT4 connected and logged in. IsConnected=1
2026-06-17 19:22:12,363 INFO Fetching all users...
2026-06-17 19:22:12,583 INFO AdmUsersRequest: 5300 users
2026-06-17 19:22:12,584 INFO Got 5300 users, saving to clients/trading_accounts...
2026-06-17 19:22:13,909 INFO MT4 clients: 500 saved...
2026-06-17 19:22:14,292 INFO MT4 clients: 1000 saved...
2026-06-17 19:22:14,632 INFO MT4 clients: 1500 saved...
2026-06-17 19:22:14,983 INFO MT4 clients: 2000 saved...
2026-06-17 19:22:15,294 INFO MT4 clients: 2500 saved...
2026-06-17 19:22:15,608 INFO MT4 clients: 3000 saved...
2026-06-17 19:22:15,922 INFO MT4 clients: 3500 saved...
2026-06-17 19:22:16,245 INFO MT4 clients: 4000 saved...
2026-06-17 19:22:16,570 INFO MT4 clients: 4500 saved...
2026-06-17 19:22:16,908 INFO MT4 clients: 5000 saved...
2026-06-17 19:22:17,112 INFO MT4: 5300 clients saved
2026-06-17 19:22:17,113 INFO save_mt4_clients done
2026-06-17 19:22:17,113 INFO Fetching closed trade history (last 2 days)...
2026-06-17 19:22:18,782 INFO sync_trade_journal: 92098 records, 8360 closed trades in last 2d
2026-06-17 19:22:18,783 INFO Got 8360 closed trades, saving to deals...
2026-06-17 19:22:26,900 INFO MT4 journal deals saved: 8360
2026-06-17 19:22:26,900 INFO save_journal_deals done
2026-06-17 19:22:26,901 INFO === ONE-SHOT FETCH COMPLETE ===
2026-06-17 19:23:27,923 INFO Connecting to MT4...
2026-06-17 19:23:28,108 INFO mtmanapi64.dll loaded
2026-06-17 19:23:28,110 INFO MT4 manager instance created (ver=26215873)
2026-06-17 19:23:28,368 INFO MT4 connected and logged in. IsConnected=1
2026-06-17 19:23:28,369 INFO Fetching all users...
2026-06-17 19:23:28,579 INFO AdmUsersRequest: 5301 users
2026-06-17 19:23:28,580 INFO Got 5301 users, saving to clients/trading_accounts...
2026-06-17 19:23:30,009 INFO MT4 clients: 500 saved...
2026-06-17 19:23:30,441 INFO MT4 clients: 1000 saved...
2026-06-17 19:23:30,854 INFO MT4 clients: 1500 saved...
2026-06-17 19:23:31,278 INFO MT4 clients: 2000 saved...
2026-06-17 19:23:31,709 INFO MT4 clients: 2500 saved...
2026-06-17 19:23:32,133 INFO MT4 clients: 3000 saved...
2026-06-17 19:23:32,550 INFO MT4 clients: 3500 saved...
2026-06-17 19:23:32,977 INFO MT4 clients: 4000 saved...
2026-06-17 19:23:33,424 INFO MT4 clients: 4500 saved...
2026-06-17 19:23:33,874 INFO MT4 clients: 5000 saved...
2026-06-17 19:23:34,147 INFO MT4: 5301 clients saved
2026-06-17 19:23:34,147 INFO save_mt4_clients done
2026-06-17 19:23:34,148 INFO Fetching closed trade history (last 2 days)...
2026-06-17 19:23:35,894 INFO sync_trade_journal: 92260 records, 8371 closed trades in last 2d
2026-06-17 19:23:35,895 INFO Got 8371 closed trades, saving to deals...
2026-06-17 19:24:56,191 INFO MT4 journal deals saved: 8371
2026-06-17 19:24:56,192 INFO save_journal_deals done
2026-06-17 19:24:56,192 INFO === ONE-SHOT FETCH COMPLETE ===
2026-06-17 19:25:57,275 INFO Connecting to MT4...
2026-06-17 19:25:57,407 INFO mtmanapi64.dll loaded
2026-06-17 19:25:57,408 INFO MT4 manager instance created (ver=26215873)
2026-06-17 19:25:57,659 INFO MT4 connected and logged in. IsConnected=1
2026-06-17 19:25:57,660 INFO Fetching all users...
2026-06-17 19:25:57,877 INFO AdmUsersRequest: 5301 users
2026-06-17 19:25:57,878 INFO Got 5301 users, saving to clients/trading_accounts...
2026-06-17 19:25:58,864 INFO MT4 clients: 500 saved...
2026-06-17 19:25:59,183 INFO MT4 clients: 1000 saved...
2026-06-17 19:25:59,506 INFO MT4 clients: 1500 saved...
2026-06-17 19:25:59,822 INFO MT4 clients: 2000 saved...
2026-06-17 19:26:00,150 INFO MT4 clients: 2500 saved...
2026-06-17 19:26:00,477 INFO MT4 clients: 3000 saved...
2026-06-17 19:26:00,796 INFO MT4 clients: 3500 saved...
2026-06-17 19:26:01,147 INFO MT4 clients: 4000 saved...
2026-06-17 19:26:01,488 INFO MT4 clients: 4500 saved...
2026-06-17 19:26:01,827 INFO MT4 clients: 5000 saved...
2026-06-17 19:26:02,024 INFO MT4: 5301 clients saved
2026-06-17 19:26:02,025 INFO save_mt4_clients done
2026-06-17 19:26:02,026 INFO Fetching closed trade history (last 2 days)...
2026-06-17 19:26:03,668 INFO sync_trade_journal: 92365 records, 8380 closed trades in last 2d
2026-06-17 19:26:03,669 INFO Got 8380 closed trades, saving to deals...
2026-06-17 19:26:11,249 INFO MT4 journal deals saved: 8380
2026-06-17 19:26:11,250 INFO save_journal_deals done
2026-06-17 19:26:11,250 INFO === ONE-SHOT FETCH COMPLETE ===
2026-06-17 19:27:12,036 INFO Connecting to MT4...
2026-06-17 19:27:12,179 INFO mtmanapi64.dll loaded
2026-06-17 19:27:12,180 INFO MT4 manager instance created (ver=26215873)
2026-06-17 19:27:12,444 INFO MT4 connected and logged in. IsConnected=1
2026-06-17 19:27:12,445 INFO Fetching all users...
2026-06-17 19:27:12,658 INFO AdmUsersRequest: 5301 users
2026-06-17 19:27:12,659 INFO Got 5301 users, saving to clients/trading_accounts...
2026-06-17 19:27:13,928 INFO MT4 clients: 500 saved...
2026-06-17 19:27:14,338 INFO MT4 clients: 1000 saved...
2026-06-17 19:27:14,711 INFO MT4 clients: 1500 saved...
2026-06-17 19:27:15,099 INFO MT4 clients: 2000 saved...
2026-06-17 19:27:15,487 INFO MT4 clients: 2500 saved...
2026-06-17 19:27:15,865 INFO MT4 clients: 3000 saved...
2026-06-17 19:27:16,242 INFO MT4 clients: 3500 saved...
2026-06-17 19:27:16,615 INFO MT4 clients: 4000 saved...
2026-06-17 19:27:16,970 INFO MT4 clients: 4500 saved...
2026-06-17 19:27:17,328 INFO MT4 clients: 5000 saved...
2026-06-17 19:27:17,523 INFO MT4: 5301 clients saved
2026-06-17 19:27:17,524 INFO save_mt4_clients done
2026-06-17 19:27:17,524 INFO Fetching closed trade history (last 2 days)...
2026-06-17 19:27:19,174 INFO sync_trade_journal: 92387 records, 8382 closed trades in last 2d
2026-06-17 19:27:19,175 INFO Got 8382 closed trades, saving to deals...
2026-06-17 19:27:27,269 INFO MT4 journal deals saved: 8382
2026-06-17 19:27:27,270 INFO save_journal_deals done
2026-06-17 19:27:27,270 INFO === ONE-SHOT FETCH COMPLETE ===
2026-06-17 19:28:28,072 INFO Connecting to MT4...
2026-06-17 19:28:28,210 INFO mtmanapi64.dll loaded
2026-06-17 19:28:28,211 INFO MT4 manager instance created (ver=26215873)
2026-06-17 19:28:28,431 INFO MT4 connected and logged in. IsConnected=1
2026-06-17 19:28:28,432 INFO Fetching all users...
2026-06-17 19:28:28,638 INFO AdmUsersRequest: 5301 users
2026-06-17 19:28:28,639 INFO Got 5301 users, saving to clients/trading_accounts...
2026-06-17 19:28:29,747 INFO MT4 clients: 500 saved...
2026-06-17 19:28:30,101 INFO MT4 clients: 1000 saved...
2026-06-17 19:28:30,449 INFO MT4 clients: 1500 saved...
2026-06-17 19:28:30,776 INFO MT4 clients: 2000 saved...
2026-06-17 19:28:31,102 INFO MT4 clients: 2500 saved...
2026-06-17 19:28:31,430 INFO MT4 clients: 3000 saved...
2026-06-17 19:28:31,772 INFO MT4 clients: 3500 saved...
2026-06-17 19:28:32,107 INFO MT4 clients: 4000 saved...
2026-06-17 19:28:32,439 INFO MT4 clients: 4500 saved...
2026-06-17 19:28:32,754 INFO MT4 clients: 5000 saved...
2026-06-17 19:28:32,943 INFO MT4: 5301 clients saved
2026-06-17 19:28:32,943 INFO save_mt4_clients done
2026-06-17 19:28:32,944 INFO Fetching closed trade history (last 2 days)...
2026-06-17 19:28:34,600 INFO sync_trade_journal: 92480 records, 8393 closed trades in last 2d
2026-06-17 19:28:34,601 INFO Got 8393 closed trades, saving to deals...
2026-06-17 19:28:42,749 INFO MT4 journal deals saved: 8393
2026-06-17 19:28:42,750 INFO save_journal_deals done
2026-06-17 19:28:42,751 INFO === ONE-SHOT FETCH COMPLETE ===
2026-06-17 19:28:43,733 INFO mtmanapi64.dll loaded
2026-06-17 19:28:43,737 INFO MT4 manager instance created (ver=26215873)
2026-06-17 19:28:43,964 INFO MT4 connected and logged in. IsConnected=1
2026-06-17 19:29:46,292 INFO Connecting to MT4...
2026-06-17 19:29:46,425 INFO mtmanapi64.dll loaded
2026-06-17 19:29:46,426 INFO MT4 manager instance created (ver=26215873)
2026-06-17 19:29:46,683 INFO MT4 connected and logged in. IsConnected=1
2026-06-17 19:29:46,684 INFO Fetching all users...
2026-06-17 19:29:46,891 INFO AdmUsersRequest: 5301 users
2026-06-17 19:29:46,892 INFO Got 5301 users, saving to clients/trading_accounts...
2026-06-17 19:29:47,847 INFO MT4 clients: 500 saved...
2026-06-17 19:29:48,161 INFO MT4 clients: 1000 saved...
2026-06-17 19:29:48,469 INFO MT4 clients: 1500 saved...
2026-06-17 19:29:48,763 INFO MT4 clients: 2000 saved...
2026-06-17 19:29:49,076 INFO MT4 clients: 2500 saved...
2026-06-17 19:29:49,398 INFO MT4 clients: 3000 saved...
2026-06-17 19:29:49,724 INFO MT4 clients: 3500 saved...
2026-06-17 19:29:50,035 INFO MT4 clients: 4000 saved...
2026-06-17 19:29:50,344 INFO MT4 clients: 4500 saved...
2026-06-17 19:29:50,636 INFO MT4 clients: 5000 saved...
2026-06-17 19:29:50,811 INFO MT4: 5301 clients saved
2026-06-17 19:29:50,811 INFO save_mt4_clients done
2026-06-17 19:29:50,812 INFO Fetching closed trade history (last 2 days)...
2026-06-17 19:29:52,457 INFO sync_trade_journal: 92622 records, 8412 closed trades in last 2d
2026-06-17 19:29:52,458 INFO Got 8412 closed trades, saving to deals...
2026-06-17 19:29:59,688 INFO MT4 journal deals saved: 8412
2026-06-17 19:29:59,689 INFO save_journal_deals done
2026-06-17 19:29:59,690 INFO === ONE-SHOT FETCH COMPLETE ===
2026-06-17 19:31:00,514 INFO Connecting to MT4...
2026-06-17 19:31:00,655 INFO mtmanapi64.dll loaded
2026-06-17 19:31:00,656 INFO MT4 manager instance created (ver=26215873)
2026-06-17 19:31:00,860 INFO MT4 connected and logged in. IsConnected=1
2026-06-17 19:31:00,861 INFO Fetching all users...
2026-06-17 19:31:01,117 INFO AdmUsersRequest: 5301 users
2026-06-17 19:31:01,119 INFO Got 5301 users, saving to clients/trading_accounts...
2026-06-17 19:31:02,196 INFO MT4 clients: 500 saved...
2026-06-17 19:31:02,570 INFO MT4 clients: 1000 saved...
2026-06-17 19:31:02,910 INFO MT4 clients: 1500 saved...
2026-06-17 19:31:03,291 INFO MT4 clients: 2000 saved...
2026-06-17 19:31:03,658 INFO MT4 clients: 2500 saved...
2026-06-17 19:31:04,005 INFO MT4 clients: 3000 saved...
2026-06-17 19:31:04,352 INFO MT4 clients: 3500 saved...
2026-06-17 19:31:04,697 INFO MT4 clients: 4000 saved...
2026-06-17 19:31:05,043 INFO MT4 clients: 4500 saved...
2026-06-17 19:31:05,413 INFO MT4 clients: 5000 saved...
2026-06-17 19:31:05,612 INFO MT4: 5301 clients saved
2026-06-17 19:31:05,613 INFO save_mt4_clients done
2026-06-17 19:31:05,613 INFO Fetching closed trade history (last 2 days)...
2026-06-17 19:31:07,353 INFO sync_trade_journal: 92765 records, 8421 closed trades in last 2d
2026-06-17 19:31:07,354 INFO Got 8421 closed trades, saving to deals...
2026-06-17 19:31:15,620 INFO MT4 journal deals saved: 8421
2026-06-17 19:31:15,621 INFO save_journal_deals done
2026-06-17 19:31:15,622 INFO === ONE-SHOT FETCH COMPLETE ===
2026-06-17 19:32:17,284 INFO Connecting to MT4...
2026-06-17 19:32:17,490 INFO mtmanapi64.dll loaded
2026-06-17 19:32:17,491 INFO MT4 manager instance created (ver=26215873)
2026-06-17 19:32:17,750 INFO MT4 connected and logged in. IsConnected=1
2026-06-17 19:32:17,751 INFO Fetching all users...
2026-06-17 19:32:17,965 INFO AdmUsersRequest: 5301 users
2026-06-17 19:32:17,966 INFO Got 5301 users, saving to clients/trading_accounts...
2026-06-17 19:32:19,870 INFO MT4 clients: 500 saved...
2026-06-17 19:32:20,537 INFO MT4 clients: 1000 saved...
2026-06-17 19:32:20,998 INFO MT4 clients: 1500 saved...
2026-06-17 19:32:21,424 INFO MT4 clients: 2000 saved...
2026-06-17 19:32:21,843 INFO MT4 clients: 2500 saved...
2026-06-17 19:32:22,266 INFO MT4 clients: 3000 saved...
2026-06-17 19:32:22,687 INFO MT4 clients: 3500 saved...
2026-06-17 19:32:23,086 INFO MT4 clients: 4000 saved...
2026-06-17 19:32:23,505 INFO MT4 clients: 4500 saved...
2026-06-17 19:32:23,899 INFO MT4 clients: 5000 saved...
2026-06-17 19:32:24,119 INFO MT4: 5301 clients saved
2026-06-17 19:32:24,119 INFO save_mt4_clients done
2026-06-17 19:32:24,120 INFO Fetching closed trade history (last 2 days)...
2026-06-17 19:32:25,779 INFO sync_trade_journal: 92815 records, 8428 closed trades in last 2d
2026-06-17 19:32:25,780 INFO Got 8428 closed trades, saving to deals...
2026-06-17 19:32:36,435 INFO MT4 journal deals saved: 8428
2026-06-17 19:32:36,435 INFO save_journal_deals done
2026-06-17 19:32:36,436 INFO === ONE-SHOT FETCH COMPLETE ===
2026-06-17 19:33:37,698 INFO Connecting to MT4...
2026-06-17 19:33:37,847 INFO mtmanapi64.dll loaded
2026-06-17 19:33:37,848 INFO MT4 manager instance created (ver=26215873)
2026-06-17 19:33:38,110 INFO MT4 connected and logged in. IsConnected=1
2026-06-17 19:33:38,111 INFO Fetching all users...
2026-06-17 19:33:38,334 INFO AdmUsersRequest: 5301 users
2026-06-17 19:33:38,335 INFO Got 5301 users, saving to clients/trading_accounts...
2026-06-17 19:33:39,770 INFO MT4 clients: 500 saved...
2026-06-17 19:33:40,208 INFO MT4 clients: 1000 saved...
2026-06-17 19:33:40,668 INFO MT4 clients: 1500 saved...
2026-06-17 19:33:41,122 INFO MT4 clients: 2000 saved...
2026-06-17 19:33:41,584 INFO MT4 clients: 2500 saved...
2026-06-17 19:33:42,050 INFO MT4 clients: 3000 saved...
2026-06-17 19:33:42,549 INFO MT4 clients: 3500 saved...
2026-06-17 19:33:43,015 INFO MT4 clients: 4000 saved...
2026-06-17 19:33:43,478 INFO MT4 clients: 4500 saved...
2026-06-17 19:33:43,976 INFO MT4 clients: 5000 saved...
2026-06-17 19:33:44,257 INFO MT4: 5301 clients saved
2026-06-17 19:33:44,258 INFO save_mt4_clients done
2026-06-17 19:33:44,258 INFO Fetching closed trade history (last 2 days)...
2026-06-17 19:33:46,041 INFO sync_trade_journal: 92851 records, 8438 closed trades in last 2d
2026-06-17 19:33:46,042 INFO Got 8438 closed trades, saving to deals...
2026-06-17 19:35:13,884 INFO MT4 journal deals saved: 8438
2026-06-17 19:35:13,884 INFO save_journal_deals done
2026-06-17 19:35:13,885 INFO === ONE-SHOT FETCH COMPLETE ===
2026-06-17 19:36:14,988 INFO Connecting to MT4...
2026-06-17 19:36:15,132 INFO mtmanapi64.dll loaded
2026-06-17 19:36:15,133 INFO MT4 manager instance created (ver=26215873)
2026-06-17 19:36:15,386 INFO MT4 connected and logged in. IsConnected=1
2026-06-17 19:36:15,387 INFO Fetching all users...
2026-06-17 19:36:15,590 INFO AdmUsersRequest: 5301 users
2026-06-17 19:36:15,591 INFO Got 5301 users, saving to clients/trading_accounts...
2026-06-17 19:36:16,901 INFO MT4 clients: 500 saved...
2026-06-17 19:36:17,320 INFO MT4 clients: 1000 saved...
2026-06-17 19:36:17,728 INFO MT4 clients: 1500 saved...
2026-06-17 19:36:18,124 INFO MT4 clients: 2000 saved...
2026-06-17 19:36:18,519 INFO MT4 clients: 2500 saved...
2026-06-17 19:36:18,916 INFO MT4 clients: 3000 saved...
2026-06-17 19:36:19,311 INFO MT4 clients: 3500 saved...
2026-06-17 19:36:19,737 INFO MT4 clients: 4000 saved...
2026-06-17 19:36:20,140 INFO MT4 clients: 4500 saved...
2026-06-17 19:36:20,523 INFO MT4 clients: 5000 saved...
2026-06-17 19:36:20,753 INFO MT4: 5301 clients saved
2026-06-17 19:36:20,754 INFO save_mt4_clients done
2026-06-17 19:36:20,755 INFO Fetching closed trade history (last 2 days)...
2026-06-17 19:36:22,438 INFO sync_trade_journal: 92924 records, 8448 closed trades in last 2d
2026-06-17 19:36:22,439 INFO Got 8448 closed trades, saving to deals...
2026-06-17 19:36:31,854 INFO MT4 journal deals saved: 8448
2026-06-17 19:36:31,855 INFO save_journal_deals done
2026-06-17 19:36:31,855 INFO === ONE-SHOT FETCH COMPLETE ===
2026-06-17 19:37:32,810 INFO Connecting to MT4...
2026-06-17 19:37:32,946 INFO mtmanapi64.dll loaded
2026-06-17 19:37:32,946 INFO MT4 manager instance created (ver=26215873)
2026-06-17 19:37:33,207 INFO MT4 connected and logged in. IsConnected=1
2026-06-17 19:37:33,208 INFO Fetching all users...
2026-06-17 19:37:33,418 INFO AdmUsersRequest: 5301 users
2026-06-17 19:37:33,419 INFO Got 5301 users, saving to clients/trading_accounts...
2026-06-17 19:37:34,597 INFO MT4 clients: 500 saved...
2026-06-17 19:37:34,976 INFO MT4 clients: 1000 saved...
2026-06-17 19:37:35,399 INFO MT4 clients: 1500 saved...
2026-06-17 19:37:35,816 INFO MT4 clients: 2000 saved...
2026-06-17 19:37:36,214 INFO MT4 clients: 2500 saved...
2026-06-17 19:37:36,598 INFO MT4 clients: 3000 saved...
2026-06-17 19:37:36,958 INFO MT4 clients: 3500 saved...
2026-06-17 19:37:37,329 INFO MT4 clients: 4000 saved...
2026-06-17 19:37:37,716 INFO MT4 clients: 4500 saved...
2026-06-17 19:37:38,105 INFO MT4 clients: 5000 saved...
2026-06-17 19:37:38,334 INFO MT4: 5301 clients saved
2026-06-17 19:37:38,334 INFO save_mt4_clients done
2026-06-17 19:37:38,335 INFO Fetching closed trade history (last 2 days)...
2026-06-17 19:37:39,980 INFO sync_trade_journal: 92942 records, 8452 closed trades in last 2d
2026-06-17 19:37:39,981 INFO Got 8452 closed trades, saving to deals...
2026-06-17 19:37:48,896 INFO MT4 journal deals saved: 8452
2026-06-17 19:37:48,897 INFO save_journal_deals done
2026-06-17 19:37:48,898 INFO === ONE-SHOT FETCH COMPLETE ===
2026-06-17 19:38:49,785 INFO Connecting to MT4...
2026-06-17 19:38:49,918 INFO mtmanapi64.dll loaded
2026-06-17 19:38:49,919 INFO MT4 manager instance created (ver=26215873)
2026-06-17 19:38:50,167 INFO MT4 connected and logged in. IsConnected=1
2026-06-17 19:38:50,168 INFO Fetching all users...
2026-06-17 19:38:50,376 INFO AdmUsersRequest: 5301 users
2026-06-17 19:38:50,377 INFO Got 5301 users, saving to clients/trading_accounts...
2026-06-17 19:38:51,477 INFO MT4 clients: 500 saved...
2026-06-17 19:38:51,818 INFO MT4 clients: 1000 saved...
2026-06-17 19:38:52,158 INFO MT4 clients: 1500 saved...
2026-06-17 19:38:52,511 INFO MT4 clients: 2000 saved...
2026-06-17 19:38:52,866 INFO MT4 clients: 2500 saved...
2026-06-17 19:38:53,211 INFO MT4 clients: 3000 saved...
2026-06-17 19:38:53,563 INFO MT4 clients: 3500 saved...
2026-06-17 19:38:53,916 INFO MT4 clients: 4000 saved...
2026-06-17 19:38:54,248 INFO MT4 clients: 4500 saved...
2026-06-17 19:38:54,566 INFO MT4 clients: 5000 saved...
2026-06-17 19:38:54,775 INFO MT4: 5301 clients saved
2026-06-17 19:38:54,776 INFO save_mt4_clients done
2026-06-17 19:38:54,777 INFO Fetching closed trade history (last 2 days)...
2026-06-17 19:38:56,407 INFO sync_trade_journal: 93007 records, 8461 closed trades in last 2d
2026-06-17 19:38:56,408 INFO Got 8461 closed trades, saving to deals...
2026-06-17 19:39:04,313 INFO MT4 journal deals saved: 8461
2026-06-17 19:39:04,314 INFO save_journal_deals done
2026-06-17 19:39:04,315 INFO === ONE-SHOT FETCH COMPLETE ===
2026-06-17 19:40:05,139 INFO Connecting to MT4...
2026-06-17 19:40:05,274 INFO mtmanapi64.dll loaded
2026-06-17 19:40:05,275 INFO MT4 manager instance created (ver=26215873)
2026-06-17 19:40:05,532 INFO MT4 connected and logged in. IsConnected=1
2026-06-17 19:40:05,533 INFO Fetching all users...
2026-06-17 19:40:05,735 INFO AdmUsersRequest: 5301 users
2026-06-17 19:40:05,736 INFO Got 5301 users, saving to clients/trading_accounts...
2026-06-17 19:40:06,783 INFO MT4 clients: 500 saved...
2026-06-17 19:40:07,143 INFO MT4 clients: 1000 saved...
2026-06-17 19:40:07,515 INFO MT4 clients: 1500 saved...
2026-06-17 19:40:07,922 INFO MT4 clients: 2000 saved...
2026-06-17 19:40:08,323 INFO MT4 clients: 2500 saved...
2026-06-17 19:40:08,724 INFO MT4 clients: 3000 saved...
2026-06-17 19:40:09,129 INFO MT4 clients: 3500 saved...
2026-06-17 19:40:09,530 INFO MT4 clients: 4000 saved...
2026-06-17 19:40:09,925 INFO MT4 clients: 4500 saved...
2026-06-17 19:40:10,312 INFO MT4 clients: 5000 saved...
2026-06-17 19:40:10,535 INFO MT4: 5301 clients saved
2026-06-17 19:40:10,536 INFO save_mt4_clients done
2026-06-17 19:40:10,537 INFO Fetching closed trade history (last 2 days)...
2026-06-17 19:40:12,194 INFO sync_trade_journal: 93103 records, 8473 closed trades in last 2d
2026-06-17 19:40:12,195 INFO Got 8473 closed trades, saving to deals...
2026-06-17 19:40:20,852 INFO MT4 journal deals saved: 8473
2026-06-17 19:40:20,853 INFO save_journal_deals done
2026-06-17 19:40:20,854 INFO === ONE-SHOT FETCH COMPLETE ===
2026-06-17 19:41:21,783 INFO Connecting to MT4...
2026-06-17 19:41:21,922 INFO mtmanapi64.dll loaded
2026-06-17 19:41:21,923 INFO MT4 manager instance created (ver=26215873)
2026-06-17 19:41:22,176 INFO MT4 connected and logged in. IsConnected=1
2026-06-17 19:41:22,176 INFO Fetching all users...
2026-06-17 19:41:22,416 INFO AdmUsersRequest: 5301 users
2026-06-17 19:41:22,417 INFO Got 5301 users, saving to clients/trading_accounts...
2026-06-17 19:41:23,498 INFO MT4 clients: 500 saved...
2026-06-17 19:41:23,855 INFO MT4 clients: 1000 saved...
2026-06-17 19:41:24,201 INFO MT4 clients: 1500 saved...
2026-06-17 19:41:24,508 INFO MT4 clients: 2000 saved...
2026-06-17 19:41:24,852 INFO MT4 clients: 2500 saved...
2026-06-17 19:41:25,221 INFO MT4 clients: 3000 saved...
2026-06-17 19:41:25,587 INFO MT4 clients: 3500 saved...
2026-06-17 19:41:25,949 INFO MT4 clients: 4000 saved...
2026-06-17 19:41:26,316 INFO MT4 clients: 4500 saved...
2026-06-17 19:41:26,685 INFO MT4 clients: 5000 saved...
2026-06-17 19:41:26,916 INFO MT4: 5301 clients saved
2026-06-17 19:41:26,916 INFO save_mt4_clients done
2026-06-17 19:41:26,917 INFO Fetching closed trade history (last 2 days)...
2026-06-17 19:41:28,571 INFO sync_trade_journal: 93141 records, 8480 closed trades in last 2d
2026-06-17 19:41:28,572 INFO Got 8480 closed trades, saving to deals...
2026-06-17 19:41:36,934 INFO MT4 journal deals saved: 8480
2026-06-17 19:41:36,934 INFO save_journal_deals done
2026-06-17 19:41:36,935 INFO === ONE-SHOT FETCH COMPLETE ===
2026-06-17 19:42:37,907 INFO Connecting to MT4...
2026-06-17 19:42:38,046 INFO mtmanapi64.dll loaded
2026-06-17 19:42:38,047 INFO MT4 manager instance created (ver=26215873)
2026-06-17 19:42:38,300 INFO MT4 connected and logged in. IsConnected=1
2026-06-17 19:42:38,301 INFO Fetching all users...
2026-06-17 19:42:38,501 INFO AdmUsersRequest: 5301 users
2026-06-17 19:42:38,502 INFO Got 5301 users, saving to clients/trading_accounts...
2026-06-17 19:42:39,672 INFO MT4 clients: 500 saved...
2026-06-17 19:42:40,076 INFO MT4 clients: 1000 saved...
2026-06-17 19:42:40,468 INFO MT4 clients: 1500 saved...
2026-06-17 19:42:40,860 INFO MT4 clients: 2000 saved...
2026-06-17 19:42:41,231 INFO MT4 clients: 2500 saved...
2026-06-17 19:42:41,594 INFO MT4 clients: 3000 saved...
2026-06-17 19:42:41,982 INFO MT4 clients: 3500 saved...
2026-06-17 19:42:42,375 INFO MT4 clients: 4000 saved...
2026-06-17 19:42:42,788 INFO MT4 clients: 4500 saved...
2026-06-17 19:42:43,176 INFO MT4 clients: 5000 saved...
2026-06-17 19:42:43,411 INFO MT4: 5301 clients saved
2026-06-17 19:42:43,412 INFO save_mt4_clients done
2026-06-17 19:42:43,413 INFO Fetching closed trade history (last 2 days)...
2026-06-17 19:42:45,108 INFO sync_trade_journal: 93209 records, 8486 closed trades in last 2d
2026-06-17 19:42:45,109 INFO Got 8486 closed trades, saving to deals...
2026-06-17 19:42:53,891 INFO MT4 journal deals saved: 8486
2026-06-17 19:42:53,891 INFO save_journal_deals done
2026-06-17 19:42:53,892 INFO === ONE-SHOT FETCH COMPLETE ===
2026-06-17 19:42:54,899 INFO mtmanapi64.dll loaded
2026-06-17 19:42:54,902 INFO MT4 manager instance created (ver=26215873)
2026-06-17 19:42:55,161 INFO MT4 connected and logged in. IsConnected=1
2026-06-17 19:43:57,496 INFO Connecting to MT4...
2026-06-17 19:43:57,634 INFO mtmanapi64.dll loaded
2026-06-17 19:43:57,635 INFO MT4 manager instance created (ver=26215873)
2026-06-17 19:43:57,883 INFO MT4 connected and logged in. IsConnected=1
2026-06-17 19:43:57,884 INFO Fetching all users...
2026-06-17 19:43:58,105 INFO AdmUsersRequest: 5301 users
2026-06-17 19:43:58,106 INFO Got 5301 users, saving to clients/trading_accounts...
2026-06-17 19:43:59,305 INFO MT4 clients: 500 saved...
2026-06-17 19:43:59,678 INFO MT4 clients: 1000 saved...
2026-06-17 19:44:00,053 INFO MT4 clients: 1500 saved...
2026-06-17 19:44:00,370 INFO MT4 clients: 2000 saved...
2026-06-17 19:44:00,713 INFO MT4 clients: 2500 saved...
2026-06-17 19:44:01,072 INFO MT4 clients: 3000 saved...
2026-06-17 19:44:01,414 INFO MT4 clients: 3500 saved...
2026-06-17 19:44:01,747 INFO MT4 clients: 4000 saved...
2026-06-17 19:44:02,119 INFO MT4 clients: 4500 saved...
2026-06-17 19:44:02,475 INFO MT4 clients: 5000 saved...
2026-06-17 19:44:02,678 INFO MT4: 5301 clients saved
2026-06-17 19:44:02,679 INFO save_mt4_clients done
2026-06-17 19:44:02,679 INFO Fetching closed trade history (last 2 days)...
2026-06-17 19:44:04,371 INFO sync_trade_journal: 93225 records, 8488 closed trades in last 2d
2026-06-17 19:44:04,371 INFO Got 8488 closed trades, saving to deals...
2026-06-17 19:44:51,432 INFO MT4 journal deals saved: 8488
2026-06-17 19:44:51,433 INFO save_journal_deals done
2026-06-17 19:44:51,434 INFO === ONE-SHOT FETCH COMPLETE ===
2026-06-17 19:45:52,307 INFO Connecting to MT4...
2026-06-17 19:45:52,465 INFO mtmanapi64.dll loaded
2026-06-17 19:45:52,466 INFO MT4 manager instance created (ver=26215873)
2026-06-17 19:45:52,728 INFO MT4 connected and logged in. IsConnected=1
2026-06-17 19:45:52,730 INFO Fetching all users...
2026-06-17 19:45:52,936 INFO AdmUsersRequest: 5301 users
2026-06-17 19:45:52,937 INFO Got 5301 users, saving to clients/trading_accounts...
2026-06-17 19:45:54,081 INFO MT4 clients: 500 saved...
2026-06-17 19:45:54,452 INFO MT4 clients: 1000 saved...
2026-06-17 19:45:54,776 INFO MT4 clients: 1500 saved...
2026-06-17 19:45:55,098 INFO MT4 clients: 2000 saved...
2026-06-17 19:45:55,442 INFO MT4 clients: 2500 saved...
2026-06-17 19:45:55,751 INFO MT4 clients: 3000 saved...
2026-06-17 19:45:56,066 INFO MT4 clients: 3500 saved...
2026-06-17 19:45:56,373 INFO MT4 clients: 4000 saved...
2026-06-17 19:45:56,697 INFO MT4 clients: 4500 saved...
2026-06-17 19:45:57,028 INFO MT4 clients: 5000 saved...
2026-06-17 19:45:57,235 INFO MT4: 5301 clients saved
2026-06-17 19:45:57,236 INFO save_mt4_clients done
2026-06-17 19:45:57,236 INFO Fetching closed trade history (last 2 days)...
2026-06-17 19:45:58,940 INFO sync_trade_journal: 93272 records, 8493 closed trades in last 2d
2026-06-17 19:45:58,941 INFO Got 8493 closed trades, saving to deals...
2026-06-17 19:46:06,979 INFO MT4 journal deals saved: 8493
2026-06-17 19:46:06,980 INFO save_journal_deals done
2026-06-17 19:46:06,980 INFO === ONE-SHOT FETCH COMPLETE ===
2026-06-17 19:47:07,783 INFO Connecting to MT4...
2026-06-17 19:47:07,916 INFO mtmanapi64.dll loaded
2026-06-17 19:47:07,916 INFO MT4 manager instance created (ver=26215873)
2026-06-17 19:47:08,170 INFO MT4 connected and logged in. IsConnected=1
2026-06-17 19:47:08,171 INFO Fetching all users...
2026-06-17 19:47:08,378 INFO AdmUsersRequest: 5301 users
2026-06-17 19:47:08,379 INFO Got 5301 users, saving to clients/trading_accounts...
2026-06-17 19:47:09,302 INFO MT4 clients: 500 saved...
2026-06-17 19:47:09,614 INFO MT4 clients: 1000 saved...
2026-06-17 19:47:09,913 INFO MT4 clients: 1500 saved...
2026-06-17 19:47:10,182 INFO MT4 clients: 2000 saved...
2026-06-17 19:47:10,475 INFO MT4 clients: 2500 saved...
2026-06-17 19:47:10,758 INFO MT4 clients: 3000 saved...
2026-06-17 19:47:11,055 INFO MT4 clients: 3500 saved...
2026-06-17 19:47:11,332 INFO MT4 clients: 4000 saved...
2026-06-17 19:47:11,624 INFO MT4 clients: 4500 saved...
2026-06-17 19:47:11,934 INFO MT4 clients: 5000 saved...
2026-06-17 19:47:12,175 INFO MT4: 5301 clients saved
2026-06-17 19:47:12,176 INFO save_mt4_clients done
2026-06-17 19:47:12,177 INFO Fetching closed trade history (last 2 days)...
2026-06-17 19:47:13,825 INFO sync_trade_journal: 93337 records, 8502 closed trades in last 2d
2026-06-17 19:47:13,826 INFO Got 8502 closed trades, saving to deals...
2026-06-17 19:47:21,274 INFO MT4 journal deals saved: 8502
2026-06-17 19:47:21,274 INFO save_journal_deals done
2026-06-17 19:47:21,275 INFO === ONE-SHOT FETCH COMPLETE ===
2026-06-17 19:48:22,020 INFO Connecting to MT4...
2026-06-17 19:48:22,156 INFO mtmanapi64.dll loaded
2026-06-17 19:48:22,157 INFO MT4 manager instance created (ver=26215873)
2026-06-17 19:48:22,414 INFO MT4 connected and logged in. IsConnected=1
2026-06-17 19:48:22,415 INFO Fetching all users...
2026-06-17 19:48:22,625 INFO AdmUsersRequest: 5301 users
2026-06-17 19:48:22,626 INFO Got 5301 users, saving to clients/trading_accounts...
2026-06-17 19:48:23,601 INFO MT4 clients: 500 saved...
2026-06-17 19:48:23,962 INFO MT4 clients: 1000 saved...
2026-06-17 19:48:24,275 INFO MT4 clients: 1500 saved...
2026-06-17 19:48:24,593 INFO MT4 clients: 2000 saved...
2026-06-17 19:48:24,931 INFO MT4 clients: 2500 saved...
2026-06-17 19:48:25,272 INFO MT4 clients: 3000 saved...
2026-06-17 19:48:25,598 INFO MT4 clients: 3500 saved...
2026-06-17 19:48:25,933 INFO MT4 clients: 4000 saved...
2026-06-17 19:48:26,307 INFO MT4 clients: 4500 saved...
2026-06-17 19:48:26,671 INFO MT4 clients: 5000 saved...
2026-06-17 19:48:26,896 INFO MT4: 5301 clients saved
2026-06-17 19:48:26,897 INFO save_mt4_clients done
2026-06-17 19:48:26,897 INFO Fetching closed trade history (last 2 days)...
2026-06-17 19:48:28,537 INFO sync_trade_journal: 93411 records, 8511 closed trades in last 2d
2026-06-17 19:48:28,538 INFO Got 8511 closed trades, saving to deals...
2026-06-17 19:48:36,312 INFO MT4 journal deals saved: 8511
2026-06-17 19:48:36,313 INFO save_journal_deals done
2026-06-17 19:48:36,313 INFO === ONE-SHOT FETCH COMPLETE ===
2026-06-17 19:49:37,406 INFO Connecting to MT4...
2026-06-17 19:49:37,586 INFO mtmanapi64.dll loaded
2026-06-17 19:49:37,588 INFO MT4 manager instance created (ver=26215873)
2026-06-17 19:49:37,851 INFO MT4 connected and logged in. IsConnected=1
2026-06-17 19:49:37,851 INFO Fetching all users...
2026-06-17 19:49:38,069 INFO AdmUsersRequest: 5301 users
2026-06-17 19:49:38,070 INFO Got 5301 users, saving to clients/trading_accounts...
2026-06-17 19:49:39,471 INFO MT4 clients: 500 saved...
2026-06-17 19:49:39,865 INFO MT4 clients: 1000 saved...
2026-06-17 19:49:40,268 INFO MT4 clients: 1500 saved...
2026-06-17 19:49:40,660 INFO MT4 clients: 2000 saved...
2026-06-17 19:49:41,055 INFO MT4 clients: 2500 saved...
2026-06-17 19:49:41,381 INFO MT4 clients: 3000 saved...
2026-06-17 19:49:41,713 INFO MT4 clients: 3500 saved...
2026-06-17 19:49:42,143 INFO MT4 clients: 4000 saved...
2026-06-17 19:49:42,527 INFO MT4 clients: 4500 saved...
2026-06-17 19:49:42,885 INFO MT4 clients: 5000 saved...
2026-06-17 19:49:43,104 INFO MT4: 5301 clients saved
2026-06-17 19:49:43,105 INFO save_mt4_clients done
2026-06-17 19:49:43,106 INFO Fetching closed trade history (last 2 days)...
2026-06-17 19:49:44,835 INFO sync_trade_journal: 93453 records, 8519 closed trades in last 2d
2026-06-17 19:49:44,837 INFO Got 8519 closed trades, saving to deals...
2026-06-17 19:49:56,008 INFO MT4 journal deals saved: 8519
2026-06-17 19:49:56,010 INFO save_journal_deals done
2026-06-17 19:49:56,011 INFO === ONE-SHOT FETCH COMPLETE ===
2026-06-17 19:50:57,444 INFO Connecting to MT4...
2026-06-17 19:50:57,592 INFO mtmanapi64.dll loaded
2026-06-17 19:50:57,593 INFO MT4 manager instance created (ver=26215873)
2026-06-17 19:50:57,852 INFO MT4 connected and logged in. IsConnected=1
2026-06-17 19:50:57,853 INFO Fetching all users...
2026-06-17 19:50:58,066 INFO AdmUsersRequest: 5301 users
2026-06-17 19:50:58,067 INFO Got 5301 users, saving to clients/trading_accounts...
2026-06-17 19:50:59,395 INFO MT4 clients: 500 saved...
2026-06-17 19:50:59,760 INFO MT4 clients: 1000 saved...
2026-06-17 19:51:00,154 INFO MT4 clients: 1500 saved...
2026-06-17 19:51:00,531 INFO MT4 clients: 2000 saved...
2026-06-17 19:51:00,922 INFO MT4 clients: 2500 saved...
2026-06-17 19:51:01,296 INFO MT4 clients: 3000 saved...
2026-06-17 19:51:01,674 INFO MT4 clients: 3500 saved...
2026-06-17 19:51:02,026 INFO MT4 clients: 4000 saved...
2026-06-17 19:51:02,395 INFO MT4 clients: 4500 saved...
2026-06-17 19:51:02,753 INFO MT4 clients: 5000 saved...
2026-06-17 19:51:02,961 INFO MT4: 5301 clients saved
2026-06-17 19:51:02,962 INFO save_mt4_clients done
2026-06-17 19:51:02,962 INFO Fetching closed trade history (last 2 days)...
2026-06-17 19:51:04,646 INFO sync_trade_journal: 93509 records, 8530 closed trades in last 2d
2026-06-17 19:51:04,647 INFO Got 8530 closed trades, saving to deals...
2026-06-17 19:52:15,359 INFO MT4 journal deals saved: 8530
2026-06-17 19:52:15,360 INFO save_journal_deals done
2026-06-17 19:52:15,361 INFO === ONE-SHOT FETCH COMPLETE ===
2026-06-17 19:53:16,412 INFO Connecting to MT4...
2026-06-17 19:53:16,563 INFO mtmanapi64.dll loaded
2026-06-17 19:53:16,564 INFO MT4 manager instance created (ver=26215873)
2026-06-17 19:53:16,824 INFO MT4 connected and logged in. IsConnected=1
2026-06-17 19:53:16,825 INFO Fetching all users...
2026-06-17 19:53:17,038 INFO AdmUsersRequest: 5301 users
2026-06-17 19:53:17,039 INFO Got 5301 users, saving to clients/trading_accounts...
2026-06-17 19:53:18,358 INFO MT4 clients: 500 saved...
2026-06-17 19:53:18,766 INFO MT4 clients: 1000 saved...
2026-06-17 19:53:19,169 INFO MT4 clients: 1500 saved...
2026-06-17 19:53:19,717 INFO MT4 clients: 2000 saved...
2026-06-17 19:53:20,118 INFO MT4 clients: 2500 saved...
2026-06-17 19:53:20,520 INFO MT4 clients: 3000 saved...
2026-06-17 19:53:20,918 INFO MT4 clients: 3500 saved...
2026-06-17 19:53:21,310 INFO MT4 clients: 4000 saved...
2026-06-17 19:53:21,708 INFO MT4 clients: 4500 saved...
2026-06-17 19:53:22,133 INFO MT4 clients: 5000 saved...
2026-06-17 19:53:22,385 INFO MT4: 5301 clients saved
2026-06-17 19:53:22,386 INFO save_mt4_clients done
2026-06-17 19:53:22,386 INFO Fetching closed trade history (last 2 days)...
2026-06-17 19:53:24,255 INFO sync_trade_journal: 93629 records, 8544 closed trades in last 2d
2026-06-17 19:53:24,256 INFO Got 8544 closed trades, saving to deals...
2026-06-17 19:55:11,337 INFO MT4 journal deals saved: 8544
2026-06-17 19:55:11,338 INFO save_journal_deals done
2026-06-17 19:55:11,339 INFO === ONE-SHOT FETCH COMPLETE ===
2026-06-17 19:56:12,445 INFO Connecting to MT4...
2026-06-17 19:56:12,581 INFO mtmanapi64.dll loaded
2026-06-17 19:56:12,582 INFO MT4 manager instance created (ver=26215873)
2026-06-17 19:56:12,840 INFO MT4 connected and logged in. IsConnected=1
2026-06-17 19:56:12,841 INFO Fetching all users...
2026-06-17 19:56:13,039 INFO AdmUsersRequest: 5301 users
2026-06-17 19:56:13,040 INFO Got 5301 users, saving to clients/trading_accounts...
2026-06-17 19:56:14,130 INFO MT4 clients: 500 saved...
2026-06-17 19:56:14,515 INFO MT4 clients: 1000 saved...
2026-06-17 19:56:14,886 INFO MT4 clients: 1500 saved...
2026-06-17 19:56:15,288 INFO MT4 clients: 2000 saved...
2026-06-17 19:56:15,667 INFO MT4 clients: 2500 saved...
2026-06-17 19:56:16,050 INFO MT4 clients: 3000 saved...
2026-06-17 19:56:16,437 INFO MT4 clients: 3500 saved...
2026-06-17 19:56:16,807 INFO MT4 clients: 4000 saved...
2026-06-17 19:56:17,217 INFO MT4 clients: 4500 saved...
2026-06-17 19:56:17,618 INFO MT4 clients: 5000 saved...
2026-06-17 19:56:17,862 INFO MT4: 5301 clients saved
2026-06-17 19:56:17,863 INFO save_mt4_clients done
2026-06-17 19:56:17,864 INFO Fetching closed trade history (last 2 days)...
2026-06-17 19:56:19,609 INFO sync_trade_journal: 93686 records, 8555 closed trades in last 2d
2026-06-17 19:56:19,609 INFO Got 8555 closed trades, saving to deals...
2026-06-17 19:56:27,758 INFO MT4 journal deals saved: 8555
2026-06-17 19:56:27,758 INFO save_journal_deals done
2026-06-17 19:56:27,759 INFO === ONE-SHOT FETCH COMPLETE ===
2026-06-17 19:57:28,659 INFO Connecting to MT4...
2026-06-17 19:57:28,795 INFO mtmanapi64.dll loaded
2026-06-17 19:57:28,796 INFO MT4 manager instance created (ver=26215873)
2026-06-17 19:57:29,046 INFO MT4 connected and logged in. IsConnected=1
2026-06-17 19:57:29,047 INFO Fetching all users...
2026-06-17 19:57:29,255 INFO AdmUsersRequest: 5301 users
2026-06-17 19:57:29,256 INFO Got 5301 users, saving to clients/trading_accounts...
2026-06-17 19:57:30,393 INFO MT4 clients: 500 saved...
2026-06-17 19:57:30,812 INFO MT4 clients: 1000 saved...
2026-06-17 19:57:31,233 INFO MT4 clients: 1500 saved...
2026-06-17 19:57:31,655 INFO MT4 clients: 2000 saved...
2026-06-17 19:57:32,076 INFO MT4 clients: 2500 saved...
2026-06-17 19:57:32,474 INFO MT4 clients: 3000 saved...
2026-06-17 19:57:32,863 INFO MT4 clients: 3500 saved...
2026-06-17 19:57:33,281 INFO MT4 clients: 4000 saved...
2026-06-17 19:57:33,663 INFO MT4 clients: 4500 saved...
2026-06-17 19:57:34,048 INFO MT4 clients: 5000 saved...
2026-06-17 19:57:34,306 INFO MT4: 5301 clients saved
2026-06-17 19:57:34,307 INFO save_mt4_clients done
2026-06-17 19:57:34,308 INFO Fetching closed trade history (last 2 days)...
2026-06-17 19:57:35,972 INFO sync_trade_journal: 93693 records, 8557 closed trades in last 2d
2026-06-17 19:57:35,973 INFO Got 8557 closed trades, saving to deals...
2026-06-17 19:57:45,124 INFO MT4 journal deals saved: 8557
2026-06-17 19:57:45,125 INFO save_journal_deals done
2026-06-17 19:57:45,126 INFO === ONE-SHOT FETCH COMPLETE ===
2026-06-17 19:58:46,140 INFO Connecting to MT4...
2026-06-17 19:58:46,305 INFO mtmanapi64.dll loaded
2026-06-17 19:58:46,306 INFO MT4 manager instance created (ver=26215873)
2026-06-17 19:58:46,512 INFO MT4 connected and logged in. IsConnected=1
2026-06-17 19:58:46,513 INFO Fetching all users...
2026-06-17 19:58:46,715 INFO AdmUsersRequest: 5301 users
2026-06-17 19:58:46,716 INFO Got 5301 users, saving to clients/trading_accounts...
2026-06-17 19:58:47,877 INFO MT4 clients: 500 saved...
2026-06-17 19:58:48,255 INFO MT4 clients: 1000 saved...
2026-06-17 19:58:48,614 INFO MT4 clients: 1500 saved...
2026-06-17 19:58:48,963 INFO MT4 clients: 2000 saved...
2026-06-17 19:58:49,301 INFO MT4 clients: 2500 saved...
2026-06-17 19:58:49,653 INFO MT4 clients: 3000 saved...
2026-06-17 19:58:49,995 INFO MT4 clients: 3500 saved...
2026-06-17 19:58:50,359 INFO MT4 clients: 4000 saved...
2026-06-17 19:58:50,722 INFO MT4 clients: 4500 saved...
2026-06-17 19:58:51,081 INFO MT4 clients: 5000 saved...
2026-06-17 19:58:51,306 INFO MT4: 5301 clients saved
2026-06-17 19:58:51,307 INFO save_mt4_clients done
2026-06-17 19:58:51,308 INFO Fetching closed trade history (last 2 days)...
2026-06-17 19:58:52,981 INFO sync_trade_journal: 93711 records, 8558 closed trades in last 2d
2026-06-17 19:58:52,982 INFO Got 8558 closed trades, saving to deals...
2026-06-17 19:59:02,037 INFO MT4 journal deals saved: 8558
2026-06-17 19:59:02,037 INFO save_journal_deals done
2026-06-17 19:59:02,038 INFO === ONE-SHOT FETCH COMPLETE ===
2026-06-17 19:59:03,203 INFO mtmanapi64.dll loaded
2026-06-17 19:59:03,205 INFO MT4 manager instance created (ver=26215873)
2026-06-17 19:59:03,460 INFO MT4 connected and logged in. IsConnected=1
2026-06-17 20:00:05,913 INFO Connecting to MT4...
2026-06-17 20:00:06,048 INFO mtmanapi64.dll loaded
2026-06-17 20:00:06,049 INFO MT4 manager instance created (ver=26215873)
2026-06-17 20:00:06,298 INFO MT4 connected and logged in. IsConnected=1
2026-06-17 20:00:06,299 INFO Fetching all users...
2026-06-17 20:00:06,501 INFO AdmUsersRequest: 5301 users
2026-06-17 20:00:06,502 INFO Got 5301 users, saving to clients/trading_accounts...
2026-06-17 20:00:07,621 INFO MT4 clients: 500 saved...
2026-06-17 20:00:07,988 INFO MT4 clients: 1000 saved...
2026-06-17 20:00:08,358 INFO MT4 clients: 1500 saved...
2026-06-17 20:00:08,793 INFO MT4 clients: 2000 saved...
2026-06-17 20:00:09,145 INFO MT4 clients: 2500 saved...
2026-06-17 20:00:09,505 INFO MT4 clients: 3000 saved...
2026-06-17 20:00:09,841 INFO MT4 clients: 3500 saved...
2026-06-17 20:00:10,152 INFO MT4 clients: 4000 saved...
2026-06-17 20:00:10,470 INFO MT4 clients: 4500 saved...
2026-06-17 20:00:10,784 INFO MT4 clients: 5000 saved...
2026-06-17 20:00:10,985 INFO MT4: 5301 clients saved
2026-06-17 20:00:10,986 INFO save_mt4_clients done
2026-06-17 20:00:10,987 INFO Fetching closed trade history (last 2 days)...
2026-06-17 20:00:12,682 INFO sync_trade_journal: 93729 records, 8559 closed trades in last 2d
2026-06-17 20:00:12,682 INFO Got 8559 closed trades, saving to deals...
2026-06-17 20:00:21,036 INFO MT4 journal deals saved: 8559
2026-06-17 20:00:21,036 INFO save_journal_deals done
2026-06-17 20:00:21,037 INFO === ONE-SHOT FETCH COMPLETE ===
2026-06-17 20:01:21,906 INFO Connecting to MT4...
2026-06-17 20:01:22,037 INFO mtmanapi64.dll loaded
2026-06-17 20:01:22,038 INFO MT4 manager instance created (ver=26215873)
2026-06-17 20:01:22,295 INFO MT4 connected and logged in. IsConnected=1
2026-06-17 20:01:22,296 INFO Fetching all users...
2026-06-17 20:01:22,492 INFO AdmUsersRequest: 5301 users
2026-06-17 20:01:22,493 INFO Got 5301 users, saving to clients/trading_accounts...
2026-06-17 20:01:23,533 INFO MT4 clients: 500 saved...
2026-06-17 20:01:23,877 INFO MT4 clients: 1000 saved...
2026-06-17 20:01:24,244 INFO MT4 clients: 1500 saved...
2026-06-17 20:01:24,613 INFO MT4 clients: 2000 saved...
2026-06-17 20:01:24,972 INFO MT4 clients: 2500 saved...
2026-06-17 20:01:25,309 INFO MT4 clients: 3000 saved...
2026-06-17 20:01:25,649 INFO MT4 clients: 3500 saved...
2026-06-17 20:01:25,979 INFO MT4 clients: 4000 saved...
2026-06-17 20:01:26,300 INFO MT4 clients: 4500 saved...
2026-06-17 20:01:26,640 INFO MT4 clients: 5000 saved...
2026-06-17 20:01:26,851 INFO MT4: 5301 clients saved
2026-06-17 20:01:26,852 INFO save_mt4_clients done
2026-06-17 20:01:26,853 INFO Fetching closed trade history (last 2 days)...
2026-06-17 20:01:28,504 INFO sync_trade_journal: 93748 records, 8566 closed trades in last 2d
2026-06-17 20:01:28,504 INFO Got 8566 closed trades, saving to deals...
2026-06-17 20:01:36,809 INFO MT4 journal deals saved: 8566
2026-06-17 20:01:36,810 INFO save_journal_deals done
2026-06-17 20:01:36,810 INFO === ONE-SHOT FETCH COMPLETE ===
2026-06-17 20:02:37,616 INFO Connecting to MT4...
2026-06-17 20:02:37,746 INFO mtmanapi64.dll loaded
2026-06-17 20:02:37,746 INFO MT4 manager instance created (ver=26215873)
2026-06-17 20:02:38,005 INFO MT4 connected and logged in. IsConnected=1
2026-06-17 20:02:38,007 INFO Fetching all users...
2026-06-17 20:02:38,208 INFO AdmUsersRequest: 5301 users
2026-06-17 20:02:38,210 INFO Got 5301 users, saving to clients/trading_accounts...
2026-06-17 20:02:39,347 INFO MT4 clients: 500 saved...
2026-06-17 20:02:39,737 INFO MT4 clients: 1000 saved...
2026-06-17 20:02:40,082 INFO MT4 clients: 1500 saved...
2026-06-17 20:02:40,439 INFO MT4 clients: 2000 saved...
2026-06-17 20:02:40,797 INFO MT4 clients: 2500 saved...
2026-06-17 20:02:41,149 INFO MT4 clients: 3000 saved...
2026-06-17 20:02:41,534 INFO MT4 clients: 3500 saved...
2026-06-17 20:02:41,924 INFO MT4 clients: 4000 saved...
2026-06-17 20:02:42,315 INFO MT4 clients: 4500 saved...
2026-06-17 20:02:42,719 INFO MT4 clients: 5000 saved...
2026-06-17 20:02:42,937 INFO MT4: 5301 clients saved
2026-06-17 20:02:42,937 INFO save_mt4_clients done
2026-06-17 20:02:42,938 INFO Fetching closed trade history (last 2 days)...
2026-06-17 20:02:44,612 INFO sync_trade_journal: 93762 records, 8571 closed trades in last 2d
2026-06-17 20:02:44,613 INFO Got 8571 closed trades, saving to deals...
2026-06-17 20:02:53,054 INFO MT4 journal deals saved: 8571
2026-06-17 20:02:53,054 INFO save_journal_deals done
2026-06-17 20:02:53,055 INFO === ONE-SHOT FETCH COMPLETE ===
2026-06-17 20:03:53,912 INFO Connecting to MT4...
2026-06-17 20:03:54,047 INFO mtmanapi64.dll loaded
2026-06-17 20:03:54,048 INFO MT4 manager instance created (ver=26215873)
2026-06-17 20:03:54,253 INFO MT4 connected and logged in. IsConnected=1
2026-06-17 20:03:54,254 INFO Fetching all users...
2026-06-17 20:03:54,481 INFO AdmUsersRequest: 5301 users
2026-06-17 20:03:54,482 INFO Got 5301 users, saving to clients/trading_accounts...
2026-06-17 20:03:55,774 INFO MT4 clients: 500 saved...
2026-06-17 20:03:56,191 INFO MT4 clients: 1000 saved...
2026-06-17 20:03:56,593 INFO MT4 clients: 1500 saved...
2026-06-17 20:03:56,999 INFO MT4 clients: 2000 saved...
2026-06-17 20:03:57,382 INFO MT4 clients: 2500 saved...
2026-06-17 20:03:57,746 INFO MT4 clients: 3000 saved...
2026-06-17 20:03:58,104 INFO MT4 clients: 3500 saved...
2026-06-17 20:03:58,507 INFO MT4 clients: 4000 saved...
2026-06-17 20:03:59,038 INFO MT4 clients: 4500 saved...
2026-06-17 20:03:59,443 INFO MT4 clients: 5000 saved...
2026-06-17 20:03:59,683 INFO MT4: 5301 clients saved
2026-06-17 20:03:59,684 INFO save_mt4_clients done
2026-06-17 20:03:59,684 INFO Fetching closed trade history (last 2 days)...
2026-06-17 20:04:01,372 INFO sync_trade_journal: 93772 records, 8573 closed trades in last 2d
2026-06-17 20:04:01,373 INFO Got 8573 closed trades, saving to deals...
2026-06-17 20:05:04,569 INFO MT4 journal deals saved: 8573
2026-06-17 20:05:04,584 INFO save_journal_deals done
2026-06-17 20:05:04,584 INFO === ONE-SHOT FETCH COMPLETE ===
2026-06-17 20:06:07,230 INFO Connecting to MT4...
2026-06-17 20:06:07,407 INFO mtmanapi64.dll loaded
2026-06-17 20:06:07,408 INFO MT4 manager instance created (ver=26215873)
2026-06-17 20:06:07,612 INFO MT4 connected and logged in. IsConnected=1
2026-06-17 20:06:07,613 INFO Fetching all users...
2026-06-17 20:06:07,829 INFO AdmUsersRequest: 5301 users
2026-06-17 20:06:07,830 INFO Got 5301 users, saving to clients/trading_accounts...
2026-06-17 20:06:09,691 INFO MT4 clients: 500 saved...
2026-06-17 20:06:10,091 INFO MT4 clients: 1000 saved...
2026-06-17 20:06:10,470 INFO MT4 clients: 1500 saved...
2026-06-17 20:06:10,914 INFO MT4 clients: 2000 saved...
2026-06-17 20:06:11,440 INFO MT4 clients: 2500 saved...
2026-06-17 20:06:11,870 INFO MT4 clients: 3000 saved...
2026-06-17 20:06:12,285 INFO MT4 clients: 3500 saved...
2026-06-17 20:06:12,705 INFO MT4 clients: 4000 saved...
2026-06-17 20:06:13,093 INFO MT4 clients: 4500 saved...
2026-06-17 20:06:13,474 INFO MT4 clients: 5000 saved...
2026-06-17 20:06:13,685 INFO MT4: 5301 clients saved
2026-06-17 20:06:13,686 INFO save_mt4_clients done
2026-06-17 20:06:13,686 INFO Fetching closed trade history (last 2 days)...
2026-06-17 20:06:15,504 INFO sync_trade_journal: 93830 records, 8583 closed trades in last 2d
2026-06-17 20:06:15,505 INFO Got 8583 closed trades, saving to deals...
2026-06-17 20:07:32,588 INFO MT4 journal deals saved: 8583
2026-06-17 20:07:32,588 INFO save_journal_deals done
2026-06-17 20:07:32,589 INFO === ONE-SHOT FETCH COMPLETE ===
2026-06-17 20:08:33,618 INFO Connecting to MT4...
2026-06-17 20:08:33,762 INFO mtmanapi64.dll loaded
2026-06-17 20:08:33,763 INFO MT4 manager instance created (ver=26215873)
2026-06-17 20:08:33,978 INFO MT4 connected and logged in. IsConnected=1
2026-06-17 20:08:33,978 INFO Fetching all users...
2026-06-17 20:08:34,199 INFO AdmUsersRequest: 5301 users
2026-06-17 20:08:34,199 INFO Got 5301 users, saving to clients/trading_accounts...
2026-06-17 20:08:35,365 INFO MT4 clients: 500 saved...
2026-06-17 20:08:35,754 INFO MT4 clients: 1000 saved...
2026-06-17 20:08:36,109 INFO MT4 clients: 1500 saved...
2026-06-17 20:08:36,479 INFO MT4 clients: 2000 saved...
2026-06-17 20:08:36,863 INFO MT4 clients: 2500 saved...
2026-06-17 20:08:37,248 INFO MT4 clients: 3000 saved...
2026-06-17 20:08:37,587 INFO MT4 clients: 3500 saved...
2026-06-17 20:08:37,978 INFO MT4 clients: 4000 saved...
2026-06-17 20:08:38,366 INFO MT4 clients: 4500 saved...
2026-06-17 20:08:38,753 INFO MT4 clients: 5000 saved...
2026-06-17 20:08:38,966 INFO MT4: 5301 clients saved
2026-06-17 20:08:38,967 INFO save_mt4_clients done
2026-06-17 20:08:38,968 INFO Fetching closed trade history (last 2 days)...
2026-06-17 20:08:40,635 INFO sync_trade_journal: 93946 records, 8592 closed trades in last 2d
2026-06-17 20:08:40,636 INFO Got 8592 closed trades, saving to deals...
2026-06-17 20:08:49,472 INFO MT4 journal deals saved: 8592
2026-06-17 20:08:49,473 INFO save_journal_deals done
2026-06-17 20:08:49,474 INFO === ONE-SHOT FETCH COMPLETE ===
2026-06-17 20:09:50,434 INFO Connecting to MT4...
2026-06-17 20:09:50,566 INFO mtmanapi64.dll loaded
2026-06-17 20:09:50,567 INFO MT4 manager instance created (ver=26215873)
2026-06-17 20:09:50,828 INFO MT4 connected and logged in. IsConnected=1
2026-06-17 20:09:50,829 INFO Fetching all users...
2026-06-17 20:09:51,039 INFO AdmUsersRequest: 5301 users
2026-06-17 20:09:51,040 INFO Got 5301 users, saving to clients/trading_accounts...
2026-06-17 20:09:52,232 INFO MT4 clients: 500 saved...
2026-06-17 20:09:52,633 INFO MT4 clients: 1000 saved...
2026-06-17 20:09:53,046 INFO MT4 clients: 1500 saved...
2026-06-17 20:09:53,423 INFO MT4 clients: 2000 saved...
2026-06-17 20:09:53,809 INFO MT4 clients: 2500 saved...
2026-06-17 20:09:54,202 INFO MT4 clients: 3000 saved...
2026-06-17 20:09:54,597 INFO MT4 clients: 3500 saved...
2026-06-17 20:09:55,054 INFO MT4 clients: 4000 saved...
2026-06-17 20:09:55,496 INFO MT4 clients: 4500 saved...
2026-06-17 20:09:55,917 INFO MT4 clients: 5000 saved...
2026-06-17 20:09:56,161 INFO MT4: 5301 clients saved
2026-06-17 20:09:56,162 INFO save_mt4_clients done
2026-06-17 20:09:56,162 INFO Fetching closed trade history (last 2 days)...
2026-06-17 20:09:57,840 INFO sync_trade_journal: 93991 records, 8599 closed trades in last 2d
2026-06-17 20:09:57,841 INFO Got 8599 closed trades, saving to deals...
2026-06-17 20:10:05,662 INFO MT4 journal deals saved: 8599
2026-06-17 20:10:05,663 INFO save_journal_deals done
2026-06-17 20:10:05,663 INFO === ONE-SHOT FETCH COMPLETE ===
2026-06-17 20:11:06,623 INFO Connecting to MT4...
2026-06-17 20:11:06,772 INFO mtmanapi64.dll loaded
2026-06-17 20:11:06,773 INFO MT4 manager instance created (ver=26215873)
2026-06-17 20:11:07,026 INFO MT4 connected and logged in. IsConnected=1
2026-06-17 20:11:07,027 INFO Fetching all users...
2026-06-17 20:11:07,236 INFO AdmUsersRequest: 5301 users
2026-06-17 20:11:07,237 INFO Got 5301 users, saving to clients/trading_accounts...
2026-06-17 20:11:08,363 INFO MT4 clients: 500 saved...
2026-06-17 20:11:08,736 INFO MT4 clients: 1000 saved...
2026-06-17 20:11:09,082 INFO MT4 clients: 1500 saved...
2026-06-17 20:11:09,463 INFO MT4 clients: 2000 saved...
2026-06-17 20:11:09,827 INFO MT4 clients: 2500 saved...
2026-06-17 20:11:10,210 INFO MT4 clients: 3000 saved...
2026-06-17 20:11:10,604 INFO MT4 clients: 3500 saved...
2026-06-17 20:11:10,986 INFO MT4 clients: 4000 saved...
2026-06-17 20:11:11,424 INFO MT4 clients: 4500 saved...
2026-06-17 20:11:11,826 INFO MT4 clients: 5000 saved...
2026-06-17 20:11:12,078 INFO MT4: 5301 clients saved
2026-06-17 20:11:12,079 INFO save_mt4_clients done
2026-06-17 20:11:12,079 INFO Fetching closed trade history (last 2 days)...
2026-06-17 20:11:13,848 INFO sync_trade_journal: 94065 records, 8605 closed trades in last 2d
2026-06-17 20:11:13,849 INFO Got 8605 closed trades, saving to deals...
2026-06-17 20:11:22,753 INFO MT4 journal deals saved: 8605
2026-06-17 20:11:22,754 INFO save_journal_deals done
2026-06-17 20:11:22,754 INFO === ONE-SHOT FETCH COMPLETE ===
2026-06-17 20:12:23,874 INFO Connecting to MT4...
2026-06-17 20:12:24,024 INFO mtmanapi64.dll loaded
2026-06-17 20:12:24,025 INFO MT4 manager instance created (ver=26215873)
2026-06-17 20:12:24,277 INFO MT4 connected and logged in. IsConnected=1
2026-06-17 20:12:24,278 INFO Fetching all users...
2026-06-17 20:12:24,477 INFO AdmUsersRequest: 5301 users
2026-06-17 20:12:24,478 INFO Got 5301 users, saving to clients/trading_accounts...
2026-06-17 20:12:25,556 INFO MT4 clients: 500 saved...
2026-06-17 20:12:25,901 INFO MT4 clients: 1000 saved...
2026-06-17 20:12:26,277 INFO MT4 clients: 1500 saved...
2026-06-17 20:12:26,627 INFO MT4 clients: 2000 saved...
2026-06-17 20:12:26,993 INFO MT4 clients: 2500 saved...
2026-06-17 20:12:27,345 INFO MT4 clients: 3000 saved...
2026-06-17 20:12:27,697 INFO MT4 clients: 3500 saved...
2026-06-17 20:12:28,073 INFO MT4 clients: 4000 saved...
2026-06-17 20:12:28,439 INFO MT4 clients: 4500 saved...
2026-06-17 20:12:28,808 INFO MT4 clients: 5000 saved...
2026-06-17 20:12:29,050 INFO MT4: 5301 clients saved
2026-06-17 20:12:29,050 INFO save_mt4_clients done
2026-06-17 20:12:29,051 INFO Fetching closed trade history (last 2 days)...
2026-06-17 20:12:31,024 INFO sync_trade_journal: 94118 records, 8611 closed trades in last 2d
2026-06-17 20:12:31,025 INFO Got 8611 closed trades, saving to deals...
2026-06-17 20:12:39,711 INFO MT4 journal deals saved: 8611
2026-06-17 20:12:39,712 INFO save_journal_deals done
2026-06-17 20:12:39,712 INFO === ONE-SHOT FETCH COMPLETE ===
2026-06-17 20:13:40,785 INFO Connecting to MT4...
2026-06-17 20:13:40,930 INFO mtmanapi64.dll loaded
2026-06-17 20:13:40,931 INFO MT4 manager instance created (ver=26215873)
2026-06-17 20:13:41,184 INFO MT4 connected and logged in. IsConnected=1
2026-06-17 20:13:41,185 INFO Fetching all users...
2026-06-17 20:13:41,395 INFO AdmUsersRequest: 5301 users
2026-06-17 20:13:41,396 INFO Got 5301 users, saving to clients/trading_accounts...
2026-06-17 20:13:42,869 INFO MT4 clients: 500 saved...
2026-06-17 20:13:43,329 INFO MT4 clients: 1000 saved...
2026-06-17 20:13:43,753 INFO MT4 clients: 1500 saved...
2026-06-17 20:13:44,165 INFO MT4 clients: 2000 saved...
2026-06-17 20:13:44,602 INFO MT4 clients: 2500 saved...
2026-06-17 20:13:45,051 INFO MT4 clients: 3000 saved...
2026-06-17 20:13:45,483 INFO MT4 clients: 3500 saved...
2026-06-17 20:13:45,943 INFO MT4 clients: 4000 saved...
2026-06-17 20:13:46,381 INFO MT4 clients: 4500 saved...
2026-06-17 20:13:46,798 INFO MT4 clients: 5000 saved...
2026-06-17 20:13:47,077 INFO MT4: 5301 clients saved
2026-06-17 20:13:47,078 INFO save_mt4_clients done
2026-06-17 20:13:47,078 INFO Fetching closed trade history (last 2 days)...
2026-06-17 20:13:48,921 INFO sync_trade_journal: 94190 records, 8621 closed trades in last 2d
2026-06-17 20:13:48,922 INFO Got 8621 closed trades, saving to deals...
2026-06-17 20:14:56,419 INFO MT4 journal deals saved: 8621
2026-06-17 20:14:56,420 INFO save_journal_deals done
2026-06-17 20:14:56,420 INFO === ONE-SHOT FETCH COMPLETE ===
2026-06-17 20:14:57,769 INFO mtmanapi64.dll loaded
2026-06-17 20:14:57,772 INFO MT4 manager instance created (ver=26215873)
2026-06-17 20:14:58,040 INFO MT4 connected and logged in. IsConnected=1
2026-06-17 20:16:00,589 INFO Connecting to MT4...
2026-06-17 20:16:00,719 INFO mtmanapi64.dll loaded
2026-06-17 20:16:00,720 INFO MT4 manager instance created (ver=26215873)
2026-06-17 20:16:00,979 INFO MT4 connected and logged in. IsConnected=1
2026-06-17 20:16:00,980 INFO Fetching all users...
2026-06-17 20:16:01,195 INFO AdmUsersRequest: 5301 users
2026-06-17 20:16:01,196 INFO Got 5301 users, saving to clients/trading_accounts...
2026-06-17 20:16:02,233 INFO MT4 clients: 500 saved...
2026-06-17 20:16:02,571 INFO MT4 clients: 1000 saved...
2026-06-17 20:16:02,878 INFO MT4 clients: 1500 saved...
2026-06-17 20:16:03,187 INFO MT4 clients: 2000 saved...
2026-06-17 20:16:03,509 INFO MT4 clients: 2500 saved...
2026-06-17 20:16:03,818 INFO MT4 clients: 3000 saved...
2026-06-17 20:16:04,152 INFO MT4 clients: 3500 saved...
2026-06-17 20:16:04,492 INFO MT4 clients: 4000 saved...
2026-06-17 20:16:04,845 INFO MT4 clients: 4500 saved...
2026-06-17 20:16:05,230 INFO MT4 clients: 5000 saved...
2026-06-17 20:16:05,449 INFO MT4: 5301 clients saved
2026-06-17 20:16:05,450 INFO save_mt4_clients done
2026-06-17 20:16:05,450 INFO Fetching closed trade history (last 2 days)...
2026-06-17 20:16:07,187 INFO sync_trade_journal: 94242 records, 8628 closed trades in last 2d
2026-06-17 20:16:07,188 INFO Got 8628 closed trades, saving to deals...
2026-06-17 20:16:15,968 INFO MT4 journal deals saved: 8628
2026-06-17 20:16:15,969 INFO save_journal_deals done
2026-06-17 20:16:15,969 INFO === ONE-SHOT FETCH COMPLETE ===
2026-06-17 20:17:16,780 INFO Connecting to MT4...
2026-06-17 20:17:16,918 INFO mtmanapi64.dll loaded
2026-06-17 20:17:16,919 INFO MT4 manager instance created (ver=26215873)
2026-06-17 20:17:17,174 INFO MT4 connected and logged in. IsConnected=1
2026-06-17 20:17:17,175 INFO Fetching all users...
2026-06-17 20:17:17,388 INFO AdmUsersRequest: 5301 users
2026-06-17 20:17:17,389 INFO Got 5301 users, saving to clients/trading_accounts...
2026-06-17 20:17:18,408 INFO MT4 clients: 500 saved...
2026-06-17 20:17:18,754 INFO MT4 clients: 1000 saved...
2026-06-17 20:17:19,082 INFO MT4 clients: 1500 saved...
2026-06-17 20:17:19,403 INFO MT4 clients: 2000 saved...
2026-06-17 20:17:19,719 INFO MT4 clients: 2500 saved...
2026-06-17 20:17:20,053 INFO MT4 clients: 3000 saved...
2026-06-17 20:17:20,393 INFO MT4 clients: 3500 saved...
2026-06-17 20:17:20,726 INFO MT4 clients: 4000 saved...
2026-06-17 20:17:21,036 INFO MT4 clients: 4500 saved...
2026-06-17 20:17:21,362 INFO MT4 clients: 5000 saved...
2026-06-17 20:17:21,559 INFO MT4: 5301 clients saved
2026-06-17 20:17:21,560 INFO save_mt4_clients done
2026-06-17 20:17:21,560 INFO Fetching closed trade history (last 2 days)...
2026-06-17 20:17:23,219 INFO sync_trade_journal: 94276 records, 8634 closed trades in last 2d
2026-06-17 20:17:23,220 INFO Got 8634 closed trades, saving to deals...
2026-06-17 20:17:31,389 INFO MT4 journal deals saved: 8634
2026-06-17 20:17:31,390 INFO save_journal_deals done
2026-06-17 20:17:31,390 INFO === ONE-SHOT FETCH COMPLETE ===
2026-06-17 20:18:32,275 INFO Connecting to MT4...
2026-06-17 20:18:32,410 INFO mtmanapi64.dll loaded
2026-06-17 20:18:32,411 INFO MT4 manager instance created (ver=26215873)
2026-06-17 20:18:32,670 INFO MT4 connected and logged in. IsConnected=1
2026-06-17 20:18:32,671 INFO Fetching all users...
2026-06-17 20:18:32,883 INFO AdmUsersRequest: 5301 users
2026-06-17 20:18:32,885 INFO Got 5301 users, saving to clients/trading_accounts...
2026-06-17 20:18:34,014 INFO MT4 clients: 500 saved...
2026-06-17 20:18:34,372 INFO MT4 clients: 1000 saved...
2026-06-17 20:18:34,689 INFO MT4 clients: 1500 saved...
2026-06-17 20:18:35,001 INFO MT4 clients: 2000 saved...
2026-06-17 20:18:35,318 INFO MT4 clients: 2500 saved...
2026-06-17 20:18:35,634 INFO MT4 clients: 3000 saved...
2026-06-17 20:18:35,934 INFO MT4 clients: 3500 saved...
2026-06-17 20:18:36,245 INFO MT4 clients: 4000 saved...
2026-06-17 20:18:36,556 INFO MT4 clients: 4500 saved...
2026-06-17 20:18:36,855 INFO MT4 clients: 5000 saved...
2026-06-17 20:18:37,043 INFO MT4: 5301 clients saved
2026-06-17 20:18:37,044 INFO save_mt4_clients done
2026-06-17 20:18:37,044 INFO Fetching closed trade history (last 2 days)...
2026-06-17 20:18:38,758 INFO sync_trade_journal: 94378 records, 8646 closed trades in last 2d
2026-06-17 20:18:38,760 INFO Got 8646 closed trades, saving to deals...
2026-06-17 20:18:46,575 INFO MT4 journal deals saved: 8646
2026-06-17 20:18:46,576 INFO save_journal_deals done
2026-06-17 20:18:46,576 INFO === ONE-SHOT FETCH COMPLETE ===
2026-06-17 20:19:47,706 INFO Connecting to MT4...
2026-06-17 20:19:47,889 INFO mtmanapi64.dll loaded
2026-06-17 20:19:47,889 INFO MT4 manager instance created (ver=26215873)
2026-06-17 20:19:48,142 INFO MT4 connected and logged in. IsConnected=1
2026-06-17 20:19:48,143 INFO Fetching all users...
2026-06-17 20:19:48,361 INFO AdmUsersRequest: 5301 users
2026-06-17 20:19:48,362 INFO Got 5301 users, saving to clients/trading_accounts...
2026-06-17 20:19:50,282 INFO MT4 clients: 500 saved...
2026-06-17 20:19:50,789 INFO MT4 clients: 1000 saved...
2026-06-17 20:19:51,239 INFO MT4 clients: 1500 saved...
2026-06-17 20:19:51,651 INFO MT4 clients: 2000 saved...
2026-06-17 20:19:52,021 INFO MT4 clients: 2500 saved...
2026-06-17 20:19:52,446 INFO MT4 clients: 3000 saved...
2026-06-17 20:19:52,830 INFO MT4 clients: 3500 saved...
2026-06-17 20:19:53,199 INFO MT4 clients: 4000 saved...
2026-06-17 20:19:53,578 INFO MT4 clients: 4500 saved...
2026-06-17 20:19:53,958 INFO MT4 clients: 5000 saved...
2026-06-17 20:19:54,184 INFO MT4: 5301 clients saved
2026-06-17 20:19:54,184 INFO save_mt4_clients done
2026-06-17 20:19:54,185 INFO Fetching closed trade history (last 2 days)...
2026-06-17 20:19:55,830 INFO sync_trade_journal: 94426 records, 8652 closed trades in last 2d
2026-06-17 20:19:55,830 INFO Got 8652 closed trades, saving to deals...
2026-06-17 20:20:06,350 INFO MT4 journal deals saved: 8652
2026-06-17 20:20:06,351 INFO save_journal_deals done
2026-06-17 20:20:06,352 INFO === ONE-SHOT FETCH COMPLETE ===
2026-06-17 20:21:07,447 INFO Connecting to MT4...
2026-06-17 20:21:07,576 INFO mtmanapi64.dll loaded
2026-06-17 20:21:07,577 INFO MT4 manager instance created (ver=26215873)
2026-06-17 20:21:07,827 INFO MT4 connected and logged in. IsConnected=1
2026-06-17 20:21:07,828 INFO Fetching all users...
2026-06-17 20:21:08,029 INFO AdmUsersRequest: 5301 users
2026-06-17 20:21:08,030 INFO Got 5301 users, saving to clients/trading_accounts...
2026-06-17 20:21:09,374 INFO MT4 clients: 500 saved...
2026-06-17 20:21:09,780 INFO MT4 clients: 1000 saved...
2026-06-17 20:21:10,158 INFO MT4 clients: 1500 saved...
2026-06-17 20:21:10,546 INFO MT4 clients: 2000 saved...
2026-06-17 20:21:10,913 INFO MT4 clients: 2500 saved...
2026-06-17 20:21:11,304 INFO MT4 clients: 3000 saved...
2026-06-17 20:21:11,685 INFO MT4 clients: 3500 saved...
2026-06-17 20:21:12,093 INFO MT4 clients: 4000 saved...
2026-06-17 20:21:12,488 INFO MT4 clients: 4500 saved...
2026-06-17 20:21:12,872 INFO MT4 clients: 5000 saved...
2026-06-17 20:21:13,114 INFO MT4: 5301 clients saved
2026-06-17 20:21:13,115 INFO save_mt4_clients done
2026-06-17 20:21:13,115 INFO Fetching closed trade history (last 2 days)...
2026-06-17 20:21:14,866 INFO sync_trade_journal: 94478 records, 8658 closed trades in last 2d
2026-06-17 20:21:14,867 INFO Got 8658 closed trades, saving to deals...
2026-06-17 20:22:00,483 INFO MT4 journal deals saved: 8658
2026-06-17 20:22:00,483 INFO save_journal_deals done
2026-06-17 20:22:00,484 INFO === ONE-SHOT FETCH COMPLETE ===
2026-06-17 20:23:01,468 INFO Connecting to MT4...
2026-06-17 20:23:01,620 INFO mtmanapi64.dll loaded
2026-06-17 20:23:01,621 INFO MT4 manager instance created (ver=26215873)
2026-06-17 20:23:01,880 INFO MT4 connected and logged in. IsConnected=1
2026-06-17 20:23:01,881 INFO Fetching all users...
2026-06-17 20:23:02,089 INFO AdmUsersRequest: 5301 users
2026-06-17 20:23:02,089 INFO Got 5301 users, saving to clients/trading_accounts...
2026-06-17 20:23:03,442 INFO MT4 clients: 500 saved...
2026-06-17 20:23:03,900 INFO MT4 clients: 1000 saved...
2026-06-17 20:23:04,358 INFO MT4 clients: 1500 saved...
2026-06-17 20:23:04,805 INFO MT4 clients: 2000 saved...
2026-06-17 20:23:05,249 INFO MT4 clients: 2500 saved...
2026-06-17 20:23:05,679 INFO MT4 clients: 3000 saved...
2026-06-17 20:23:06,090 INFO MT4 clients: 3500 saved...
2026-06-17 20:23:06,530 INFO MT4 clients: 4000 saved...
2026-06-17 20:23:06,965 INFO MT4 clients: 4500 saved...
2026-06-17 20:23:07,395 INFO MT4 clients: 5000 saved...
2026-06-17 20:23:07,652 INFO MT4: 5301 clients saved
2026-06-17 20:23:07,653 INFO save_mt4_clients done
2026-06-17 20:23:07,654 INFO Fetching closed trade history (last 2 days)...
2026-06-17 20:23:09,512 INFO sync_trade_journal: 94530 records, 8664 closed trades in last 2d
2026-06-17 20:23:09,513 INFO Got 8664 closed trades, saving to deals...
2026-06-17 20:25:13,829 INFO MT4 journal deals saved: 8664
2026-06-17 20:25:13,830 INFO save_journal_deals done
2026-06-17 20:25:13,830 INFO === ONE-SHOT FETCH COMPLETE ===
2026-06-17 20:26:14,831 INFO Connecting to MT4...
2026-06-17 20:26:14,959 INFO mtmanapi64.dll loaded
2026-06-17 20:26:14,960 INFO MT4 manager instance created (ver=26215873)
2026-06-17 20:26:15,217 INFO MT4 connected and logged in. IsConnected=1
2026-06-17 20:26:15,218 INFO Fetching all users...
2026-06-17 20:26:15,440 INFO AdmUsersRequest: 5301 users
2026-06-17 20:26:15,441 INFO Got 5301 users, saving to clients/trading_accounts...
2026-06-17 20:26:16,536 INFO MT4 clients: 500 saved...
2026-06-17 20:26:16,885 INFO MT4 clients: 1000 saved...
2026-06-17 20:26:17,259 INFO MT4 clients: 1500 saved...
2026-06-17 20:26:17,685 INFO MT4 clients: 2000 saved...
2026-06-17 20:26:18,064 INFO MT4 clients: 2500 saved...
2026-06-17 20:26:18,451 INFO MT4 clients: 3000 saved...
2026-06-17 20:26:18,852 INFO MT4 clients: 3500 saved...
2026-06-17 20:26:19,280 INFO MT4 clients: 4000 saved...
2026-06-17 20:26:19,705 INFO MT4 clients: 4500 saved...
2026-06-17 20:26:20,092 INFO MT4 clients: 5000 saved...
2026-06-17 20:26:20,324 INFO MT4: 5301 clients saved
2026-06-17 20:26:20,325 INFO save_mt4_clients done
2026-06-17 20:26:20,325 INFO Fetching closed trade history (last 2 days)...
2026-06-17 20:26:22,049 INFO sync_trade_journal: 94580 records, 8674 closed trades in last 2d
2026-06-17 20:26:22,050 INFO Got 8674 closed trades, saving to deals...
2026-06-17 20:26:31,006 INFO MT4 journal deals saved: 8674
2026-06-17 20:26:31,007 INFO save_journal_deals done
2026-06-17 20:26:31,008 INFO === ONE-SHOT FETCH COMPLETE ===
2026-06-17 20:27:31,961 INFO Connecting to MT4...
2026-06-17 20:27:32,098 INFO mtmanapi64.dll loaded
2026-06-17 20:27:32,099 INFO MT4 manager instance created (ver=26215873)
2026-06-17 20:27:32,354 INFO MT4 connected and logged in. IsConnected=1
2026-06-17 20:27:32,355 INFO Fetching all users...
2026-06-17 20:27:32,550 INFO AdmUsersRequest: 5301 users
2026-06-17 20:27:32,551 INFO Got 5301 users, saving to clients/trading_accounts...
2026-06-17 20:27:33,687 INFO MT4 clients: 500 saved...
2026-06-17 20:27:34,049 INFO MT4 clients: 1000 saved...
2026-06-17 20:27:34,423 INFO MT4 clients: 1500 saved...
2026-06-17 20:27:34,845 INFO MT4 clients: 2000 saved...
2026-06-17 20:27:35,244 INFO MT4 clients: 2500 saved...
2026-06-17 20:27:35,644 INFO MT4 clients: 3000 saved...
2026-06-17 20:27:36,018 INFO MT4 clients: 3500 saved...
2026-06-17 20:27:36,398 INFO MT4 clients: 4000 saved...
2026-06-17 20:27:36,758 INFO MT4 clients: 4500 saved...
2026-06-17 20:27:37,121 INFO MT4 clients: 5000 saved...
2026-06-17 20:27:37,344 INFO MT4: 5301 clients saved
2026-06-17 20:27:37,345 INFO save_mt4_clients done
2026-06-17 20:27:37,346 INFO Fetching closed trade history (last 2 days)...
2026-06-17 20:27:39,024 INFO sync_trade_journal: 94590 records, 8676 closed trades in last 2d
2026-06-17 20:27:39,025 INFO Got 8676 closed trades, saving to deals...
2026-06-17 20:27:47,750 INFO MT4 journal deals saved: 8676
2026-06-17 20:27:47,750 INFO save_journal_deals done
2026-06-17 20:27:47,751 INFO === ONE-SHOT FETCH COMPLETE ===
2026-06-17 20:28:48,845 INFO Connecting to MT4...
2026-06-17 20:28:48,983 INFO mtmanapi64.dll loaded
2026-06-17 20:28:48,984 INFO MT4 manager instance created (ver=26215873)
2026-06-17 20:28:49,244 INFO MT4 connected and logged in. IsConnected=1
2026-06-17 20:28:49,245 INFO Fetching all users...
2026-06-17 20:28:49,443 INFO AdmUsersRequest: 5301 users
2026-06-17 20:28:49,444 INFO Got 5301 users, saving to clients/trading_accounts...
2026-06-17 20:28:50,701 INFO MT4 clients: 500 saved...
2026-06-17 20:28:51,151 INFO MT4 clients: 1000 saved...
2026-06-17 20:28:51,578 INFO MT4 clients: 1500 saved...
2026-06-17 20:28:51,997 INFO MT4 clients: 2000 saved...
2026-06-17 20:28:52,404 INFO MT4 clients: 2500 saved...
2026-06-17 20:28:52,826 INFO MT4 clients: 3000 saved...
2026-06-17 20:28:53,246 INFO MT4 clients: 3500 saved...
2026-06-17 20:28:53,662 INFO MT4 clients: 4000 saved...
2026-06-17 20:28:54,091 INFO MT4 clients: 4500 saved...
2026-06-17 20:28:54,527 INFO MT4 clients: 5000 saved...
2026-06-17 20:28:54,783 INFO MT4: 5301 clients saved
2026-06-17 20:28:54,784 INFO save_mt4_clients done
2026-06-17 20:28:54,785 INFO Fetching closed trade history (last 2 days)...
2026-06-17 20:28:56,444 INFO sync_trade_journal: 94598 records, 8677 closed trades in last 2d
2026-06-17 20:28:56,444 INFO Got 8677 closed trades, saving to deals...
2026-06-17 20:29:05,358 INFO MT4 journal deals saved: 8677
2026-06-17 20:29:05,359 INFO save_journal_deals done
2026-06-17 20:29:05,360 INFO === ONE-SHOT FETCH COMPLETE ===
2026-06-17 20:30:06,293 INFO Connecting to MT4...
2026-06-17 20:30:06,432 INFO mtmanapi64.dll loaded
2026-06-17 20:30:06,433 INFO MT4 manager instance created (ver=26215873)
2026-06-17 20:30:06,691 INFO MT4 connected and logged in. IsConnected=1
2026-06-17 20:30:06,692 INFO Fetching all users...
2026-06-17 20:30:06,901 INFO AdmUsersRequest: 5301 users
2026-06-17 20:30:06,902 INFO Got 5301 users, saving to clients/trading_accounts...
2026-06-17 20:30:08,160 INFO MT4 clients: 500 saved...
2026-06-17 20:30:08,580 INFO MT4 clients: 1000 saved...
2026-06-17 20:30:08,993 INFO MT4 clients: 1500 saved...
2026-06-17 20:30:09,382 INFO MT4 clients: 2000 saved...
2026-06-17 20:30:09,791 INFO MT4 clients: 2500 saved...
2026-06-17 20:30:10,179 INFO MT4 clients: 3000 saved...
2026-06-17 20:30:10,607 INFO MT4 clients: 3500 saved...
2026-06-17 20:30:11,039 INFO MT4 clients: 4000 saved...
2026-06-17 20:30:11,427 INFO MT4 clients: 4500 saved...
2026-06-17 20:30:11,846 INFO MT4 clients: 5000 saved...
2026-06-17 20:30:12,092 INFO MT4: 5301 clients saved
2026-06-17 20:30:12,093 INFO save_mt4_clients done
2026-06-17 20:30:12,093 INFO Fetching closed trade history (last 2 days)...
2026-06-17 20:30:13,814 INFO sync_trade_journal: 94612 records, 8678 closed trades in last 2d
2026-06-17 20:30:13,815 INFO Got 8678 closed trades, saving to deals...
2026-06-17 20:30:23,046 INFO MT4 journal deals saved: 8678
2026-06-17 20:30:23,047 INFO save_journal_deals done
2026-06-17 20:30:23,047 INFO === ONE-SHOT FETCH COMPLETE ===
2026-06-17 20:30:24,180 INFO mtmanapi64.dll loaded
2026-06-17 20:30:24,183 INFO MT4 manager instance created (ver=26215873)
2026-06-17 20:30:24,447 INFO MT4 connected and logged in. IsConnected=1
2026-06-17 20:31:26,761 INFO Connecting to MT4...
2026-06-17 20:31:26,897 INFO mtmanapi64.dll loaded
2026-06-17 20:31:26,898 INFO MT4 manager instance created (ver=26215873)
2026-06-17 20:31:27,156 INFO MT4 connected and logged in. IsConnected=1
2026-06-17 20:31:27,156 INFO Fetching all users...
2026-06-17 20:31:27,356 INFO AdmUsersRequest: 5301 users
2026-06-17 20:31:27,357 INFO Got 5301 users, saving to clients/trading_accounts...
2026-06-17 20:31:28,284 INFO MT4 clients: 500 saved...
2026-06-17 20:31:28,605 INFO MT4 clients: 1000 saved...
2026-06-17 20:31:28,921 INFO MT4 clients: 1500 saved...
2026-06-17 20:31:29,274 INFO MT4 clients: 2000 saved...
2026-06-17 20:31:29,631 INFO MT4 clients: 2500 saved...
2026-06-17 20:31:30,009 INFO MT4 clients: 3000 saved...
2026-06-17 20:31:30,370 INFO MT4 clients: 3500 saved...
2026-06-17 20:31:30,752 INFO MT4 clients: 4000 saved...
2026-06-17 20:31:31,114 INFO MT4 clients: 4500 saved...
2026-06-17 20:31:31,457 INFO MT4 clients: 5000 saved...
2026-06-17 20:31:31,656 INFO MT4: 5301 clients saved
2026-06-17 20:31:31,656 INFO save_mt4_clients done
2026-06-17 20:31:31,657 INFO Fetching closed trade history (last 2 days)...
2026-06-17 20:31:33,304 INFO sync_trade_journal: 94624 records, 8679 closed trades in last 2d
2026-06-17 20:31:33,305 INFO Got 8679 closed trades, saving to deals...
2026-06-17 20:31:41,425 INFO MT4 journal deals saved: 8679
2026-06-17 20:31:41,426 INFO save_journal_deals done
2026-06-17 20:31:41,426 INFO === ONE-SHOT FETCH COMPLETE ===
2026-06-17 20:32:42,231 INFO Connecting to MT4...
2026-06-17 20:32:42,366 INFO mtmanapi64.dll loaded
2026-06-17 20:32:42,367 INFO MT4 manager instance created (ver=26215873)
2026-06-17 20:32:42,618 INFO MT4 connected and logged in. IsConnected=1
2026-06-17 20:32:42,619 INFO Fetching all users...
2026-06-17 20:32:42,821 INFO AdmUsersRequest: 5301 users
2026-06-17 20:32:42,822 INFO Got 5301 users, saving to clients/trading_accounts...
2026-06-17 20:32:43,905 INFO MT4 clients: 500 saved...
2026-06-17 20:32:44,276 INFO MT4 clients: 1000 saved...
2026-06-17 20:32:44,645 INFO MT4 clients: 1500 saved...
2026-06-17 20:32:45,025 INFO MT4 clients: 2000 saved...
2026-06-17 20:32:45,410 INFO MT4 clients: 2500 saved...
2026-06-17 20:32:45,821 INFO MT4 clients: 3000 saved...
2026-06-17 20:32:46,203 INFO MT4 clients: 3500 saved...
2026-06-17 20:32:46,582 INFO MT4 clients: 4000 saved...
2026-06-17 20:32:46,989 INFO MT4 clients: 4500 saved...
2026-06-17 20:32:47,370 INFO MT4 clients: 5000 saved...
2026-06-17 20:32:47,615 INFO MT4: 5301 clients saved
2026-06-17 20:32:47,616 INFO save_mt4_clients done
2026-06-17 20:32:47,617 INFO Fetching closed trade history (last 2 days)...
2026-06-17 20:32:49,307 INFO sync_trade_journal: 94626 records, 8679 closed trades in last 2d
2026-06-17 20:32:49,308 INFO Got 8679 closed trades, saving to deals...
2026-06-17 20:32:57,806 INFO MT4 journal deals saved: 8679
2026-06-17 20:32:57,807 INFO save_journal_deals done
2026-06-17 20:32:57,808 INFO === ONE-SHOT FETCH COMPLETE ===
2026-06-17 20:33:58,681 INFO Connecting to MT4...
2026-06-17 20:33:58,810 INFO mtmanapi64.dll loaded
2026-06-17 20:33:58,811 INFO MT4 manager instance created (ver=26215873)
2026-06-17 20:33:59,063 INFO MT4 connected and logged in. IsConnected=1
2026-06-17 20:33:59,064 INFO Fetching all users...
2026-06-17 20:33:59,278 INFO AdmUsersRequest: 5301 users
2026-06-17 20:33:59,279 INFO Got 5301 users, saving to clients/trading_accounts...
2026-06-17 20:34:00,461 INFO MT4 clients: 500 saved...
2026-06-17 20:34:00,835 INFO MT4 clients: 1000 saved...
2026-06-17 20:34:01,194 INFO MT4 clients: 1500 saved...
2026-06-17 20:34:01,561 INFO MT4 clients: 2000 saved...
2026-06-17 20:34:01,902 INFO MT4 clients: 2500 saved...
2026-06-17 20:34:02,248 INFO MT4 clients: 3000 saved...
2026-06-17 20:34:02,615 INFO MT4 clients: 3500 saved...
2026-06-17 20:34:02,962 INFO MT4 clients: 4000 saved...
2026-06-17 20:34:03,297 INFO MT4 clients: 4500 saved...
2026-06-17 20:34:03,658 INFO MT4 clients: 5000 saved...
2026-06-17 20:34:03,862 INFO MT4: 5301 clients saved
2026-06-17 20:34:03,863 INFO save_mt4_clients done
2026-06-17 20:34:03,863 INFO Fetching closed trade history (last 2 days)...
2026-06-17 20:34:05,629 INFO sync_trade_journal: 94632 records, 8679 closed trades in last 2d
2026-06-17 20:34:05,630 INFO Got 8679 closed trades, saving to deals...
2026-06-17 20:34:54,458 INFO MT4 journal deals saved: 8679
2026-06-17 20:34:54,459 INFO save_journal_deals done
2026-06-17 20:34:54,459 INFO === ONE-SHOT FETCH COMPLETE ===
2026-06-17 20:35:55,960 INFO Connecting to MT4...
2026-06-17 20:35:56,142 INFO mtmanapi64.dll loaded
2026-06-17 20:35:56,143 INFO MT4 manager instance created (ver=26215873)
2026-06-17 20:35:56,397 INFO MT4 connected and logged in. IsConnected=1
2026-06-17 20:35:56,398 INFO Fetching all users...
2026-06-17 20:35:56,604 INFO AdmUsersRequest: 5301 users
2026-06-17 20:35:56,605 INFO Got 5301 users, saving to clients/trading_accounts...
2026-06-17 20:35:58,496 INFO MT4 clients: 500 saved...
2026-06-17 20:35:58,917 INFO MT4 clients: 1000 saved...
2026-06-17 20:35:59,315 INFO MT4 clients: 1500 saved...
2026-06-17 20:35:59,703 INFO MT4 clients: 2000 saved...
2026-06-17 20:36:00,081 INFO MT4 clients: 2500 saved...
2026-06-17 20:36:00,433 INFO MT4 clients: 3000 saved...
2026-06-17 20:36:00,809 INFO MT4 clients: 3500 saved...
2026-06-17 20:36:01,172 INFO MT4 clients: 4000 saved...
2026-06-17 20:36:01,597 INFO MT4 clients: 4500 saved...
2026-06-17 20:36:02,040 INFO MT4 clients: 5000 saved...
2026-06-17 20:36:02,284 INFO MT4: 5301 clients saved
2026-06-17 20:36:02,285 INFO save_mt4_clients done
2026-06-17 20:36:02,286 INFO Fetching closed trade history (last 2 days)...
2026-06-17 20:36:03,993 INFO sync_trade_journal: 94662 records, 8681 closed trades in last 2d
2026-06-17 20:36:03,993 INFO Got 8681 closed trades, saving to deals...
2026-06-17 20:36:13,606 INFO MT4 journal deals saved: 8681
2026-06-17 20:36:13,607 INFO save_journal_deals done
2026-06-17 20:36:13,607 INFO === ONE-SHOT FETCH COMPLETE ===
2026-06-17 20:37:14,593 INFO Connecting to MT4...
2026-06-17 20:37:14,748 INFO mtmanapi64.dll loaded
2026-06-17 20:37:14,750 INFO MT4 manager instance created (ver=26215873)
2026-06-17 20:37:15,001 INFO MT4 connected and logged in. IsConnected=1
2026-06-17 20:37:15,003 INFO Fetching all users...
2026-06-17 20:37:15,201 INFO AdmUsersRequest: 5301 users
2026-06-17 20:37:15,202 INFO Got 5301 users, saving to clients/trading_accounts...
2026-06-17 20:37:16,309 INFO MT4 clients: 500 saved...
2026-06-17 20:37:16,670 INFO MT4 clients: 1000 saved...
2026-06-17 20:37:17,015 INFO MT4 clients: 1500 saved...
2026-06-17 20:37:17,365 INFO MT4 clients: 2000 saved...
2026-06-17 20:37:17,707 INFO MT4 clients: 2500 saved...
2026-06-17 20:37:18,074 INFO MT4 clients: 3000 saved...
2026-06-17 20:37:18,436 INFO MT4 clients: 3500 saved...
2026-06-17 20:37:18,815 INFO MT4 clients: 4000 saved...
2026-06-17 20:37:19,216 INFO MT4 clients: 4500 saved...
2026-06-17 20:37:19,619 INFO MT4 clients: 5000 saved...
2026-06-17 20:37:19,865 INFO MT4: 5301 clients saved
2026-06-17 20:37:19,866 INFO save_mt4_clients done
2026-06-17 20:37:19,867 INFO Fetching closed trade history (last 2 days)...
2026-06-17 20:37:21,550 INFO sync_trade_journal: 94693 records, 8684 closed trades in last 2d
2026-06-17 20:37:21,552 INFO Got 8684 closed trades, saving to deals...
2026-06-17 20:37:45,149 INFO MT4 journal deals saved: 8684
2026-06-17 20:37:45,150 INFO save_journal_deals done
2026-06-17 20:37:45,150 INFO === ONE-SHOT FETCH COMPLETE ===
2026-06-17 20:38:46,076 INFO Connecting to MT4...
2026-06-17 20:38:46,212 INFO mtmanapi64.dll loaded
2026-06-17 20:38:46,213 INFO MT4 manager instance created (ver=26215873)
2026-06-17 20:38:46,465 INFO MT4 connected and logged in. IsConnected=1
2026-06-17 20:38:46,466 INFO Fetching all users...
2026-06-17 20:38:46,678 INFO AdmUsersRequest: 5301 users
2026-06-17 20:38:46,679 INFO Got 5301 users, saving to clients/trading_accounts...
2026-06-17 20:38:47,847 INFO MT4 clients: 500 saved...
2026-06-17 20:38:48,235 INFO MT4 clients: 1000 saved...
2026-06-17 20:38:48,614 INFO MT4 clients: 1500 saved...
2026-06-17 20:38:48,978 INFO MT4 clients: 2000 saved...
2026-06-17 20:38:49,332 INFO MT4 clients: 2500 saved...
2026-06-17 20:38:49,696 INFO MT4 clients: 3000 saved...
2026-06-17 20:38:50,052 INFO MT4 clients: 3500 saved...
2026-06-17 20:38:50,397 INFO MT4 clients: 4000 saved...
2026-06-17 20:38:50,768 INFO MT4 clients: 4500 saved...
2026-06-17 20:38:51,144 INFO MT4 clients: 5000 saved...
2026-06-17 20:38:51,357 INFO MT4: 5301 clients saved
2026-06-17 20:38:51,358 INFO save_mt4_clients done
2026-06-17 20:38:51,358 INFO Fetching closed trade history (last 2 days)...
2026-06-17 20:38:53,072 INFO sync_trade_journal: 94717 records, 8684 closed trades in last 2d
2026-06-17 20:38:53,072 INFO Got 8684 closed trades, saving to deals...
2026-06-17 20:39:01,715 INFO MT4 journal deals saved: 8684
2026-06-17 20:39:01,716 INFO save_journal_deals done
2026-06-17 20:39:01,717 INFO === ONE-SHOT FETCH COMPLETE ===
2026-06-17 20:40:02,681 INFO Connecting to MT4...
2026-06-17 20:40:02,826 INFO mtmanapi64.dll loaded
2026-06-17 20:40:02,827 INFO MT4 manager instance created (ver=26215873)
2026-06-17 20:40:03,085 INFO MT4 connected and logged in. IsConnected=1
2026-06-17 20:40:03,086 INFO Fetching all users...
2026-06-17 20:40:03,294 INFO AdmUsersRequest: 5301 users
2026-06-17 20:40:03,295 INFO Got 5301 users, saving to clients/trading_accounts...
2026-06-17 20:40:04,410 INFO MT4 clients: 500 saved...
2026-06-17 20:40:04,783 INFO MT4 clients: 1000 saved...
2026-06-17 20:40:05,168 INFO MT4 clients: 1500 saved...
2026-06-17 20:40:05,540 INFO MT4 clients: 2000 saved...
2026-06-17 20:40:05,913 INFO MT4 clients: 2500 saved...
2026-06-17 20:40:06,278 INFO MT4 clients: 3000 saved...
2026-06-17 20:40:06,630 INFO MT4 clients: 3500 saved...
2026-06-17 20:40:06,995 INFO MT4 clients: 4000 saved...
2026-06-17 20:40:07,355 INFO MT4 clients: 4500 saved...
2026-06-17 20:40:07,724 INFO MT4 clients: 5000 saved...
2026-06-17 20:40:07,947 INFO MT4: 5301 clients saved
2026-06-17 20:40:07,947 INFO save_mt4_clients done
2026-06-17 20:40:07,948 INFO Fetching closed trade history (last 2 days)...
2026-06-17 20:40:09,675 INFO sync_trade_journal: 94734 records, 8687 closed trades in last 2d
2026-06-17 20:40:09,676 INFO Got 8687 closed trades, saving to deals...
2026-06-17 20:40:18,124 INFO MT4 journal deals saved: 8687
2026-06-17 20:40:18,125 INFO save_journal_deals done
2026-06-17 20:40:18,126 INFO === ONE-SHOT FETCH COMPLETE ===
2026-06-17 20:41:18,995 INFO Connecting to MT4...
2026-06-17 20:41:19,132 INFO mtmanapi64.dll loaded
2026-06-17 20:41:19,133 INFO MT4 manager instance created (ver=26215873)
2026-06-17 20:41:19,391 INFO MT4 connected and logged in. IsConnected=1
2026-06-17 20:41:19,393 INFO Fetching all users...
2026-06-17 20:41:19,600 INFO AdmUsersRequest: 5301 users
2026-06-17 20:41:19,601 INFO Got 5301 users, saving to clients/trading_accounts...
2026-06-17 20:41:20,783 INFO MT4 clients: 500 saved...
2026-06-17 20:41:21,134 INFO MT4 clients: 1000 saved...
2026-06-17 20:41:21,460 INFO MT4 clients: 1500 saved...
2026-06-17 20:41:21,784 INFO MT4 clients: 2000 saved...
2026-06-17 20:41:22,123 INFO MT4 clients: 2500 saved...
2026-06-17 20:41:22,461 INFO MT4 clients: 3000 saved...
2026-06-17 20:41:22,796 INFO MT4 clients: 3500 saved...
2026-06-17 20:41:23,145 INFO MT4 clients: 4000 saved...
2026-06-17 20:41:23,496 INFO MT4 clients: 4500 saved...
2026-06-17 20:41:23,847 INFO MT4 clients: 5000 saved...
2026-06-17 20:41:24,059 INFO MT4: 5301 clients saved
2026-06-17 20:41:24,060 INFO save_mt4_clients done
2026-06-17 20:41:24,060 INFO Fetching closed trade history (last 2 days)...
2026-06-17 20:41:25,759 INFO sync_trade_journal: 94740 records, 8687 closed trades in last 2d
2026-06-17 20:41:25,760 INFO Got 8687 closed trades, saving to deals...
2026-06-17 20:41:34,612 INFO MT4 journal deals saved: 8687
2026-06-17 20:41:34,613 INFO save_journal_deals done
2026-06-17 20:41:34,613 INFO === ONE-SHOT FETCH COMPLETE ===
2026-06-17 20:42:35,445 INFO Connecting to MT4...
2026-06-17 20:42:35,579 INFO mtmanapi64.dll loaded
2026-06-17 20:42:35,579 INFO MT4 manager instance created (ver=26215873)
2026-06-17 20:42:35,835 INFO MT4 connected and logged in. IsConnected=1
2026-06-17 20:42:35,836 INFO Fetching all users...
2026-06-17 20:42:36,044 INFO AdmUsersRequest: 5301 users
2026-06-17 20:42:36,045 INFO Got 5301 users, saving to clients/trading_accounts...
2026-06-17 20:42:37,085 INFO MT4 clients: 500 saved...
2026-06-17 20:42:37,459 INFO MT4 clients: 1000 saved...
2026-06-17 20:42:37,815 INFO MT4 clients: 1500 saved...
2026-06-17 20:42:38,169 INFO MT4 clients: 2000 saved...
2026-06-17 20:42:38,513 INFO MT4 clients: 2500 saved...
2026-06-17 20:42:38,883 INFO MT4 clients: 3000 saved...
2026-06-17 20:42:39,255 INFO MT4 clients: 3500 saved...
2026-06-17 20:42:39,616 INFO MT4 clients: 4000 saved...
2026-06-17 20:42:39,986 INFO MT4 clients: 4500 saved...
2026-06-17 20:42:40,378 INFO MT4 clients: 5000 saved...
2026-06-17 20:42:40,622 INFO MT4: 5301 clients saved
2026-06-17 20:42:40,623 INFO save_mt4_clients done
2026-06-17 20:42:40,623 INFO Fetching closed trade history (last 2 days)...
2026-06-17 20:42:42,360 INFO sync_trade_journal: 94752 records, 8691 closed trades in last 2d
2026-06-17 20:42:42,360 INFO Got 8691 closed trades, saving to deals...
2026-06-17 20:42:51,622 INFO MT4 journal deals saved: 8691
2026-06-17 20:42:51,623 INFO save_journal_deals done
2026-06-17 20:42:51,623 INFO === ONE-SHOT FETCH COMPLETE ===
2026-06-17 20:43:52,609 INFO Connecting to MT4...
2026-06-17 20:43:52,744 INFO mtmanapi64.dll loaded
2026-06-17 20:43:52,745 INFO MT4 manager instance created (ver=26215873)
2026-06-17 20:43:52,952 INFO MT4 connected and logged in. IsConnected=1
2026-06-17 20:43:52,952 INFO Fetching all users...
2026-06-17 20:43:53,165 INFO AdmUsersRequest: 5301 users
2026-06-17 20:43:53,166 INFO Got 5301 users, saving to clients/trading_accounts...
2026-06-17 20:43:54,473 INFO MT4 clients: 500 saved...
2026-06-17 20:43:54,885 INFO MT4 clients: 1000 saved...
2026-06-17 20:43:55,297 INFO MT4 clients: 1500 saved...
2026-06-17 20:43:55,702 INFO MT4 clients: 2000 saved...
2026-06-17 20:43:56,118 INFO MT4 clients: 2500 saved...
2026-06-17 20:43:56,525 INFO MT4 clients: 3000 saved...
2026-06-17 20:43:56,924 INFO MT4 clients: 3500 saved...
2026-06-17 20:43:57,336 INFO MT4 clients: 4000 saved...
2026-06-17 20:43:57,764 INFO MT4 clients: 4500 saved...
2026-06-17 20:43:58,164 INFO MT4 clients: 5000 saved...
2026-06-17 20:43:58,407 INFO MT4: 5301 clients saved
2026-06-17 20:43:58,408 INFO save_mt4_clients done
2026-06-17 20:43:58,408 INFO Fetching closed trade history (last 2 days)...
2026-06-17 20:44:00,206 INFO sync_trade_journal: 94753 records, 8692 closed trades in last 2d
2026-06-17 20:44:00,207 INFO Got 8692 closed trades, saving to deals...
2026-06-17 20:44:58,572 INFO MT4 journal deals saved: 8692
2026-06-17 20:44:58,573 INFO save_journal_deals done
2026-06-17 20:44:58,574 INFO === ONE-SHOT FETCH COMPLETE ===
2026-06-17 20:44:59,772 INFO mtmanapi64.dll loaded
2026-06-17 20:44:59,775 INFO MT4 manager instance created (ver=26215873)
2026-06-17 20:45:00,054 INFO MT4 connected and logged in. IsConnected=1
2026-06-17 20:46:02,495 INFO Connecting to MT4...
2026-06-17 20:46:02,635 INFO mtmanapi64.dll loaded
2026-06-17 20:46:02,636 INFO MT4 manager instance created (ver=26215873)
2026-06-17 20:46:02,890 INFO MT4 connected and logged in. IsConnected=1
2026-06-17 20:46:02,891 INFO Fetching all users...
2026-06-17 20:46:03,098 INFO AdmUsersRequest: 5301 users
2026-06-17 20:46:03,099 INFO Got 5301 users, saving to clients/trading_accounts...
2026-06-17 20:46:04,243 INFO MT4 clients: 500 saved...
2026-06-17 20:46:04,577 INFO MT4 clients: 1000 saved...
2026-06-17 20:46:04,944 INFO MT4 clients: 1500 saved...
2026-06-17 20:46:05,290 INFO MT4 clients: 2000 saved...
2026-06-17 20:46:05,654 INFO MT4 clients: 2500 saved...
2026-06-17 20:46:06,054 INFO MT4 clients: 3000 saved...
2026-06-17 20:46:06,450 INFO MT4 clients: 3500 saved...
2026-06-17 20:46:06,832 INFO MT4 clients: 4000 saved...
2026-06-17 20:46:07,217 INFO MT4 clients: 4500 saved...
2026-06-17 20:46:07,587 INFO MT4 clients: 5000 saved...
2026-06-17 20:46:07,804 INFO MT4: 5301 clients saved
2026-06-17 20:46:07,804 INFO save_mt4_clients done
2026-06-17 20:46:07,805 INFO Fetching closed trade history (last 2 days)...
2026-06-17 20:46:09,486 INFO sync_trade_journal: 94778 records, 8698 closed trades in last 2d
2026-06-17 20:46:09,487 INFO Got 8698 closed trades, saving to deals...
2026-06-17 20:46:18,172 INFO MT4 journal deals saved: 8698
2026-06-17 20:46:18,173 INFO save_journal_deals done
2026-06-17 20:46:18,173 INFO === ONE-SHOT FETCH COMPLETE ===
2026-06-17 20:47:19,052 INFO Connecting to MT4...
2026-06-17 20:47:19,188 INFO mtmanapi64.dll loaded
2026-06-17 20:47:19,189 INFO MT4 manager instance created (ver=26215873)
2026-06-17 20:47:19,441 INFO MT4 connected and logged in. IsConnected=1
2026-06-17 20:47:19,442 INFO Fetching all users...
2026-06-17 20:47:19,649 INFO AdmUsersRequest: 5301 users
2026-06-17 20:47:19,650 INFO Got 5301 users, saving to clients/trading_accounts...
2026-06-17 20:47:20,671 INFO MT4 clients: 500 saved...
2026-06-17 20:47:20,958 INFO MT4 clients: 1000 saved...
2026-06-17 20:47:21,310 INFO MT4 clients: 1500 saved...
2026-06-17 20:47:21,633 INFO MT4 clients: 2000 saved...
2026-06-17 20:47:21,990 INFO MT4 clients: 2500 saved...
2026-06-17 20:47:22,350 INFO MT4 clients: 3000 saved...
2026-06-17 20:47:22,650 INFO MT4 clients: 3500 saved...
2026-06-17 20:47:22,944 INFO MT4 clients: 4000 saved...
2026-06-17 20:47:23,238 INFO MT4 clients: 4500 saved...
2026-06-17 20:47:23,540 INFO MT4 clients: 5000 saved...
2026-06-17 20:47:23,726 INFO MT4: 5301 clients saved
2026-06-17 20:47:23,726 INFO save_mt4_clients done
2026-06-17 20:47:23,727 INFO Fetching closed trade history (last 2 days)...
2026-06-17 20:47:25,400 INFO sync_trade_journal: 94785 records, 8699 closed trades in last 2d
2026-06-17 20:47:25,401 INFO Got 8699 closed trades, saving to deals...
2026-06-17 20:47:32,724 INFO MT4 journal deals saved: 8699
2026-06-17 20:47:32,725 INFO save_journal_deals done
2026-06-17 20:47:32,726 INFO === ONE-SHOT FETCH COMPLETE ===
2026-06-17 20:48:33,501 INFO Connecting to MT4...
2026-06-17 20:48:33,644 INFO mtmanapi64.dll loaded
2026-06-17 20:48:33,645 INFO MT4 manager instance created (ver=26215873)
2026-06-17 20:48:33,851 INFO MT4 connected and logged in. IsConnected=1
2026-06-17 20:48:33,851 INFO Fetching all users...
2026-06-17 20:48:34,051 INFO AdmUsersRequest: 5301 users
2026-06-17 20:48:34,052 INFO Got 5301 users, saving to clients/trading_accounts...
2026-06-17 20:48:35,030 INFO MT4 clients: 500 saved...
2026-06-17 20:48:35,335 INFO MT4 clients: 1000 saved...
2026-06-17 20:48:35,678 INFO MT4 clients: 1500 saved...
2026-06-17 20:48:35,992 INFO MT4 clients: 2000 saved...
2026-06-17 20:48:36,330 INFO MT4 clients: 2500 saved...
2026-06-17 20:48:36,641 INFO MT4 clients: 3000 saved...
2026-06-17 20:48:36,954 INFO MT4 clients: 3500 saved...
2026-06-17 20:48:37,285 INFO MT4 clients: 4000 saved...
2026-06-17 20:48:37,610 INFO MT4 clients: 4500 saved...
2026-06-17 20:48:37,941 INFO MT4 clients: 5000 saved...
2026-06-17 20:48:38,127 INFO MT4: 5301 clients saved
2026-06-17 20:48:38,127 INFO save_mt4_clients done
2026-06-17 20:48:38,128 INFO Fetching closed trade history (last 2 days)...
2026-06-17 20:48:39,768 INFO sync_trade_journal: 94797 records, 8700 closed trades in last 2d
2026-06-17 20:48:39,769 INFO Got 8700 closed trades, saving to deals...
2026-06-17 20:48:47,707 INFO MT4 journal deals saved: 8700
2026-06-17 20:48:47,708 INFO save_journal_deals done
2026-06-17 20:48:47,708 INFO === ONE-SHOT FETCH COMPLETE ===
2026-06-17 20:49:48,551 INFO Connecting to MT4...
2026-06-17 20:49:48,761 INFO mtmanapi64.dll loaded
2026-06-17 20:49:48,762 INFO MT4 manager instance created (ver=26215873)
2026-06-17 20:49:49,020 INFO MT4 connected and logged in. IsConnected=1
2026-06-17 20:49:49,021 INFO Fetching all users...
2026-06-17 20:49:49,224 INFO AdmUsersRequest: 5301 users
2026-06-17 20:49:49,224 INFO Got 5301 users, saving to clients/trading_accounts...
2026-06-17 20:49:50,353 INFO MT4 clients: 500 saved...
2026-06-17 20:49:50,648 INFO MT4 clients: 1000 saved...
2026-06-17 20:49:50,984 INFO MT4 clients: 1500 saved...
2026-06-17 20:49:51,332 INFO MT4 clients: 2000 saved...
2026-06-17 20:49:51,692 INFO MT4 clients: 2500 saved...
2026-06-17 20:49:52,047 INFO MT4 clients: 3000 saved...
2026-06-17 20:49:52,371 INFO MT4 clients: 3500 saved...
2026-06-17 20:49:52,702 INFO MT4 clients: 4000 saved...
2026-06-17 20:49:53,014 INFO MT4 clients: 4500 saved...
2026-06-17 20:49:53,346 INFO MT4 clients: 5000 saved...
2026-06-17 20:49:53,536 INFO MT4: 5301 clients saved
2026-06-17 20:49:53,537 INFO save_mt4_clients done
2026-06-17 20:49:53,538 INFO Fetching closed trade history (last 2 days)...
2026-06-17 20:49:55,197 INFO sync_trade_journal: 94805 records, 8701 closed trades in last 2d
2026-06-17 20:49:55,198 INFO Got 8701 closed trades, saving to deals...
2026-06-17 20:50:04,438 INFO MT4 journal deals saved: 8701
2026-06-17 20:50:04,439 INFO save_journal_deals done
2026-06-17 20:50:04,440 INFO === ONE-SHOT FETCH COMPLETE ===
2026-06-17 20:51:05,606 INFO Connecting to MT4...
2026-06-17 20:51:05,773 INFO mtmanapi64.dll loaded
2026-06-17 20:51:05,774 INFO MT4 manager instance created (ver=26215873)
2026-06-17 20:51:06,027 INFO MT4 connected and logged in. IsConnected=1
2026-06-17 20:51:06,028 INFO Fetching all users...
2026-06-17 20:51:06,243 INFO AdmUsersRequest: 5301 users
2026-06-17 20:51:06,277 INFO Got 5301 users, saving to clients/trading_accounts...
2026-06-17 20:51:08,306 INFO MT4 clients: 500 saved...
2026-06-17 20:51:08,722 INFO MT4 clients: 1000 saved...
2026-06-17 20:51:09,278 INFO MT4 clients: 1500 saved...
2026-06-17 20:51:09,657 INFO MT4 clients: 2000 saved...
2026-06-17 20:51:10,032 INFO MT4 clients: 2500 saved...
2026-06-17 20:51:10,482 INFO MT4 clients: 3000 saved...
2026-06-17 20:51:10,861 INFO MT4 clients: 3500 saved...
2026-06-17 20:51:11,232 INFO MT4 clients: 4000 saved...
2026-06-17 20:51:11,607 INFO MT4 clients: 4500 saved...
2026-06-17 20:51:11,984 INFO MT4 clients: 5000 saved...
2026-06-17 20:51:12,184 INFO MT4: 5301 clients saved
2026-06-17 20:51:12,185 INFO save_mt4_clients done
2026-06-17 20:51:12,186 INFO Fetching closed trade history (last 2 days)...
2026-06-17 20:51:13,876 INFO sync_trade_journal: 94816 records, 8703 closed trades in last 2d
2026-06-17 20:51:13,877 INFO Got 8703 closed trades, saving to deals...
2026-06-17 20:51:24,375 INFO MT4 journal deals saved: 8703
2026-06-17 20:51:24,376 INFO save_journal_deals done
2026-06-17 20:51:24,376 INFO === ONE-SHOT FETCH COMPLETE ===
2026-06-17 20:52:25,620 INFO Connecting to MT4...
2026-06-17 20:52:25,761 INFO mtmanapi64.dll loaded
2026-06-17 20:52:25,762 INFO MT4 manager instance created (ver=26215873)
2026-06-17 20:52:25,975 INFO MT4 connected and logged in. IsConnected=1
2026-06-17 20:52:25,975 INFO Fetching all users...
2026-06-17 20:52:26,180 INFO AdmUsersRequest: 5301 users
2026-06-17 20:52:26,181 INFO Got 5301 users, saving to clients/trading_accounts...
2026-06-17 20:52:27,363 INFO MT4 clients: 500 saved...
2026-06-17 20:52:27,704 INFO MT4 clients: 1000 saved...
2026-06-17 20:52:28,092 INFO MT4 clients: 1500 saved...
2026-06-17 20:52:28,471 INFO MT4 clients: 2000 saved...
2026-06-17 20:52:28,872 INFO MT4 clients: 2500 saved...
2026-06-17 20:52:29,248 INFO MT4 clients: 3000 saved...
2026-06-17 20:52:29,632 INFO MT4 clients: 3500 saved...
2026-06-17 20:52:30,024 INFO MT4 clients: 4000 saved...
2026-06-17 20:52:30,396 INFO MT4 clients: 4500 saved...
2026-06-17 20:52:30,762 INFO MT4 clients: 5000 saved...
2026-06-17 20:52:30,963 INFO MT4: 5301 clients saved
2026-06-17 20:52:30,964 INFO save_mt4_clients done
2026-06-17 20:52:30,964 INFO Fetching closed trade history (last 2 days)...
2026-06-17 20:52:32,666 INFO sync_trade_journal: 94823 records, 8704 closed trades in last 2d
2026-06-17 20:52:32,667 INFO Got 8704 closed trades, saving to deals...
2026-06-17 20:53:02,405 INFO MT4 journal deals saved: 8704
2026-06-17 20:53:02,406 INFO save_journal_deals done
2026-06-17 20:53:02,407 INFO === ONE-SHOT FETCH COMPLETE ===
2026-06-17 20:54:03,558 INFO Connecting to MT4...
2026-06-17 20:54:03,726 INFO mtmanapi64.dll loaded
2026-06-17 20:54:03,727 INFO MT4 manager instance created (ver=26215873)
2026-06-17 20:54:03,990 INFO MT4 connected and logged in. IsConnected=1
2026-06-17 20:54:03,991 INFO Fetching all users...
2026-06-17 20:54:04,222 INFO AdmUsersRequest: 5301 users
2026-06-17 20:54:04,223 INFO Got 5301 users, saving to clients/trading_accounts...
2026-06-17 20:54:05,604 INFO MT4 clients: 500 saved...
2026-06-17 20:54:05,994 INFO MT4 clients: 1000 saved...
2026-06-17 20:54:06,408 INFO MT4 clients: 1500 saved...
2026-06-17 20:54:06,790 INFO MT4 clients: 2000 saved...
2026-06-17 20:54:07,187 INFO MT4 clients: 2500 saved...
2026-06-17 20:54:07,588 INFO MT4 clients: 3000 saved...
2026-06-17 20:54:07,980 INFO MT4 clients: 3500 saved...
2026-06-17 20:54:08,379 INFO MT4 clients: 4000 saved...
2026-06-17 20:54:08,780 INFO MT4 clients: 4500 saved...
2026-06-17 20:54:09,172 INFO MT4 clients: 5000 saved...
2026-06-17 20:54:09,402 INFO MT4: 5301 clients saved
2026-06-17 20:54:09,402 INFO save_mt4_clients done
2026-06-17 20:54:09,403 INFO Fetching closed trade history (last 2 days)...
2026-06-17 20:54:11,168 INFO sync_trade_journal: 94825 records, 8704 closed trades in last 2d
2026-06-17 20:54:11,169 INFO Got 8704 closed trades, saving to deals...
2026-06-17 20:55:11,018 INFO MT4 journal deals saved: 8704
2026-06-17 20:55:11,019 INFO save_journal_deals done
2026-06-17 20:55:11,019 INFO === ONE-SHOT FETCH COMPLETE ===
2026-06-17 20:56:12,126 INFO Connecting to MT4...
2026-06-17 20:56:12,259 INFO mtmanapi64.dll loaded
2026-06-17 20:56:12,261 INFO MT4 manager instance created (ver=26215873)
2026-06-17 20:56:12,517 INFO MT4 connected and logged in. IsConnected=1
2026-06-17 20:56:12,518 INFO Fetching all users...
2026-06-17 20:56:12,718 INFO AdmUsersRequest: 5301 users
2026-06-17 20:56:12,719 INFO Got 5301 users, saving to clients/trading_accounts...
2026-06-17 20:56:13,804 INFO MT4 clients: 500 saved...
2026-06-17 20:56:14,125 INFO MT4 clients: 1000 saved...
2026-06-17 20:56:14,471 INFO MT4 clients: 1500 saved...
2026-06-17 20:56:14,802 INFO MT4 clients: 2000 saved...
2026-06-17 20:56:15,141 INFO MT4 clients: 2500 saved...
2026-06-17 20:56:15,479 INFO MT4 clients: 3000 saved...
2026-06-17 20:56:15,809 INFO MT4 clients: 3500 saved...
2026-06-17 20:56:16,147 INFO MT4 clients: 4000 saved...
2026-06-17 20:56:16,500 INFO MT4 clients: 4500 saved...
2026-06-17 20:56:16,844 INFO MT4 clients: 5000 saved...
2026-06-17 20:56:17,044 INFO MT4: 5301 clients saved
2026-06-17 20:56:17,045 INFO save_mt4_clients done
2026-06-17 20:56:17,046 INFO Fetching closed trade history (last 2 days)...
2026-06-17 20:56:18,757 INFO sync_trade_journal: 94833 records, 8706 closed trades in last 2d
2026-06-17 20:56:18,758 INFO Got 8706 closed trades, saving to deals...
2026-06-17 20:56:27,407 INFO MT4 journal deals saved: 8706
2026-06-17 20:56:27,407 INFO save_journal_deals done
2026-06-17 20:56:27,408 INFO === ONE-SHOT FETCH COMPLETE ===
2026-06-17 20:57:28,414 INFO Connecting to MT4...
2026-06-17 20:57:28,552 INFO mtmanapi64.dll loaded
2026-06-17 20:57:28,553 INFO MT4 manager instance created (ver=26215873)
2026-06-17 20:57:28,807 INFO MT4 connected and logged in. IsConnected=1
2026-06-17 20:57:28,808 INFO Fetching all users...
2026-06-17 20:57:29,017 INFO AdmUsersRequest: 5301 users
2026-06-17 20:57:29,017 INFO Got 5301 users, saving to clients/trading_accounts...
2026-06-17 20:57:30,089 INFO MT4 clients: 500 saved...
2026-06-17 20:57:30,401 INFO MT4 clients: 1000 saved...
2026-06-17 20:57:30,718 INFO MT4 clients: 1500 saved...
2026-06-17 20:57:31,021 INFO MT4 clients: 2000 saved...
2026-06-17 20:57:31,345 INFO MT4 clients: 2500 saved...
2026-06-17 20:57:31,709 INFO MT4 clients: 3000 saved...
2026-06-17 20:57:32,063 INFO MT4 clients: 3500 saved...
2026-06-17 20:57:32,388 INFO MT4 clients: 4000 saved...
2026-06-17 20:57:32,714 INFO MT4 clients: 4500 saved...
2026-06-17 20:57:33,064 INFO MT4 clients: 5000 saved...
2026-06-17 20:57:33,267 INFO MT4: 5301 clients saved
2026-06-17 20:57:33,267 INFO save_mt4_clients done
2026-06-17 20:57:33,268 INFO Fetching closed trade history (last 2 days)...
2026-06-17 20:57:34,952 INFO sync_trade_journal: 94841 records, 8707 closed trades in last 2d
2026-06-17 20:57:34,953 INFO Got 8707 closed trades, saving to deals...
2026-06-17 20:57:42,738 INFO MT4 journal deals saved: 8707
2026-06-17 20:57:42,738 INFO save_journal_deals done
2026-06-17 20:57:42,739 INFO === ONE-SHOT FETCH COMPLETE ===
2026-06-17 20:58:43,575 INFO Connecting to MT4...
2026-06-17 20:58:43,725 INFO mtmanapi64.dll loaded
2026-06-17 20:58:43,726 INFO MT4 manager instance created (ver=26215873)
2026-06-17 20:58:43,956 INFO MT4 connected and logged in. IsConnected=1
2026-06-17 20:58:43,957 INFO Fetching all users...
2026-06-17 20:58:44,150 INFO AdmUsersRequest: 5301 users
2026-06-17 20:58:44,151 INFO Got 5301 users, saving to clients/trading_accounts...
2026-06-17 20:58:45,285 INFO MT4 clients: 500 saved...
2026-06-17 20:58:45,618 INFO MT4 clients: 1000 saved...
2026-06-17 20:58:45,968 INFO MT4 clients: 1500 saved...
2026-06-17 20:58:46,308 INFO MT4 clients: 2000 saved...
2026-06-17 20:58:46,673 INFO MT4 clients: 2500 saved...
2026-06-17 20:58:46,990 INFO MT4 clients: 3000 saved...
2026-06-17 20:58:47,291 INFO MT4 clients: 3500 saved...
2026-06-17 20:58:47,598 INFO MT4 clients: 4000 saved...
2026-06-17 20:58:47,907 INFO MT4 clients: 4500 saved...
2026-06-17 20:58:48,205 INFO MT4 clients: 5000 saved...
2026-06-17 20:58:48,382 INFO MT4: 5301 clients saved
2026-06-17 20:58:48,382 INFO save_mt4_clients done
2026-06-17 20:58:48,383 INFO Fetching closed trade history (last 2 days)...
2026-06-17 20:58:50,053 INFO sync_trade_journal: 94857 records, 8708 closed trades in last 2d
2026-06-17 20:58:50,054 INFO Got 8708 closed trades, saving to deals...
2026-06-17 20:58:57,884 INFO MT4 journal deals saved: 8708
2026-06-17 20:58:57,884 INFO save_journal_deals done
2026-06-17 20:58:57,885 INFO === ONE-SHOT FETCH COMPLETE ===
2026-06-17 20:58:58,901 INFO mtmanapi64.dll loaded
2026-06-17 20:58:58,904 INFO MT4 manager instance created (ver=26215873)
2026-06-17 20:58:59,156 INFO MT4 connected and logged in. IsConnected=1
2026-06-17 21:00:01,499 INFO Connecting to MT4...
2026-06-17 21:00:01,635 INFO mtmanapi64.dll loaded
2026-06-17 21:00:01,636 INFO MT4 manager instance created (ver=26215873)
2026-06-17 21:00:01,904 INFO MT4 connected and logged in. IsConnected=1
2026-06-17 21:00:01,906 INFO Fetching all users...
2026-06-17 21:00:02,123 INFO AdmUsersRequest: 5301 users
2026-06-17 21:00:02,124 INFO Got 5301 users, saving to clients/trading_accounts...
2026-06-17 21:00:03,222 INFO MT4 clients: 500 saved...
2026-06-17 21:00:03,576 INFO MT4 clients: 1000 saved...
2026-06-17 21:00:04,015 INFO MT4 clients: 1500 saved...
2026-06-17 21:00:04,519 INFO MT4 clients: 2000 saved...
2026-06-17 21:00:05,019 INFO MT4 clients: 2500 saved...
2026-06-17 21:00:05,517 INFO MT4 clients: 3000 saved...
2026-06-17 21:00:05,947 INFO MT4 clients: 3500 saved...
2026-06-17 21:00:06,326 INFO MT4 clients: 4000 saved...
2026-06-17 21:00:06,769 INFO MT4 clients: 4500 saved...
2026-06-17 21:00:07,162 INFO MT4 clients: 5000 saved...
2026-06-17 21:00:07,396 INFO MT4: 5301 clients saved
2026-06-17 21:00:07,397 INFO save_mt4_clients done
2026-06-17 21:00:07,397 INFO Fetching closed trade history (last 2 days)...
2026-06-17 21:00:09,125 INFO sync_trade_journal: 94863 records, 8709 closed trades in last 2d
2026-06-17 21:00:09,126 INFO Got 8709 closed trades, saving to deals...
2026-06-17 21:00:17,798 INFO MT4 journal deals saved: 8709
2026-06-17 21:00:17,799 INFO save_journal_deals done
2026-06-17 21:00:17,800 INFO === ONE-SHOT FETCH COMPLETE ===
2026-06-17 21:01:18,705 INFO Connecting to MT4...
2026-06-17 21:01:18,842 INFO mtmanapi64.dll loaded
2026-06-17 21:01:18,844 INFO MT4 manager instance created (ver=26215873)
2026-06-17 21:01:19,097 INFO MT4 connected and logged in. IsConnected=1
2026-06-17 21:01:19,098 INFO Fetching all users...
2026-06-17 21:01:19,300 INFO AdmUsersRequest: 5301 users
2026-06-17 21:01:19,301 INFO Got 5301 users, saving to clients/trading_accounts...
2026-06-17 21:01:20,426 INFO MT4 clients: 500 saved...
2026-06-17 21:01:20,812 INFO MT4 clients: 1000 saved...
2026-06-17 21:01:21,170 INFO MT4 clients: 1500 saved...
2026-06-17 21:01:21,537 INFO MT4 clients: 2000 saved...
2026-06-17 21:01:21,910 INFO MT4 clients: 2500 saved...
2026-06-17 21:01:22,295 INFO MT4 clients: 3000 saved...
2026-06-17 21:01:22,665 INFO MT4 clients: 3500 saved...
2026-06-17 21:01:23,042 INFO MT4 clients: 4000 saved...
2026-06-17 21:01:23,393 INFO MT4 clients: 4500 saved...
2026-06-17 21:01:23,779 INFO MT4 clients: 5000 saved...
2026-06-17 21:01:24,049 INFO MT4: 5301 clients saved
2026-06-17 21:01:24,050 INFO save_mt4_clients done
2026-06-17 21:01:24,050 INFO Fetching closed trade history (last 2 days)...
2026-06-17 21:01:25,737 INFO sync_trade_journal: 94863 records, 8709 closed trades in last 2d
2026-06-17 21:01:25,738 INFO Got 8709 closed trades, saving to deals...
2026-06-17 21:01:34,954 INFO MT4 journal deals saved: 8709
2026-06-17 21:01:34,954 INFO save_journal_deals done
2026-06-17 21:01:34,955 INFO === ONE-SHOT FETCH COMPLETE ===
2026-06-17 21:02:35,881 INFO Connecting to MT4...
2026-06-17 21:02:36,010 INFO mtmanapi64.dll loaded
2026-06-17 21:02:36,011 INFO MT4 manager instance created (ver=26215873)
2026-06-17 21:02:36,262 INFO MT4 connected and logged in. IsConnected=1
2026-06-17 21:02:36,263 INFO Fetching all users...
2026-06-17 21:02:36,476 INFO AdmUsersRequest: 5301 users
2026-06-17 21:02:36,477 INFO Got 5301 users, saving to clients/trading_accounts...
2026-06-17 21:02:37,458 INFO MT4 clients: 500 saved...
2026-06-17 21:02:37,772 INFO MT4 clients: 1000 saved...
2026-06-17 21:02:38,117 INFO MT4 clients: 1500 saved...
2026-06-17 21:02:38,459 INFO MT4 clients: 2000 saved...
2026-06-17 21:02:38,815 INFO MT4 clients: 2500 saved...
2026-06-17 21:02:39,180 INFO MT4 clients: 3000 saved...
2026-06-17 21:02:39,518 INFO MT4 clients: 3500 saved...
2026-06-17 21:02:39,864 INFO MT4 clients: 4000 saved...
2026-06-17 21:02:40,218 INFO MT4 clients: 4500 saved...
2026-06-17 21:02:40,563 INFO MT4 clients: 5000 saved...
2026-06-17 21:02:40,774 INFO MT4: 5301 clients saved
2026-06-17 21:02:40,775 INFO save_mt4_clients done
2026-06-17 21:02:40,775 INFO Fetching closed trade history (last 2 days)...
2026-06-17 21:02:42,464 INFO sync_trade_journal: 94863 records, 8709 closed trades in last 2d
2026-06-17 21:02:42,465 INFO Got 8709 closed trades, saving to deals...
2026-06-17 21:02:49,942 INFO MT4 journal deals saved: 8709
2026-06-17 21:02:49,942 INFO save_journal_deals done
2026-06-17 21:02:49,943 INFO === ONE-SHOT FETCH COMPLETE ===
2026-06-17 21:03:50,782 INFO Connecting to MT4...
2026-06-17 21:03:50,923 INFO mtmanapi64.dll loaded
2026-06-17 21:03:50,924 INFO MT4 manager instance created (ver=26215873)
2026-06-17 21:03:51,196 INFO MT4 connected and logged in. IsConnected=1
2026-06-17 21:03:51,197 INFO Fetching all users...
2026-06-17 21:03:51,432 INFO AdmUsersRequest: 5301 users
2026-06-17 21:03:51,445 INFO Got 5301 users, saving to clients/trading_accounts...
2026-06-17 21:03:52,726 INFO MT4 clients: 500 saved...
2026-06-17 21:03:53,132 INFO MT4 clients: 1000 saved...
2026-06-17 21:03:53,538 INFO MT4 clients: 1500 saved...
2026-06-17 21:03:54,034 INFO MT4 clients: 2000 saved...
2026-06-17 21:03:54,415 INFO MT4 clients: 2500 saved...
2026-06-17 21:03:54,849 INFO MT4 clients: 3000 saved...
2026-06-17 21:03:55,254 INFO MT4 clients: 3500 saved...
2026-06-17 21:03:55,647 INFO MT4 clients: 4000 saved...
2026-06-17 21:03:56,057 INFO MT4 clients: 4500 saved...
2026-06-17 21:03:56,467 INFO MT4 clients: 5000 saved...
2026-06-17 21:03:56,702 INFO MT4: 5301 clients saved
2026-06-17 21:03:56,703 INFO save_mt4_clients done
2026-06-17 21:03:56,704 INFO Fetching closed trade history (last 2 days)...
2026-06-17 21:03:58,400 INFO sync_trade_journal: 94863 records, 8709 closed trades in last 2d
2026-06-17 21:03:58,401 INFO Got 8709 closed trades, saving to deals...
2026-06-17 21:04:49,168 INFO MT4 journal deals saved: 8709
2026-06-17 21:04:49,168 INFO save_journal_deals done
2026-06-17 21:04:49,169 INFO === ONE-SHOT FETCH COMPLETE ===
2026-06-17 21:05:50,665 INFO Connecting to MT4...
2026-06-17 21:05:50,886 INFO mtmanapi64.dll loaded
2026-06-17 21:05:50,887 INFO MT4 manager instance created (ver=26215873)
2026-06-17 21:05:51,095 INFO MT4 connected and logged in. IsConnected=1
2026-06-17 21:05:51,096 INFO Fetching all users...
2026-06-17 21:05:51,311 INFO AdmUsersRequest: 5301 users
2026-06-17 21:05:51,312 INFO Got 5301 users, saving to clients/trading_accounts...
2026-06-17 21:05:53,196 INFO MT4 clients: 500 saved...
2026-06-17 21:05:53,689 INFO MT4 clients: 1000 saved...
2026-06-17 21:05:54,195 INFO MT4 clients: 1500 saved...
2026-06-17 21:05:54,672 INFO MT4 clients: 2000 saved...
2026-06-17 21:05:55,138 INFO MT4 clients: 2500 saved...
2026-06-17 21:05:55,567 INFO MT4 clients: 3000 saved...
2026-06-17 21:05:55,984 INFO MT4 clients: 3500 saved...
2026-06-17 21:05:56,407 INFO MT4 clients: 4000 saved...
2026-06-17 21:05:56,829 INFO MT4 clients: 4500 saved...
2026-06-17 21:05:57,280 INFO MT4 clients: 5000 saved...
2026-06-17 21:05:57,523 INFO MT4: 5301 clients saved
2026-06-17 21:05:57,524 INFO save_mt4_clients done
2026-06-17 21:05:57,524 INFO Fetching closed trade history (last 2 days)...
2026-06-17 21:05:59,269 INFO sync_trade_journal: 94863 records, 8709 closed trades in last 2d
2026-06-17 21:05:59,270 INFO Got 8709 closed trades, saving to deals...
2026-06-17 21:06:10,848 INFO MT4 journal deals saved: 8709
2026-06-17 21:06:10,849 INFO save_journal_deals done
2026-06-17 21:06:10,849 INFO === ONE-SHOT FETCH COMPLETE ===
2026-06-17 21:07:12,062 INFO Connecting to MT4...
2026-06-17 21:07:12,209 INFO mtmanapi64.dll loaded
2026-06-17 21:07:12,210 INFO MT4 manager instance created (ver=26215873)
2026-06-17 21:07:12,465 INFO MT4 connected and logged in. IsConnected=1
2026-06-17 21:07:12,466 INFO Fetching all users...
2026-06-17 21:07:12,681 INFO AdmUsersRequest: 5301 users
2026-06-17 21:07:12,682 INFO Got 5301 users, saving to clients/trading_accounts...
2026-06-17 21:07:13,832 INFO MT4 clients: 500 saved...
2026-06-17 21:07:14,180 INFO MT4 clients: 1000 saved...
2026-06-17 21:07:14,523 INFO MT4 clients: 1500 saved...
2026-06-17 21:07:14,866 INFO MT4 clients: 2000 saved...
2026-06-17 21:07:15,222 INFO MT4 clients: 2500 saved...
2026-06-17 21:07:15,560 INFO MT4 clients: 3000 saved...
2026-06-17 21:07:15,893 INFO MT4 clients: 3500 saved...
2026-06-17 21:07:16,280 INFO MT4 clients: 4000 saved...
2026-06-17 21:07:16,665 INFO MT4 clients: 4500 saved...
2026-06-17 21:07:17,071 INFO MT4 clients: 5000 saved...
2026-06-17 21:07:17,294 INFO MT4: 5301 clients saved
2026-06-17 21:07:17,295 INFO save_mt4_clients done
2026-06-17 21:07:17,295 INFO Fetching closed trade history (last 2 days)...
2026-06-17 21:07:19,023 INFO sync_trade_journal: 94863 records, 8709 closed trades in last 2d
2026-06-17 21:07:19,024 INFO Got 8709 closed trades, saving to deals...
2026-06-17 21:08:14,772 INFO MT4 journal deals saved: 8709
2026-06-17 21:08:14,772 INFO save_journal_deals done
2026-06-17 21:08:14,773 INFO === ONE-SHOT FETCH COMPLETE ===
2026-06-17 21:09:15,717 INFO Connecting to MT4...
2026-06-17 21:09:15,854 INFO mtmanapi64.dll loaded
2026-06-17 21:09:15,855 INFO MT4 manager instance created (ver=26215873)
2026-06-17 21:09:16,107 INFO MT4 connected and logged in. IsConnected=1
2026-06-17 21:09:16,108 INFO Fetching all users...
2026-06-17 21:09:16,312 INFO AdmUsersRequest: 5301 users
2026-06-17 21:09:16,313 INFO Got 5301 users, saving to clients/trading_accounts...
2026-06-17 21:09:17,568 INFO MT4 clients: 500 saved...
2026-06-17 21:09:17,956 INFO MT4 clients: 1000 saved...
2026-06-17 21:09:18,363 INFO MT4 clients: 1500 saved...
2026-06-17 21:09:18,740 INFO MT4 clients: 2000 saved...
2026-06-17 21:09:19,138 INFO MT4 clients: 2500 saved...
2026-06-17 21:09:19,525 INFO MT4 clients: 3000 saved...
2026-06-17 21:09:19,910 INFO MT4 clients: 3500 saved...
2026-06-17 21:09:20,311 INFO MT4 clients: 4000 saved...
2026-06-17 21:09:20,696 INFO MT4 clients: 4500 saved...
2026-06-17 21:09:21,094 INFO MT4 clients: 5000 saved...
2026-06-17 21:09:21,341 INFO MT4: 5301 clients saved
2026-06-17 21:09:21,342 INFO save_mt4_clients done
2026-06-17 21:09:21,343 INFO Fetching closed trade history (last 2 days)...
2026-06-17 21:09:23,050 INFO sync_trade_journal: 94863 records, 8709 closed trades in last 2d
2026-06-17 21:09:23,051 INFO Got 8709 closed trades, saving to deals...
2026-06-17 21:09:32,098 INFO MT4 journal deals saved: 8709
2026-06-17 21:09:32,099 INFO save_journal_deals done
2026-06-17 21:09:32,100 INFO === ONE-SHOT FETCH COMPLETE ===
2026-06-17 21:10:33,003 INFO Connecting to MT4...
2026-06-17 21:10:33,151 INFO mtmanapi64.dll loaded
2026-06-17 21:10:33,152 INFO MT4 manager instance created (ver=26215873)
2026-06-17 21:10:33,404 INFO MT4 connected and logged in. IsConnected=1
2026-06-17 21:10:33,405 INFO Fetching all users...
2026-06-17 21:10:33,615 INFO AdmUsersRequest: 5301 users
2026-06-17 21:10:33,616 INFO Got 5301 users, saving to clients/trading_accounts...
2026-06-17 21:10:34,825 INFO MT4 clients: 500 saved...
2026-06-17 21:10:35,196 INFO MT4 clients: 1000 saved...
2026-06-17 21:10:35,621 INFO MT4 clients: 1500 saved...
2026-06-17 21:10:36,037 INFO MT4 clients: 2000 saved...
2026-06-17 21:10:36,426 INFO MT4 clients: 2500 saved...
2026-06-17 21:10:36,823 INFO MT4 clients: 3000 saved...
2026-06-17 21:10:37,212 INFO MT4 clients: 3500 saved...
2026-06-17 21:10:37,604 INFO MT4 clients: 4000 saved...
2026-06-17 21:10:37,978 INFO MT4 clients: 4500 saved...
2026-06-17 21:10:38,367 INFO MT4 clients: 5000 saved...
2026-06-17 21:10:38,617 INFO MT4: 5301 clients saved
2026-06-17 21:10:38,618 INFO save_mt4_clients done
2026-06-17 21:10:38,618 INFO Fetching closed trade history (last 2 days)...
2026-06-17 21:10:40,352 INFO sync_trade_journal: 94863 records, 8709 closed trades in last 2d
2026-06-17 21:10:40,353 INFO Got 8709 closed trades, saving to deals...
2026-06-17 21:10:49,609 INFO MT4 journal deals saved: 8709
2026-06-17 21:10:49,610 INFO save_journal_deals done
2026-06-17 21:10:49,610 INFO === ONE-SHOT FETCH COMPLETE ===
2026-06-17 21:11:50,558 INFO Connecting to MT4...
2026-06-17 21:11:50,694 INFO mtmanapi64.dll loaded
2026-06-17 21:11:50,695 INFO MT4 manager instance created (ver=26215873)
2026-06-17 21:11:50,955 INFO MT4 connected and logged in. IsConnected=1
2026-06-17 21:11:50,956 INFO Fetching all users...
2026-06-17 21:11:51,168 INFO AdmUsersRequest: 5301 users
2026-06-17 21:11:51,169 INFO Got 5301 users, saving to clients/trading_accounts...
2026-06-17 21:11:52,295 INFO MT4 clients: 500 saved...
2026-06-17 21:11:52,646 INFO MT4 clients: 1000 saved...
2026-06-17 21:11:53,026 INFO MT4 clients: 1500 saved...
2026-06-17 21:11:53,382 INFO MT4 clients: 2000 saved...
2026-06-17 21:11:53,721 INFO MT4 clients: 2500 saved...
2026-06-17 21:11:54,087 INFO MT4 clients: 3000 saved...
2026-06-17 21:11:54,447 INFO MT4 clients: 3500 saved...
2026-06-17 21:11:54,814 INFO MT4 clients: 4000 saved...
2026-06-17 21:11:55,190 INFO MT4 clients: 4500 saved...
2026-06-17 21:11:55,550 INFO MT4 clients: 5000 saved...
2026-06-17 21:11:55,757 INFO MT4: 5301 clients saved
2026-06-17 21:11:55,758 INFO save_mt4_clients done
2026-06-17 21:11:55,758 INFO Fetching closed trade history (last 2 days)...
2026-06-17 21:11:57,442 INFO sync_trade_journal: 94863 records, 8709 closed trades in last 2d
2026-06-17 21:11:57,443 INFO Got 8709 closed trades, saving to deals...
2026-06-17 21:12:06,417 INFO MT4 journal deals saved: 8709
2026-06-17 21:12:06,418 INFO save_journal_deals done
2026-06-17 21:12:06,418 INFO === ONE-SHOT FETCH COMPLETE ===
2026-06-17 21:13:07,395 INFO Connecting to MT4...
2026-06-17 21:13:07,534 INFO mtmanapi64.dll loaded
2026-06-17 21:13:07,535 INFO MT4 manager instance created (ver=26215873)
2026-06-17 21:13:07,791 INFO MT4 connected and logged in. IsConnected=1
2026-06-17 21:13:07,791 INFO Fetching all users...
2026-06-17 21:13:08,004 INFO AdmUsersRequest: 5301 users
2026-06-17 21:13:08,005 INFO Got 5301 users, saving to clients/trading_accounts...
2026-06-17 21:13:09,286 INFO MT4 clients: 500 saved...
2026-06-17 21:13:09,675 INFO MT4 clients: 1000 saved...
2026-06-17 21:13:10,088 INFO MT4 clients: 1500 saved...
2026-06-17 21:13:10,481 INFO MT4 clients: 2000 saved...
2026-06-17 21:13:10,870 INFO MT4 clients: 2500 saved...
2026-06-17 21:13:11,287 INFO MT4 clients: 3000 saved...
2026-06-17 21:13:11,706 INFO MT4 clients: 3500 saved...
2026-06-17 21:13:12,145 INFO MT4 clients: 4000 saved...
2026-06-17 21:13:12,559 INFO MT4 clients: 4500 saved...
2026-06-17 21:13:12,967 INFO MT4 clients: 5000 saved...
2026-06-17 21:13:13,221 INFO MT4: 5301 clients saved
2026-06-17 21:13:13,221 INFO save_mt4_clients done
2026-06-17 21:13:13,222 INFO Fetching closed trade history (last 2 days)...
2026-06-17 21:13:15,021 INFO sync_trade_journal: 94863 records, 8709 closed trades in last 2d
2026-06-17 21:13:15,022 INFO Got 8709 closed trades, saving to deals...
2026-06-17 21:15:12,412 INFO MT4 journal deals saved: 8709
2026-06-17 21:15:12,413 INFO save_journal_deals done
2026-06-17 21:15:12,413 INFO === ONE-SHOT FETCH COMPLETE ===
2026-06-17 21:15:13,738 INFO mtmanapi64.dll loaded
2026-06-17 21:15:13,741 INFO MT4 manager instance created (ver=26215873)
2026-06-17 21:15:13,950 INFO MT4 connected and logged in. IsConnected=1
2026-06-17 21:16:16,361 INFO Connecting to MT4...
2026-06-17 21:16:16,497 INFO mtmanapi64.dll loaded
2026-06-17 21:16:16,498 INFO MT4 manager instance created (ver=26215873)
2026-06-17 21:16:16,746 INFO MT4 connected and logged in. IsConnected=1
2026-06-17 21:16:16,747 INFO Fetching all users...
2026-06-17 21:16:16,952 INFO AdmUsersRequest: 5301 users
2026-06-17 21:16:16,953 INFO Got 5301 users, saving to clients/trading_accounts...
2026-06-17 21:16:18,070 INFO MT4 clients: 500 saved...
2026-06-17 21:16:18,447 INFO MT4 clients: 1000 saved...
2026-06-17 21:16:18,843 INFO MT4 clients: 1500 saved...
2026-06-17 21:16:19,225 INFO MT4 clients: 2000 saved...
2026-06-17 21:16:19,584 INFO MT4 clients: 2500 saved...
2026-06-17 21:16:19,946 INFO MT4 clients: 3000 saved...
2026-06-17 21:16:20,278 INFO MT4 clients: 3500 saved...
2026-06-17 21:16:20,599 INFO MT4 clients: 4000 saved...
2026-06-17 21:16:20,932 INFO MT4 clients: 4500 saved...
2026-06-17 21:16:21,249 INFO MT4 clients: 5000 saved...
2026-06-17 21:16:21,446 INFO MT4: 5301 clients saved
2026-06-17 21:16:21,447 INFO save_mt4_clients done
2026-06-17 21:16:21,448 INFO Fetching closed trade history (last 2 days)...
2026-06-17 21:16:23,189 INFO sync_trade_journal: 94863 records, 8709 closed trades in last 2d
2026-06-17 21:16:23,190 INFO Got 8709 closed trades, saving to deals...
2026-06-17 21:16:32,071 INFO MT4 journal deals saved: 8709
2026-06-17 21:16:32,072 INFO save_journal_deals done
2026-06-17 21:16:32,073 INFO === ONE-SHOT FETCH COMPLETE ===
2026-06-17 21:17:32,921 INFO Connecting to MT4...
2026-06-17 21:17:33,048 INFO mtmanapi64.dll loaded
2026-06-17 21:17:33,049 INFO MT4 manager instance created (ver=26215873)
2026-06-17 21:17:33,299 INFO MT4 connected and logged in. IsConnected=1
2026-06-17 21:17:33,300 INFO Fetching all users...
2026-06-17 21:17:33,507 INFO AdmUsersRequest: 5301 users
2026-06-17 21:17:33,508 INFO Got 5301 users, saving to clients/trading_accounts...
2026-06-17 21:17:34,552 INFO MT4 clients: 500 saved...
2026-06-17 21:17:34,878 INFO MT4 clients: 1000 saved...
2026-06-17 21:17:35,209 INFO MT4 clients: 1500 saved...
2026-06-17 21:17:35,536 INFO MT4 clients: 2000 saved...
2026-06-17 21:17:35,863 INFO MT4 clients: 2500 saved...
2026-06-17 21:17:36,187 INFO MT4 clients: 3000 saved...
2026-06-17 21:17:36,508 INFO MT4 clients: 3500 saved...
2026-06-17 21:17:36,828 INFO MT4 clients: 4000 saved...
2026-06-17 21:17:37,154 INFO MT4 clients: 4500 saved...
2026-06-17 21:17:37,478 INFO MT4 clients: 5000 saved...
2026-06-17 21:17:37,672 INFO MT4: 5301 clients saved
2026-06-17 21:17:37,672 INFO save_mt4_clients done
2026-06-17 21:17:37,673 INFO Fetching closed trade history (last 2 days)...
2026-06-17 21:17:39,324 INFO sync_trade_journal: 94863 records, 8709 closed trades in last 2d
2026-06-17 21:17:39,325 INFO Got 8709 closed trades, saving to deals...
2026-06-17 21:17:47,160 INFO MT4 journal deals saved: 8709
2026-06-17 21:17:47,161 INFO save_journal_deals done
2026-06-17 21:17:47,162 INFO === ONE-SHOT FETCH COMPLETE ===
2026-06-17 21:18:47,879 INFO Connecting to MT4...
2026-06-17 21:18:48,008 INFO mtmanapi64.dll loaded
2026-06-17 21:18:48,009 INFO MT4 manager instance created (ver=26215873)
2026-06-17 21:18:48,263 INFO MT4 connected and logged in. IsConnected=1
2026-06-17 21:18:48,264 INFO Fetching all users...
2026-06-17 21:18:48,467 INFO AdmUsersRequest: 5301 users
2026-06-17 21:18:48,468 INFO Got 5301 users, saving to clients/trading_accounts...
2026-06-17 21:18:49,412 INFO MT4 clients: 500 saved...
2026-06-17 21:18:49,710 INFO MT4 clients: 1000 saved...
2026-06-17 21:18:50,016 INFO MT4 clients: 1500 saved...
2026-06-17 21:18:50,323 INFO MT4 clients: 2000 saved...
2026-06-17 21:18:50,648 INFO MT4 clients: 2500 saved...
2026-06-17 21:18:50,958 INFO MT4 clients: 3000 saved...
2026-06-17 21:18:51,282 INFO MT4 clients: 3500 saved...
2026-06-17 21:18:51,594 INFO MT4 clients: 4000 saved...
2026-06-17 21:18:51,915 INFO MT4 clients: 4500 saved...
2026-06-17 21:18:52,223 INFO MT4 clients: 5000 saved...
2026-06-17 21:18:52,404 INFO MT4: 5301 clients saved
2026-06-17 21:18:52,404 INFO save_mt4_clients done
2026-06-17 21:18:52,405 INFO Fetching closed trade history (last 2 days)...
2026-06-17 21:18:54,135 INFO sync_trade_journal: 94863 records, 8709 closed trades in last 2d
2026-06-17 21:18:54,136 INFO Got 8709 closed trades, saving to deals...
2026-06-17 21:19:02,725 INFO MT4 journal deals saved: 8709
2026-06-17 21:19:02,725 INFO save_journal_deals done
2026-06-17 21:19:02,726 INFO === ONE-SHOT FETCH COMPLETE ===
2026-06-17 21:20:03,562 INFO Connecting to MT4...
2026-06-17 21:20:03,696 INFO mtmanapi64.dll loaded
2026-06-17 21:20:03,697 INFO MT4 manager instance created (ver=26215873)
2026-06-17 21:20:03,951 INFO MT4 connected and logged in. IsConnected=1
2026-06-17 21:20:03,952 INFO Fetching all users...
2026-06-17 21:20:04,149 INFO AdmUsersRequest: 5301 users
2026-06-17 21:20:04,150 INFO Got 5301 users, saving to clients/trading_accounts...
2026-06-17 21:20:05,158 INFO MT4 clients: 500 saved...
2026-06-17 21:20:05,516 INFO MT4 clients: 1000 saved...
2026-06-17 21:20:05,851 INFO MT4 clients: 1500 saved...
2026-06-17 21:20:06,208 INFO MT4 clients: 2000 saved...
2026-06-17 21:20:06,558 INFO MT4 clients: 2500 saved...
2026-06-17 21:20:06,884 INFO MT4 clients: 3000 saved...
2026-06-17 21:20:07,218 INFO MT4 clients: 3500 saved...
2026-06-17 21:20:07,574 INFO MT4 clients: 4000 saved...
2026-06-17 21:20:07,944 INFO MT4 clients: 4500 saved...
2026-06-17 21:20:08,301 INFO MT4 clients: 5000 saved...
2026-06-17 21:20:08,503 INFO MT4: 5301 clients saved
2026-06-17 21:20:08,504 INFO save_mt4_clients done
2026-06-17 21:20:08,505 INFO Fetching closed trade history (last 2 days)...
2026-06-17 21:20:10,222 INFO sync_trade_journal: 94863 records, 8709 closed trades in last 2d
2026-06-17 21:20:10,223 INFO Got 8709 closed trades, saving to deals...
2026-06-17 21:20:18,109 INFO MT4 journal deals saved: 8709
2026-06-17 21:20:18,110 INFO save_journal_deals done
2026-06-17 21:20:18,110 INFO === ONE-SHOT FETCH COMPLETE ===
2026-06-17 21:21:19,542 INFO Connecting to MT4...
2026-06-17 21:21:19,737 INFO mtmanapi64.dll loaded
2026-06-17 21:21:19,738 INFO MT4 manager instance created (ver=26215873)
2026-06-17 21:21:20,028 INFO MT4 connected and logged in. IsConnected=1
2026-06-17 21:21:20,029 INFO Fetching all users...
2026-06-17 21:21:20,230 INFO AdmUsersRequest: 5301 users
2026-06-17 21:21:20,230 INFO Got 5301 users, saving to clients/trading_accounts...
2026-06-17 21:21:22,193 INFO MT4 clients: 500 saved...
2026-06-17 21:21:22,625 INFO MT4 clients: 1000 saved...
2026-06-17 21:21:23,065 INFO MT4 clients: 1500 saved...
2026-06-17 21:21:23,468 INFO MT4 clients: 2000 saved...
2026-06-17 21:21:23,901 INFO MT4 clients: 2500 saved...
2026-06-17 21:21:24,328 INFO MT4 clients: 3000 saved...
2026-06-17 21:21:24,850 INFO MT4 clients: 3500 saved...
2026-06-17 21:21:25,272 INFO MT4 clients: 4000 saved...
2026-06-17 21:21:25,699 INFO MT4 clients: 4500 saved...
2026-06-17 21:21:26,110 INFO MT4 clients: 5000 saved...
2026-06-17 21:21:26,373 INFO MT4: 5301 clients saved
2026-06-17 21:21:26,374 INFO save_mt4_clients done
2026-06-17 21:21:26,374 INFO Fetching closed trade history (last 2 days)...
2026-06-17 21:21:28,345 INFO sync_trade_journal: 94863 records, 8709 closed trades in last 2d
2026-06-17 21:21:28,346 INFO Got 8709 closed trades, saving to deals...
2026-06-17 21:21:38,664 INFO MT4 journal deals saved: 8709
2026-06-17 21:21:38,665 INFO save_journal_deals done
2026-06-17 21:21:38,665 INFO === ONE-SHOT FETCH COMPLETE ===
2026-06-17 21:22:39,704 INFO Connecting to MT4...
2026-06-17 21:22:39,841 INFO mtmanapi64.dll loaded
2026-06-17 21:22:39,842 INFO MT4 manager instance created (ver=26215873)
2026-06-17 21:22:40,094 INFO MT4 connected and logged in. IsConnected=1
2026-06-17 21:22:40,095 INFO Fetching all users...
2026-06-17 21:22:40,309 INFO AdmUsersRequest: 5301 users
2026-06-17 21:22:40,310 INFO Got 5301 users, saving to clients/trading_accounts...
2026-06-17 21:22:41,530 INFO MT4 clients: 500 saved...
2026-06-17 21:22:41,880 INFO MT4 clients: 1000 saved...
2026-06-17 21:22:42,241 INFO MT4 clients: 1500 saved...
2026-06-17 21:22:42,608 INFO MT4 clients: 2000 saved...
2026-06-17 21:22:42,988 INFO MT4 clients: 2500 saved...
2026-06-17 21:22:43,340 INFO MT4 clients: 3000 saved...
2026-06-17 21:22:43,702 INFO MT4 clients: 3500 saved...
2026-06-17 21:22:44,056 INFO MT4 clients: 4000 saved...
2026-06-17 21:22:44,438 INFO MT4 clients: 4500 saved...
2026-06-17 21:22:44,843 INFO MT4 clients: 5000 saved...
2026-06-17 21:22:45,071 INFO MT4: 5301 clients saved
2026-06-17 21:22:45,072 INFO save_mt4_clients done
2026-06-17 21:22:45,072 INFO Fetching closed trade history (last 2 days)...
2026-06-17 21:22:46,749 INFO sync_trade_journal: 94863 records, 8709 closed trades in last 2d
2026-06-17 21:22:46,750 INFO Got 8709 closed trades, saving to deals...
2026-06-17 21:23:45,534 INFO MT4 journal deals saved: 8709
2026-06-17 21:23:45,535 INFO save_journal_deals done
2026-06-17 21:23:45,536 INFO === ONE-SHOT FETCH COMPLETE ===
2026-06-17 21:24:46,618 INFO Connecting to MT4...
2026-06-17 21:24:46,765 INFO mtmanapi64.dll loaded
2026-06-17 21:24:46,766 INFO MT4 manager instance created (ver=26215873)
2026-06-17 21:24:47,029 INFO MT4 connected and logged in. IsConnected=1
2026-06-17 21:24:47,030 INFO Fetching all users...
2026-06-17 21:24:47,238 INFO AdmUsersRequest: 5301 users
2026-06-17 21:24:47,239 INFO Got 5301 users, saving to clients/trading_accounts...
2026-06-17 21:24:48,735 INFO MT4 clients: 500 saved...
2026-06-17 21:24:49,165 INFO MT4 clients: 1000 saved...
2026-06-17 21:24:49,590 INFO MT4 clients: 1500 saved...
2026-06-17 21:24:50,019 INFO MT4 clients: 2000 saved...
2026-06-17 21:24:50,450 INFO MT4 clients: 2500 saved...
2026-06-17 21:24:50,884 INFO MT4 clients: 3000 saved...
2026-06-17 21:24:51,287 INFO MT4 clients: 3500 saved...
2026-06-17 21:24:51,712 INFO MT4 clients: 4000 saved...
2026-06-17 21:24:52,137 INFO MT4 clients: 4500 saved...
2026-06-17 21:24:52,595 INFO MT4 clients: 5000 saved...
2026-06-17 21:24:52,840 INFO MT4: 5301 clients saved
2026-06-17 21:24:52,840 INFO save_mt4_clients done
2026-06-17 21:24:52,841 INFO Fetching closed trade history (last 2 days)...
2026-06-17 21:24:54,595 INFO sync_trade_journal: 94863 records, 8709 closed trades in last 2d
2026-06-17 21:24:54,596 INFO Got 8709 closed trades, saving to deals...
2026-06-17 21:25:49,574 INFO MT4 journal deals saved: 8709
2026-06-17 21:25:49,574 INFO save_journal_deals done
2026-06-17 21:25:49,575 INFO === ONE-SHOT FETCH COMPLETE ===
2026-06-17 21:26:50,544 INFO Connecting to MT4...
2026-06-17 21:26:50,675 INFO mtmanapi64.dll loaded
2026-06-17 21:26:50,676 INFO MT4 manager instance created (ver=26215873)
2026-06-17 21:26:50,932 INFO MT4 connected and logged in. IsConnected=1
2026-06-17 21:26:50,932 INFO Fetching all users...
2026-06-17 21:26:51,161 INFO AdmUsersRequest: 5301 users
2026-06-17 21:26:51,162 INFO Got 5301 users, saving to clients/trading_accounts...
2026-06-17 21:26:52,191 INFO MT4 clients: 500 saved...
2026-06-17 21:26:52,545 INFO MT4 clients: 1000 saved...
2026-06-17 21:26:52,909 INFO MT4 clients: 1500 saved...
2026-06-17 21:26:53,280 INFO MT4 clients: 2000 saved...
2026-06-17 21:26:53,647 INFO MT4 clients: 2500 saved...
2026-06-17 21:26:54,016 INFO MT4 clients: 3000 saved...
2026-06-17 21:26:54,370 INFO MT4 clients: 3500 saved...
2026-06-17 21:26:54,742 INFO MT4 clients: 4000 saved...
2026-06-17 21:26:55,119 INFO MT4 clients: 4500 saved...
2026-06-17 21:26:55,500 INFO MT4 clients: 5000 saved...
2026-06-17 21:26:55,734 INFO MT4: 5301 clients saved
2026-06-17 21:26:55,735 INFO save_mt4_clients done
2026-06-17 21:26:55,735 INFO Fetching closed trade history (last 2 days)...
2026-06-17 21:26:57,437 INFO sync_trade_journal: 94863 records, 8709 closed trades in last 2d
2026-06-17 21:26:57,438 INFO Got 8709 closed trades, saving to deals...
2026-06-17 21:27:07,018 INFO MT4 journal deals saved: 8709
2026-06-17 21:27:07,019 INFO save_journal_deals done
2026-06-17 21:27:07,019 INFO === ONE-SHOT FETCH COMPLETE ===
2026-06-17 21:28:08,004 INFO Connecting to MT4...
2026-06-17 21:28:08,144 INFO mtmanapi64.dll loaded
2026-06-17 21:28:08,146 INFO MT4 manager instance created (ver=26215873)
2026-06-17 21:28:08,348 INFO MT4 connected and logged in. IsConnected=1
2026-06-17 21:28:08,349 INFO Fetching all users...
2026-06-17 21:28:08,560 INFO AdmUsersRequest: 5301 users
2026-06-17 21:28:08,561 INFO Got 5301 users, saving to clients/trading_accounts...
2026-06-17 21:28:09,699 INFO MT4 clients: 500 saved...
2026-06-17 21:28:10,088 INFO MT4 clients: 1000 saved...
2026-06-17 21:28:10,478 INFO MT4 clients: 1500 saved...
2026-06-17 21:28:10,867 INFO MT4 clients: 2000 saved...
2026-06-17 21:28:11,247 INFO MT4 clients: 2500 saved...
2026-06-17 21:28:11,642 INFO MT4 clients: 3000 saved...
2026-06-17 21:28:12,057 INFO MT4 clients: 3500 saved...
2026-06-17 21:28:12,474 INFO MT4 clients: 4000 saved...
2026-06-17 21:28:12,845 INFO MT4 clients: 4500 saved...
2026-06-17 21:28:13,248 INFO MT4 clients: 5000 saved...
2026-06-17 21:28:13,495 INFO MT4: 5301 clients saved
2026-06-17 21:28:13,496 INFO save_mt4_clients done
2026-06-17 21:28:13,497 INFO Fetching closed trade history (last 2 days)...
2026-06-17 21:28:15,193 INFO sync_trade_journal: 94863 records, 8709 closed trades in last 2d
2026-06-17 21:28:15,194 INFO Got 8709 closed trades, saving to deals...
2026-06-17 21:28:24,315 INFO MT4 journal deals saved: 8709
2026-06-17 21:28:24,315 INFO save_journal_deals done
2026-06-17 21:28:24,316 INFO === ONE-SHOT FETCH COMPLETE ===
2026-06-17 21:29:25,139 INFO Connecting to MT4...
2026-06-17 21:29:25,273 INFO mtmanapi64.dll loaded
2026-06-17 21:29:25,274 INFO MT4 manager instance created (ver=26215873)
2026-06-17 21:29:25,530 INFO MT4 connected and logged in. IsConnected=1
2026-06-17 21:29:25,531 INFO Fetching all users...
2026-06-17 21:29:25,752 INFO AdmUsersRequest: 5301 users
2026-06-17 21:29:25,753 INFO Got 5301 users, saving to clients/trading_accounts...
2026-06-17 21:29:26,879 INFO MT4 clients: 500 saved...
2026-06-17 21:29:27,288 INFO MT4 clients: 1000 saved...
2026-06-17 21:29:27,683 INFO MT4 clients: 1500 saved...
2026-06-17 21:29:28,072 INFO MT4 clients: 2000 saved...
2026-06-17 21:29:28,442 INFO MT4 clients: 2500 saved...
2026-06-17 21:29:28,817 INFO MT4 clients: 3000 saved...
2026-06-17 21:29:29,185 INFO MT4 clients: 3500 saved...
2026-06-17 21:29:29,589 INFO MT4 clients: 4000 saved...
2026-06-17 21:29:29,990 INFO MT4 clients: 4500 saved...
2026-06-17 21:29:30,408 INFO MT4 clients: 5000 saved...
2026-06-17 21:29:30,649 INFO MT4: 5301 clients saved
2026-06-17 21:29:30,650 INFO save_mt4_clients done
2026-06-17 21:29:30,650 INFO Fetching closed trade history (last 2 days)...
2026-06-17 21:29:32,373 INFO sync_trade_journal: 94863 records, 8709 closed trades in last 2d
2026-06-17 21:29:32,374 INFO Got 8709 closed trades, saving to deals...
2026-06-17 21:29:42,014 INFO MT4 journal deals saved: 8709
2026-06-17 21:29:42,015 INFO save_journal_deals done
2026-06-17 21:29:42,016 INFO === ONE-SHOT FETCH COMPLETE ===
2026-06-17 21:29:43,100 INFO mtmanapi64.dll loaded
2026-06-17 21:29:43,102 INFO MT4 manager instance created (ver=26215873)
2026-06-17 21:29:43,354 INFO MT4 connected and logged in. IsConnected=1
2026-06-17 21:30:45,673 INFO Connecting to MT4...
2026-06-17 21:30:45,808 INFO mtmanapi64.dll loaded
2026-06-17 21:30:45,809 INFO MT4 manager instance created (ver=26215873)
2026-06-17 21:30:46,068 INFO MT4 connected and logged in. IsConnected=1
2026-06-17 21:30:46,069 INFO Fetching all users...
2026-06-17 21:30:46,286 INFO AdmUsersRequest: 5301 users
2026-06-17 21:30:46,287 INFO Got 5301 users, saving to clients/trading_accounts...
2026-06-17 21:30:47,415 INFO MT4 clients: 500 saved...
2026-06-17 21:30:47,785 INFO MT4 clients: 1000 saved...
2026-06-17 21:30:48,172 INFO MT4 clients: 1500 saved...
2026-06-17 21:30:48,542 INFO MT4 clients: 2000 saved...
2026-06-17 21:30:48,909 INFO MT4 clients: 2500 saved...
2026-06-17 21:30:49,269 INFO MT4 clients: 3000 saved...
2026-06-17 21:30:49,630 INFO MT4 clients: 3500 saved...
2026-06-17 21:30:50,003 INFO MT4 clients: 4000 saved...
2026-06-17 21:30:50,372 INFO MT4 clients: 4500 saved...
2026-06-17 21:30:50,741 INFO MT4 clients: 5000 saved...
2026-06-17 21:30:50,964 INFO MT4: 5301 clients saved
2026-06-17 21:30:50,965 INFO save_mt4_clients done
2026-06-17 21:30:50,966 INFO Fetching closed trade history (last 2 days)...
2026-06-17 21:30:52,651 INFO sync_trade_journal: 94863 records, 8709 closed trades in last 2d
2026-06-17 21:30:52,652 INFO Got 8709 closed trades, saving to deals...
2026-06-17 21:31:01,575 INFO MT4 journal deals saved: 8709
2026-06-17 21:31:01,576 INFO save_journal_deals done
2026-06-17 21:31:01,576 INFO === ONE-SHOT FETCH COMPLETE ===
2026-06-17 21:32:02,438 INFO Connecting to MT4...
2026-06-17 21:32:02,569 INFO mtmanapi64.dll loaded
2026-06-17 21:32:02,570 INFO MT4 manager instance created (ver=26215873)
2026-06-17 21:32:02,775 INFO MT4 connected and logged in. IsConnected=1
2026-06-17 21:32:02,776 INFO Fetching all users...
2026-06-17 21:32:02,971 INFO AdmUsersRequest: 5301 users
2026-06-17 21:32:02,972 INFO Got 5301 users, saving to clients/trading_accounts...
2026-06-17 21:32:04,123 INFO MT4 clients: 500 saved...
2026-06-17 21:32:04,508 INFO MT4 clients: 1000 saved...
2026-06-17 21:32:04,894 INFO MT4 clients: 1500 saved...
2026-06-17 21:32:05,258 INFO MT4 clients: 2000 saved...
2026-06-17 21:32:05,660 INFO MT4 clients: 2500 saved...
2026-06-17 21:32:06,036 INFO MT4 clients: 3000 saved...
2026-06-17 21:32:06,437 INFO MT4 clients: 3500 saved...
2026-06-17 21:32:06,830 INFO MT4 clients: 4000 saved...
2026-06-17 21:32:07,214 INFO MT4 clients: 4500 saved...
2026-06-17 21:32:07,619 INFO MT4 clients: 5000 saved...
2026-06-17 21:32:07,848 INFO MT4: 5301 clients saved
2026-06-17 21:32:07,849 INFO save_mt4_clients done
2026-06-17 21:32:07,850 INFO Fetching closed trade history (last 2 days)...
2026-06-17 21:32:09,522 INFO sync_trade_journal: 94863 records, 8709 closed trades in last 2d
2026-06-17 21:32:09,523 INFO Got 8709 closed trades, saving to deals...
2026-06-17 21:32:18,935 INFO MT4 journal deals saved: 8709
2026-06-17 21:32:18,936 INFO save_journal_deals done
2026-06-17 21:32:18,937 INFO === ONE-SHOT FETCH COMPLETE ===
2026-06-17 21:33:19,833 INFO Connecting to MT4...
2026-06-17 21:33:19,970 INFO mtmanapi64.dll loaded
2026-06-17 21:33:19,971 INFO MT4 manager instance created (ver=26215873)
2026-06-17 21:33:20,247 INFO MT4 connected and logged in. IsConnected=1
2026-06-17 21:33:20,248 INFO Fetching all users...
2026-06-17 21:33:20,472 INFO AdmUsersRequest: 5301 users
2026-06-17 21:33:20,473 INFO Got 5301 users, saving to clients/trading_accounts...
2026-06-17 21:33:21,570 INFO MT4 clients: 500 saved...
2026-06-17 21:33:21,936 INFO MT4 clients: 1000 saved...
2026-06-17 21:33:22,332 INFO MT4 clients: 1500 saved...
2026-06-17 21:33:22,684 INFO MT4 clients: 2000 saved...
2026-06-17 21:33:23,054 INFO MT4 clients: 2500 saved...
2026-06-17 21:33:23,505 INFO MT4 clients: 3000 saved...
2026-06-17 21:33:23,862 INFO MT4 clients: 3500 saved...
2026-06-17 21:33:24,226 INFO MT4 clients: 4000 saved...
2026-06-17 21:33:24,589 INFO MT4 clients: 4500 saved...
2026-06-17 21:33:24,976 INFO MT4 clients: 5000 saved...
2026-06-17 21:33:25,199 INFO MT4: 5301 clients saved
2026-06-17 21:33:25,200 INFO save_mt4_clients done
2026-06-17 21:33:25,201 INFO Fetching closed trade history (last 2 days)...
2026-06-17 21:33:26,875 INFO sync_trade_journal: 94863 records, 8709 closed trades in last 2d
2026-06-17 21:33:26,876 INFO Got 8709 closed trades, saving to deals...
2026-06-17 21:34:48,664 INFO MT4 journal deals saved: 8709
2026-06-17 21:34:48,665 INFO save_journal_deals done
2026-06-17 21:34:48,665 INFO === ONE-SHOT FETCH COMPLETE ===
2026-06-17 21:35:49,555 INFO Connecting to MT4...
2026-06-17 21:35:49,689 INFO mtmanapi64.dll loaded
2026-06-17 21:35:49,690 INFO MT4 manager instance created (ver=26215873)
2026-06-17 21:35:49,947 INFO MT4 connected and logged in. IsConnected=1
2026-06-17 21:35:49,948 INFO Fetching all users...
2026-06-17 21:35:50,155 INFO AdmUsersRequest: 5301 users
2026-06-17 21:35:50,156 INFO Got 5301 users, saving to clients/trading_accounts...
2026-06-17 21:35:51,079 INFO MT4 clients: 500 saved...
2026-06-17 21:35:51,387 INFO MT4 clients: 1000 saved...
2026-06-17 21:35:51,698 INFO MT4 clients: 1500 saved...
2026-06-17 21:35:52,003 INFO MT4 clients: 2000 saved...
2026-06-17 21:35:52,309 INFO MT4 clients: 2500 saved...
2026-06-17 21:35:52,597 INFO MT4 clients: 3000 saved...
2026-06-17 21:35:52,937 INFO MT4 clients: 3500 saved...
2026-06-17 21:35:53,237 INFO MT4 clients: 4000 saved...
2026-06-17 21:35:53,565 INFO MT4 clients: 4500 saved...
2026-06-17 21:35:53,902 INFO MT4 clients: 5000 saved...
2026-06-17 21:35:54,107 INFO MT4: 5301 clients saved
2026-06-17 21:35:54,108 INFO save_mt4_clients done
2026-06-17 21:35:54,109 INFO Fetching closed trade history (last 2 days)...
2026-06-17 21:35:55,787 INFO sync_trade_journal: 94863 records, 8709 closed trades in last 2d
2026-06-17 21:35:55,788 INFO Got 8709 closed trades, saving to deals...
2026-06-17 21:36:04,440 INFO MT4 journal deals saved: 8709
2026-06-17 21:36:04,441 INFO save_journal_deals done
2026-06-17 21:36:04,441 INFO === ONE-SHOT FETCH COMPLETE ===
2026-06-17 21:37:05,709 INFO Connecting to MT4...
2026-06-17 21:37:05,875 INFO mtmanapi64.dll loaded
2026-06-17 21:37:05,876 INFO MT4 manager instance created (ver=26215873)
2026-06-17 21:37:06,130 INFO MT4 connected and logged in. IsConnected=1
2026-06-17 21:37:06,131 INFO Fetching all users...
2026-06-17 21:37:06,331 INFO AdmUsersRequest: 5301 users
2026-06-17 21:37:06,332 INFO Got 5301 users, saving to clients/trading_accounts...
2026-06-17 21:37:07,803 INFO MT4 clients: 500 saved...
2026-06-17 21:37:08,216 INFO MT4 clients: 1000 saved...
2026-06-17 21:37:08,642 INFO MT4 clients: 1500 saved...
2026-06-17 21:37:09,024 INFO MT4 clients: 2000 saved...
2026-06-17 21:37:09,383 INFO MT4 clients: 2500 saved...
2026-06-17 21:37:09,760 INFO MT4 clients: 3000 saved...
2026-06-17 21:37:10,124 INFO MT4 clients: 3500 saved...
2026-06-17 21:37:10,506 INFO MT4 clients: 4000 saved...
2026-06-17 21:37:10,920 INFO MT4 clients: 4500 saved...
2026-06-17 21:37:11,314 INFO MT4 clients: 5000 saved...
2026-06-17 21:37:11,539 INFO MT4: 5301 clients saved
2026-06-17 21:37:11,540 INFO save_mt4_clients done
2026-06-17 21:37:11,540 INFO Fetching closed trade history (last 2 days)...
2026-06-17 21:37:13,206 INFO sync_trade_journal: 94863 records, 8709 closed trades in last 2d
2026-06-17 21:37:13,207 INFO Got 8709 closed trades, saving to deals...
2026-06-17 21:37:22,170 INFO MT4 journal deals saved: 8709
2026-06-17 21:37:22,171 INFO save_journal_deals done
2026-06-17 21:37:22,171 INFO === ONE-SHOT FETCH COMPLETE ===
2026-06-17 21:38:23,202 INFO Connecting to MT4...
2026-06-17 21:38:23,337 INFO mtmanapi64.dll loaded
2026-06-17 21:38:23,338 INFO MT4 manager instance created (ver=26215873)
2026-06-17 21:38:23,611 INFO MT4 connected and logged in. IsConnected=1
2026-06-17 21:38:23,611 INFO Fetching all users...
2026-06-17 21:38:23,827 INFO AdmUsersRequest: 5301 users
2026-06-17 21:38:23,828 INFO Got 5301 users, saving to clients/trading_accounts...
2026-06-17 21:38:24,946 INFO MT4 clients: 500 saved...
2026-06-17 21:38:25,335 INFO MT4 clients: 1000 saved...
2026-06-17 21:38:25,716 INFO MT4 clients: 1500 saved...
2026-06-17 21:38:26,123 INFO MT4 clients: 2000 saved...
2026-06-17 21:38:26,490 INFO MT4 clients: 2500 saved...
2026-06-17 21:38:26,863 INFO MT4 clients: 3000 saved...
2026-06-17 21:38:27,224 INFO MT4 clients: 3500 saved...
2026-06-17 21:38:27,595 INFO MT4 clients: 4000 saved...
2026-06-17 21:38:27,991 INFO MT4 clients: 4500 saved...
2026-06-17 21:38:28,376 INFO MT4 clients: 5000 saved...
2026-06-17 21:38:28,591 INFO MT4: 5301 clients saved
2026-06-17 21:38:28,591 INFO save_mt4_clients done
2026-06-17 21:38:28,592 INFO Fetching closed trade history (last 2 days)...
2026-06-17 21:38:30,328 INFO sync_trade_journal: 94863 records, 8709 closed trades in last 2d
2026-06-17 21:38:30,329 INFO Got 8709 closed trades, saving to deals...
2026-06-17 21:39:02,235 INFO MT4 journal deals saved: 8709
2026-06-17 21:39:02,236 INFO save_journal_deals done
2026-06-17 21:39:02,236 INFO === ONE-SHOT FETCH COMPLETE ===
2026-06-17 21:40:03,111 INFO Connecting to MT4...
2026-06-17 21:40:03,240 INFO mtmanapi64.dll loaded
2026-06-17 21:40:03,241 INFO MT4 manager instance created (ver=26215873)
2026-06-17 21:40:03,494 INFO MT4 connected and logged in. IsConnected=1
2026-06-17 21:40:03,495 INFO Fetching all users...
2026-06-17 21:40:03,714 INFO AdmUsersRequest: 5301 users
2026-06-17 21:40:03,715 INFO Got 5301 users, saving to clients/trading_accounts...
2026-06-17 21:40:04,720 INFO MT4 clients: 500 saved...
2026-06-17 21:40:05,036 INFO MT4 clients: 1000 saved...
2026-06-17 21:40:05,355 INFO MT4 clients: 1500 saved...
2026-06-17 21:40:05,674 INFO MT4 clients: 2000 saved...
2026-06-17 21:40:06,011 INFO MT4 clients: 2500 saved...
2026-06-17 21:40:06,370 INFO MT4 clients: 3000 saved...
2026-06-17 21:40:06,736 INFO MT4 clients: 3500 saved...
2026-06-17 21:40:07,102 INFO MT4 clients: 4000 saved...
2026-06-17 21:40:07,461 INFO MT4 clients: 4500 saved...
2026-06-17 21:40:07,814 INFO MT4 clients: 5000 saved...
2026-06-17 21:40:08,034 INFO MT4: 5301 clients saved
2026-06-17 21:40:08,034 INFO save_mt4_clients done
2026-06-17 21:40:08,035 INFO Fetching closed trade history (last 2 days)...
2026-06-17 21:40:09,733 INFO sync_trade_journal: 94863 records, 8709 closed trades in last 2d
2026-06-17 21:40:09,734 INFO Got 8709 closed trades, saving to deals...
2026-06-17 21:40:18,944 INFO MT4 journal deals saved: 8709
2026-06-17 21:40:18,945 INFO save_journal_deals done
2026-06-17 21:40:18,945 INFO === ONE-SHOT FETCH COMPLETE ===
2026-06-17 21:41:20,074 INFO Connecting to MT4...
2026-06-17 21:41:20,209 INFO mtmanapi64.dll loaded
2026-06-17 21:41:20,210 INFO MT4 manager instance created (ver=26215873)
2026-06-17 21:41:20,465 INFO MT4 connected and logged in. IsConnected=1
2026-06-17 21:41:20,466 INFO Fetching all users...
2026-06-17 21:41:20,669 INFO AdmUsersRequest: 5301 users
2026-06-17 21:41:20,670 INFO Got 5301 users, saving to clients/trading_accounts...
2026-06-17 21:41:21,779 INFO MT4 clients: 500 saved...
2026-06-17 21:41:22,148 INFO MT4 clients: 1000 saved...
2026-06-17 21:41:22,525 INFO MT4 clients: 1500 saved...
2026-06-17 21:41:22,923 INFO MT4 clients: 2000 saved...
2026-06-17 21:41:23,284 INFO MT4 clients: 2500 saved...
2026-06-17 21:41:23,662 INFO MT4 clients: 3000 saved...
2026-06-17 21:41:24,021 INFO MT4 clients: 3500 saved...
2026-06-17 21:41:24,384 INFO MT4 clients: 4000 saved...
2026-06-17 21:41:24,780 INFO MT4 clients: 4500 saved...
2026-06-17 21:41:25,138 INFO MT4 clients: 5000 saved...
2026-06-17 21:41:25,351 INFO MT4: 5301 clients saved
2026-06-17 21:41:25,352 INFO save_mt4_clients done
2026-06-17 21:41:25,353 INFO Fetching closed trade history (last 2 days)...
2026-06-17 21:41:27,064 INFO sync_trade_journal: 94863 records, 8709 closed trades in last 2d
2026-06-17 21:41:27,065 INFO Got 8709 closed trades, saving to deals...
2026-06-17 21:41:35,509 INFO MT4 journal deals saved: 8709
2026-06-17 21:41:35,510 INFO save_journal_deals done
2026-06-17 21:41:35,511 INFO === ONE-SHOT FETCH COMPLETE ===
2026-06-17 21:42:36,455 INFO Connecting to MT4...
2026-06-17 21:42:36,597 INFO mtmanapi64.dll loaded
2026-06-17 21:42:36,598 INFO MT4 manager instance created (ver=26215873)
2026-06-17 21:42:36,851 INFO MT4 connected and logged in. IsConnected=1
2026-06-17 21:42:36,852 INFO Fetching all users...
2026-06-17 21:42:37,069 INFO AdmUsersRequest: 5301 users
2026-06-17 21:42:37,070 INFO Got 5301 users, saving to clients/trading_accounts...
2026-06-17 21:42:38,284 INFO MT4 clients: 500 saved...
2026-06-17 21:42:38,690 INFO MT4 clients: 1000 saved...
2026-06-17 21:42:39,081 INFO MT4 clients: 1500 saved...
2026-06-17 21:42:39,467 INFO MT4 clients: 2000 saved...
2026-06-17 21:42:39,855 INFO MT4 clients: 2500 saved...
2026-06-17 21:42:40,239 INFO MT4 clients: 3000 saved...
2026-06-17 21:42:40,613 INFO MT4 clients: 3500 saved...
2026-06-17 21:42:40,999 INFO MT4 clients: 4000 saved...
2026-06-17 21:42:41,385 INFO MT4 clients: 4500 saved...
2026-06-17 21:42:41,740 INFO MT4 clients: 5000 saved...
2026-06-17 21:42:41,953 INFO MT4: 5301 clients saved
2026-06-17 21:42:41,954 INFO save_mt4_clients done
2026-06-17 21:42:41,955 INFO Fetching closed trade history (last 2 days)...
2026-06-17 21:42:43,624 INFO sync_trade_journal: 94863 records, 8709 closed trades in last 2d
2026-06-17 21:42:43,625 INFO Got 8709 closed trades, saving to deals...
2026-06-17 21:42:52,651 INFO MT4 journal deals saved: 8709
2026-06-17 21:42:52,652 INFO save_journal_deals done
2026-06-17 21:42:52,652 INFO === ONE-SHOT FETCH COMPLETE ===
2026-06-17 21:43:53,587 INFO Connecting to MT4...
2026-06-17 21:43:53,762 INFO mtmanapi64.dll loaded
2026-06-17 21:43:53,763 INFO MT4 manager instance created (ver=26215873)
2026-06-17 21:43:54,018 INFO MT4 connected and logged in. IsConnected=1
2026-06-17 21:43:54,019 INFO Fetching all users...
2026-06-17 21:43:54,235 INFO AdmUsersRequest: 5301 users
2026-06-17 21:43:54,236 INFO Got 5301 users, saving to clients/trading_accounts...
2026-06-17 21:43:55,729 INFO MT4 clients: 500 saved...
2026-06-17 21:43:56,195 INFO MT4 clients: 1000 saved...
2026-06-17 21:43:56,626 INFO MT4 clients: 1500 saved...
2026-06-17 21:43:57,102 INFO MT4 clients: 2000 saved...
2026-06-17 21:43:57,543 INFO MT4 clients: 2500 saved...
2026-06-17 21:43:57,975 INFO MT4 clients: 3000 saved...
2026-06-17 21:43:58,410 INFO MT4 clients: 3500 saved...
2026-06-17 21:43:58,862 INFO MT4 clients: 4000 saved...
2026-06-17 21:43:59,287 INFO MT4 clients: 4500 saved...
2026-06-17 21:43:59,710 INFO MT4 clients: 5000 saved...
2026-06-17 21:43:59,978 INFO MT4: 5301 clients saved
2026-06-17 21:43:59,979 INFO save_mt4_clients done
2026-06-17 21:43:59,979 INFO Fetching closed trade history (last 2 days)...
2026-06-17 21:44:01,713 INFO sync_trade_journal: 94863 records, 8709 closed trades in last 2d
2026-06-17 21:44:01,713 INFO Got 8709 closed trades, saving to deals...
2026-06-17 21:45:09,890 INFO MT4 journal deals saved: 8709
2026-06-17 21:45:09,892 INFO save_journal_deals done
2026-06-17 21:45:09,892 INFO === ONE-SHOT FETCH COMPLETE ===
2026-06-17 21:45:11,359 INFO mtmanapi64.dll loaded
2026-06-17 21:45:11,362 INFO MT4 manager instance created (ver=26215873)
2026-06-17 21:45:11,615 INFO MT4 connected and logged in. IsConnected=1
2026-06-17 21:46:14,012 INFO Connecting to MT4...
2026-06-17 21:46:14,145 INFO mtmanapi64.dll loaded
2026-06-17 21:46:14,146 INFO MT4 manager instance created (ver=26215873)
2026-06-17 21:46:14,357 INFO MT4 connected and logged in. IsConnected=1
2026-06-17 21:46:14,358 INFO Fetching all users...
2026-06-17 21:46:14,581 INFO AdmUsersRequest: 5301 users
2026-06-17 21:46:14,582 INFO Got 5301 users, saving to clients/trading_accounts...
2026-06-17 21:46:15,731 INFO MT4 clients: 500 saved...
2026-06-17 21:46:16,118 INFO MT4 clients: 1000 saved...
2026-06-17 21:46:16,483 INFO MT4 clients: 1500 saved...
2026-06-17 21:46:16,843 INFO MT4 clients: 2000 saved...
2026-06-17 21:46:17,198 INFO MT4 clients: 2500 saved...
2026-06-17 21:46:17,579 INFO MT4 clients: 3000 saved...
2026-06-17 21:46:17,943 INFO MT4 clients: 3500 saved...
2026-06-17 21:46:18,333 INFO MT4 clients: 4000 saved...
2026-06-17 21:46:18,706 INFO MT4 clients: 4500 saved...
2026-06-17 21:46:19,082 INFO MT4 clients: 5000 saved...
2026-06-17 21:46:19,310 INFO MT4: 5301 clients saved
2026-06-17 21:46:19,311 INFO save_mt4_clients done
2026-06-17 21:46:19,312 INFO Fetching closed trade history (last 2 days)...
2026-06-17 21:46:20,998 INFO sync_trade_journal: 94863 records, 8709 closed trades in last 2d
2026-06-17 21:46:20,999 INFO Got 8709 closed trades, saving to deals...
2026-06-17 21:46:30,052 INFO MT4 journal deals saved: 8709
2026-06-17 21:46:30,052 INFO save_journal_deals done
2026-06-17 21:46:30,053 INFO === ONE-SHOT FETCH COMPLETE ===
2026-06-17 21:47:30,991 INFO Connecting to MT4...
2026-06-17 21:47:31,129 INFO mtmanapi64.dll loaded
2026-06-17 21:47:31,130 INFO MT4 manager instance created (ver=26215873)
2026-06-17 21:47:31,383 INFO MT4 connected and logged in. IsConnected=1
2026-06-17 21:47:31,384 INFO Fetching all users...
2026-06-17 21:47:31,595 INFO AdmUsersRequest: 5301 users
2026-06-17 21:47:31,596 INFO Got 5301 users, saving to clients/trading_accounts...
2026-06-17 21:47:32,741 INFO MT4 clients: 500 saved...
2026-06-17 21:47:33,132 INFO MT4 clients: 1000 saved...
2026-06-17 21:47:33,544 INFO MT4 clients: 1500 saved...
2026-06-17 21:47:33,923 INFO MT4 clients: 2000 saved...
2026-06-17 21:47:34,297 INFO MT4 clients: 2500 saved...
2026-06-17 21:47:34,691 INFO MT4 clients: 3000 saved...
2026-06-17 21:47:35,046 INFO MT4 clients: 3500 saved...
2026-06-17 21:47:35,416 INFO MT4 clients: 4000 saved...
2026-06-17 21:47:35,807 INFO MT4 clients: 4500 saved...
2026-06-17 21:47:36,191 INFO MT4 clients: 5000 saved...
2026-06-17 21:47:36,427 INFO MT4: 5301 clients saved
2026-06-17 21:47:36,428 INFO save_mt4_clients done
2026-06-17 21:47:36,429 INFO Fetching closed trade history (last 2 days)...
2026-06-17 21:47:38,172 INFO sync_trade_journal: 94863 records, 8709 closed trades in last 2d
2026-06-17 21:47:38,173 INFO Got 8709 closed trades, saving to deals...
2026-06-17 21:47:47,209 INFO MT4 journal deals saved: 8709
2026-06-17 21:47:47,210 INFO save_journal_deals done
2026-06-17 21:47:47,210 INFO === ONE-SHOT FETCH COMPLETE ===
2026-06-17 21:48:48,041 INFO Connecting to MT4...
2026-06-17 21:48:48,172 INFO mtmanapi64.dll loaded
2026-06-17 21:48:48,173 INFO MT4 manager instance created (ver=26215873)
2026-06-17 21:48:48,431 INFO MT4 connected and logged in. IsConnected=1
2026-06-17 21:48:48,431 INFO Fetching all users...
2026-06-17 21:48:48,626 INFO AdmUsersRequest: 5301 users
2026-06-17 21:48:48,627 INFO Got 5301 users, saving to clients/trading_accounts...
2026-06-17 21:48:49,661 INFO MT4 clients: 500 saved...
2026-06-17 21:48:50,035 INFO MT4 clients: 1000 saved...
2026-06-17 21:48:50,389 INFO MT4 clients: 1500 saved...
2026-06-17 21:48:50,741 INFO MT4 clients: 2000 saved...
2026-06-17 21:48:51,083 INFO MT4 clients: 2500 saved...
2026-06-17 21:48:51,414 INFO MT4 clients: 3000 saved...
2026-06-17 21:48:51,722 INFO MT4 clients: 3500 saved...
2026-06-17 21:48:52,032 INFO MT4 clients: 4000 saved...
2026-06-17 21:48:52,360 INFO MT4 clients: 4500 saved...
2026-06-17 21:48:52,686 INFO MT4 clients: 5000 saved...
2026-06-17 21:48:52,885 INFO MT4: 5301 clients saved
2026-06-17 21:48:52,885 INFO save_mt4_clients done
2026-06-17 21:48:52,886 INFO Fetching closed trade history (last 2 days)...
2026-06-17 21:48:54,552 INFO sync_trade_journal: 94863 records, 8709 closed trades in last 2d
2026-06-17 21:48:54,553 INFO Got 8709 closed trades, saving to deals...
2026-06-17 21:49:02,735 INFO MT4 journal deals saved: 8709
2026-06-17 21:49:02,736 INFO save_journal_deals done
2026-06-17 21:49:02,737 INFO === ONE-SHOT FETCH COMPLETE ===
2026-06-17 21:50:03,575 INFO Connecting to MT4...
2026-06-17 21:50:03,710 INFO mtmanapi64.dll loaded
2026-06-17 21:50:03,711 INFO MT4 manager instance created (ver=26215873)
2026-06-17 21:50:03,965 INFO MT4 connected and logged in. IsConnected=1
2026-06-17 21:50:03,966 INFO Fetching all users...
2026-06-17 21:50:04,160 INFO AdmUsersRequest: 5301 users
2026-06-17 21:50:04,162 INFO Got 5301 users, saving to clients/trading_accounts...
2026-06-17 21:50:05,336 INFO MT4 clients: 500 saved...
2026-06-17 21:50:05,706 INFO MT4 clients: 1000 saved...
2026-06-17 21:50:06,044 INFO MT4 clients: 1500 saved...
2026-06-17 21:50:06,386 INFO MT4 clients: 2000 saved...
2026-06-17 21:50:06,768 INFO MT4 clients: 2500 saved...
2026-06-17 21:50:07,101 INFO MT4 clients: 3000 saved...
2026-06-17 21:50:07,450 INFO MT4 clients: 3500 saved...
2026-06-17 21:50:07,798 INFO MT4 clients: 4000 saved...
2026-06-17 21:50:08,136 INFO MT4 clients: 4500 saved...
2026-06-17 21:50:08,480 INFO MT4 clients: 5000 saved...
2026-06-17 21:50:08,680 INFO MT4: 5301 clients saved
2026-06-17 21:50:08,680 INFO save_mt4_clients done
2026-06-17 21:50:08,681 INFO Fetching closed trade history (last 2 days)...
2026-06-17 21:50:10,414 INFO sync_trade_journal: 94863 records, 8709 closed trades in last 2d
2026-06-17 21:50:10,415 INFO Got 8709 closed trades, saving to deals...
2026-06-17 21:50:18,545 INFO MT4 journal deals saved: 8709
2026-06-17 21:50:18,545 INFO save_journal_deals done
2026-06-17 21:50:18,546 INFO === ONE-SHOT FETCH COMPLETE ===
2026-06-17 21:51:19,386 INFO Connecting to MT4...
2026-06-17 21:51:19,520 INFO mtmanapi64.dll loaded
2026-06-17 21:51:19,521 INFO MT4 manager instance created (ver=26215873)
2026-06-17 21:51:19,774 INFO MT4 connected and logged in. IsConnected=1
2026-06-17 21:51:19,775 INFO Fetching all users...
2026-06-17 21:51:19,986 INFO AdmUsersRequest: 5301 users
2026-06-17 21:51:19,987 INFO Got 5301 users, saving to clients/trading_accounts...
2026-06-17 21:51:21,055 INFO MT4 clients: 500 saved...
2026-06-17 21:51:21,395 INFO MT4 clients: 1000 saved...
2026-06-17 21:51:21,767 INFO MT4 clients: 1500 saved...
2026-06-17 21:51:22,089 INFO MT4 clients: 2000 saved...
2026-06-17 21:51:22,412 INFO MT4 clients: 2500 saved...
2026-06-17 21:51:22,728 INFO MT4 clients: 3000 saved...
2026-06-17 21:51:23,036 INFO MT4 clients: 3500 saved...
2026-06-17 21:51:23,358 INFO MT4 clients: 4000 saved...
2026-06-17 21:51:23,702 INFO MT4 clients: 4500 saved...
2026-06-17 21:51:24,042 INFO MT4 clients: 5000 saved...
2026-06-17 21:51:24,282 INFO MT4: 5301 clients saved
2026-06-17 21:51:24,283 INFO save_mt4_clients done
2026-06-17 21:51:24,283 INFO Fetching closed trade history (last 2 days)...
2026-06-17 21:51:25,985 INFO sync_trade_journal: 94863 records, 8709 closed trades in last 2d
2026-06-17 21:51:25,986 INFO Got 8709 closed trades, saving to deals...
2026-06-17 21:51:34,091 INFO MT4 journal deals saved: 8709
2026-06-17 21:51:34,092 INFO save_journal_deals done
2026-06-17 21:51:34,093 INFO === ONE-SHOT FETCH COMPLETE ===
2026-06-17 21:52:35,250 INFO Connecting to MT4...
2026-06-17 21:52:35,415 INFO mtmanapi64.dll loaded
2026-06-17 21:52:35,417 INFO MT4 manager instance created (ver=26215873)
2026-06-17 21:52:35,622 INFO MT4 connected and logged in. IsConnected=1
2026-06-17 21:52:35,623 INFO Fetching all users...
2026-06-17 21:52:35,830 INFO AdmUsersRequest: 5301 users
2026-06-17 21:52:35,831 INFO Got 5301 users, saving to clients/trading_accounts...
2026-06-17 21:52:37,425 INFO MT4 clients: 500 saved...
2026-06-17 21:52:37,822 INFO MT4 clients: 1000 saved...
2026-06-17 21:52:38,268 INFO MT4 clients: 1500 saved...
2026-06-17 21:52:38,706 INFO MT4 clients: 2000 saved...
2026-06-17 21:52:39,126 INFO MT4 clients: 2500 saved...
2026-06-17 21:52:39,539 INFO MT4 clients: 3000 saved...
2026-06-17 21:52:39,979 INFO MT4 clients: 3500 saved...
2026-06-17 21:52:40,404 INFO MT4 clients: 4000 saved...
2026-06-17 21:52:40,833 INFO MT4 clients: 4500 saved...
2026-06-17 21:52:41,255 INFO MT4 clients: 5000 saved...
2026-06-17 21:52:41,591 INFO MT4: 5301 clients saved
2026-06-17 21:52:41,592 INFO save_mt4_clients done
2026-06-17 21:52:41,593 INFO Fetching closed trade history (last 2 days)...
2026-06-17 21:52:43,359 INFO sync_trade_journal: 94863 records, 8709 closed trades in last 2d
2026-06-17 21:52:43,360 INFO Got 8709 closed trades, saving to deals...
2026-06-17 21:54:20,651 INFO MT4 journal deals saved: 8709
2026-06-17 21:54:20,652 INFO save_journal_deals done
2026-06-17 21:54:20,652 INFO === ONE-SHOT FETCH COMPLETE ===
2026-06-17 21:55:21,777 INFO Connecting to MT4...
2026-06-17 21:55:21,922 INFO mtmanapi64.dll loaded
2026-06-17 21:55:21,923 INFO MT4 manager instance created (ver=26215873)
2026-06-17 21:55:22,178 INFO MT4 connected and logged in. IsConnected=1
2026-06-17 21:55:22,179 INFO Fetching all users...
2026-06-17 21:55:22,380 INFO AdmUsersRequest: 5301 users
2026-06-17 21:55:22,381 INFO Got 5301 users, saving to clients/trading_accounts...
2026-06-17 21:55:23,618 INFO MT4 clients: 500 saved...
2026-06-17 21:55:24,068 INFO MT4 clients: 1000 saved...
2026-06-17 21:55:24,474 INFO MT4 clients: 1500 saved...
2026-06-17 21:55:24,909 INFO MT4 clients: 2000 saved...
2026-06-17 21:55:25,423 INFO MT4 clients: 2500 saved...
2026-06-17 21:55:25,841 INFO MT4 clients: 3000 saved...
2026-06-17 21:55:26,260 INFO MT4 clients: 3500 saved...
2026-06-17 21:55:26,658 INFO MT4 clients: 4000 saved...
2026-06-17 21:55:27,077 INFO MT4 clients: 4500 saved...
2026-06-17 21:55:27,470 INFO MT4 clients: 5000 saved...
2026-06-17 21:55:27,721 INFO MT4: 5301 clients saved
2026-06-17 21:55:27,722 INFO save_mt4_clients done
2026-06-17 21:55:27,722 INFO Fetching closed trade history (last 2 days)...
2026-06-17 21:55:29,608 INFO sync_trade_journal: 94863 records, 8709 closed trades in last 2d
2026-06-17 21:55:29,608 INFO Got 8709 closed trades, saving to deals...
2026-06-17 21:56:24,081 INFO MT4 journal deals saved: 8709
2026-06-17 21:56:24,082 INFO save_journal_deals done
2026-06-17 21:56:24,083 INFO === ONE-SHOT FETCH COMPLETE ===
2026-06-17 21:57:25,012 INFO Connecting to MT4...
2026-06-17 21:57:25,143 INFO mtmanapi64.dll loaded
2026-06-17 21:57:25,144 INFO MT4 manager instance created (ver=26215873)
2026-06-17 21:57:25,395 INFO MT4 connected and logged in. IsConnected=1
2026-06-17 21:57:25,396 INFO Fetching all users...
2026-06-17 21:57:25,606 INFO AdmUsersRequest: 5301 users
2026-06-17 21:57:25,607 INFO Got 5301 users, saving to clients/trading_accounts...
2026-06-17 21:57:26,775 INFO MT4 clients: 500 saved...
2026-06-17 21:57:27,164 INFO MT4 clients: 1000 saved...
2026-06-17 21:57:27,504 INFO MT4 clients: 1500 saved...
2026-06-17 21:57:27,849 INFO MT4 clients: 2000 saved...
2026-06-17 21:57:28,187 INFO MT4 clients: 2500 saved...
2026-06-17 21:57:28,536 INFO MT4 clients: 3000 saved...
2026-06-17 21:57:28,881 INFO MT4 clients: 3500 saved...
2026-06-17 21:57:29,251 INFO MT4 clients: 4000 saved...
2026-06-17 21:57:29,596 INFO MT4 clients: 4500 saved...
2026-06-17 21:57:29,951 INFO MT4 clients: 5000 saved...
2026-06-17 21:57:30,186 INFO MT4: 5301 clients saved
2026-06-17 21:57:30,187 INFO save_mt4_clients done
2026-06-17 21:57:30,188 INFO Fetching closed trade history (last 2 days)...
2026-06-17 21:57:31,898 INFO sync_trade_journal: 94863 records, 8709 closed trades in last 2d
2026-06-17 21:57:31,899 INFO Got 8709 closed trades, saving to deals...
2026-06-17 21:57:41,108 INFO MT4 journal deals saved: 8709
2026-06-17 21:57:41,109 INFO save_journal_deals done
2026-06-17 21:57:41,109 INFO === ONE-SHOT FETCH COMPLETE ===
2026-06-17 21:58:41,999 INFO Connecting to MT4...
2026-06-17 21:58:42,140 INFO mtmanapi64.dll loaded
2026-06-17 21:58:42,141 INFO MT4 manager instance created (ver=26215873)
2026-06-17 21:58:42,341 INFO MT4 connected and logged in. IsConnected=1
2026-06-17 21:58:42,342 INFO Fetching all users...
2026-06-17 21:58:42,549 INFO AdmUsersRequest: 5301 users
2026-06-17 21:58:42,551 INFO Got 5301 users, saving to clients/trading_accounts...
2026-06-17 21:58:43,803 INFO MT4 clients: 500 saved...
2026-06-17 21:58:44,200 INFO MT4 clients: 1000 saved...
2026-06-17 21:58:44,575 INFO MT4 clients: 1500 saved...
2026-06-17 21:58:44,969 INFO MT4 clients: 2000 saved...
2026-06-17 21:58:45,347 INFO MT4 clients: 2500 saved...
2026-06-17 21:58:45,738 INFO MT4 clients: 3000 saved...
2026-06-17 21:58:46,118 INFO MT4 clients: 3500 saved...
2026-06-17 21:58:46,515 INFO MT4 clients: 4000 saved...
2026-06-17 21:58:46,889 INFO MT4 clients: 4500 saved...
2026-06-17 21:58:47,272 INFO MT4 clients: 5000 saved...
2026-06-17 21:58:47,520 INFO MT4: 5301 clients saved
2026-06-17 21:58:47,521 INFO save_mt4_clients done
2026-06-17 21:58:47,522 INFO Fetching closed trade history (last 2 days)...
2026-06-17 21:58:49,243 INFO sync_trade_journal: 94863 records, 8709 closed trades in last 2d
2026-06-17 21:58:49,244 INFO Got 8709 closed trades, saving to deals...
2026-06-17 21:58:58,322 INFO MT4 journal deals saved: 8709
2026-06-17 21:58:58,322 INFO save_journal_deals done
2026-06-17 21:58:58,323 INFO === ONE-SHOT FETCH COMPLETE ===
2026-06-17 21:59:59,307 INFO Connecting to MT4...
2026-06-17 21:59:59,452 INFO mtmanapi64.dll loaded
2026-06-17 21:59:59,453 INFO MT4 manager instance created (ver=26215873)
2026-06-17 21:59:59,709 INFO MT4 connected and logged in. IsConnected=1
2026-06-17 21:59:59,710 INFO Fetching all users...
2026-06-17 21:59:59,912 INFO AdmUsersRequest: 5301 users
2026-06-17 21:59:59,913 INFO Got 5301 users, saving to clients/trading_accounts...
2026-06-17 22:00:01,166 INFO MT4 clients: 500 saved...
2026-06-17 22:00:01,601 INFO MT4 clients: 1000 saved...
2026-06-17 22:00:02,018 INFO MT4 clients: 1500 saved...
2026-06-17 22:00:02,439 INFO MT4 clients: 2000 saved...
2026-06-17 22:00:02,851 INFO MT4 clients: 2500 saved...
2026-06-17 22:00:03,243 INFO MT4 clients: 3000 saved...
2026-06-17 22:00:03,637 INFO MT4 clients: 3500 saved...
2026-06-17 22:00:04,031 INFO MT4 clients: 4000 saved...
2026-06-17 22:00:04,455 INFO MT4 clients: 4500 saved...
2026-06-17 22:00:04,850 INFO MT4 clients: 5000 saved...
2026-06-17 22:00:05,092 INFO MT4: 5301 clients saved
2026-06-17 22:00:05,093 INFO save_mt4_clients done
2026-06-17 22:00:05,093 INFO Fetching closed trade history (last 2 days)...
2026-06-17 22:00:06,889 INFO sync_trade_journal: 94863 records, 8709 closed trades in last 2d
2026-06-17 22:00:06,890 INFO Got 8709 closed trades, saving to deals...
2026-06-17 22:00:15,350 INFO MT4 journal deals saved: 8709
2026-06-17 22:00:15,350 INFO save_journal_deals done
2026-06-17 22:00:15,351 INFO === ONE-SHOT FETCH COMPLETE ===
2026-06-17 22:00:16,340 INFO mtmanapi64.dll loaded
2026-06-17 22:00:16,342 INFO MT4 manager instance created (ver=26215873)
2026-06-17 22:00:16,594 INFO MT4 connected and logged in. IsConnected=1
2026-06-17 22:01:18,896 INFO Connecting to MT4...
2026-06-17 22:01:19,030 INFO mtmanapi64.dll loaded
2026-06-17 22:01:19,031 INFO MT4 manager instance created (ver=26215873)
2026-06-17 22:01:19,284 INFO MT4 connected and logged in. IsConnected=1
2026-06-17 22:01:19,285 INFO Fetching all users...
2026-06-17 22:01:19,490 INFO AdmUsersRequest: 5301 users
2026-06-17 22:01:19,491 INFO Got 5301 users, saving to clients/trading_accounts...
2026-06-17 22:01:20,626 INFO MT4 clients: 500 saved...
2026-06-17 22:01:21,001 INFO MT4 clients: 1000 saved...
2026-06-17 22:01:21,376 INFO MT4 clients: 1500 saved...
2026-06-17 22:01:21,776 INFO MT4 clients: 2000 saved...
2026-06-17 22:01:22,165 INFO MT4 clients: 2500 saved...
2026-06-17 22:01:22,552 INFO MT4 clients: 3000 saved...
2026-06-17 22:01:22,929 INFO MT4 clients: 3500 saved...
2026-06-17 22:01:23,312 INFO MT4 clients: 4000 saved...
2026-06-17 22:01:23,694 INFO MT4 clients: 4500 saved...
2026-06-17 22:01:24,065 INFO MT4 clients: 5000 saved...
2026-06-17 22:01:24,294 INFO MT4: 5301 clients saved
2026-06-17 22:01:24,295 INFO save_mt4_clients done
2026-06-17 22:01:24,296 INFO Fetching closed trade history (last 2 days)...
2026-06-17 22:01:25,964 INFO sync_trade_journal: 94863 records, 8709 closed trades in last 2d
2026-06-17 22:01:25,965 INFO Got 8709 closed trades, saving to deals...
2026-06-17 22:01:33,623 INFO MT4 journal deals saved: 8709
2026-06-17 22:01:33,624 INFO save_journal_deals done
2026-06-17 22:01:33,624 INFO === ONE-SHOT FETCH COMPLETE ===
2026-06-17 22:02:34,572 INFO Connecting to MT4...
2026-06-17 22:02:34,720 INFO mtmanapi64.dll loaded
2026-06-17 22:02:34,721 INFO MT4 manager instance created (ver=26215873)
2026-06-17 22:02:34,974 INFO MT4 connected and logged in. IsConnected=1
2026-06-17 22:02:34,975 INFO Fetching all users...
2026-06-17 22:02:35,180 INFO AdmUsersRequest: 5301 users
2026-06-17 22:02:35,181 INFO Got 5301 users, saving to clients/trading_accounts...
2026-06-17 22:02:36,440 INFO MT4 clients: 500 saved...
2026-06-17 22:02:36,878 INFO MT4 clients: 1000 saved...
2026-06-17 22:02:37,284 INFO MT4 clients: 1500 saved...
2026-06-17 22:02:37,681 INFO MT4 clients: 2000 saved...
2026-06-17 22:02:38,074 INFO MT4 clients: 2500 saved...
2026-06-17 22:02:38,452 INFO MT4 clients: 3000 saved...
2026-06-17 22:02:38,806 INFO MT4 clients: 3500 saved...
2026-06-17 22:02:39,186 INFO MT4 clients: 4000 saved...
2026-06-17 22:02:39,615 INFO MT4 clients: 4500 saved...
2026-06-17 22:02:40,037 INFO MT4 clients: 5000 saved...
2026-06-17 22:02:40,289 INFO MT4: 5301 clients saved
2026-06-17 22:02:40,289 INFO save_mt4_clients done
2026-06-17 22:02:40,290 INFO Fetching closed trade history (last 2 days)...
2026-06-17 22:02:41,997 INFO sync_trade_journal: 94863 records, 8709 closed trades in last 2d
2026-06-17 22:02:41,998 INFO Got 8709 closed trades, saving to deals...
2026-06-17 22:02:51,511 INFO MT4 journal deals saved: 8709
2026-06-17 22:02:51,512 INFO save_journal_deals done
2026-06-17 22:02:51,512 INFO === ONE-SHOT FETCH COMPLETE ===
2026-06-17 22:03:52,369 INFO Connecting to MT4...
2026-06-17 22:03:52,503 INFO mtmanapi64.dll loaded
2026-06-17 22:03:52,505 INFO MT4 manager instance created (ver=26215873)
2026-06-17 22:03:52,764 INFO MT4 connected and logged in. IsConnected=1
2026-06-17 22:03:52,764 INFO Fetching all users...
2026-06-17 22:03:52,970 INFO AdmUsersRequest: 5301 users
2026-06-17 22:03:52,971 INFO Got 5301 users, saving to clients/trading_accounts...
2026-06-17 22:03:53,969 INFO MT4 clients: 500 saved...
2026-06-17 22:03:54,330 INFO MT4 clients: 1000 saved...
2026-06-17 22:03:54,666 INFO MT4 clients: 1500 saved...
2026-06-17 22:03:55,012 INFO MT4 clients: 2000 saved...
2026-06-17 22:03:55,334 INFO MT4 clients: 2500 saved...
2026-06-17 22:03:55,664 INFO MT4 clients: 3000 saved...
2026-06-17 22:03:55,985 INFO MT4 clients: 3500 saved...
2026-06-17 22:03:56,318 INFO MT4 clients: 4000 saved...
2026-06-17 22:03:56,639 INFO MT4 clients: 4500 saved...
2026-06-17 22:03:57,012 INFO MT4 clients: 5000 saved...
2026-06-17 22:03:57,235 INFO MT4: 5301 clients saved
2026-06-17 22:03:57,236 INFO save_mt4_clients done
2026-06-17 22:03:57,236 INFO Fetching closed trade history (last 2 days)...
2026-06-17 22:03:58,958 INFO sync_trade_journal: 94863 records, 8709 closed trades in last 2d
2026-06-17 22:03:58,959 INFO Got 8709 closed trades, saving to deals...
2026-06-17 22:04:52,953 INFO MT4 journal deals saved: 8709
2026-06-17 22:04:52,954 INFO save_journal_deals done
2026-06-17 22:04:52,955 INFO === ONE-SHOT FETCH COMPLETE ===
2026-06-17 22:05:53,768 INFO Connecting to MT4...
2026-06-17 22:05:53,908 INFO mtmanapi64.dll loaded
2026-06-17 22:05:53,909 INFO MT4 manager instance created (ver=26215873)
2026-06-17 22:05:54,167 INFO MT4 connected and logged in. IsConnected=1
2026-06-17 22:05:54,168 INFO Fetching all users...
2026-06-17 22:05:54,369 INFO AdmUsersRequest: 5301 users
2026-06-17 22:05:54,370 INFO Got 5301 users, saving to clients/trading_accounts...
2026-06-17 22:05:55,581 INFO MT4 clients: 500 saved...
2026-06-17 22:05:55,970 INFO MT4 clients: 1000 saved...
2026-06-17 22:05:56,365 INFO MT4 clients: 1500 saved...
2026-06-17 22:05:56,737 INFO MT4 clients: 2000 saved...
2026-06-17 22:05:57,143 INFO MT4 clients: 2500 saved...
2026-06-17 22:05:57,506 INFO MT4 clients: 3000 saved...
2026-06-17 22:05:57,855 INFO MT4 clients: 3500 saved...
2026-06-17 22:05:58,221 INFO MT4 clients: 4000 saved...
2026-06-17 22:05:58,593 INFO MT4 clients: 4500 saved...
2026-06-17 22:05:58,964 INFO MT4 clients: 5000 saved...
2026-06-17 22:05:59,191 INFO MT4: 5301 clients saved
2026-06-17 22:05:59,192 INFO save_mt4_clients done
2026-06-17 22:05:59,192 INFO Fetching closed trade history (last 2 days)...
2026-06-17 22:06:00,888 INFO sync_trade_journal: 94863 records, 8709 closed trades in last 2d
2026-06-17 22:06:00,890 INFO Got 8709 closed trades, saving to deals...
2026-06-17 22:06:09,377 INFO MT4 journal deals saved: 8709
2026-06-17 22:06:09,378 INFO save_journal_deals done
2026-06-17 22:06:09,379 INFO === ONE-SHOT FETCH COMPLETE ===
2026-06-17 22:07:10,720 INFO Connecting to MT4...
2026-06-17 22:07:10,955 INFO mtmanapi64.dll loaded
2026-06-17 22:07:10,956 INFO MT4 manager instance created (ver=26215873)
2026-06-17 22:07:11,212 INFO MT4 connected and logged in. IsConnected=1
2026-06-17 22:07:11,213 INFO Fetching all users...
2026-06-17 22:07:11,428 INFO AdmUsersRequest: 5301 users
2026-06-17 22:07:11,429 INFO Got 5301 users, saving to clients/trading_accounts...
2026-06-17 22:07:13,015 INFO MT4 clients: 500 saved...
2026-06-17 22:07:13,394 INFO MT4 clients: 1000 saved...
2026-06-17 22:07:13,781 INFO MT4 clients: 1500 saved...
2026-06-17 22:07:14,151 INFO MT4 clients: 2000 saved...
2026-06-17 22:07:14,524 INFO MT4 clients: 2500 saved...
2026-06-17 22:07:14,895 INFO MT4 clients: 3000 saved...
2026-06-17 22:07:15,255 INFO MT4 clients: 3500 saved...
2026-06-17 22:07:15,620 INFO MT4 clients: 4000 saved...
2026-06-17 22:07:15,997 INFO MT4 clients: 4500 saved...
2026-06-17 22:07:16,390 INFO MT4 clients: 5000 saved...
2026-06-17 22:07:16,632 INFO MT4: 5301 clients saved
2026-06-17 22:07:16,633 INFO save_mt4_clients done
2026-06-17 22:07:16,633 INFO Fetching closed trade history (last 2 days)...
2026-06-17 22:07:18,404 INFO sync_trade_journal: 94863 records, 8709 closed trades in last 2d
2026-06-17 22:07:18,405 INFO Got 8709 closed trades, saving to deals...
2026-06-17 22:07:27,839 INFO MT4 journal deals saved: 8709
2026-06-17 22:07:27,840 INFO save_journal_deals done
2026-06-17 22:07:27,841 INFO === ONE-SHOT FETCH COMPLETE ===
2026-06-17 22:08:29,062 INFO Connecting to MT4...
2026-06-17 22:08:29,206 INFO mtmanapi64.dll loaded
2026-06-17 22:08:29,207 INFO MT4 manager instance created (ver=26215873)
2026-06-17 22:08:29,402 INFO MT4 connected and logged in. IsConnected=1
2026-06-17 22:08:29,403 INFO Fetching all users...
2026-06-17 22:08:29,607 INFO AdmUsersRequest: 5301 users
2026-06-17 22:08:29,608 INFO Got 5301 users, saving to clients/trading_accounts...
2026-06-17 22:08:30,984 INFO MT4 clients: 500 saved...
2026-06-17 22:08:31,383 INFO MT4 clients: 1000 saved...
2026-06-17 22:08:31,758 INFO MT4 clients: 1500 saved...
2026-06-17 22:08:32,112 INFO MT4 clients: 2000 saved...
2026-06-17 22:08:32,473 INFO MT4 clients: 2500 saved...
2026-06-17 22:08:32,842 INFO MT4 clients: 3000 saved...
2026-06-17 22:08:33,200 INFO MT4 clients: 3500 saved...
2026-06-17 22:08:33,563 INFO MT4 clients: 4000 saved...
2026-06-17 22:08:33,936 INFO MT4 clients: 4500 saved...
2026-06-17 22:08:34,314 INFO MT4 clients: 5000 saved...
2026-06-17 22:08:34,538 INFO MT4: 5301 clients saved
2026-06-17 22:08:34,539 INFO save_mt4_clients done
2026-06-17 22:08:34,539 INFO Fetching closed trade history (last 2 days)...
2026-06-17 22:08:36,239 INFO sync_trade_journal: 94863 records, 8709 closed trades in last 2d
2026-06-17 22:08:36,240 INFO Got 8709 closed trades, saving to deals...
2026-06-17 22:09:28,325 INFO MT4 journal deals saved: 8709
2026-06-17 22:09:28,326 INFO save_journal_deals done
2026-06-17 22:09:28,326 INFO === ONE-SHOT FETCH COMPLETE ===
2026-06-17 22:10:29,204 INFO Connecting to MT4...
2026-06-17 22:10:29,338 INFO mtmanapi64.dll loaded
2026-06-17 22:10:29,339 INFO MT4 manager instance created (ver=26215873)
2026-06-17 22:10:29,545 INFO MT4 connected and logged in. IsConnected=1
2026-06-17 22:10:29,546 INFO Fetching all users...
2026-06-17 22:10:29,752 INFO AdmUsersRequest: 5301 users
2026-06-17 22:10:29,753 INFO Got 5301 users, saving to clients/trading_accounts...
2026-06-17 22:10:30,992 INFO MT4 clients: 500 saved...
2026-06-17 22:10:31,391 INFO MT4 clients: 1000 saved...
2026-06-17 22:10:31,774 INFO MT4 clients: 1500 saved...
2026-06-17 22:10:32,148 INFO MT4 clients: 2000 saved...
2026-06-17 22:10:32,509 INFO MT4 clients: 2500 saved...
2026-06-17 22:10:32,864 INFO MT4 clients: 3000 saved...
2026-06-17 22:10:33,250 INFO MT4 clients: 3500 saved...
2026-06-17 22:10:33,625 INFO MT4 clients: 4000 saved...
2026-06-17 22:10:34,003 INFO MT4 clients: 4500 saved...
2026-06-17 22:10:34,382 INFO MT4 clients: 5000 saved...
2026-06-17 22:10:34,636 INFO MT4: 5301 clients saved
2026-06-17 22:10:34,637 INFO save_mt4_clients done
2026-06-17 22:10:34,638 INFO Fetching closed trade history (last 2 days)...
2026-06-17 22:10:36,361 INFO sync_trade_journal: 94863 records, 8709 closed trades in last 2d
2026-06-17 22:10:36,362 INFO Got 8709 closed trades, saving to deals...
2026-06-17 22:10:46,245 INFO MT4 journal deals saved: 8709
2026-06-17 22:10:46,245 INFO save_journal_deals done
2026-06-17 22:10:46,246 INFO === ONE-SHOT FETCH COMPLETE ===
2026-06-17 22:11:47,157 INFO Connecting to MT4...
2026-06-17 22:11:47,294 INFO mtmanapi64.dll loaded
2026-06-17 22:11:47,295 INFO MT4 manager instance created (ver=26215873)
2026-06-17 22:11:47,550 INFO MT4 connected and logged in. IsConnected=1
2026-06-17 22:11:47,551 INFO Fetching all users...
2026-06-17 22:11:47,745 INFO AdmUsersRequest: 5301 users
2026-06-17 22:11:47,746 INFO Got 5301 users, saving to clients/trading_accounts...
2026-06-17 22:11:48,962 INFO MT4 clients: 500 saved...
2026-06-17 22:11:49,378 INFO MT4 clients: 1000 saved...
2026-06-17 22:11:49,759 INFO MT4 clients: 1500 saved...
2026-06-17 22:11:50,131 INFO MT4 clients: 2000 saved...
2026-06-17 22:11:50,478 INFO MT4 clients: 2500 saved...
2026-06-17 22:11:50,831 INFO MT4 clients: 3000 saved...
2026-06-17 22:11:51,191 INFO MT4 clients: 3500 saved...
2026-06-17 22:11:51,536 INFO MT4 clients: 4000 saved...
2026-06-17 22:11:51,887 INFO MT4 clients: 4500 saved...
2026-06-17 22:11:52,234 INFO MT4 clients: 5000 saved...
2026-06-17 22:11:52,440 INFO MT4: 5301 clients saved
2026-06-17 22:11:52,441 INFO save_mt4_clients done
2026-06-17 22:11:52,442 INFO Fetching closed trade history (last 2 days)...
2026-06-17 22:11:54,075 INFO sync_trade_journal: 94863 records, 8709 closed trades in last 2d
2026-06-17 22:11:54,076 INFO Got 8709 closed trades, saving to deals...
2026-06-17 22:12:02,858 INFO MT4 journal deals saved: 8709
2026-06-17 22:12:02,859 INFO save_journal_deals done
2026-06-17 22:12:02,859 INFO === ONE-SHOT FETCH COMPLETE ===
2026-06-17 22:13:03,809 INFO Connecting to MT4...
2026-06-17 22:13:03,956 INFO mtmanapi64.dll loaded
2026-06-17 22:13:03,957 INFO MT4 manager instance created (ver=26215873)
2026-06-17 22:13:04,214 INFO MT4 connected and logged in. IsConnected=1
2026-06-17 22:13:04,214 INFO Fetching all users...
2026-06-17 22:13:04,421 INFO AdmUsersRequest: 5301 users
2026-06-17 22:13:04,422 INFO Got 5301 users, saving to clients/trading_accounts...
2026-06-17 22:13:05,725 INFO MT4 clients: 500 saved...
2026-06-17 22:13:06,167 INFO MT4 clients: 1000 saved...
2026-06-17 22:13:06,607 INFO MT4 clients: 1500 saved...
2026-06-17 22:13:07,123 INFO MT4 clients: 2000 saved...
2026-06-17 22:13:07,587 INFO MT4 clients: 2500 saved...
2026-06-17 22:13:08,026 INFO MT4 clients: 3000 saved...
2026-06-17 22:13:08,454 INFO MT4 clients: 3500 saved...
2026-06-17 22:13:08,887 INFO MT4 clients: 4000 saved...
2026-06-17 22:13:09,307 INFO MT4 clients: 4500 saved...
2026-06-17 22:13:09,749 INFO MT4 clients: 5000 saved...
2026-06-17 22:13:10,021 INFO MT4: 5301 clients saved
2026-06-17 22:13:10,021 INFO save_mt4_clients done
2026-06-17 22:13:10,022 INFO Fetching closed trade history (last 2 days)...
2026-06-17 22:13:11,826 INFO sync_trade_journal: 94863 records, 8709 closed trades in last 2d
2026-06-17 22:13:11,828 INFO Got 8709 closed trades, saving to deals...
2026-06-17 22:15:11,004 INFO MT4 journal deals saved: 8709
2026-06-17 22:15:11,005 INFO save_journal_deals done
2026-06-17 22:15:11,006 INFO === ONE-SHOT FETCH COMPLETE ===
2026-06-17 22:16:12,191 INFO Connecting to MT4...
2026-06-17 22:16:12,326 INFO mtmanapi64.dll loaded
2026-06-17 22:16:12,327 INFO MT4 manager instance created (ver=26215873)
2026-06-17 22:16:12,583 INFO MT4 connected and logged in. IsConnected=1
2026-06-17 22:16:12,584 INFO Fetching all users...
2026-06-17 22:16:12,789 INFO AdmUsersRequest: 5301 users
2026-06-17 22:16:12,790 INFO Got 5301 users, saving to clients/trading_accounts...
2026-06-17 22:16:14,040 INFO MT4 clients: 500 saved...
2026-06-17 22:16:14,447 INFO MT4 clients: 1000 saved...
2026-06-17 22:16:14,855 INFO MT4 clients: 1500 saved...
2026-06-17 22:16:15,254 INFO MT4 clients: 2000 saved...
2026-06-17 22:16:15,670 INFO MT4 clients: 2500 saved...
2026-06-17 22:16:16,079 INFO MT4 clients: 3000 saved...
2026-06-17 22:16:16,488 INFO MT4 clients: 3500 saved...
2026-06-17 22:16:16,904 INFO MT4 clients: 4000 saved...
2026-06-17 22:16:17,325 INFO MT4 clients: 4500 saved...
2026-06-17 22:16:17,743 INFO MT4 clients: 5000 saved...
2026-06-17 22:16:17,979 INFO MT4: 5301 clients saved
2026-06-17 22:16:17,980 INFO save_mt4_clients done
2026-06-17 22:16:17,981 INFO Fetching closed trade history (last 2 days)...
2026-06-17 22:16:19,673 INFO sync_trade_journal: 94863 records, 8709 closed trades in last 2d
2026-06-17 22:16:19,674 INFO Got 8709 closed trades, saving to deals...
2026-06-17 22:16:28,675 INFO MT4 journal deals saved: 8709
2026-06-17 22:16:28,676 INFO save_journal_deals done
2026-06-17 22:16:28,677 INFO === ONE-SHOT FETCH COMPLETE ===
2026-06-17 22:16:29,753 INFO mtmanapi64.dll loaded
2026-06-17 22:16:29,756 INFO MT4 manager instance created (ver=26215873)
2026-06-17 22:16:30,013 INFO MT4 connected and logged in. IsConnected=1
2026-06-17 22:17:32,326 INFO Connecting to MT4...
2026-06-17 22:17:32,460 INFO mtmanapi64.dll loaded
2026-06-17 22:17:32,461 INFO MT4 manager instance created (ver=26215873)
2026-06-17 22:17:32,713 INFO MT4 connected and logged in. IsConnected=1
2026-06-17 22:17:32,714 INFO Fetching all users...
2026-06-17 22:17:32,942 INFO AdmUsersRequest: 5301 users
2026-06-17 22:17:32,943 INFO Got 5301 users, saving to clients/trading_accounts...
2026-06-17 22:17:34,062 INFO MT4 clients: 500 saved...
2026-06-17 22:17:34,432 INFO MT4 clients: 1000 saved...
2026-06-17 22:17:34,823 INFO MT4 clients: 1500 saved...
2026-06-17 22:17:35,204 INFO MT4 clients: 2000 saved...
2026-06-17 22:17:35,603 INFO MT4 clients: 2500 saved...
2026-06-17 22:17:35,976 INFO MT4 clients: 3000 saved...
2026-06-17 22:17:36,345 INFO MT4 clients: 3500 saved...
2026-06-17 22:17:36,732 INFO MT4 clients: 4000 saved...
2026-06-17 22:17:37,117 INFO MT4 clients: 4500 saved...
2026-06-17 22:17:37,510 INFO MT4 clients: 5000 saved...
2026-06-17 22:17:37,747 INFO MT4: 5301 clients saved
2026-06-17 22:17:37,748 INFO save_mt4_clients done
2026-06-17 22:17:37,748 INFO Fetching closed trade history (last 2 days)...
2026-06-17 22:17:39,447 INFO sync_trade_journal: 94863 records, 8709 closed trades in last 2d
2026-06-17 22:17:39,448 INFO Got 8709 closed trades, saving to deals...
2026-06-17 22:17:48,308 INFO MT4 journal deals saved: 8709
2026-06-17 22:17:48,308 INFO save_journal_deals done
2026-06-17 22:17:48,309 INFO === ONE-SHOT FETCH COMPLETE ===
2026-06-17 22:18:49,198 INFO Connecting to MT4...
2026-06-17 22:18:49,328 INFO mtmanapi64.dll loaded
2026-06-17 22:18:49,329 INFO MT4 manager instance created (ver=26215873)
2026-06-17 22:18:49,580 INFO MT4 connected and logged in. IsConnected=1
2026-06-17 22:18:49,581 INFO Fetching all users...
2026-06-17 22:18:49,780 INFO AdmUsersRequest: 5301 users
2026-06-17 22:18:49,781 INFO Got 5301 users, saving to clients/trading_accounts...
2026-06-17 22:18:50,815 INFO MT4 clients: 500 saved...
2026-06-17 22:18:51,143 INFO MT4 clients: 1000 saved...
2026-06-17 22:18:51,461 INFO MT4 clients: 1500 saved...
2026-06-17 22:18:51,765 INFO MT4 clients: 2000 saved...
2026-06-17 22:18:52,096 INFO MT4 clients: 2500 saved...
2026-06-17 22:18:52,436 INFO MT4 clients: 3000 saved...
2026-06-17 22:18:52,769 INFO MT4 clients: 3500 saved...
2026-06-17 22:18:53,119 INFO MT4 clients: 4000 saved...
2026-06-17 22:18:53,442 INFO MT4 clients: 4500 saved...
2026-06-17 22:18:53,776 INFO MT4 clients: 5000 saved...
2026-06-17 22:18:53,975 INFO MT4: 5301 clients saved
2026-06-17 22:18:53,976 INFO save_mt4_clients done
2026-06-17 22:18:53,976 INFO Fetching closed trade history (last 2 days)...
2026-06-17 22:18:55,671 INFO sync_trade_journal: 94863 records, 8709 closed trades in last 2d
2026-06-17 22:18:55,672 INFO Got 8709 closed trades, saving to deals...
2026-06-17 22:19:03,405 INFO MT4 journal deals saved: 8709
2026-06-17 22:19:03,406 INFO save_journal_deals done
2026-06-17 22:19:03,407 INFO === ONE-SHOT FETCH COMPLETE ===
2026-06-17 22:20:04,166 INFO Connecting to MT4...
2026-06-17 22:20:04,298 INFO mtmanapi64.dll loaded
2026-06-17 22:20:04,299 INFO MT4 manager instance created (ver=26215873)
2026-06-17 22:20:04,550 INFO MT4 connected and logged in. IsConnected=1
2026-06-17 22:20:04,551 INFO Fetching all users...
2026-06-17 22:20:04,761 INFO AdmUsersRequest: 5301 users
2026-06-17 22:20:04,762 INFO Got 5301 users, saving to clients/trading_accounts...
2026-06-17 22:20:05,882 INFO MT4 clients: 500 saved...
2026-06-17 22:20:06,258 INFO MT4 clients: 1000 saved...
2026-06-17 22:20:06,649 INFO MT4 clients: 1500 saved...
2026-06-17 22:20:07,010 INFO MT4 clients: 2000 saved...
2026-06-17 22:20:07,371 INFO MT4 clients: 2500 saved...
2026-06-17 22:20:07,729 INFO MT4 clients: 3000 saved...
2026-06-17 22:20:08,086 INFO MT4 clients: 3500 saved...
2026-06-17 22:20:08,471 INFO MT4 clients: 4000 saved...
2026-06-17 22:20:08,867 INFO MT4 clients: 4500 saved...
2026-06-17 22:20:09,217 INFO MT4 clients: 5000 saved...
2026-06-17 22:20:09,438 INFO MT4: 5301 clients saved
2026-06-17 22:20:09,439 INFO save_mt4_clients done
2026-06-17 22:20:09,440 INFO Fetching closed trade history (last 2 days)...
2026-06-17 22:20:11,118 INFO sync_trade_journal: 94863 records, 8709 closed trades in last 2d
2026-06-17 22:20:11,119 INFO Got 8709 closed trades, saving to deals...
2026-06-17 22:20:19,915 INFO MT4 journal deals saved: 8709
2026-06-17 22:20:19,916 INFO save_journal_deals done
2026-06-17 22:20:19,916 INFO === ONE-SHOT FETCH COMPLETE ===
2026-06-17 22:21:20,750 INFO Connecting to MT4...
2026-06-17 22:21:20,880 INFO mtmanapi64.dll loaded
2026-06-17 22:21:20,881 INFO MT4 manager instance created (ver=26215873)
2026-06-17 22:21:21,132 INFO MT4 connected and logged in. IsConnected=1
2026-06-17 22:21:21,133 INFO Fetching all users...
2026-06-17 22:21:21,331 INFO AdmUsersRequest: 5301 users
2026-06-17 22:21:21,332 INFO Got 5301 users, saving to clients/trading_accounts...
2026-06-17 22:21:22,313 INFO MT4 clients: 500 saved...
2026-06-17 22:21:22,630 INFO MT4 clients: 1000 saved...
2026-06-17 22:21:22,935 INFO MT4 clients: 1500 saved...
2026-06-17 22:21:23,236 INFO MT4 clients: 2000 saved...
2026-06-17 22:21:23,543 INFO MT4 clients: 2500 saved...
2026-06-17 22:21:23,845 INFO MT4 clients: 3000 saved...
2026-06-17 22:21:24,157 INFO MT4 clients: 3500 saved...
2026-06-17 22:21:24,463 INFO MT4 clients: 4000 saved...
2026-06-17 22:21:24,776 INFO MT4 clients: 4500 saved...
2026-06-17 22:21:25,101 INFO MT4 clients: 5000 saved...
2026-06-17 22:21:25,307 INFO MT4: 5301 clients saved
2026-06-17 22:21:25,308 INFO save_mt4_clients done
2026-06-17 22:21:25,308 INFO Fetching closed trade history (last 2 days)...
2026-06-17 22:21:27,007 INFO sync_trade_journal: 94863 records, 8709 closed trades in last 2d
2026-06-17 22:21:27,007 INFO Got 8709 closed trades, saving to deals...
2026-06-17 22:21:36,958 INFO MT4 journal deals saved: 8709
2026-06-17 22:21:36,959 INFO save_journal_deals done
2026-06-17 22:21:36,960 INFO === ONE-SHOT FETCH COMPLETE ===
2026-06-17 22:22:41,030 INFO Connecting to MT4...
2026-06-17 22:22:41,378 INFO mtmanapi64.dll loaded
2026-06-17 22:22:41,379 INFO MT4 manager instance created (ver=26215873)
2026-06-17 22:22:41,630 INFO MT4 connected and logged in. IsConnected=1
2026-06-17 22:22:41,630 INFO Fetching all users...
2026-06-17 22:22:41,836 INFO AdmUsersRequest: 5301 users
2026-06-17 22:22:41,836 INFO Got 5301 users, saving to clients/trading_accounts...
2026-06-17 22:22:44,065 INFO MT4 clients: 500 saved...
2026-06-17 22:22:44,544 INFO MT4 clients: 1000 saved...
2026-06-17 22:22:45,011 INFO MT4 clients: 1500 saved...
2026-06-17 22:22:45,512 INFO MT4 clients: 2000 saved...
2026-06-17 22:22:45,990 INFO MT4 clients: 2500 saved...
2026-06-17 22:22:46,574 INFO MT4 clients: 3000 saved...
2026-06-17 22:22:47,091 INFO MT4 clients: 3500 saved...
2026-06-17 22:22:47,627 INFO MT4 clients: 4000 saved...
2026-06-17 22:22:48,112 INFO MT4 clients: 4500 saved...
2026-06-17 22:22:48,583 INFO MT4 clients: 5000 saved...
2026-06-17 22:22:48,913 INFO MT4: 5301 clients saved
2026-06-17 22:22:48,915 INFO save_mt4_clients done
2026-06-17 22:22:48,915 INFO Fetching closed trade history (last 2 days)...
2026-06-17 22:22:50,643 INFO sync_trade_journal: 94863 records, 8709 closed trades in last 2d
2026-06-17 22:22:50,644 INFO Got 8709 closed trades, saving to deals...
2026-06-17 22:24:36,992 INFO MT4 journal deals saved: 8709
2026-06-17 22:24:36,993 INFO save_journal_deals done
2026-06-17 22:24:36,994 INFO === ONE-SHOT FETCH COMPLETE ===
2026-06-17 22:25:38,845 INFO Connecting to MT4...
2026-06-17 22:25:38,996 INFO mtmanapi64.dll loaded
2026-06-17 22:25:38,998 INFO MT4 manager instance created (ver=26215873)
2026-06-17 22:25:39,247 INFO MT4 connected and logged in. IsConnected=1
2026-06-17 22:25:39,248 INFO Fetching all users...
2026-06-17 22:25:39,451 INFO AdmUsersRequest: 5301 users
2026-06-17 22:25:39,452 INFO Got 5301 users, saving to clients/trading_accounts...
2026-06-17 22:25:40,990 INFO MT4 clients: 500 saved...
2026-06-17 22:25:41,428 INFO MT4 clients: 1000 saved...
2026-06-17 22:25:41,826 INFO MT4 clients: 1500 saved...
2026-06-17 22:25:42,252 INFO MT4 clients: 2000 saved...
2026-06-17 22:25:42,654 INFO MT4 clients: 2500 saved...
2026-06-17 22:25:43,162 INFO MT4 clients: 3000 saved...
2026-06-17 22:25:43,573 INFO MT4 clients: 3500 saved...
2026-06-17 22:25:43,995 INFO MT4 clients: 4000 saved...
2026-06-17 22:25:44,403 INFO MT4 clients: 4500 saved...
2026-06-17 22:25:44,856 INFO MT4 clients: 5000 saved...
2026-06-17 22:25:45,127 INFO MT4: 5301 clients saved
2026-06-17 22:25:45,128 INFO save_mt4_clients done
2026-06-17 22:25:45,128 INFO Fetching closed trade history (last 2 days)...
2026-06-17 22:25:47,149 INFO sync_trade_journal: 94863 records, 8709 closed trades in last 2d
2026-06-17 22:25:47,150 INFO Got 8709 closed trades, saving to deals...
2026-06-17 22:26:38,037 INFO MT4 journal deals saved: 8709
2026-06-17 22:26:38,038 INFO save_journal_deals done
2026-06-17 22:26:38,039 INFO === ONE-SHOT FETCH COMPLETE ===
2026-06-17 22:27:39,161 INFO Connecting to MT4...
2026-06-17 22:27:39,304 INFO mtmanapi64.dll loaded
2026-06-17 22:27:39,306 INFO MT4 manager instance created (ver=26215873)
2026-06-17 22:27:39,555 INFO MT4 connected and logged in. IsConnected=1
2026-06-17 22:27:39,556 INFO Fetching all users...
2026-06-17 22:27:39,765 INFO AdmUsersRequest: 5301 users
2026-06-17 22:27:39,766 INFO Got 5301 users, saving to clients/trading_accounts...
2026-06-17 22:27:40,931 INFO MT4 clients: 500 saved...
2026-06-17 22:27:41,332 INFO MT4 clients: 1000 saved...
2026-06-17 22:27:41,720 INFO MT4 clients: 1500 saved...
2026-06-17 22:27:42,098 INFO MT4 clients: 2000 saved...
2026-06-17 22:27:42,460 INFO MT4 clients: 2500 saved...
2026-06-17 22:27:42,853 INFO MT4 clients: 3000 saved...
2026-06-17 22:27:43,220 INFO MT4 clients: 3500 saved...
2026-06-17 22:27:43,604 INFO MT4 clients: 4000 saved...
2026-06-17 22:27:43,967 INFO MT4 clients: 4500 saved...
2026-06-17 22:27:44,378 INFO MT4 clients: 5000 saved...
2026-06-17 22:27:44,722 INFO MT4: 5301 clients saved
2026-06-17 22:27:44,724 INFO save_mt4_clients done
2026-06-17 22:27:44,731 INFO Fetching closed trade history (last 2 days)...
2026-06-17 22:27:47,418 INFO sync_trade_journal: 94863 records, 8709 closed trades in last 2d
2026-06-17 22:27:47,424 INFO Got 8709 closed trades, saving to deals...
2026-06-17 22:27:58,211 INFO MT4 journal deals saved: 8709
2026-06-17 22:27:58,212 INFO save_journal_deals done
2026-06-17 22:27:58,213 INFO === ONE-SHOT FETCH COMPLETE ===
2026-06-17 22:28:59,222 INFO Connecting to MT4...
2026-06-17 22:28:59,361 INFO mtmanapi64.dll loaded
2026-06-17 22:28:59,362 INFO MT4 manager instance created (ver=26215873)
2026-06-17 22:28:59,570 INFO MT4 connected and logged in. IsConnected=1
2026-06-17 22:28:59,570 INFO Fetching all users...
2026-06-17 22:28:59,775 INFO AdmUsersRequest: 5301 users
2026-06-17 22:28:59,776 INFO Got 5301 users, saving to clients/trading_accounts...
2026-06-17 22:29:01,048 INFO MT4 clients: 500 saved...
2026-06-17 22:29:01,442 INFO MT4 clients: 1000 saved...
2026-06-17 22:29:01,816 INFO MT4 clients: 1500 saved...
2026-06-17 22:29:02,217 INFO MT4 clients: 2000 saved...
2026-06-17 22:29:02,570 INFO MT4 clients: 2500 saved...
2026-06-17 22:29:02,926 INFO MT4 clients: 3000 saved...
2026-06-17 22:29:03,331 INFO MT4 clients: 3500 saved...
2026-06-17 22:29:03,747 INFO MT4 clients: 4000 saved...
2026-06-17 22:29:04,192 INFO MT4 clients: 4500 saved...
2026-06-17 22:29:04,579 INFO MT4 clients: 5000 saved...
2026-06-17 22:29:04,827 INFO MT4: 5301 clients saved
2026-06-17 22:29:04,828 INFO save_mt4_clients done
2026-06-17 22:29:04,828 INFO Fetching closed trade history (last 2 days)...
2026-06-17 22:29:06,550 INFO sync_trade_journal: 94863 records, 8709 closed trades in last 2d
2026-06-17 22:29:06,551 INFO Got 8709 closed trades, saving to deals...
2026-06-17 22:29:16,364 INFO MT4 journal deals saved: 8709
2026-06-17 22:29:16,365 INFO save_journal_deals done
2026-06-17 22:29:16,366 INFO === ONE-SHOT FETCH COMPLETE ===
2026-06-17 22:30:17,393 INFO Connecting to MT4...
2026-06-17 22:30:17,533 INFO mtmanapi64.dll loaded
2026-06-17 22:30:17,534 INFO MT4 manager instance created (ver=26215873)
2026-06-17 22:30:17,789 INFO MT4 connected and logged in. IsConnected=1
2026-06-17 22:30:17,790 INFO Fetching all users...
2026-06-17 22:30:17,999 INFO AdmUsersRequest: 5301 users
2026-06-17 22:30:18,000 INFO Got 5301 users, saving to clients/trading_accounts...
2026-06-17 22:30:19,355 INFO MT4 clients: 500 saved...
2026-06-17 22:30:19,822 INFO MT4 clients: 1000 saved...
2026-06-17 22:30:20,241 INFO MT4 clients: 1500 saved...
2026-06-17 22:30:20,657 INFO MT4 clients: 2000 saved...
2026-06-17 22:30:21,069 INFO MT4 clients: 2500 saved...
2026-06-17 22:30:21,503 INFO MT4 clients: 3000 saved...
2026-06-17 22:30:21,944 INFO MT4 clients: 3500 saved...
2026-06-17 22:30:22,368 INFO MT4 clients: 4000 saved...
2026-06-17 22:30:22,800 INFO MT4 clients: 4500 saved...
2026-06-17 22:30:23,204 INFO MT4 clients: 5000 saved...
2026-06-17 22:30:23,442 INFO MT4: 5301 clients saved
2026-06-17 22:30:23,442 INFO save_mt4_clients done
2026-06-17 22:30:23,443 INFO Fetching closed trade history (last 2 days)...
2026-06-17 22:30:25,131 INFO sync_trade_journal: 94863 records, 8709 closed trades in last 2d
2026-06-17 22:30:25,132 INFO Got 8709 closed trades, saving to deals...
2026-06-17 22:30:34,011 INFO MT4 journal deals saved: 8709
2026-06-17 22:30:34,012 INFO save_journal_deals done
2026-06-17 22:30:34,013 INFO === ONE-SHOT FETCH COMPLETE ===
2026-06-17 22:31:34,937 INFO Connecting to MT4...
2026-06-17 22:31:35,069 INFO mtmanapi64.dll loaded
2026-06-17 22:31:35,070 INFO MT4 manager instance created (ver=26215873)
2026-06-17 22:31:35,284 INFO MT4 connected and logged in. IsConnected=1
2026-06-17 22:31:35,285 INFO Fetching all users...
2026-06-17 22:31:35,513 INFO AdmUsersRequest: 5301 users
2026-06-17 22:31:35,513 INFO Got 5301 users, saving to clients/trading_accounts...
2026-06-17 22:31:36,604 INFO MT4 clients: 500 saved...
2026-06-17 22:31:36,997 INFO MT4 clients: 1000 saved...
2026-06-17 22:31:37,352 INFO MT4 clients: 1500 saved...
2026-06-17 22:31:37,682 INFO MT4 clients: 2000 saved...
2026-06-17 22:31:38,003 INFO MT4 clients: 2500 saved...
2026-06-17 22:31:38,324 INFO MT4 clients: 3000 saved...
2026-06-17 22:31:38,641 INFO MT4 clients: 3500 saved...
2026-06-17 22:31:38,965 INFO MT4 clients: 4000 saved...
2026-06-17 22:31:39,293 INFO MT4 clients: 4500 saved...
2026-06-17 22:31:39,624 INFO MT4 clients: 5000 saved...
2026-06-17 22:31:39,832 INFO MT4: 5301 clients saved
2026-06-17 22:31:39,832 INFO save_mt4_clients done
2026-06-17 22:31:39,833 INFO Fetching closed trade history (last 2 days)...
2026-06-17 22:31:41,557 INFO sync_trade_journal: 94863 records, 8709 closed trades in last 2d
2026-06-17 22:31:41,558 INFO Got 8709 closed trades, saving to deals...
2026-06-17 22:31:50,619 INFO MT4 journal deals saved: 8709
2026-06-17 22:31:50,620 INFO save_journal_deals done
2026-06-17 22:31:50,621 INFO === ONE-SHOT FETCH COMPLETE ===
2026-06-17 22:31:51,835 INFO mtmanapi64.dll loaded
2026-06-17 22:31:51,837 INFO MT4 manager instance created (ver=26215873)
2026-06-17 22:31:52,094 INFO MT4 connected and logged in. IsConnected=1
2026-06-17 22:32:54,390 INFO Connecting to MT4...
2026-06-17 22:32:54,526 INFO mtmanapi64.dll loaded
2026-06-17 22:32:54,527 INFO MT4 manager instance created (ver=26215873)
2026-06-17 22:32:54,778 INFO MT4 connected and logged in. IsConnected=1
2026-06-17 22:32:54,779 INFO Fetching all users...
2026-06-17 22:32:54,987 INFO AdmUsersRequest: 5301 users
2026-06-17 22:32:54,988 INFO Got 5301 users, saving to clients/trading_accounts...
2026-06-17 22:32:56,170 INFO MT4 clients: 500 saved...
2026-06-17 22:32:56,553 INFO MT4 clients: 1000 saved...
2026-06-17 22:32:56,942 INFO MT4 clients: 1500 saved...
2026-06-17 22:32:57,334 INFO MT4 clients: 2000 saved...
2026-06-17 22:32:57,753 INFO MT4 clients: 2500 saved...
2026-06-17 22:32:58,200 INFO MT4 clients: 3000 saved...
2026-06-17 22:32:58,638 INFO MT4 clients: 3500 saved...
2026-06-17 22:32:59,047 INFO MT4 clients: 4000 saved...
2026-06-17 22:32:59,408 INFO MT4 clients: 4500 saved...
2026-06-17 22:32:59,812 INFO MT4 clients: 5000 saved...
2026-06-17 22:33:00,106 INFO MT4: 5301 clients saved
2026-06-17 22:33:00,107 INFO save_mt4_clients done
2026-06-17 22:33:00,107 INFO Fetching closed trade history (last 2 days)...
2026-06-17 22:33:02,606 INFO sync_trade_journal: 94863 records, 8709 closed trades in last 2d
2026-06-17 22:33:02,606 INFO Got 8709 closed trades, saving to deals...
2026-06-17 22:34:53,671 INFO MT4 journal deals saved: 8709
2026-06-17 22:34:53,672 INFO save_journal_deals done
2026-06-17 22:34:53,673 INFO === ONE-SHOT FETCH COMPLETE ===
2026-06-17 22:35:54,708 INFO Connecting to MT4...
2026-06-17 22:35:54,861 INFO mtmanapi64.dll loaded
2026-06-17 22:35:54,862 INFO MT4 manager instance created (ver=26215873)
2026-06-17 22:35:55,128 INFO MT4 connected and logged in. IsConnected=1
2026-06-17 22:35:55,156 INFO Fetching all users...
2026-06-17 22:35:55,376 INFO AdmUsersRequest: 5301 users
2026-06-17 22:35:55,377 INFO Got 5301 users, saving to clients/trading_accounts...
2026-06-17 22:35:56,578 INFO MT4 clients: 500 saved...
2026-06-17 22:35:56,951 INFO MT4 clients: 1000 saved...
2026-06-17 22:35:57,360 INFO MT4 clients: 1500 saved...
2026-06-17 22:35:57,708 INFO MT4 clients: 2000 saved...
2026-06-17 22:35:58,047 INFO MT4 clients: 2500 saved...
2026-06-17 22:35:58,401 INFO MT4 clients: 3000 saved...
2026-06-17 22:35:58,763 INFO MT4 clients: 3500 saved...
2026-06-17 22:35:59,112 INFO MT4 clients: 4000 saved...
2026-06-17 22:35:59,451 INFO MT4 clients: 4500 saved...
2026-06-17 22:35:59,786 INFO MT4 clients: 5000 saved...
2026-06-17 22:35:59,983 INFO MT4: 5301 clients saved
2026-06-17 22:35:59,985 INFO save_mt4_clients done
2026-06-17 22:35:59,986 INFO Fetching closed trade history (last 2 days)...
2026-06-17 22:36:01,697 INFO sync_trade_journal: 94863 records, 8709 closed trades in last 2d
2026-06-17 22:36:01,698 INFO Got 8709 closed trades, saving to deals...
2026-06-17 22:36:10,389 INFO MT4 journal deals saved: 8709
2026-06-17 22:36:10,389 INFO save_journal_deals done
2026-06-17 22:36:10,391 INFO === ONE-SHOT FETCH COMPLETE ===
2026-06-17 22:37:11,290 INFO Connecting to MT4...
2026-06-17 22:37:11,427 INFO mtmanapi64.dll loaded
2026-06-17 22:37:11,428 INFO MT4 manager instance created (ver=26215873)
2026-06-17 22:37:11,632 INFO MT4 connected and logged in. IsConnected=1
2026-06-17 22:37:11,632 INFO Fetching all users...
2026-06-17 22:37:11,831 INFO AdmUsersRequest: 5301 users
2026-06-17 22:37:11,833 INFO Got 5301 users, saving to clients/trading_accounts...
2026-06-17 22:37:12,852 INFO MT4 clients: 500 saved...
2026-06-17 22:37:13,178 INFO MT4 clients: 1000 saved...
2026-06-17 22:37:13,537 INFO MT4 clients: 1500 saved...
2026-06-17 22:37:13,908 INFO MT4 clients: 2000 saved...
2026-06-17 22:37:14,275 INFO MT4 clients: 2500 saved...
2026-06-17 22:37:14,616 INFO MT4 clients: 3000 saved...
2026-06-17 22:37:14,962 INFO MT4 clients: 3500 saved...
2026-06-17 22:37:15,341 INFO MT4 clients: 4000 saved...
2026-06-17 22:37:15,739 INFO MT4 clients: 4500 saved...
2026-06-17 22:37:16,095 INFO MT4 clients: 5000 saved...
2026-06-17 22:37:16,306 INFO MT4: 5301 clients saved
2026-06-17 22:37:16,307 INFO save_mt4_clients done
2026-06-17 22:37:16,307 INFO Fetching closed trade history (last 2 days)...
2026-06-17 22:37:18,017 INFO sync_trade_journal: 94863 records, 8709 closed trades in last 2d
2026-06-17 22:37:18,018 INFO Got 8709 closed trades, saving to deals...
2026-06-17 22:37:26,184 INFO MT4 journal deals saved: 8709
2026-06-17 22:37:26,185 INFO save_journal_deals done
2026-06-17 22:37:26,185 INFO === ONE-SHOT FETCH COMPLETE ===
2026-06-17 22:38:27,862 INFO Connecting to MT4...
2026-06-17 22:38:28,111 INFO mtmanapi64.dll loaded
2026-06-17 22:38:28,112 INFO MT4 manager instance created (ver=26215873)
2026-06-17 22:38:28,368 INFO MT4 connected and logged in. IsConnected=1
2026-06-17 22:38:28,369 INFO Fetching all users...
2026-06-17 22:38:28,572 INFO AdmUsersRequest: 5301 users
2026-06-17 22:38:28,573 INFO Got 5301 users, saving to clients/trading_accounts...
2026-06-17 22:38:30,569 INFO MT4 clients: 500 saved...
2026-06-17 22:38:31,061 INFO MT4 clients: 1000 saved...
2026-06-17 22:38:31,522 INFO MT4 clients: 1500 saved...
2026-06-17 22:38:31,999 INFO MT4 clients: 2000 saved...
2026-06-17 22:38:32,426 INFO MT4 clients: 2500 saved...
2026-06-17 22:38:32,824 INFO MT4 clients: 3000 saved...
2026-06-17 22:38:33,223 INFO MT4 clients: 3500 saved...
2026-06-17 22:38:33,625 INFO MT4 clients: 4000 saved...
2026-06-17 22:38:34,063 INFO MT4 clients: 4500 saved...
2026-06-17 22:38:34,468 INFO MT4 clients: 5000 saved...
2026-06-17 22:38:34,711 INFO MT4: 5301 clients saved
2026-06-17 22:38:34,712 INFO save_mt4_clients done
2026-06-17 22:38:34,713 INFO Fetching closed trade history (last 2 days)...
2026-06-17 22:38:36,566 INFO sync_trade_journal: 94863 records, 8709 closed trades in last 2d
2026-06-17 22:38:36,566 INFO Got 8709 closed trades, saving to deals...
2026-06-17 22:38:48,978 INFO MT4 journal deals saved: 8709
2026-06-17 22:38:48,979 INFO save_journal_deals done
2026-06-17 22:38:48,980 INFO === ONE-SHOT FETCH COMPLETE ===
2026-06-17 22:39:50,197 INFO Connecting to MT4...
2026-06-17 22:39:50,360 INFO mtmanapi64.dll loaded
2026-06-17 22:39:50,361 INFO MT4 manager instance created (ver=26215873)
2026-06-17 22:39:50,615 INFO MT4 connected and logged in. IsConnected=1
2026-06-17 22:39:50,616 INFO Fetching all users...
2026-06-17 22:39:50,815 INFO AdmUsersRequest: 5301 users
2026-06-17 22:39:50,816 INFO Got 5301 users, saving to clients/trading_accounts...
2026-06-17 22:39:52,137 INFO MT4 clients: 500 saved...
2026-06-17 22:39:52,530 INFO MT4 clients: 1000 saved...
2026-06-17 22:39:52,938 INFO MT4 clients: 1500 saved...
2026-06-17 22:39:53,353 INFO MT4 clients: 2000 saved...
2026-06-17 22:39:53,769 INFO MT4 clients: 2500 saved...
2026-06-17 22:39:54,177 INFO MT4 clients: 3000 saved...
2026-06-17 22:39:54,597 INFO MT4 clients: 3500 saved...
2026-06-17 22:39:55,000 INFO MT4 clients: 4000 saved...
2026-06-17 22:39:55,409 INFO MT4 clients: 4500 saved...
2026-06-17 22:39:55,861 INFO MT4 clients: 5000 saved...
2026-06-17 22:39:56,134 INFO MT4: 5301 clients saved
2026-06-17 22:39:56,134 INFO save_mt4_clients done
2026-06-17 22:39:56,135 INFO Fetching closed trade history (last 2 days)...
2026-06-17 22:39:58,279 INFO sync_trade_journal: 94863 records, 8709 closed trades in last 2d
2026-06-17 22:39:58,280 INFO Got 8709 closed trades, saving to deals...
2026-06-17 22:41:16,725 INFO MT4 journal deals saved: 8709
2026-06-17 22:41:16,726 INFO save_journal_deals done
2026-06-17 22:41:16,726 INFO === ONE-SHOT FETCH COMPLETE ===
2026-06-17 22:42:17,695 INFO Connecting to MT4...
2026-06-17 22:42:17,838 INFO mtmanapi64.dll loaded
2026-06-17 22:42:17,839 INFO MT4 manager instance created (ver=26215873)
2026-06-17 22:42:18,121 INFO MT4 connected and logged in. IsConnected=1
2026-06-17 22:42:18,122 INFO Fetching all users...
2026-06-17 22:42:18,349 INFO AdmUsersRequest: 5301 users
2026-06-17 22:42:18,350 INFO Got 5301 users, saving to clients/trading_accounts...
2026-06-17 22:42:19,472 INFO MT4 clients: 500 saved...
2026-06-17 22:42:19,838 INFO MT4 clients: 1000 saved...
2026-06-17 22:42:20,213 INFO MT4 clients: 1500 saved...
2026-06-17 22:42:20,689 INFO MT4 clients: 2000 saved...
2026-06-17 22:42:21,094 INFO MT4 clients: 2500 saved...
2026-06-17 22:42:21,485 INFO MT4 clients: 3000 saved...
2026-06-17 22:42:21,872 INFO MT4 clients: 3500 saved...
2026-06-17 22:42:22,258 INFO MT4 clients: 4000 saved...
2026-06-17 22:42:22,642 INFO MT4 clients: 4500 saved...
2026-06-17 22:42:23,036 INFO MT4 clients: 5000 saved...
2026-06-17 22:42:23,255 INFO MT4: 5301 clients saved
2026-06-17 22:42:23,256 INFO save_mt4_clients done
2026-06-17 22:42:23,257 INFO Fetching closed trade history (last 2 days)...
2026-06-17 22:42:24,922 INFO sync_trade_journal: 94863 records, 8709 closed trades in last 2d
2026-06-17 22:42:24,923 INFO Got 8709 closed trades, saving to deals...
2026-06-17 22:42:34,144 INFO MT4 journal deals saved: 8709
2026-06-17 22:42:34,145 INFO save_journal_deals done
2026-06-17 22:42:34,145 INFO === ONE-SHOT FETCH COMPLETE ===
2026-06-17 22:43:35,257 INFO Connecting to MT4...
2026-06-17 22:43:35,400 INFO mtmanapi64.dll loaded
2026-06-17 22:43:35,401 INFO MT4 manager instance created (ver=26215873)
2026-06-17 22:43:35,654 INFO MT4 connected and logged in. IsConnected=1
2026-06-17 22:43:35,655 INFO Fetching all users...
2026-06-17 22:43:35,872 INFO AdmUsersRequest: 5301 users
2026-06-17 22:43:35,873 INFO Got 5301 users, saving to clients/trading_accounts...
2026-06-17 22:43:37,264 INFO MT4 clients: 500 saved...
2026-06-17 22:43:37,729 INFO MT4 clients: 1000 saved...
2026-06-17 22:43:38,160 INFO MT4 clients: 1500 saved...
2026-06-17 22:43:38,713 INFO MT4 clients: 2000 saved...
2026-06-17 22:43:39,173 INFO MT4 clients: 2500 saved...
2026-06-17 22:43:39,650 INFO MT4 clients: 3000 saved...
2026-06-17 22:43:40,131 INFO MT4 clients: 3500 saved...
2026-06-17 22:43:40,620 INFO MT4 clients: 4000 saved...
2026-06-17 22:43:41,065 INFO MT4 clients: 4500 saved...
2026-06-17 22:43:41,474 INFO MT4 clients: 5000 saved...
2026-06-17 22:43:41,718 INFO MT4: 5301 clients saved
2026-06-17 22:43:41,719 INFO save_mt4_clients done
2026-06-17 22:43:41,720 INFO Fetching closed trade history (last 2 days)...
2026-06-17 22:43:43,751 INFO sync_trade_journal: 94863 records, 8709 closed trades in last 2d
2026-06-17 22:43:43,752 INFO Got 8709 closed trades, saving to deals...
2026-06-17 22:45:11,593 INFO MT4 journal deals saved: 8709
2026-06-17 22:45:11,594 INFO save_journal_deals done
2026-06-17 22:45:11,594 INFO === ONE-SHOT FETCH COMPLETE ===
2026-06-17 22:46:12,800 INFO Connecting to MT4...
2026-06-17 22:46:12,940 INFO mtmanapi64.dll loaded
2026-06-17 22:46:12,941 INFO MT4 manager instance created (ver=26215873)
2026-06-17 22:46:13,193 INFO MT4 connected and logged in. IsConnected=1
2026-06-17 22:46:13,194 INFO Fetching all users...
2026-06-17 22:46:13,406 INFO AdmUsersRequest: 5301 users
2026-06-17 22:46:13,407 INFO Got 5301 users, saving to clients/trading_accounts...
2026-06-17 22:46:14,675 INFO MT4 clients: 500 saved...
2026-06-17 22:46:15,086 INFO MT4 clients: 1000 saved...
2026-06-17 22:46:15,503 INFO MT4 clients: 1500 saved...
2026-06-17 22:46:15,915 INFO MT4 clients: 2000 saved...
2026-06-17 22:46:16,331 INFO MT4 clients: 2500 saved...
2026-06-17 22:46:16,735 INFO MT4 clients: 3000 saved...
2026-06-17 22:46:17,102 INFO MT4 clients: 3500 saved...
2026-06-17 22:46:17,485 INFO MT4 clients: 4000 saved...
2026-06-17 22:46:17,837 INFO MT4 clients: 4500 saved...
2026-06-17 22:46:18,215 INFO MT4 clients: 5000 saved...
2026-06-17 22:46:18,417 INFO MT4: 5301 clients saved
2026-06-17 22:46:18,418 INFO save_mt4_clients done
2026-06-17 22:46:18,419 INFO Fetching closed trade history (last 2 days)...
2026-06-17 22:46:20,164 INFO sync_trade_journal: 94863 records, 8709 closed trades in last 2d
2026-06-17 22:46:20,165 INFO Got 8709 closed trades, saving to deals...
2026-06-17 22:46:29,153 INFO MT4 journal deals saved: 8709
2026-06-17 22:46:29,154 INFO save_journal_deals done
2026-06-17 22:46:29,155 INFO === ONE-SHOT FETCH COMPLETE ===
2026-06-17 22:47:30,092 INFO Connecting to MT4...
2026-06-17 22:47:30,227 INFO mtmanapi64.dll loaded
2026-06-17 22:47:30,229 INFO MT4 manager instance created (ver=26215873)
2026-06-17 22:47:30,481 INFO MT4 connected and logged in. IsConnected=1
2026-06-17 22:47:30,482 INFO Fetching all users...
2026-06-17 22:47:30,692 INFO AdmUsersRequest: 5301 users
2026-06-17 22:47:30,693 INFO Got 5301 users, saving to clients/trading_accounts...
2026-06-17 22:47:31,903 INFO MT4 clients: 500 saved...
2026-06-17 22:47:32,303 INFO MT4 clients: 1000 saved...
2026-06-17 22:47:32,723 INFO MT4 clients: 1500 saved...
2026-06-17 22:47:33,118 INFO MT4 clients: 2000 saved...
2026-06-17 22:47:33,495 INFO MT4 clients: 2500 saved...
2026-06-17 22:47:33,867 INFO MT4 clients: 3000 saved...
2026-06-17 22:47:34,250 INFO MT4 clients: 3500 saved...
2026-06-17 22:47:34,654 INFO MT4 clients: 4000 saved...
2026-06-17 22:47:35,047 INFO MT4 clients: 4500 saved...
2026-06-17 22:47:35,442 INFO MT4 clients: 5000 saved...
2026-06-17 22:47:35,671 INFO MT4: 5301 clients saved
2026-06-17 22:47:35,672 INFO save_mt4_clients done
2026-06-17 22:47:35,673 INFO Fetching closed trade history (last 2 days)...
2026-06-17 22:47:37,356 INFO sync_trade_journal: 94863 records, 8709 closed trades in last 2d
2026-06-17 22:47:37,357 INFO Got 8709 closed trades, saving to deals...
2026-06-17 22:47:46,750 INFO MT4 journal deals saved: 8709
2026-06-17 22:47:46,751 INFO save_journal_deals done
2026-06-17 22:47:46,751 INFO === ONE-SHOT FETCH COMPLETE ===
2026-06-17 22:48:47,770 INFO Connecting to MT4...
2026-06-17 22:48:47,906 INFO mtmanapi64.dll loaded
2026-06-17 22:48:47,908 INFO MT4 manager instance created (ver=26215873)
2026-06-17 22:48:48,178 INFO MT4 connected and logged in. IsConnected=1
2026-06-17 22:48:48,179 INFO Fetching all users...
2026-06-17 22:48:48,387 INFO AdmUsersRequest: 5301 users
2026-06-17 22:48:48,388 INFO Got 5301 users, saving to clients/trading_accounts...
2026-06-17 22:48:49,576 INFO MT4 clients: 500 saved...
2026-06-17 22:48:49,923 INFO MT4 clients: 1000 saved...
2026-06-17 22:48:50,293 INFO MT4 clients: 1500 saved...
2026-06-17 22:48:50,665 INFO MT4 clients: 2000 saved...
2026-06-17 22:48:51,027 INFO MT4 clients: 2500 saved...
2026-06-17 22:48:51,392 INFO MT4 clients: 3000 saved...
2026-06-17 22:48:51,782 INFO MT4 clients: 3500 saved...
2026-06-17 22:48:52,217 INFO MT4 clients: 4000 saved...
2026-06-17 22:48:52,637 INFO MT4 clients: 4500 saved...
2026-06-17 22:48:53,056 INFO MT4 clients: 5000 saved...
2026-06-17 22:48:53,294 INFO MT4: 5301 clients saved
2026-06-17 22:48:53,295 INFO save_mt4_clients done
2026-06-17 22:48:53,295 INFO Fetching closed trade history (last 2 days)...
2026-06-17 22:48:54,986 INFO sync_trade_journal: 94863 records, 8709 closed trades in last 2d
2026-06-17 22:48:54,987 INFO Got 8709 closed trades, saving to deals...
2026-06-17 22:49:04,462 INFO MT4 journal deals saved: 8709
2026-06-17 22:49:04,463 INFO save_journal_deals done
2026-06-17 22:49:04,463 INFO === ONE-SHOT FETCH COMPLETE ===
2026-06-17 22:49:05,496 INFO mtmanapi64.dll loaded
2026-06-17 22:49:05,499 INFO MT4 manager instance created (ver=26215873)
2026-06-17 22:49:05,747 INFO MT4 connected and logged in. IsConnected=1
2026-06-17 22:50:08,133 INFO Connecting to MT4...
2026-06-17 22:50:08,275 INFO mtmanapi64.dll loaded
2026-06-17 22:50:08,276 INFO MT4 manager instance created (ver=26215873)
2026-06-17 22:50:08,536 INFO MT4 connected and logged in. IsConnected=1
2026-06-17 22:50:08,536 INFO Fetching all users...
2026-06-17 22:50:08,736 INFO AdmUsersRequest: 5301 users
2026-06-17 22:50:08,737 INFO Got 5301 users, saving to clients/trading_accounts...
2026-06-17 22:50:09,870 INFO MT4 clients: 500 saved...
2026-06-17 22:50:10,226 INFO MT4 clients: 1000 saved...
2026-06-17 22:50:10,597 INFO MT4 clients: 1500 saved...
2026-06-17 22:50:10,973 INFO MT4 clients: 2000 saved...
2026-06-17 22:50:11,380 INFO MT4 clients: 2500 saved...
2026-06-17 22:50:11,763 INFO MT4 clients: 3000 saved...
2026-06-17 22:50:12,137 INFO MT4 clients: 3500 saved...
2026-06-17 22:50:12,558 INFO MT4 clients: 4000 saved...
2026-06-17 22:50:12,984 INFO MT4 clients: 4500 saved...
2026-06-17 22:50:13,363 INFO MT4 clients: 5000 saved...
2026-06-17 22:50:13,592 INFO MT4: 5301 clients saved
2026-06-17 22:50:13,592 INFO save_mt4_clients done
2026-06-17 22:50:13,593 INFO Fetching closed trade history (last 2 days)...
2026-06-17 22:50:15,249 INFO sync_trade_journal: 94863 records, 8709 closed trades in last 2d
2026-06-17 22:50:15,250 INFO Got 8709 closed trades, saving to deals...
2026-06-17 22:50:23,684 INFO MT4 journal deals saved: 8709
2026-06-17 22:50:23,685 INFO save_journal_deals done
2026-06-17 22:50:23,686 INFO === ONE-SHOT FETCH COMPLETE ===
2026-06-17 22:51:24,536 INFO Connecting to MT4...
2026-06-17 22:51:24,669 INFO mtmanapi64.dll loaded
2026-06-17 22:51:24,671 INFO MT4 manager instance created (ver=26215873)
2026-06-17 22:51:24,874 INFO MT4 connected and logged in. IsConnected=1
2026-06-17 22:51:24,875 INFO Fetching all users...
2026-06-17 22:51:25,081 INFO AdmUsersRequest: 5301 users
2026-06-17 22:51:25,082 INFO Got 5301 users, saving to clients/trading_accounts...
2026-06-17 22:51:26,110 INFO MT4 clients: 500 saved...
2026-06-17 22:51:26,511 INFO MT4 clients: 1000 saved...
2026-06-17 22:51:26,874 INFO MT4 clients: 1500 saved...
2026-06-17 22:51:27,250 INFO MT4 clients: 2000 saved...
2026-06-17 22:51:27,581 INFO MT4 clients: 2500 saved...
2026-06-17 22:51:27,910 INFO MT4 clients: 3000 saved...
2026-06-17 22:51:28,244 INFO MT4 clients: 3500 saved...
2026-06-17 22:51:28,588 INFO MT4 clients: 4000 saved...
2026-06-17 22:51:28,923 INFO MT4 clients: 4500 saved...
2026-06-17 22:51:29,242 INFO MT4 clients: 5000 saved...
2026-06-17 22:51:29,437 INFO MT4: 5301 clients saved
2026-06-17 22:51:29,438 INFO save_mt4_clients done
2026-06-17 22:51:29,438 INFO Fetching closed trade history (last 2 days)...
2026-06-17 22:51:31,169 INFO sync_trade_journal: 94863 records, 8709 closed trades in last 2d
2026-06-17 22:51:31,170 INFO Got 8709 closed trades, saving to deals...
2026-06-17 22:51:39,839 INFO MT4 journal deals saved: 8709
2026-06-17 22:51:39,840 INFO save_journal_deals done
2026-06-17 22:51:39,840 INFO === ONE-SHOT FETCH COMPLETE ===
2026-06-17 22:52:40,656 INFO Connecting to MT4...
2026-06-17 22:52:40,788 INFO mtmanapi64.dll loaded
2026-06-17 22:52:40,789 INFO MT4 manager instance created (ver=26215873)
2026-06-17 22:52:41,058 INFO MT4 connected and logged in. IsConnected=1
2026-06-17 22:52:41,059 INFO Fetching all users...
2026-06-17 22:52:41,287 INFO AdmUsersRequest: 5301 users
2026-06-17 22:52:41,288 INFO Got 5301 users, saving to clients/trading_accounts...
2026-06-17 22:52:42,241 INFO MT4 clients: 500 saved...
2026-06-17 22:52:42,571 INFO MT4 clients: 1000 saved...
2026-06-17 22:52:42,932 INFO MT4 clients: 1500 saved...
2026-06-17 22:52:43,289 INFO MT4 clients: 2000 saved...
2026-06-17 22:52:43,634 INFO MT4 clients: 2500 saved...
2026-06-17 22:52:43,963 INFO MT4 clients: 3000 saved...
2026-06-17 22:52:44,302 INFO MT4 clients: 3500 saved...
2026-06-17 22:52:44,652 INFO MT4 clients: 4000 saved...
2026-06-17 22:52:44,989 INFO MT4 clients: 4500 saved...
2026-06-17 22:52:45,328 INFO MT4 clients: 5000 saved...
2026-06-17 22:52:45,556 INFO MT4: 5301 clients saved
2026-06-17 22:52:45,557 INFO save_mt4_clients done
2026-06-17 22:52:45,557 INFO Fetching closed trade history (last 2 days)...
2026-06-17 22:52:47,289 INFO sync_trade_journal: 94863 records, 8709 closed trades in last 2d
2026-06-17 22:52:47,290 INFO Got 8709 closed trades, saving to deals...
2026-06-17 22:52:56,186 INFO MT4 journal deals saved: 8709
2026-06-17 22:52:56,187 INFO save_journal_deals done
2026-06-17 22:52:56,188 INFO === ONE-SHOT FETCH COMPLETE ===
2026-06-17 22:53:57,444 INFO Connecting to MT4...
2026-06-17 22:53:57,636 INFO mtmanapi64.dll loaded
2026-06-17 22:53:57,637 INFO MT4 manager instance created (ver=26215873)
2026-06-17 22:53:57,888 INFO MT4 connected and logged in. IsConnected=1
2026-06-17 22:53:57,889 INFO Fetching all users...
2026-06-17 22:53:58,098 INFO AdmUsersRequest: 5301 users
2026-06-17 22:53:58,098 INFO Got 5301 users, saving to clients/trading_accounts...
2026-06-17 22:53:59,944 INFO MT4 clients: 500 saved...
2026-06-17 22:54:00,455 INFO MT4 clients: 1000 saved...
2026-06-17 22:54:00,866 INFO MT4 clients: 1500 saved...
2026-06-17 22:54:01,295 INFO MT4 clients: 2000 saved...
2026-06-17 22:54:01,958 INFO MT4 clients: 2500 saved...
2026-06-17 22:54:02,355 INFO MT4 clients: 3000 saved...
2026-06-17 22:54:02,765 INFO MT4 clients: 3500 saved...
2026-06-17 22:54:03,194 INFO MT4 clients: 4000 saved...
2026-06-17 22:54:03,630 INFO MT4 clients: 4500 saved...
2026-06-17 22:54:04,043 INFO MT4 clients: 5000 saved...
2026-06-17 22:54:04,284 INFO MT4: 5301 clients saved
2026-06-17 22:54:04,285 INFO save_mt4_clients done
2026-06-17 22:54:04,285 INFO Fetching closed trade history (last 2 days)...
2026-06-17 22:54:06,109 INFO sync_trade_journal: 94863 records, 8709 closed trades in last 2d
2026-06-17 22:54:06,110 INFO Got 8709 closed trades, saving to deals...
2026-06-17 22:55:48,185 INFO MT4 journal deals saved: 8709
2026-06-17 22:55:48,186 INFO save_journal_deals done
2026-06-17 22:55:48,187 INFO === ONE-SHOT FETCH COMPLETE ===
2026-06-17 22:56:49,314 INFO Connecting to MT4...
2026-06-17 22:56:49,453 INFO mtmanapi64.dll loaded
2026-06-17 22:56:49,455 INFO MT4 manager instance created (ver=26215873)
2026-06-17 22:56:49,659 INFO MT4 connected and logged in. IsConnected=1
2026-06-17 22:56:49,660 INFO Fetching all users...
2026-06-17 22:56:49,860 INFO AdmUsersRequest: 5301 users
2026-06-17 22:56:49,861 INFO Got 5301 users, saving to clients/trading_accounts...
2026-06-17 22:56:51,114 INFO MT4 clients: 500 saved...
2026-06-17 22:56:51,505 INFO MT4 clients: 1000 saved...
2026-06-17 22:56:51,905 INFO MT4 clients: 1500 saved...
2026-06-17 22:56:52,320 INFO MT4 clients: 2000 saved...
2026-06-17 22:56:52,734 INFO MT4 clients: 2500 saved...
2026-06-17 22:56:53,151 INFO MT4 clients: 3000 saved...
2026-06-17 22:56:53,571 INFO MT4 clients: 3500 saved...
2026-06-17 22:56:53,978 INFO MT4 clients: 4000 saved...
2026-06-17 22:56:54,349 INFO MT4 clients: 4500 saved...
2026-06-17 22:56:54,725 INFO MT4 clients: 5000 saved...
2026-06-17 22:56:54,961 INFO MT4: 5301 clients saved
2026-06-17 22:56:54,962 INFO save_mt4_clients done
2026-06-17 22:56:54,963 INFO Fetching closed trade history (last 2 days)...
2026-06-17 22:56:56,662 INFO sync_trade_journal: 94863 records, 8709 closed trades in last 2d
2026-06-17 22:56:56,663 INFO Got 8709 closed trades, saving to deals...
2026-06-17 22:57:30,681 INFO MT4 journal deals saved: 8709
2026-06-17 22:57:30,681 INFO save_journal_deals done
2026-06-17 22:57:30,681 INFO === ONE-SHOT FETCH COMPLETE ===
2026-06-17 22:58:31,639 INFO Connecting to MT4...
2026-06-17 22:58:31,780 INFO mtmanapi64.dll loaded
2026-06-17 22:58:31,781 INFO MT4 manager instance created (ver=26215873)
2026-06-17 22:58:32,042 INFO MT4 connected and logged in. IsConnected=1
2026-06-17 22:58:32,043 INFO Fetching all users...
2026-06-17 22:58:32,245 INFO AdmUsersRequest: 5301 users
2026-06-17 22:58:32,245 INFO Got 5301 users, saving to clients/trading_accounts...
2026-06-17 22:58:33,393 INFO MT4 clients: 500 saved...
2026-06-17 22:58:33,773 INFO MT4 clients: 1000 saved...
2026-06-17 22:58:34,158 INFO MT4 clients: 1500 saved...
2026-06-17 22:58:34,542 INFO MT4 clients: 2000 saved...
2026-06-17 22:58:34,907 INFO MT4 clients: 2500 saved...
2026-06-17 22:58:35,265 INFO MT4 clients: 3000 saved...
2026-06-17 22:58:35,625 INFO MT4 clients: 3500 saved...
2026-06-17 22:58:36,007 INFO MT4 clients: 4000 saved...
2026-06-17 22:58:36,364 INFO MT4 clients: 4500 saved...
2026-06-17 22:58:36,721 INFO MT4 clients: 5000 saved...
2026-06-17 22:58:36,942 INFO MT4: 5301 clients saved
2026-06-17 22:58:36,943 INFO save_mt4_clients done
2026-06-17 22:58:36,944 INFO Fetching closed trade history (last 2 days)...
2026-06-17 22:58:38,640 INFO sync_trade_journal: 94863 records, 8709 closed trades in last 2d
2026-06-17 22:58:38,640 INFO Got 8709 closed trades, saving to deals...
2026-06-17 22:58:47,641 INFO MT4 journal deals saved: 8709
2026-06-17 22:58:47,642 INFO save_journal_deals done
2026-06-17 22:58:47,643 INFO === ONE-SHOT FETCH COMPLETE ===
2026-06-17 22:59:48,536 INFO Connecting to MT4...
2026-06-17 22:59:48,671 INFO mtmanapi64.dll loaded
2026-06-17 22:59:48,672 INFO MT4 manager instance created (ver=26215873)
2026-06-17 22:59:48,879 INFO MT4 connected and logged in. IsConnected=1
2026-06-17 22:59:48,879 INFO Fetching all users...
2026-06-17 22:59:49,098 INFO AdmUsersRequest: 5301 users
2026-06-17 22:59:49,099 INFO Got 5301 users, saving to clients/trading_accounts...
2026-06-17 22:59:50,246 INFO MT4 clients: 500 saved...
2026-06-17 22:59:50,657 INFO MT4 clients: 1000 saved...
2026-06-17 22:59:51,047 INFO MT4 clients: 1500 saved...
2026-06-17 22:59:51,383 INFO MT4 clients: 2000 saved...
2026-06-17 22:59:51,753 INFO MT4 clients: 2500 saved...
2026-06-17 22:59:52,135 INFO MT4 clients: 3000 saved...
2026-06-17 22:59:52,509 INFO MT4 clients: 3500 saved...
2026-06-17 22:59:52,882 INFO MT4 clients: 4000 saved...
2026-06-17 22:59:53,259 INFO MT4 clients: 4500 saved...
2026-06-17 22:59:53,644 INFO MT4 clients: 5000 saved...
2026-06-17 22:59:53,860 INFO MT4: 5301 clients saved
2026-06-17 22:59:53,861 INFO save_mt4_clients done
2026-06-17 22:59:53,861 INFO Fetching closed trade history (last 2 days)...
2026-06-17 22:59:55,575 INFO sync_trade_journal: 94863 records, 8709 closed trades in last 2d
2026-06-17 22:59:55,576 INFO Got 8709 closed trades, saving to deals...
2026-06-17 23:00:05,048 INFO MT4 journal deals saved: 8709
2026-06-17 23:00:05,049 INFO save_journal_deals done
2026-06-17 23:00:05,049 INFO === ONE-SHOT FETCH COMPLETE ===
2026-06-17 23:01:05,998 INFO Connecting to MT4...
2026-06-17 23:01:06,141 INFO mtmanapi64.dll loaded
2026-06-17 23:01:06,143 INFO MT4 manager instance created (ver=26215873)
2026-06-17 23:01:06,399 INFO MT4 connected and logged in. IsConnected=1
2026-06-17 23:01:06,401 INFO Fetching all users...
2026-06-17 23:01:06,608 INFO AdmUsersRequest: 5301 users
2026-06-17 23:01:06,609 INFO Got 5301 users, saving to clients/trading_accounts...
2026-06-17 23:01:07,676 INFO MT4 clients: 500 saved...
2026-06-17 23:01:08,029 INFO MT4 clients: 1000 saved...
2026-06-17 23:01:08,381 INFO MT4 clients: 1500 saved...
2026-06-17 23:01:08,703 INFO MT4 clients: 2000 saved...
2026-06-17 23:01:09,039 INFO MT4 clients: 2500 saved...
2026-06-17 23:01:09,381 INFO MT4 clients: 3000 saved...
2026-06-17 23:01:09,705 INFO MT4 clients: 3500 saved...
2026-06-17 23:01:10,025 INFO MT4 clients: 4000 saved...
2026-06-17 23:01:10,352 INFO MT4 clients: 4500 saved...
2026-06-17 23:01:10,709 INFO MT4 clients: 5000 saved...
2026-06-17 23:01:10,924 INFO MT4: 5301 clients saved
2026-06-17 23:01:10,924 INFO save_mt4_clients done
2026-06-17 23:01:10,925 INFO Fetching closed trade history (last 2 days)...
2026-06-17 23:01:12,612 INFO sync_trade_journal: 94863 records, 8709 closed trades in last 2d
2026-06-17 23:01:12,613 INFO Got 8709 closed trades, saving to deals...
2026-06-17 23:01:21,248 INFO MT4 journal deals saved: 8709
2026-06-17 23:01:21,248 INFO save_journal_deals done
2026-06-17 23:01:21,249 INFO === ONE-SHOT FETCH COMPLETE ===
2026-06-17 23:02:22,171 INFO Connecting to MT4...
2026-06-17 23:02:22,310 INFO mtmanapi64.dll loaded
2026-06-17 23:02:22,311 INFO MT4 manager instance created (ver=26215873)
2026-06-17 23:02:22,513 INFO MT4 connected and logged in. IsConnected=1
2026-06-17 23:02:22,515 INFO Fetching all users...
2026-06-17 23:02:22,715 INFO AdmUsersRequest: 5301 users
2026-06-17 23:02:22,716 INFO Got 5301 users, saving to clients/trading_accounts...
2026-06-17 23:02:23,894 INFO MT4 clients: 500 saved...
2026-06-17 23:02:24,258 INFO MT4 clients: 1000 saved...
2026-06-17 23:02:24,648 INFO MT4 clients: 1500 saved...
2026-06-17 23:02:25,016 INFO MT4 clients: 2000 saved...
2026-06-17 23:02:25,387 INFO MT4 clients: 2500 saved...
2026-06-17 23:02:25,763 INFO MT4 clients: 3000 saved...
2026-06-17 23:02:26,127 INFO MT4 clients: 3500 saved...
2026-06-17 23:02:26,520 INFO MT4 clients: 4000 saved...
2026-06-17 23:02:26,965 INFO MT4 clients: 4500 saved...
2026-06-17 23:02:27,330 INFO MT4 clients: 5000 saved...
2026-06-17 23:02:27,549 INFO MT4: 5301 clients saved
2026-06-17 23:02:27,550 INFO save_mt4_clients done
2026-06-17 23:02:27,550 INFO Fetching closed trade history (last 2 days)...
2026-06-17 23:02:29,295 INFO sync_trade_journal: 94863 records, 8709 closed trades in last 2d
2026-06-17 23:02:29,296 INFO Got 8709 closed trades, saving to deals...
2026-06-17 23:02:39,106 INFO MT4 journal deals saved: 8709
2026-06-17 23:02:39,107 INFO save_journal_deals done
2026-06-17 23:02:39,108 INFO === ONE-SHOT FETCH COMPLETE ===
2026-06-17 23:03:40,129 INFO Connecting to MT4...
2026-06-17 23:03:40,282 INFO mtmanapi64.dll loaded
2026-06-17 23:03:40,283 INFO MT4 manager instance created (ver=26215873)
2026-06-17 23:03:40,545 INFO MT4 connected and logged in. IsConnected=1
2026-06-17 23:03:40,546 INFO Fetching all users...
2026-06-17 23:03:40,750 INFO AdmUsersRequest: 5301 users
2026-06-17 23:03:40,751 INFO Got 5301 users, saving to clients/trading_accounts...
2026-06-17 23:03:42,268 INFO MT4 clients: 500 saved...
2026-06-17 23:03:42,741 INFO MT4 clients: 1000 saved...
2026-06-17 23:03:43,186 INFO MT4 clients: 1500 saved...
2026-06-17 23:03:43,608 INFO MT4 clients: 2000 saved...
2026-06-17 23:03:44,022 INFO MT4 clients: 2500 saved...
2026-06-17 23:03:44,454 INFO MT4 clients: 3000 saved...
2026-06-17 23:03:44,953 INFO MT4 clients: 3500 saved...
2026-06-17 23:03:45,386 INFO MT4 clients: 4000 saved...
2026-06-17 23:03:45,805 INFO MT4 clients: 4500 saved...
2026-06-17 23:03:46,236 INFO MT4 clients: 5000 saved...
2026-06-17 23:03:46,505 INFO MT4: 5301 clients saved
2026-06-17 23:03:46,506 INFO save_mt4_clients done
2026-06-17 23:03:46,507 INFO Fetching closed trade history (last 2 days)...
2026-06-17 23:03:48,294 INFO sync_trade_journal: 94863 records, 8709 closed trades in last 2d
2026-06-17 23:03:48,295 INFO Got 8709 closed trades, saving to deals...
2026-06-17 23:04:57,706 INFO MT4 journal deals saved: 8709
2026-06-17 23:04:57,707 INFO save_journal_deals done
2026-06-17 23:04:57,708 INFO === ONE-SHOT FETCH COMPLETE ===
2026-06-17 23:04:59,093 INFO mtmanapi64.dll loaded
2026-06-17 23:04:59,097 INFO MT4 manager instance created (ver=26215873)
2026-06-17 23:04:59,348 INFO MT4 connected and logged in. IsConnected=1
2026-06-17 23:06:01,896 INFO Connecting to MT4...
2026-06-17 23:06:02,036 INFO mtmanapi64.dll loaded
2026-06-17 23:06:02,037 INFO MT4 manager instance created (ver=26215873)
2026-06-17 23:06:02,294 INFO MT4 connected and logged in. IsConnected=1
2026-06-17 23:06:02,295 INFO Fetching all users...
2026-06-17 23:06:02,499 INFO AdmUsersRequest: 5301 users
2026-06-17 23:06:02,500 INFO Got 5301 users, saving to clients/trading_accounts...
2026-06-17 23:06:03,887 INFO MT4 clients: 500 saved...
2026-06-17 23:06:04,376 INFO MT4 clients: 1000 saved...
2026-06-17 23:06:04,830 INFO MT4 clients: 1500 saved...
2026-06-17 23:06:05,258 INFO MT4 clients: 2000 saved...
2026-06-17 23:06:05,682 INFO MT4 clients: 2500 saved...
2026-06-17 23:06:06,098 INFO MT4 clients: 3000 saved...
2026-06-17 23:06:06,524 INFO MT4 clients: 3500 saved...
2026-06-17 23:06:06,901 INFO MT4 clients: 4000 saved...
2026-06-17 23:06:07,308 INFO MT4 clients: 4500 saved...
2026-06-17 23:06:07,711 INFO MT4 clients: 5000 saved...
2026-06-17 23:06:07,956 INFO MT4: 5301 clients saved
2026-06-17 23:06:07,957 INFO save_mt4_clients done
2026-06-17 23:06:07,957 INFO Fetching closed trade history (last 2 days)...
2026-06-17 23:06:09,835 INFO sync_trade_journal: 94863 records, 8709 closed trades in last 2d
2026-06-17 23:06:09,836 INFO Got 8709 closed trades, saving to deals...
2026-06-17 23:06:20,318 INFO MT4 journal deals saved: 8709
2026-06-17 23:06:20,319 INFO save_journal_deals done
2026-06-17 23:06:20,320 INFO === ONE-SHOT FETCH COMPLETE ===
2026-06-17 23:07:22,616 INFO Connecting to MT4...
2026-06-17 23:07:22,926 INFO mtmanapi64.dll loaded
2026-06-17 23:07:22,928 INFO MT4 manager instance created (ver=26215873)
2026-06-17 23:07:23,134 INFO MT4 connected and logged in. IsConnected=1
2026-06-17 23:07:23,136 INFO Fetching all users...
2026-06-17 23:07:23,348 INFO AdmUsersRequest: 5301 users
2026-06-17 23:07:23,350 INFO Got 5301 users, saving to clients/trading_accounts...
2026-06-17 23:07:25,323 INFO MT4 clients: 500 saved...
2026-06-17 23:07:25,798 INFO MT4 clients: 1000 saved...
2026-06-17 23:07:26,251 INFO MT4 clients: 1500 saved...
2026-06-17 23:07:26,695 INFO MT4 clients: 2000 saved...
2026-06-17 23:07:27,129 INFO MT4 clients: 2500 saved...
2026-06-17 23:07:27,564 INFO MT4 clients: 3000 saved...
2026-06-17 23:07:27,990 INFO MT4 clients: 3500 saved...
2026-06-17 23:07:28,409 INFO MT4 clients: 4000 saved...
2026-06-17 23:07:28,787 INFO MT4 clients: 4500 saved...
2026-06-17 23:07:29,166 INFO MT4 clients: 5000 saved...
2026-06-17 23:07:29,381 INFO MT4: 5301 clients saved
2026-06-17 23:07:29,382 INFO save_mt4_clients done
2026-06-17 23:07:29,383 INFO Fetching closed trade history (last 2 days)...
2026-06-17 23:07:31,361 INFO sync_trade_journal: 94863 records, 8709 closed trades in last 2d
2026-06-17 23:07:31,363 INFO Got 8709 closed trades, saving to deals...
2026-06-17 23:07:42,052 INFO MT4 journal deals saved: 8709
2026-06-17 23:07:42,054 INFO save_journal_deals done
2026-06-17 23:07:42,054 INFO === ONE-SHOT FETCH COMPLETE ===
2026-06-17 23:08:43,080 INFO Connecting to MT4...
2026-06-17 23:08:43,226 INFO mtmanapi64.dll loaded
2026-06-17 23:08:43,227 INFO MT4 manager instance created (ver=26215873)
2026-06-17 23:08:43,481 INFO MT4 connected and logged in. IsConnected=1
2026-06-17 23:08:43,482 INFO Fetching all users...
2026-06-17 23:08:43,688 INFO AdmUsersRequest: 5301 users
2026-06-17 23:08:43,689 INFO Got 5301 users, saving to clients/trading_accounts...
2026-06-17 23:08:44,921 INFO MT4 clients: 500 saved...
2026-06-17 23:08:45,314 INFO MT4 clients: 1000 saved...
2026-06-17 23:08:45,739 INFO MT4 clients: 1500 saved...
2026-06-17 23:08:46,156 INFO MT4 clients: 2000 saved...
2026-06-17 23:08:46,549 INFO MT4 clients: 2500 saved...
2026-06-17 23:08:46,954 INFO MT4 clients: 3000 saved...
2026-06-17 23:08:47,405 INFO MT4 clients: 3500 saved...
2026-06-17 23:08:47,788 INFO MT4 clients: 4000 saved...
2026-06-17 23:08:48,117 INFO MT4 clients: 4500 saved...
2026-06-17 23:08:48,422 INFO MT4 clients: 5000 saved...
2026-06-17 23:08:48,585 INFO MT4: 5301 clients saved
2026-06-17 23:08:48,586 INFO save_mt4_clients done
2026-06-17 23:08:48,586 INFO Fetching closed trade history (last 2 days)...
2026-06-17 23:08:50,275 INFO sync_trade_journal: 94863 records, 8709 closed trades in last 2d
2026-06-17 23:08:50,276 INFO Got 8709 closed trades, saving to deals...
2026-06-17 23:08:58,657 INFO MT4 journal deals saved: 8709
2026-06-17 23:08:58,658 INFO save_journal_deals done
2026-06-17 23:08:58,659 INFO === ONE-SHOT FETCH COMPLETE ===
2026-06-17 23:09:59,701 INFO Connecting to MT4...
2026-06-17 23:09:59,855 INFO mtmanapi64.dll loaded
2026-06-17 23:09:59,856 INFO MT4 manager instance created (ver=26215873)
2026-06-17 23:10:00,107 INFO MT4 connected and logged in. IsConnected=1
2026-06-17 23:10:00,108 INFO Fetching all users...
2026-06-17 23:10:00,304 INFO AdmUsersRequest: 5301 users
2026-06-17 23:10:00,305 INFO Got 5301 users, saving to clients/trading_accounts...
2026-06-17 23:10:01,687 INFO MT4 clients: 500 saved...
2026-06-17 23:10:02,076 INFO MT4 clients: 1000 saved...
2026-06-17 23:10:02,457 INFO MT4 clients: 1500 saved...
2026-06-17 23:10:02,825 INFO MT4 clients: 2000 saved...
2026-06-17 23:10:03,225 INFO MT4 clients: 2500 saved...
2026-06-17 23:10:03,616 INFO MT4 clients: 3000 saved...
2026-06-17 23:10:03,974 INFO MT4 clients: 3500 saved...
2026-06-17 23:10:04,377 INFO MT4 clients: 4000 saved...
2026-06-17 23:10:04,753 INFO MT4 clients: 4500 saved...
2026-06-17 23:10:05,154 INFO MT4 clients: 5000 saved...
2026-06-17 23:10:05,383 INFO MT4: 5301 clients saved
2026-06-17 23:10:05,384 INFO save_mt4_clients done
2026-06-17 23:10:05,385 INFO Fetching closed trade history (last 2 days)...
2026-06-17 23:10:07,113 INFO sync_trade_journal: 94863 records, 8709 closed trades in last 2d
2026-06-17 23:10:07,114 INFO Got 8709 closed trades, saving to deals...
2026-06-17 23:10:18,469 INFO MT4 journal deals saved: 8709
2026-06-17 23:10:18,471 INFO save_journal_deals done
2026-06-17 23:10:18,471 INFO === ONE-SHOT FETCH COMPLETE ===
2026-06-17 23:11:20,318 INFO Connecting to MT4...
2026-06-17 23:11:20,500 INFO mtmanapi64.dll loaded
2026-06-17 23:11:20,501 INFO MT4 manager instance created (ver=26215873)
2026-06-17 23:11:20,758 INFO MT4 connected and logged in. IsConnected=1
2026-06-17 23:11:20,759 INFO Fetching all users...
2026-06-17 23:11:20,967 INFO AdmUsersRequest: 5301 users
2026-06-17 23:11:20,968 INFO Got 5301 users, saving to clients/trading_accounts...
2026-06-17 23:11:22,432 INFO MT4 clients: 500 saved...
2026-06-17 23:11:22,766 INFO MT4 clients: 1000 saved...
2026-06-17 23:11:23,124 INFO MT4 clients: 1500 saved...
2026-06-17 23:11:23,458 INFO MT4 clients: 2000 saved...
2026-06-17 23:11:23,812 INFO MT4 clients: 2500 saved...
2026-06-17 23:11:24,276 INFO MT4 clients: 3000 saved...
2026-06-17 23:11:24,705 INFO MT4 clients: 3500 saved...
2026-06-17 23:11:25,147 INFO MT4 clients: 4000 saved...
2026-06-17 23:11:25,568 INFO MT4 clients: 4500 saved...
2026-06-17 23:11:26,062 INFO MT4 clients: 5000 saved...
2026-06-17 23:11:26,333 INFO MT4: 5301 clients saved
2026-06-17 23:11:26,334 INFO save_mt4_clients done
2026-06-17 23:11:26,335 INFO Fetching closed trade history (last 2 days)...
2026-06-17 23:11:28,300 INFO sync_trade_journal: 94863 records, 8709 closed trades in last 2d
2026-06-17 23:11:28,300 INFO Got 8709 closed trades, saving to deals...
2026-06-17 23:13:15,306 INFO MT4 journal deals saved: 8709
2026-06-17 23:13:15,307 INFO save_journal_deals done
2026-06-17 23:13:15,307 INFO === ONE-SHOT FETCH COMPLETE ===
2026-06-17 23:14:16,535 INFO Connecting to MT4...
2026-06-17 23:14:16,669 INFO mtmanapi64.dll loaded
2026-06-17 23:14:16,670 INFO MT4 manager instance created (ver=26215873)
2026-06-17 23:14:16,921 INFO MT4 connected and logged in. IsConnected=1
2026-06-17 23:14:16,922 INFO Fetching all users...
2026-06-17 23:14:17,128 INFO AdmUsersRequest: 5301 users
2026-06-17 23:14:17,129 INFO Got 5301 users, saving to clients/trading_accounts...
2026-06-17 23:14:18,534 INFO MT4 clients: 500 saved...
2026-06-17 23:14:19,033 INFO MT4 clients: 1000 saved...
2026-06-17 23:14:19,436 INFO MT4 clients: 1500 saved...
2026-06-17 23:14:19,857 INFO MT4 clients: 2000 saved...
2026-06-17 23:14:20,285 INFO MT4 clients: 2500 saved...
2026-06-17 23:14:20,711 INFO MT4 clients: 3000 saved...
2026-06-17 23:14:21,144 INFO MT4 clients: 3500 saved...
2026-06-17 23:14:21,598 INFO MT4 clients: 4000 saved...
2026-06-17 23:14:22,033 INFO MT4 clients: 4500 saved...
2026-06-17 23:14:22,488 INFO MT4 clients: 5000 saved...
2026-06-17 23:14:22,762 INFO MT4: 5301 clients saved
2026-06-17 23:14:22,763 INFO save_mt4_clients done
2026-06-17 23:14:22,763 INFO Fetching closed trade history (last 2 days)...
2026-06-17 23:14:24,603 INFO sync_trade_journal: 94863 records, 8709 closed trades in last 2d
2026-06-17 23:14:24,604 INFO Got 8709 closed trades, saving to deals...
2026-06-17 23:15:25,200 INFO MT4 journal deals saved: 8709
2026-06-17 23:15:25,201 INFO save_journal_deals done
2026-06-17 23:15:25,201 INFO === ONE-SHOT FETCH COMPLETE ===
2026-06-17 23:16:26,330 INFO Connecting to MT4...
2026-06-17 23:16:26,468 INFO mtmanapi64.dll loaded
2026-06-17 23:16:26,469 INFO MT4 manager instance created (ver=26215873)
2026-06-17 23:16:26,720 INFO MT4 connected and logged in. IsConnected=1
2026-06-17 23:16:26,721 INFO Fetching all users...
2026-06-17 23:16:26,930 INFO AdmUsersRequest: 5301 users
2026-06-17 23:16:26,931 INFO Got 5301 users, saving to clients/trading_accounts...
2026-06-17 23:16:28,223 INFO MT4 clients: 500 saved...
2026-06-17 23:16:28,635 INFO MT4 clients: 1000 saved...
2026-06-17 23:16:29,013 INFO MT4 clients: 1500 saved...
2026-06-17 23:16:29,417 INFO MT4 clients: 2000 saved...
2026-06-17 23:16:29,784 INFO MT4 clients: 2500 saved...
2026-06-17 23:16:30,165 INFO MT4 clients: 3000 saved...
2026-06-17 23:16:30,550 INFO MT4 clients: 3500 saved...
2026-06-17 23:16:30,932 INFO MT4 clients: 4000 saved...
2026-06-17 23:16:31,330 INFO MT4 clients: 4500 saved...
2026-06-17 23:16:31,720 INFO MT4 clients: 5000 saved...
2026-06-17 23:16:31,957 INFO MT4: 5301 clients saved
2026-06-17 23:16:31,958 INFO save_mt4_clients done
2026-06-17 23:16:31,958 INFO Fetching closed trade history (last 2 days)...
2026-06-17 23:16:33,733 INFO sync_trade_journal: 94863 records, 8709 closed trades in last 2d
2026-06-17 23:16:33,734 INFO Got 8709 closed trades, saving to deals...
2026-06-17 23:16:42,708 INFO MT4 journal deals saved: 8709
2026-06-17 23:16:42,708 INFO save_journal_deals done
2026-06-17 23:16:42,709 INFO === ONE-SHOT FETCH COMPLETE ===
2026-06-17 23:17:43,730 INFO Connecting to MT4...
2026-06-17 23:17:43,880 INFO mtmanapi64.dll loaded
2026-06-17 23:17:43,881 INFO MT4 manager instance created (ver=26215873)
2026-06-17 23:17:44,138 INFO MT4 connected and logged in. IsConnected=1
2026-06-17 23:17:44,139 INFO Fetching all users...
2026-06-17 23:17:44,352 INFO AdmUsersRequest: 5301 users
2026-06-17 23:17:44,353 INFO Got 5301 users, saving to clients/trading_accounts...
2026-06-17 23:17:45,635 INFO MT4 clients: 500 saved...
2026-06-17 23:17:46,052 INFO MT4 clients: 1000 saved...
2026-06-17 23:17:46,456 INFO MT4 clients: 1500 saved...
2026-06-17 23:17:46,870 INFO MT4 clients: 2000 saved...
2026-06-17 23:17:47,264 INFO MT4 clients: 2500 saved...
2026-06-17 23:17:47,659 INFO MT4 clients: 3000 saved...
2026-06-17 23:17:48,033 INFO MT4 clients: 3500 saved...
2026-06-17 23:17:48,409 INFO MT4 clients: 4000 saved...
2026-06-17 23:17:48,803 INFO MT4 clients: 4500 saved...
2026-06-17 23:17:49,184 INFO MT4 clients: 5000 saved...
2026-06-17 23:17:49,412 INFO MT4: 5301 clients saved
2026-06-17 23:17:49,413 INFO save_mt4_clients done
2026-06-17 23:17:49,413 INFO Fetching closed trade history (last 2 days)...
2026-06-17 23:17:51,130 INFO sync_trade_journal: 94863 records, 8709 closed trades in last 2d
2026-06-17 23:17:51,131 INFO Got 8709 closed trades, saving to deals...
2026-06-17 23:18:00,441 INFO MT4 journal deals saved: 8709
2026-06-17 23:18:00,442 INFO save_journal_deals done
2026-06-17 23:18:00,442 INFO === ONE-SHOT FETCH COMPLETE ===
2026-06-17 23:19:01,375 INFO Connecting to MT4...
2026-06-17 23:19:01,515 INFO mtmanapi64.dll loaded
2026-06-17 23:19:01,516 INFO MT4 manager instance created (ver=26215873)
2026-06-17 23:19:01,724 INFO MT4 connected and logged in. IsConnected=1
2026-06-17 23:19:01,724 INFO Fetching all users...
2026-06-17 23:19:01,930 INFO AdmUsersRequest: 5301 users
2026-06-17 23:19:01,931 INFO Got 5301 users, saving to clients/trading_accounts...
2026-06-17 23:19:02,905 INFO MT4 clients: 500 saved...
2026-06-17 23:19:03,227 INFO MT4 clients: 1000 saved...
2026-06-17 23:19:03,586 INFO MT4 clients: 1500 saved...
2026-06-17 23:19:03,937 INFO MT4 clients: 2000 saved...
2026-06-17 23:19:04,299 INFO MT4 clients: 2500 saved...
2026-06-17 23:19:04,664 INFO MT4 clients: 3000 saved...
2026-06-17 23:19:05,008 INFO MT4 clients: 3500 saved...
2026-06-17 23:19:05,350 INFO MT4 clients: 4000 saved...
2026-06-17 23:19:05,722 INFO MT4 clients: 4500 saved...
2026-06-17 23:19:06,086 INFO MT4 clients: 5000 saved...
2026-06-17 23:19:06,304 INFO MT4: 5301 clients saved
2026-06-17 23:19:06,304 INFO save_mt4_clients done
2026-06-17 23:19:06,305 INFO Fetching closed trade history (last 2 days)...
2026-06-17 23:19:08,037 INFO sync_trade_journal: 94863 records, 8709 closed trades in last 2d
2026-06-17 23:19:08,038 INFO Got 8709 closed trades, saving to deals...
2026-06-17 23:19:17,971 INFO MT4 journal deals saved: 8709
2026-06-17 23:19:17,972 INFO save_journal_deals done
2026-06-17 23:19:17,973 INFO === ONE-SHOT FETCH COMPLETE ===
2026-06-17 23:20:19,125 INFO Connecting to MT4...
2026-06-17 23:20:19,261 INFO mtmanapi64.dll loaded
2026-06-17 23:20:19,262 INFO MT4 manager instance created (ver=26215873)
2026-06-17 23:20:19,516 INFO MT4 connected and logged in. IsConnected=1
2026-06-17 23:20:19,517 INFO Fetching all users...
2026-06-17 23:20:19,721 INFO AdmUsersRequest: 5301 users
2026-06-17 23:20:19,722 INFO Got 5301 users, saving to clients/trading_accounts...
2026-06-17 23:20:20,903 INFO MT4 clients: 500 saved...
2026-06-17 23:20:21,326 INFO MT4 clients: 1000 saved...
2026-06-17 23:20:21,720 INFO MT4 clients: 1500 saved...
2026-06-17 23:20:22,128 INFO MT4 clients: 2000 saved...
2026-06-17 23:20:22,509 INFO MT4 clients: 2500 saved...
2026-06-17 23:20:22,891 INFO MT4 clients: 3000 saved...
2026-06-17 23:20:23,297 INFO MT4 clients: 3500 saved...
2026-06-17 23:20:23,691 INFO MT4 clients: 4000 saved...
2026-06-17 23:20:24,108 INFO MT4 clients: 4500 saved...
2026-06-17 23:20:24,562 INFO MT4 clients: 5000 saved...
2026-06-17 23:20:24,815 INFO MT4: 5301 clients saved
2026-06-17 23:20:24,816 INFO save_mt4_clients done
2026-06-17 23:20:24,817 INFO Fetching closed trade history (last 2 days)...
2026-06-17 23:20:26,745 INFO sync_trade_journal: 94863 records, 8709 closed trades in last 2d
2026-06-17 23:20:26,746 INFO Got 8709 closed trades, saving to deals...
2026-06-17 23:20:36,362 INFO MT4 journal deals saved: 8709
2026-06-17 23:20:36,363 INFO save_journal_deals done
2026-06-17 23:20:36,364 INFO === ONE-SHOT FETCH COMPLETE ===
2026-06-17 23:20:37,513 INFO mtmanapi64.dll loaded
2026-06-17 23:20:37,517 INFO MT4 manager instance created (ver=26215873)
2026-06-17 23:20:37,770 INFO MT4 connected and logged in. IsConnected=1
2026-06-17 23:21:40,112 INFO Connecting to MT4...
2026-06-17 23:21:40,247 INFO mtmanapi64.dll loaded
2026-06-17 23:21:40,248 INFO MT4 manager instance created (ver=26215873)
2026-06-17 23:21:40,500 INFO MT4 connected and logged in. IsConnected=1
2026-06-17 23:21:40,501 INFO Fetching all users...
2026-06-17 23:21:40,704 INFO AdmUsersRequest: 5301 users
2026-06-17 23:21:40,705 INFO Got 5301 users, saving to clients/trading_accounts...
2026-06-17 23:21:41,708 INFO MT4 clients: 500 saved...
2026-06-17 23:21:42,022 INFO MT4 clients: 1000 saved...
2026-06-17 23:21:42,331 INFO MT4 clients: 1500 saved...
2026-06-17 23:21:42,639 INFO MT4 clients: 2000 saved...
2026-06-17 23:21:42,967 INFO MT4 clients: 2500 saved...
2026-06-17 23:21:43,301 INFO MT4 clients: 3000 saved...
2026-06-17 23:21:43,639 INFO MT4 clients: 3500 saved...
2026-06-17 23:21:44,006 INFO MT4 clients: 4000 saved...
2026-06-17 23:21:44,350 INFO MT4 clients: 4500 saved...
2026-06-17 23:21:44,702 INFO MT4 clients: 5000 saved...
2026-06-17 23:21:44,938 INFO MT4: 5301 clients saved
2026-06-17 23:21:44,939 INFO save_mt4_clients done
2026-06-17 23:21:44,940 INFO Fetching closed trade history (last 2 days)...
2026-06-17 23:21:46,717 INFO sync_trade_journal: 94863 records, 8709 closed trades in last 2d
2026-06-17 23:21:46,718 INFO Got 8709 closed trades, saving to deals...
2026-06-17 23:21:55,961 INFO MT4 journal deals saved: 8709
2026-06-17 23:21:55,962 INFO save_journal_deals done
2026-06-17 23:21:55,962 INFO === ONE-SHOT FETCH COMPLETE ===
2026-06-17 23:22:56,889 INFO Connecting to MT4...
2026-06-17 23:22:57,032 INFO mtmanapi64.dll loaded
2026-06-17 23:22:57,034 INFO MT4 manager instance created (ver=26215873)
2026-06-17 23:22:57,274 INFO MT4 connected and logged in. IsConnected=1
2026-06-17 23:22:57,276 INFO Fetching all users...
2026-06-17 23:22:57,510 INFO AdmUsersRequest: 5301 users
2026-06-17 23:22:57,511 INFO Got 5301 users, saving to clients/trading_accounts...
2026-06-17 23:23:00,305 INFO MT4 clients: 500 saved...
2026-06-17 23:23:00,717 INFO MT4 clients: 1000 saved...
2026-06-17 23:23:01,112 INFO MT4 clients: 1500 saved...
2026-06-17 23:23:01,474 INFO MT4 clients: 2000 saved...
2026-06-17 23:23:01,899 INFO MT4 clients: 2500 saved...
2026-06-17 23:23:02,283 INFO MT4 clients: 3000 saved...
2026-06-17 23:23:02,702 INFO MT4 clients: 3500 saved...
2026-06-17 23:23:03,138 INFO MT4 clients: 4000 saved...
2026-06-17 23:23:03,527 INFO MT4 clients: 4500 saved...
2026-06-17 23:23:03,953 INFO MT4 clients: 5000 saved...
2026-06-17 23:23:04,214 INFO MT4: 5301 clients saved
2026-06-17 23:23:04,215 INFO save_mt4_clients done
2026-06-17 23:23:04,216 INFO Fetching closed trade history (last 2 days)...
2026-06-17 23:23:05,922 INFO sync_trade_journal: 94863 records, 8709 closed trades in last 2d
2026-06-17 23:23:05,923 INFO Got 8709 closed trades, saving to deals...
2026-06-17 23:25:14,123 INFO MT4 journal deals saved: 8709
2026-06-17 23:25:14,133 INFO save_journal_deals done
2026-06-17 23:25:14,134 INFO === ONE-SHOT FETCH COMPLETE ===
2026-06-17 23:26:16,307 INFO Connecting to MT4...
2026-06-17 23:26:16,490 INFO mtmanapi64.dll loaded
2026-06-17 23:26:16,490 INFO MT4 manager instance created (ver=26215873)
2026-06-17 23:26:16,755 INFO MT4 connected and logged in. IsConnected=1
2026-06-17 23:26:16,756 INFO Fetching all users...
2026-06-17 23:26:16,983 INFO AdmUsersRequest: 5301 users
2026-06-17 23:26:16,984 INFO Got 5301 users, saving to clients/trading_accounts...
2026-06-17 23:26:18,947 INFO MT4 clients: 500 saved...
2026-06-17 23:26:19,540 INFO MT4 clients: 1000 saved...
2026-06-17 23:26:20,026 INFO MT4 clients: 1500 saved...
2026-06-17 23:26:20,487 INFO MT4 clients: 2000 saved...
2026-06-17 23:26:21,173 INFO MT4 clients: 2500 saved...
2026-06-17 23:26:21,588 INFO MT4 clients: 3000 saved...
2026-06-17 23:26:21,991 INFO MT4 clients: 3500 saved...
2026-06-17 23:26:22,388 INFO MT4 clients: 4000 saved...
2026-06-17 23:26:22,908 INFO MT4 clients: 4500 saved...
2026-06-17 23:26:23,512 INFO MT4 clients: 5000 saved...
2026-06-17 23:26:23,819 INFO MT4: 5301 clients saved
2026-06-17 23:26:23,820 INFO save_mt4_clients done
2026-06-17 23:26:23,821 INFO Fetching closed trade history (last 2 days)...
2026-06-17 23:26:27,520 INFO sync_trade_journal: 94863 records, 8709 closed trades in last 2d
2026-06-17 23:26:27,521 INFO Got 8709 closed trades, saving to deals...
2026-06-17 23:28:16,278 INFO MT4 journal deals saved: 8709
2026-06-17 23:28:16,279 INFO save_journal_deals done
2026-06-17 23:28:16,279 INFO === ONE-SHOT FETCH COMPLETE ===
2026-06-17 23:29:17,350 INFO Connecting to MT4...
2026-06-17 23:29:17,498 INFO mtmanapi64.dll loaded
2026-06-17 23:29:17,499 INFO MT4 manager instance created (ver=26215873)
2026-06-17 23:29:17,754 INFO MT4 connected and logged in. IsConnected=1
2026-06-17 23:29:17,755 INFO Fetching all users...
2026-06-17 23:29:17,968 INFO AdmUsersRequest: 5301 users
2026-06-17 23:29:17,969 INFO Got 5301 users, saving to clients/trading_accounts...
2026-06-17 23:29:19,253 INFO MT4 clients: 500 saved...
2026-06-17 23:29:19,647 INFO MT4 clients: 1000 saved...
2026-06-17 23:29:20,122 INFO MT4 clients: 1500 saved...
2026-06-17 23:29:20,576 INFO MT4 clients: 2000 saved...
2026-06-17 23:29:21,106 INFO MT4 clients: 2500 saved...
2026-06-17 23:29:21,498 INFO MT4 clients: 3000 saved...
2026-06-17 23:29:21,904 INFO MT4 clients: 3500 saved...
2026-06-17 23:29:22,320 INFO MT4 clients: 4000 saved...
2026-06-17 23:29:22,701 INFO MT4 clients: 4500 saved...
2026-06-17 23:29:23,101 INFO MT4 clients: 5000 saved...
2026-06-17 23:29:23,346 INFO MT4: 5301 clients saved
2026-06-17 23:29:23,346 INFO save_mt4_clients done
2026-06-17 23:29:23,347 INFO Fetching closed trade history (last 2 days)...
2026-06-17 23:29:25,144 INFO sync_trade_journal: 94863 records, 8709 closed trades in last 2d
2026-06-17 23:29:25,145 INFO Got 8709 closed trades, saving to deals...
2026-06-17 23:29:34,879 INFO MT4 journal deals saved: 8709
2026-06-17 23:29:34,880 INFO save_journal_deals done
2026-06-17 23:29:34,881 INFO === ONE-SHOT FETCH COMPLETE ===
2026-06-17 23:30:36,402 INFO Connecting to MT4...
2026-06-17 23:30:36,682 INFO mtmanapi64.dll loaded
2026-06-17 23:30:36,683 INFO MT4 manager instance created (ver=26215873)
2026-06-17 23:30:36,950 INFO MT4 connected and logged in. IsConnected=1
2026-06-17 23:30:36,951 INFO Fetching all users...
2026-06-17 23:30:37,175 INFO AdmUsersRequest: 5301 users
2026-06-17 23:30:37,177 INFO Got 5301 users, saving to clients/trading_accounts...
2026-06-17 23:30:39,450 INFO MT4 clients: 500 saved...
2026-06-17 23:30:39,877 INFO MT4 clients: 1000 saved...
2026-06-17 23:30:40,311 INFO MT4 clients: 1500 saved...
2026-06-17 23:30:40,788 INFO MT4 clients: 2000 saved...
2026-06-17 23:30:41,251 INFO MT4 clients: 2500 saved...
2026-06-17 23:30:41,707 INFO MT4 clients: 3000 saved...
2026-06-17 23:30:42,195 INFO MT4 clients: 3500 saved...
2026-06-17 23:30:42,593 INFO MT4 clients: 4000 saved...
2026-06-17 23:30:42,996 INFO MT4 clients: 4500 saved...
2026-06-17 23:30:43,364 INFO MT4 clients: 5000 saved...
2026-06-17 23:30:43,582 INFO MT4: 5301 clients saved
2026-06-17 23:30:43,582 INFO save_mt4_clients done
2026-06-17 23:30:43,583 INFO Fetching closed trade history (last 2 days)...
2026-06-17 23:30:45,331 INFO sync_trade_journal: 94863 records, 8709 closed trades in last 2d
2026-06-17 23:30:45,332 INFO Got 8709 closed trades, saving to deals...
2026-06-17 23:30:55,086 INFO MT4 journal deals saved: 8709
2026-06-17 23:30:55,087 INFO save_journal_deals done
2026-06-17 23:30:55,087 INFO === ONE-SHOT FETCH COMPLETE ===
2026-06-17 23:31:56,037 INFO Connecting to MT4...
2026-06-17 23:31:56,177 INFO mtmanapi64.dll loaded
2026-06-17 23:31:56,178 INFO MT4 manager instance created (ver=26215873)
2026-06-17 23:31:56,431 INFO MT4 connected and logged in. IsConnected=1
2026-06-17 23:31:56,432 INFO Fetching all users...
2026-06-17 23:31:56,632 INFO AdmUsersRequest: 5301 users
2026-06-17 23:31:56,633 INFO Got 5301 users, saving to clients/trading_accounts...
2026-06-17 23:31:57,846 INFO MT4 clients: 500 saved...
2026-06-17 23:31:58,267 INFO MT4 clients: 1000 saved...
2026-06-17 23:31:58,652 INFO MT4 clients: 1500 saved...
2026-06-17 23:31:59,046 INFO MT4 clients: 2000 saved...
2026-06-17 23:31:59,434 INFO MT4 clients: 2500 saved...
2026-06-17 23:31:59,799 INFO MT4 clients: 3000 saved...
2026-06-17 23:32:00,179 INFO MT4 clients: 3500 saved...
2026-06-17 23:32:00,572 INFO MT4 clients: 4000 saved...
2026-06-17 23:32:00,923 INFO MT4 clients: 4500 saved...
2026-06-17 23:32:01,271 INFO MT4 clients: 5000 saved...
2026-06-17 23:32:01,477 INFO MT4: 5301 clients saved
2026-06-17 23:32:01,478 INFO save_mt4_clients done
2026-06-17 23:32:01,479 INFO Fetching closed trade history (last 2 days)...
2026-06-17 23:32:03,167 INFO sync_trade_journal: 94863 records, 8709 closed trades in last 2d
2026-06-17 23:32:03,168 INFO Got 8709 closed trades, saving to deals...
2026-06-17 23:32:11,898 INFO MT4 journal deals saved: 8709
2026-06-17 23:32:11,899 INFO save_journal_deals done
2026-06-17 23:32:11,899 INFO === ONE-SHOT FETCH COMPLETE ===
2026-06-17 23:33:13,416 INFO Connecting to MT4...
2026-06-17 23:33:13,582 INFO mtmanapi64.dll loaded
2026-06-17 23:33:13,583 INFO MT4 manager instance created (ver=26215873)
2026-06-17 23:33:13,838 INFO MT4 connected and logged in. IsConnected=1
2026-06-17 23:33:13,839 INFO Fetching all users...
2026-06-17 23:33:14,053 INFO AdmUsersRequest: 5301 users
2026-06-17 23:33:14,054 INFO Got 5301 users, saving to clients/trading_accounts...
2026-06-17 23:33:15,386 INFO MT4 clients: 500 saved...
2026-06-17 23:33:15,798 INFO MT4 clients: 1000 saved...
2026-06-17 23:33:16,219 INFO MT4 clients: 1500 saved...
2026-06-17 23:33:16,661 INFO MT4 clients: 2000 saved...
2026-06-17 23:33:17,111 INFO MT4 clients: 2500 saved...
2026-06-17 23:33:17,543 INFO MT4 clients: 3000 saved...
2026-06-17 23:33:17,982 INFO MT4 clients: 3500 saved...
2026-06-17 23:33:18,386 INFO MT4 clients: 4000 saved...
2026-06-17 23:33:18,811 INFO MT4 clients: 4500 saved...
2026-06-17 23:33:19,266 INFO MT4 clients: 5000 saved...
2026-06-17 23:33:19,561 INFO MT4: 5301 clients saved
2026-06-17 23:33:19,562 INFO save_mt4_clients done
2026-06-17 23:33:19,563 INFO Fetching closed trade history (last 2 days)...
2026-06-17 23:33:21,906 INFO sync_trade_journal: 94863 records, 8709 closed trades in last 2d
2026-06-17 23:33:21,907 INFO Got 8709 closed trades, saving to deals...
2026-06-17 23:35:04,574 INFO MT4 journal deals saved: 8709
2026-06-17 23:35:04,575 INFO save_journal_deals done
2026-06-17 23:35:04,575 INFO === ONE-SHOT FETCH COMPLETE ===
2026-06-17 23:36:06,001 INFO Connecting to MT4...
2026-06-17 23:36:06,209 INFO mtmanapi64.dll loaded
2026-06-17 23:36:06,210 INFO MT4 manager instance created (ver=26215873)
2026-06-17 23:36:06,463 INFO MT4 connected and logged in. IsConnected=1
2026-06-17 23:36:06,464 INFO Fetching all users...
2026-06-17 23:36:06,683 INFO AdmUsersRequest: 5301 users
2026-06-17 23:36:06,684 INFO Got 5301 users, saving to clients/trading_accounts...
2026-06-17 23:36:08,615 INFO MT4 clients: 500 saved...
2026-06-17 23:36:09,044 INFO MT4 clients: 1000 saved...
2026-06-17 23:36:09,472 INFO MT4 clients: 1500 saved...
2026-06-17 23:36:09,891 INFO MT4 clients: 2000 saved...
2026-06-17 23:36:10,314 INFO MT4 clients: 2500 saved...
2026-06-17 23:36:10,745 INFO MT4 clients: 3000 saved...
2026-06-17 23:36:11,178 INFO MT4 clients: 3500 saved...
2026-06-17 23:36:11,586 INFO MT4 clients: 4000 saved...
2026-06-17 23:36:12,003 INFO MT4 clients: 4500 saved...
2026-06-17 23:36:12,444 INFO MT4 clients: 5000 saved...
2026-06-17 23:36:12,707 INFO MT4: 5301 clients saved
2026-06-17 23:36:12,709 INFO save_mt4_clients done
2026-06-17 23:36:12,709 INFO Fetching closed trade history (last 2 days)...
2026-06-17 23:36:14,802 INFO sync_trade_journal: 94863 records, 8709 closed trades in last 2d
2026-06-17 23:36:14,804 INFO Got 8709 closed trades, saving to deals...
2026-06-17 23:36:25,189 INFO MT4 journal deals saved: 8709
2026-06-17 23:36:25,190 INFO save_journal_deals done
2026-06-17 23:36:25,190 INFO === ONE-SHOT FETCH COMPLETE ===
2026-06-17 23:37:26,436 INFO Connecting to MT4...
2026-06-17 23:37:26,588 INFO mtmanapi64.dll loaded
2026-06-17 23:37:26,589 INFO MT4 manager instance created (ver=26215873)
2026-06-17 23:37:26,853 INFO MT4 connected and logged in. IsConnected=1
2026-06-17 23:37:26,854 INFO Fetching all users...
2026-06-17 23:37:27,058 INFO AdmUsersRequest: 5301 users
2026-06-17 23:37:27,059 INFO Got 5301 users, saving to clients/trading_accounts...
2026-06-17 23:37:28,325 INFO MT4 clients: 500 saved...
2026-06-17 23:37:28,749 INFO MT4 clients: 1000 saved...
2026-06-17 23:37:29,164 INFO MT4 clients: 1500 saved...
2026-06-17 23:37:29,577 INFO MT4 clients: 2000 saved...
2026-06-17 23:37:29,970 INFO MT4 clients: 2500 saved...
2026-06-17 23:37:30,353 INFO MT4 clients: 3000 saved...
2026-06-17 23:37:30,758 INFO MT4 clients: 3500 saved...
2026-06-17 23:37:31,178 INFO MT4 clients: 4000 saved...
2026-06-17 23:37:31,605 INFO MT4 clients: 4500 saved...
2026-06-17 23:37:32,022 INFO MT4 clients: 5000 saved...
2026-06-17 23:37:32,269 INFO MT4: 5301 clients saved
2026-06-17 23:37:32,270 INFO save_mt4_clients done
2026-06-17 23:37:32,270 INFO Fetching closed trade history (last 2 days)...
2026-06-17 23:37:34,079 INFO sync_trade_journal: 94863 records, 8709 closed trades in last 2d
2026-06-17 23:37:34,080 INFO Got 8709 closed trades, saving to deals...
2026-06-17 23:37:42,701 INFO MT4 journal deals saved: 8709
2026-06-17 23:37:42,702 INFO save_journal_deals done
2026-06-17 23:37:42,703 INFO === ONE-SHOT FETCH COMPLETE ===
2026-06-17 23:38:43,569 INFO Connecting to MT4...
2026-06-17 23:38:43,709 INFO mtmanapi64.dll loaded
2026-06-17 23:38:43,710 INFO MT4 manager instance created (ver=26215873)
2026-06-17 23:38:43,914 INFO MT4 connected and logged in. IsConnected=1
2026-06-17 23:38:43,915 INFO Fetching all users...
2026-06-17 23:38:44,123 INFO AdmUsersRequest: 5301 users
2026-06-17 23:38:44,124 INFO Got 5301 users, saving to clients/trading_accounts...
2026-06-17 23:38:45,196 INFO MT4 clients: 500 saved...
2026-06-17 23:38:45,545 INFO MT4 clients: 1000 saved...
2026-06-17 23:38:45,913 INFO MT4 clients: 1500 saved...
2026-06-17 23:38:46,252 INFO MT4 clients: 2000 saved...
2026-06-17 23:38:46,592 INFO MT4 clients: 2500 saved...
2026-06-17 23:38:46,936 INFO MT4 clients: 3000 saved...
2026-06-17 23:38:47,286 INFO MT4 clients: 3500 saved...
2026-06-17 23:38:47,634 INFO MT4 clients: 4000 saved...
2026-06-17 23:38:47,980 INFO MT4 clients: 4500 saved...
2026-06-17 23:38:48,320 INFO MT4 clients: 5000 saved...
2026-06-17 23:38:48,535 INFO MT4: 5301 clients saved
2026-06-17 23:38:48,536 INFO save_mt4_clients done
2026-06-17 23:38:48,536 INFO Fetching closed trade history (last 2 days)...
2026-06-17 23:38:50,255 INFO sync_trade_journal: 94863 records, 8709 closed trades in last 2d
2026-06-17 23:38:50,256 INFO Got 8709 closed trades, saving to deals...
2026-06-17 23:38:58,849 INFO MT4 journal deals saved: 8709
2026-06-17 23:38:58,850 INFO save_journal_deals done
2026-06-17 23:38:58,850 INFO === ONE-SHOT FETCH COMPLETE ===
2026-06-17 23:38:59,912 INFO mtmanapi64.dll loaded
2026-06-17 23:38:59,915 INFO MT4 manager instance created (ver=26215873)
2026-06-17 23:39:00,180 INFO MT4 connected and logged in. IsConnected=1
2026-06-17 23:40:02,522 INFO Connecting to MT4...
2026-06-17 23:40:02,654 INFO mtmanapi64.dll loaded
2026-06-17 23:40:02,655 INFO MT4 manager instance created (ver=26215873)
2026-06-17 23:40:02,906 INFO MT4 connected and logged in. IsConnected=1
2026-06-17 23:40:02,907 INFO Fetching all users...
2026-06-17 23:40:03,104 INFO AdmUsersRequest: 5301 users
2026-06-17 23:40:03,104 INFO Got 5301 users, saving to clients/trading_accounts...
2026-06-17 23:40:04,132 INFO MT4 clients: 500 saved...
2026-06-17 23:40:04,490 INFO MT4 clients: 1000 saved...
2026-06-17 23:40:04,853 INFO MT4 clients: 1500 saved...
2026-06-17 23:40:05,201 INFO MT4 clients: 2000 saved...
2026-06-17 23:40:05,513 INFO MT4 clients: 2500 saved...
2026-06-17 23:40:05,809 INFO MT4 clients: 3000 saved...
2026-06-17 23:40:06,116 INFO MT4 clients: 3500 saved...
2026-06-17 23:40:06,439 INFO MT4 clients: 4000 saved...
2026-06-17 23:40:06,763 INFO MT4 clients: 4500 saved...
2026-06-17 23:40:07,088 INFO MT4 clients: 5000 saved...
2026-06-17 23:40:07,276 INFO MT4: 5301 clients saved
2026-06-17 23:40:07,277 INFO save_mt4_clients done
2026-06-17 23:40:07,278 INFO Fetching closed trade history (last 2 days)...
2026-06-17 23:40:08,986 INFO sync_trade_journal: 94863 records, 8709 closed trades in last 2d
2026-06-17 23:40:08,987 INFO Got 8709 closed trades, saving to deals...
2026-06-17 23:40:17,878 INFO MT4 journal deals saved: 8709
2026-06-17 23:40:17,879 INFO save_journal_deals done
2026-06-17 23:40:17,879 INFO === ONE-SHOT FETCH COMPLETE ===
2026-06-17 23:41:20,435 INFO Connecting to MT4...
2026-06-17 23:41:21,100 INFO mtmanapi64.dll loaded
2026-06-17 23:41:21,101 INFO MT4 manager instance created (ver=26215873)
2026-06-17 23:41:21,354 INFO MT4 connected and logged in. IsConnected=1
2026-06-17 23:41:21,355 INFO Fetching all users...
2026-06-17 23:41:21,560 INFO AdmUsersRequest: 5301 users
2026-06-17 23:41:21,561 INFO Got 5301 users, saving to clients/trading_accounts...
2026-06-17 23:41:23,867 INFO MT4 clients: 500 saved...
2026-06-17 23:41:24,326 INFO MT4 clients: 1000 saved...
2026-06-17 23:41:24,792 INFO MT4 clients: 1500 saved...
2026-06-17 23:41:25,198 INFO MT4 clients: 2000 saved...
2026-06-17 23:41:25,627 INFO MT4 clients: 2500 saved...
2026-06-17 23:41:26,100 INFO MT4 clients: 3000 saved...
2026-06-17 23:41:26,537 INFO MT4 clients: 3500 saved...
2026-06-17 23:41:26,958 INFO MT4 clients: 4000 saved...
2026-06-17 23:41:27,423 INFO MT4 clients: 4500 saved...
2026-06-17 23:41:27,833 INFO MT4 clients: 5000 saved...
2026-06-17 23:41:28,082 INFO MT4: 5301 clients saved
2026-06-17 23:41:28,083 INFO save_mt4_clients done
2026-06-17 23:41:28,083 INFO Fetching closed trade history (last 2 days)...
2026-06-17 23:41:31,448 INFO sync_trade_journal: 94863 records, 8709 closed trades in last 2d
2026-06-17 23:41:31,492 INFO Got 8709 closed trades, saving to deals...
2026-06-17 23:41:43,756 INFO MT4 journal deals saved: 8709
2026-06-17 23:41:43,757 INFO save_journal_deals done
2026-06-17 23:41:43,758 INFO === ONE-SHOT FETCH COMPLETE ===
2026-06-17 23:42:46,204 INFO Connecting to MT4...
2026-06-17 23:42:46,407 INFO mtmanapi64.dll loaded
2026-06-17 23:42:46,409 INFO MT4 manager instance created (ver=26215873)
2026-06-17 23:42:46,665 INFO MT4 connected and logged in. IsConnected=1
2026-06-17 23:42:46,666 INFO Fetching all users...
2026-06-17 23:42:46,878 INFO AdmUsersRequest: 5301 users
2026-06-17 23:42:46,879 INFO Got 5301 users, saving to clients/trading_accounts...
2026-06-17 23:42:48,298 INFO MT4 clients: 500 saved...
2026-06-17 23:42:48,660 INFO MT4 clients: 1000 saved...
2026-06-17 23:42:49,008 INFO MT4 clients: 1500 saved...
2026-06-17 23:42:49,369 INFO MT4 clients: 2000 saved...
2026-06-17 23:42:49,714 INFO MT4 clients: 2500 saved...
2026-06-17 23:42:50,059 INFO MT4 clients: 3000 saved...
2026-06-17 23:42:50,411 INFO MT4 clients: 3500 saved...
2026-06-17 23:42:50,813 INFO MT4 clients: 4000 saved...
2026-06-17 23:42:51,207 INFO MT4 clients: 4500 saved...
2026-06-17 23:42:51,583 INFO MT4 clients: 5000 saved...
2026-06-17 23:42:51,820 INFO MT4: 5301 clients saved
2026-06-17 23:42:51,821 INFO save_mt4_clients done
2026-06-17 23:42:51,821 INFO Fetching closed trade history (last 2 days)...
2026-06-17 23:42:53,505 INFO sync_trade_journal: 94863 records, 8709 closed trades in last 2d
2026-06-17 23:42:53,506 INFO Got 8709 closed trades, saving to deals...
2026-06-17 23:44:04,443 INFO MT4 journal deals saved: 8709
2026-06-17 23:44:04,444 INFO save_journal_deals done
2026-06-17 23:44:04,444 INFO === ONE-SHOT FETCH COMPLETE ===
2026-06-17 23:45:07,329 INFO Connecting to MT4...
2026-06-17 23:45:08,211 INFO mtmanapi64.dll loaded
2026-06-17 23:45:08,212 INFO MT4 manager instance created (ver=26215873)
2026-06-17 23:45:08,465 INFO MT4 connected and logged in. IsConnected=1
2026-06-17 23:45:08,466 INFO Fetching all users...
2026-06-17 23:45:08,676 INFO AdmUsersRequest: 5301 users
2026-06-17 23:45:08,677 INFO Got 5301 users, saving to clients/trading_accounts...
2026-06-17 23:45:11,637 INFO MT4 clients: 500 saved...
2026-06-17 23:45:12,141 INFO MT4 clients: 1000 saved...
2026-06-17 23:45:12,576 INFO MT4 clients: 1500 saved...
2026-06-17 23:45:13,022 INFO MT4 clients: 2000 saved...
2026-06-17 23:45:13,469 INFO MT4 clients: 2500 saved...
2026-06-17 23:45:13,895 INFO MT4 clients: 3000 saved...
2026-06-17 23:45:14,358 INFO MT4 clients: 3500 saved...
2026-06-17 23:45:14,822 INFO MT4 clients: 4000 saved...
2026-06-17 23:45:15,260 INFO MT4 clients: 4500 saved...
2026-06-17 23:45:15,702 INFO MT4 clients: 5000 saved...
2026-06-17 23:45:15,962 INFO MT4: 5301 clients saved
2026-06-17 23:45:15,963 INFO save_mt4_clients done
2026-06-17 23:45:15,964 INFO Fetching closed trade history (last 2 days)...
2026-06-17 23:45:18,632 INFO sync_trade_journal: 94863 records, 8709 closed trades in last 2d
2026-06-17 23:45:18,633 INFO Got 8709 closed trades, saving to deals...
2026-06-17 23:46:17,857 INFO MT4 journal deals saved: 8709
2026-06-17 23:46:17,858 INFO save_journal_deals done
2026-06-17 23:46:17,858 INFO === ONE-SHOT FETCH COMPLETE ===
2026-06-17 23:47:18,943 INFO Connecting to MT4...
2026-06-17 23:47:19,080 INFO mtmanapi64.dll loaded
2026-06-17 23:47:19,081 INFO MT4 manager instance created (ver=26215873)
2026-06-17 23:47:19,356 INFO MT4 connected and logged in. IsConnected=1
2026-06-17 23:47:19,357 INFO Fetching all users...
2026-06-17 23:47:19,604 INFO AdmUsersRequest: 5301 users
2026-06-17 23:47:19,606 INFO Got 5301 users, saving to clients/trading_accounts...
2026-06-17 23:47:20,740 INFO MT4 clients: 500 saved...
2026-06-17 23:47:21,116 INFO MT4 clients: 1000 saved...
2026-06-17 23:47:21,468 INFO MT4 clients: 1500 saved...
2026-06-17 23:47:21,824 INFO MT4 clients: 2000 saved...
2026-06-17 23:47:22,169 INFO MT4 clients: 2500 saved...
2026-06-17 23:47:22,508 INFO MT4 clients: 3000 saved...
2026-06-17 23:47:22,857 INFO MT4 clients: 3500 saved...
2026-06-17 23:47:23,216 INFO MT4 clients: 4000 saved...
2026-06-17 23:47:23,546 INFO MT4 clients: 4500 saved...
2026-06-17 23:47:23,896 INFO MT4 clients: 5000 saved...
2026-06-17 23:47:24,103 INFO MT4: 5301 clients saved
2026-06-17 23:47:24,104 INFO save_mt4_clients done
2026-06-17 23:47:24,105 INFO Fetching closed trade history (last 2 days)...
2026-06-17 23:47:25,833 INFO sync_trade_journal: 94863 records, 8709 closed trades in last 2d
2026-06-17 23:47:25,834 INFO Got 8709 closed trades, saving to deals...
2026-06-17 23:47:35,861 INFO MT4 journal deals saved: 8709
2026-06-17 23:47:35,862 INFO save_journal_deals done
2026-06-17 23:47:35,862 INFO === ONE-SHOT FETCH COMPLETE ===
2026-06-17 23:48:36,881 INFO Connecting to MT4...
2026-06-17 23:48:37,051 INFO mtmanapi64.dll loaded
2026-06-17 23:48:37,052 INFO MT4 manager instance created (ver=26215873)
2026-06-17 23:48:37,268 INFO MT4 connected and logged in. IsConnected=1
2026-06-17 23:48:37,269 INFO Fetching all users...
2026-06-17 23:48:37,478 INFO AdmUsersRequest: 5301 users
2026-06-17 23:48:37,479 INFO Got 5301 users, saving to clients/trading_accounts...
2026-06-17 23:48:38,736 INFO MT4 clients: 500 saved...
2026-06-17 23:48:39,155 INFO MT4 clients: 1000 saved...
2026-06-17 23:48:39,537 INFO MT4 clients: 1500 saved...
2026-06-17 23:48:39,901 INFO MT4 clients: 2000 saved...
2026-06-17 23:48:40,306 INFO MT4 clients: 2500 saved...
2026-06-17 23:48:40,686 INFO MT4 clients: 3000 saved...
2026-06-17 23:48:41,071 INFO MT4 clients: 3500 saved...
2026-06-17 23:48:41,462 INFO MT4 clients: 4000 saved...
2026-06-17 23:48:41,822 INFO MT4 clients: 4500 saved...
2026-06-17 23:48:42,190 INFO MT4 clients: 5000 saved...
2026-06-17 23:48:42,424 INFO MT4: 5301 clients saved
2026-06-17 23:48:42,425 INFO save_mt4_clients done
2026-06-17 23:48:42,425 INFO Fetching closed trade history (last 2 days)...
2026-06-17 23:48:44,191 INFO sync_trade_journal: 94863 records, 8709 closed trades in last 2d
2026-06-17 23:48:44,192 INFO Got 8709 closed trades, saving to deals...
2026-06-17 23:48:54,314 INFO MT4 journal deals saved: 8709
2026-06-17 23:48:54,314 INFO save_journal_deals done
2026-06-17 23:48:54,315 INFO === ONE-SHOT FETCH COMPLETE ===
2026-06-17 23:49:55,280 INFO Connecting to MT4...
2026-06-17 23:49:55,425 INFO mtmanapi64.dll loaded
2026-06-17 23:49:55,426 INFO MT4 manager instance created (ver=26215873)
2026-06-17 23:49:55,632 INFO MT4 connected and logged in. IsConnected=1
2026-06-17 23:49:55,633 INFO Fetching all users...
2026-06-17 23:49:55,845 INFO AdmUsersRequest: 5301 users
2026-06-17 23:49:55,846 INFO Got 5301 users, saving to clients/trading_accounts...
2026-06-17 23:49:57,014 INFO MT4 clients: 500 saved...
2026-06-17 23:49:57,435 INFO MT4 clients: 1000 saved...
2026-06-17 23:49:57,831 INFO MT4 clients: 1500 saved...
2026-06-17 23:49:58,250 INFO MT4 clients: 2000 saved...
2026-06-17 23:49:58,748 INFO MT4 clients: 2500 saved...
2026-06-17 23:49:59,253 INFO MT4 clients: 3000 saved...
2026-06-17 23:49:59,696 INFO MT4 clients: 3500 saved...
2026-06-17 23:50:00,107 INFO MT4 clients: 4000 saved...
2026-06-17 23:50:00,532 INFO MT4 clients: 4500 saved...
2026-06-17 23:50:00,932 INFO MT4 clients: 5000 saved...
2026-06-17 23:50:01,162 INFO MT4: 5301 clients saved
2026-06-17 23:50:01,163 INFO save_mt4_clients done
2026-06-17 23:50:01,164 INFO Fetching closed trade history (last 2 days)...
2026-06-17 23:50:02,944 INFO sync_trade_journal: 94863 records, 8709 closed trades in last 2d
2026-06-17 23:50:02,945 INFO Got 8709 closed trades, saving to deals...
2026-06-17 23:50:11,327 INFO MT4 journal deals saved: 8709
2026-06-17 23:50:11,327 INFO save_journal_deals done
2026-06-17 23:50:11,328 INFO === ONE-SHOT FETCH COMPLETE ===
2026-06-17 23:51:12,284 INFO Connecting to MT4...
2026-06-17 23:51:12,419 INFO mtmanapi64.dll loaded
2026-06-17 23:51:12,420 INFO MT4 manager instance created (ver=26215873)
2026-06-17 23:51:12,673 INFO MT4 connected and logged in. IsConnected=1
2026-06-17 23:51:12,674 INFO Fetching all users...
2026-06-17 23:51:12,881 INFO AdmUsersRequest: 5301 users
2026-06-17 23:51:12,882 INFO Got 5301 users, saving to clients/trading_accounts...
2026-06-17 23:51:14,137 INFO MT4 clients: 500 saved...
2026-06-17 23:51:14,553 INFO MT4 clients: 1000 saved...
2026-06-17 23:51:14,964 INFO MT4 clients: 1500 saved...
2026-06-17 23:51:15,364 INFO MT4 clients: 2000 saved...
2026-06-17 23:51:15,747 INFO MT4 clients: 2500 saved...
2026-06-17 23:51:16,154 INFO MT4 clients: 3000 saved...
2026-06-17 23:51:16,573 INFO MT4 clients: 3500 saved...
2026-06-17 23:51:17,002 INFO MT4 clients: 4000 saved...
2026-06-17 23:51:17,398 INFO MT4 clients: 4500 saved...
2026-06-17 23:51:17,812 INFO MT4 clients: 5000 saved...
2026-06-17 23:51:18,036 INFO MT4: 5301 clients saved
2026-06-17 23:51:18,036 INFO save_mt4_clients done
2026-06-17 23:51:18,037 INFO Fetching closed trade history (last 2 days)...
2026-06-17 23:51:19,757 INFO sync_trade_journal: 94863 records, 8709 closed trades in last 2d
2026-06-17 23:51:19,758 INFO Got 8709 closed trades, saving to deals...
2026-06-17 23:51:29,024 INFO MT4 journal deals saved: 8709
2026-06-17 23:51:29,024 INFO save_journal_deals done
2026-06-17 23:51:29,025 INFO === ONE-SHOT FETCH COMPLETE ===
2026-06-17 23:52:29,999 INFO Connecting to MT4...
2026-06-17 23:52:30,147 INFO mtmanapi64.dll loaded
2026-06-17 23:52:30,149 INFO MT4 manager instance created (ver=26215873)
2026-06-17 23:52:30,408 INFO MT4 connected and logged in. IsConnected=1
2026-06-17 23:52:30,409 INFO Fetching all users...
2026-06-17 23:52:30,612 INFO AdmUsersRequest: 5301 users
2026-06-17 23:52:30,613 INFO Got 5301 users, saving to clients/trading_accounts...
2026-06-17 23:52:31,919 INFO MT4 clients: 500 saved...
2026-06-17 23:52:32,369 INFO MT4 clients: 1000 saved...
2026-06-17 23:52:32,790 INFO MT4 clients: 1500 saved...
2026-06-17 23:52:33,229 INFO MT4 clients: 2000 saved...
2026-06-17 23:52:33,654 INFO MT4 clients: 2500 saved...
2026-06-17 23:52:34,106 INFO MT4 clients: 3000 saved...
2026-06-17 23:52:34,541 INFO MT4 clients: 3500 saved...
2026-06-17 23:52:35,066 INFO MT4 clients: 4000 saved...
2026-06-17 23:52:35,501 INFO MT4 clients: 4500 saved...
2026-06-17 23:52:35,927 INFO MT4 clients: 5000 saved...
2026-06-17 23:52:36,170 INFO MT4: 5301 clients saved
2026-06-17 23:52:36,171 INFO save_mt4_clients done
2026-06-17 23:52:36,171 INFO Fetching closed trade history (last 2 days)...
2026-06-17 23:52:38,454 INFO sync_trade_journal: 94863 records, 8709 closed trades in last 2d
2026-06-17 23:52:38,455 INFO Got 8709 closed trades, saving to deals...
2026-06-17 23:52:49,580 INFO MT4 journal deals saved: 8709
2026-06-17 23:52:49,581 INFO save_journal_deals done
2026-06-17 23:52:49,581 INFO === ONE-SHOT FETCH COMPLETE ===
2026-06-17 23:53:50,728 INFO Connecting to MT4...
2026-06-17 23:53:50,871 INFO mtmanapi64.dll loaded
2026-06-17 23:53:50,872 INFO MT4 manager instance created (ver=26215873)
2026-06-17 23:53:51,125 INFO MT4 connected and logged in. IsConnected=1
2026-06-17 23:53:51,126 INFO Fetching all users...
2026-06-17 23:53:51,341 INFO AdmUsersRequest: 5301 users
2026-06-17 23:53:51,342 INFO Got 5301 users, saving to clients/trading_accounts...
2026-06-17 23:53:52,545 INFO MT4 clients: 500 saved...
2026-06-17 23:53:52,926 INFO MT4 clients: 1000 saved...
2026-06-17 23:53:53,363 INFO MT4 clients: 1500 saved...
2026-06-17 23:53:53,823 INFO MT4 clients: 2000 saved...
2026-06-17 23:53:54,267 INFO MT4 clients: 2500 saved...
2026-06-17 23:53:54,690 INFO MT4 clients: 3000 saved...
2026-06-17 23:53:55,177 INFO MT4 clients: 3500 saved...
2026-06-17 23:53:55,541 INFO MT4 clients: 4000 saved...
2026-06-17 23:53:55,895 INFO MT4 clients: 4500 saved...
2026-06-17 23:53:56,280 INFO MT4 clients: 5000 saved...
2026-06-17 23:53:56,586 INFO MT4: 5301 clients saved
2026-06-17 23:53:56,587 INFO save_mt4_clients done
2026-06-17 23:53:56,588 INFO Fetching closed trade history (last 2 days)...
2026-06-17 23:53:58,287 INFO sync_trade_journal: 94863 records, 8709 closed trades in last 2d
2026-06-17 23:53:58,288 INFO Got 8709 closed trades, saving to deals...
2026-06-17 23:55:03,509 INFO MT4 journal deals saved: 8709
2026-06-17 23:55:03,510 INFO save_journal_deals done
2026-06-17 23:55:03,510 INFO === ONE-SHOT FETCH COMPLETE ===
2026-06-17 23:55:05,087 INFO mtmanapi64.dll loaded
2026-06-17 23:55:05,090 INFO MT4 manager instance created (ver=26215873)
2026-06-17 23:55:05,294 INFO MT4 connected and logged in. IsConnected=1
2026-06-17 23:56:07,868 INFO Connecting to MT4...
2026-06-17 23:56:08,858 INFO mtmanapi64.dll loaded
2026-06-17 23:56:08,862 INFO MT4 manager instance created (ver=26215873)
2026-06-17 23:56:09,125 INFO MT4 connected and logged in. IsConnected=1
2026-06-17 23:56:09,129 INFO Fetching all users...
2026-06-17 23:56:09,345 INFO AdmUsersRequest: 5301 users
2026-06-17 23:56:09,346 INFO Got 5301 users, saving to clients/trading_accounts...
2026-06-17 23:56:11,156 INFO MT4 clients: 500 saved...
2026-06-17 23:56:11,633 INFO MT4 clients: 1000 saved...
2026-06-17 23:56:12,032 INFO MT4 clients: 1500 saved...
2026-06-17 23:56:12,455 INFO MT4 clients: 2000 saved...
2026-06-17 23:56:12,865 INFO MT4 clients: 2500 saved...
2026-06-17 23:56:13,250 INFO MT4 clients: 3000 saved...
2026-06-17 23:56:13,658 INFO MT4 clients: 3500 saved...
2026-06-17 23:56:14,067 INFO MT4 clients: 4000 saved...
2026-06-17 23:56:14,460 INFO MT4 clients: 4500 saved...
2026-06-17 23:56:14,922 INFO MT4 clients: 5000 saved...
2026-06-17 23:56:15,195 INFO MT4: 5301 clients saved
2026-06-17 23:56:15,196 INFO save_mt4_clients done
2026-06-17 23:56:15,197 INFO Fetching closed trade history (last 2 days)...
2026-06-17 23:56:16,995 INFO sync_trade_journal: 94863 records, 8709 closed trades in last 2d
2026-06-17 23:56:16,996 INFO Got 8709 closed trades, saving to deals...
2026-06-17 23:56:28,769 INFO MT4 journal deals saved: 8709
2026-06-17 23:56:28,770 INFO save_journal_deals done
2026-06-17 23:56:28,771 INFO === ONE-SHOT FETCH COMPLETE ===
2026-06-17 23:57:30,300 INFO Connecting to MT4...
2026-06-17 23:57:30,501 INFO mtmanapi64.dll loaded
2026-06-17 23:57:30,502 INFO MT4 manager instance created (ver=26215873)
2026-06-17 23:57:30,757 INFO MT4 connected and logged in. IsConnected=1
2026-06-17 23:57:30,758 INFO Fetching all users...
2026-06-17 23:57:30,963 INFO AdmUsersRequest: 5301 users
2026-06-17 23:57:30,964 INFO Got 5301 users, saving to clients/trading_accounts...
2026-06-17 23:57:33,951 INFO MT4 clients: 500 saved...
2026-06-17 23:57:34,433 INFO MT4 clients: 1000 saved...
2026-06-17 23:57:34,970 INFO MT4 clients: 1500 saved...
2026-06-17 23:57:35,386 INFO MT4 clients: 2000 saved...
2026-06-17 23:57:35,827 INFO MT4 clients: 2500 saved...
2026-06-17 23:57:36,296 INFO MT4 clients: 3000 saved...
2026-06-17 23:57:36,738 INFO MT4 clients: 3500 saved...
2026-06-17 23:57:37,175 INFO MT4 clients: 4000 saved...
2026-06-17 23:57:37,675 INFO MT4 clients: 4500 saved...
2026-06-17 23:57:38,150 INFO MT4 clients: 5000 saved...
2026-06-17 23:57:38,452 INFO MT4: 5301 clients saved
2026-06-17 23:57:38,453 INFO save_mt4_clients done
2026-06-17 23:57:38,454 INFO Fetching closed trade history (last 2 days)...
2026-06-17 23:57:43,277 INFO sync_trade_journal: 94863 records, 8709 closed trades in last 2d
2026-06-17 23:57:43,299 INFO Got 8709 closed trades, saving to deals...
2026-06-17 23:57:57,878 INFO MT4 journal deals saved: 8709
2026-06-17 23:57:57,880 INFO save_journal_deals done
2026-06-17 23:57:57,880 INFO === ONE-SHOT FETCH COMPLETE ===
2026-06-17 23:58:59,496 INFO Connecting to MT4...
2026-06-17 23:58:59,771 INFO mtmanapi64.dll loaded
2026-06-17 23:58:59,772 INFO MT4 manager instance created (ver=26215873)
2026-06-17 23:59:00,036 INFO MT4 connected and logged in. IsConnected=1
2026-06-17 23:59:00,037 INFO Fetching all users...
2026-06-17 23:59:00,249 INFO AdmUsersRequest: 5301 users
2026-06-17 23:59:00,249 INFO Got 5301 users, saving to clients/trading_accounts...
2026-06-17 23:59:01,578 INFO MT4 clients: 500 saved...
2026-06-17 23:59:02,056 INFO MT4 clients: 1000 saved...
2026-06-17 23:59:02,490 INFO MT4 clients: 1500 saved...
2026-06-17 23:59:02,880 INFO MT4 clients: 2000 saved...
2026-06-17 23:59:03,294 INFO MT4 clients: 2500 saved...
2026-06-17 23:59:03,693 INFO MT4 clients: 3000 saved...
2026-06-17 23:59:04,103 INFO MT4 clients: 3500 saved...
2026-06-17 23:59:04,493 INFO MT4 clients: 4000 saved...
2026-06-17 23:59:04,874 INFO MT4 clients: 4500 saved...
2026-06-17 23:59:05,268 INFO MT4 clients: 5000 saved...
2026-06-17 23:59:05,516 INFO MT4: 5301 clients saved
2026-06-17 23:59:05,516 INFO save_mt4_clients done
2026-06-17 23:59:05,518 INFO Fetching closed trade history (last 2 days)...
2026-06-17 23:59:07,283 INFO sync_trade_journal: 94863 records, 8709 closed trades in last 2d
2026-06-17 23:59:07,284 INFO Got 8709 closed trades, saving to deals...
2026-06-18 00:00:29,207 INFO MT4 journal deals saved: 8709
2026-06-18 00:00:29,208 INFO save_journal_deals done
2026-06-18 00:00:29,208 INFO === ONE-SHOT FETCH COMPLETE ===
2026-06-18 00:01:30,217 INFO Connecting to MT4...
2026-06-18 00:01:30,359 INFO mtmanapi64.dll loaded
2026-06-18 00:01:30,360 INFO MT4 manager instance created (ver=26215873)
2026-06-18 00:01:30,619 INFO MT4 connected and logged in. IsConnected=1
2026-06-18 00:01:30,620 INFO Fetching all users...
2026-06-18 00:01:30,826 INFO AdmUsersRequest: 5301 users
2026-06-18 00:01:30,827 INFO Got 5301 users, saving to clients/trading_accounts...
2026-06-18 00:01:32,225 INFO MT4 clients: 500 saved...
2026-06-18 00:01:32,604 INFO MT4 clients: 1000 saved...
2026-06-18 00:01:32,990 INFO MT4 clients: 1500 saved...
2026-06-18 00:01:33,362 INFO MT4 clients: 2000 saved...
2026-06-18 00:01:33,723 INFO MT4 clients: 2500 saved...
2026-06-18 00:01:34,098 INFO MT4 clients: 3000 saved...
2026-06-18 00:01:34,477 INFO MT4 clients: 3500 saved...
2026-06-18 00:01:34,861 INFO MT4 clients: 4000 saved...
2026-06-18 00:01:35,257 INFO MT4 clients: 4500 saved...
2026-06-18 00:01:35,647 INFO MT4 clients: 5000 saved...
2026-06-18 00:01:35,866 INFO MT4: 5301 clients saved
2026-06-18 00:01:35,867 INFO save_mt4_clients done
2026-06-18 00:01:35,867 INFO Fetching closed trade history (last 2 days)...
2026-06-18 00:01:37,052 INFO sync_trade_journal: 60693 records, 5958 closed trades in last 2d
2026-06-18 00:01:37,052 INFO Got 5958 closed trades, saving to deals...
2026-06-18 00:01:43,913 INFO MT4 journal deals saved: 5958
2026-06-18 00:01:43,914 INFO save_journal_deals done
2026-06-18 00:01:43,915 INFO === ONE-SHOT FETCH COMPLETE ===
2026-06-18 00:02:44,959 INFO Connecting to MT4...
2026-06-18 00:02:45,099 INFO mtmanapi64.dll loaded
2026-06-18 00:02:45,100 INFO MT4 manager instance created (ver=26215873)
2026-06-18 00:02:45,356 INFO MT4 connected and logged in. IsConnected=1
2026-06-18 00:02:45,357 INFO Fetching all users...
2026-06-18 00:02:45,571 INFO AdmUsersRequest: 5301 users
2026-06-18 00:02:45,572 INFO Got 5301 users, saving to clients/trading_accounts...
2026-06-18 00:02:46,964 INFO MT4 clients: 500 saved...
2026-06-18 00:02:47,344 INFO MT4 clients: 1000 saved...
2026-06-18 00:02:47,723 INFO MT4 clients: 1500 saved...
2026-06-18 00:02:48,138 INFO MT4 clients: 2000 saved...
2026-06-18 00:02:48,550 INFO MT4 clients: 2500 saved...
2026-06-18 00:02:48,960 INFO MT4 clients: 3000 saved...
2026-06-18 00:02:49,395 INFO MT4 clients: 3500 saved...
2026-06-18 00:02:49,814 INFO MT4 clients: 4000 saved...
2026-06-18 00:02:50,228 INFO MT4 clients: 4500 saved...
2026-06-18 00:02:50,629 INFO MT4 clients: 5000 saved...
2026-06-18 00:02:50,874 INFO MT4: 5301 clients saved
2026-06-18 00:02:50,875 INFO save_mt4_clients done
2026-06-18 00:02:50,875 INFO Fetching closed trade history (last 2 days)...
2026-06-18 00:02:52,031 INFO sync_trade_journal: 60822 records, 5974 closed trades in last 2d
2026-06-18 00:02:52,032 INFO Got 5974 closed trades, saving to deals...
2026-06-18 00:02:58,807 INFO MT4 journal deals saved: 5974
2026-06-18 00:02:58,808 INFO save_journal_deals done
2026-06-18 00:02:58,809 INFO === ONE-SHOT FETCH COMPLETE ===
2026-06-18 00:04:00,124 INFO Connecting to MT4...
2026-06-18 00:04:00,266 INFO mtmanapi64.dll loaded
2026-06-18 00:04:00,267 INFO MT4 manager instance created (ver=26215873)
2026-06-18 00:04:00,525 INFO MT4 connected and logged in. IsConnected=1
2026-06-18 00:04:00,526 INFO Fetching all users...
2026-06-18 00:04:00,763 INFO AdmUsersRequest: 5301 users
2026-06-18 00:04:00,764 INFO Got 5301 users, saving to clients/trading_accounts...
2026-06-18 00:04:02,395 INFO MT4 clients: 500 saved...
2026-06-18 00:04:02,805 INFO MT4 clients: 1000 saved...
2026-06-18 00:04:03,216 INFO MT4 clients: 1500 saved...
2026-06-18 00:04:03,612 INFO MT4 clients: 2000 saved...
2026-06-18 00:04:03,986 INFO MT4 clients: 2500 saved...
2026-06-18 00:04:04,364 INFO MT4 clients: 3000 saved...
2026-06-18 00:04:04,728 INFO MT4 clients: 3500 saved...
2026-06-18 00:04:05,107 INFO MT4 clients: 4000 saved...
2026-06-18 00:04:05,511 INFO MT4 clients: 4500 saved...
2026-06-18 00:04:05,917 INFO MT4 clients: 5000 saved...
2026-06-18 00:04:06,166 INFO MT4: 5301 clients saved
2026-06-18 00:04:06,167 INFO save_mt4_clients done
2026-06-18 00:04:06,167 INFO Fetching closed trade history (last 2 days)...
2026-06-18 00:04:07,422 INFO sync_trade_journal: 60890 records, 5982 closed trades in last 2d
2026-06-18 00:04:07,422 INFO Got 5982 closed trades, saving to deals...
2026-06-18 00:05:22,107 INFO MT4 journal deals saved: 5982
2026-06-18 00:05:22,108 INFO save_journal_deals done
2026-06-18 00:05:22,108 INFO === ONE-SHOT FETCH COMPLETE ===
2026-06-18 00:06:23,850 INFO Connecting to MT4...
2026-06-18 00:06:24,032 INFO mtmanapi64.dll loaded
2026-06-18 00:06:24,034 INFO MT4 manager instance created (ver=26215873)
2026-06-18 00:06:24,291 INFO MT4 connected and logged in. IsConnected=1
2026-06-18 00:06:24,292 INFO Fetching all users...
2026-06-18 00:06:24,496 INFO AdmUsersRequest: 5301 users
2026-06-18 00:06:24,497 INFO Got 5301 users, saving to clients/trading_accounts...
2026-06-18 00:06:25,937 INFO MT4 clients: 500 saved...
2026-06-18 00:06:26,351 INFO MT4 clients: 1000 saved...
2026-06-18 00:06:26,807 INFO MT4 clients: 1500 saved...
2026-06-18 00:06:27,274 INFO MT4 clients: 2000 saved...
2026-06-18 00:06:27,754 INFO MT4 clients: 2500 saved...
2026-06-18 00:06:28,222 INFO MT4 clients: 3000 saved...
2026-06-18 00:06:28,663 INFO MT4 clients: 3500 saved...
2026-06-18 00:06:29,090 INFO MT4 clients: 4000 saved...
2026-06-18 00:06:29,517 INFO MT4 clients: 4500 saved...
2026-06-18 00:06:29,950 INFO MT4 clients: 5000 saved...
2026-06-18 00:06:30,206 INFO MT4: 5301 clients saved
2026-06-18 00:06:30,208 INFO save_mt4_clients done
2026-06-18 00:06:30,208 INFO Fetching closed trade history (last 2 days)...
2026-06-18 00:06:31,581 INFO sync_trade_journal: 61022 records, 5997 closed trades in last 2d
2026-06-18 00:06:31,584 INFO Got 5997 closed trades, saving to deals...
2026-06-18 00:06:38,650 INFO MT4 journal deals saved: 5997
2026-06-18 00:06:38,651 INFO save_journal_deals done
2026-06-18 00:06:38,651 INFO === ONE-SHOT FETCH COMPLETE ===
2026-06-18 00:07:39,699 INFO Connecting to MT4...
2026-06-18 00:07:39,846 INFO mtmanapi64.dll loaded
2026-06-18 00:07:39,847 INFO MT4 manager instance created (ver=26215873)
2026-06-18 00:07:40,105 INFO MT4 connected and logged in. IsConnected=1
2026-06-18 00:07:40,106 INFO Fetching all users...
2026-06-18 00:07:40,321 INFO AdmUsersRequest: 5301 users
2026-06-18 00:07:40,322 INFO Got 5301 users, saving to clients/trading_accounts...
2026-06-18 00:07:41,523 INFO MT4 clients: 500 saved...
2026-06-18 00:07:41,889 INFO MT4 clients: 1000 saved...
2026-06-18 00:07:42,240 INFO MT4 clients: 1500 saved...
2026-06-18 00:07:42,597 INFO MT4 clients: 2000 saved...
2026-06-18 00:07:42,937 INFO MT4 clients: 2500 saved...
2026-06-18 00:07:43,273 INFO MT4 clients: 3000 saved...
2026-06-18 00:07:43,630 INFO MT4 clients: 3500 saved...
2026-06-18 00:07:44,000 INFO MT4 clients: 4000 saved...
2026-06-18 00:07:44,373 INFO MT4 clients: 4500 saved...
2026-06-18 00:07:44,744 INFO MT4 clients: 5000 saved...
2026-06-18 00:07:44,965 INFO MT4: 5301 clients saved
2026-06-18 00:07:44,966 INFO save_mt4_clients done
2026-06-18 00:07:44,967 INFO Fetching closed trade history (last 2 days)...
2026-06-18 00:07:46,129 INFO sync_trade_journal: 61088 records, 6005 closed trades in last 2d
2026-06-18 00:07:46,130 INFO Got 6005 closed trades, saving to deals...
2026-06-18 00:07:52,727 INFO MT4 journal deals saved: 6005
2026-06-18 00:07:52,728 INFO save_journal_deals done
2026-06-18 00:07:52,729 INFO === ONE-SHOT FETCH COMPLETE ===
2026-06-18 00:08:53,806 INFO Connecting to MT4...
2026-06-18 00:08:53,945 INFO mtmanapi64.dll loaded
2026-06-18 00:08:53,946 INFO MT4 manager instance created (ver=26215873)
2026-06-18 00:08:54,196 INFO MT4 connected and logged in. IsConnected=1
2026-06-18 00:08:54,197 INFO Fetching all users...
2026-06-18 00:08:54,399 INFO AdmUsersRequest: 5301 users
2026-06-18 00:08:54,400 INFO Got 5301 users, saving to clients/trading_accounts...
2026-06-18 00:08:55,895 INFO MT4 clients: 500 saved...
2026-06-18 00:08:56,311 INFO MT4 clients: 1000 saved...
2026-06-18 00:08:56,746 INFO MT4 clients: 1500 saved...
2026-06-18 00:08:57,165 INFO MT4 clients: 2000 saved...
2026-06-18 00:08:57,580 INFO MT4 clients: 2500 saved...
2026-06-18 00:08:57,982 INFO MT4 clients: 3000 saved...
2026-06-18 00:08:58,380 INFO MT4 clients: 3500 saved...
2026-06-18 00:08:58,827 INFO MT4 clients: 4000 saved...
2026-06-18 00:08:59,254 INFO MT4 clients: 4500 saved...
2026-06-18 00:08:59,694 INFO MT4 clients: 5000 saved...
2026-06-18 00:08:59,958 INFO MT4: 5301 clients saved
2026-06-18 00:08:59,959 INFO save_mt4_clients done
2026-06-18 00:08:59,959 INFO Fetching closed trade history (last 2 days)...
2026-06-18 00:09:01,182 INFO sync_trade_journal: 61104 records, 6006 closed trades in last 2d
2026-06-18 00:09:01,182 INFO Got 6006 closed trades, saving to deals...
2026-06-18 00:09:07,528 INFO MT4 journal deals saved: 6006
2026-06-18 00:09:07,529 INFO save_journal_deals done
2026-06-18 00:09:07,530 INFO === ONE-SHOT FETCH COMPLETE ===
2026-06-18 00:10:08,594 INFO Connecting to MT4...
2026-06-18 00:10:08,753 INFO mtmanapi64.dll loaded
2026-06-18 00:10:08,754 INFO MT4 manager instance created (ver=26215873)
2026-06-18 00:10:08,955 INFO MT4 connected and logged in. IsConnected=1
2026-06-18 00:10:08,957 INFO Fetching all users...
2026-06-18 00:10:09,161 INFO AdmUsersRequest: 5301 users
2026-06-18 00:10:09,163 INFO Got 5301 users, saving to clients/trading_accounts...
2026-06-18 00:10:10,501 INFO MT4 clients: 500 saved...
2026-06-18 00:10:10,941 INFO MT4 clients: 1000 saved...
2026-06-18 00:10:11,363 INFO MT4 clients: 1500 saved...
2026-06-18 00:10:11,804 INFO MT4 clients: 2000 saved...
2026-06-18 00:10:12,195 INFO MT4 clients: 2500 saved...
2026-06-18 00:10:12,560 INFO MT4 clients: 3000 saved...
2026-06-18 00:10:12,945 INFO MT4 clients: 3500 saved...
2026-06-18 00:10:13,356 INFO MT4 clients: 4000 saved...
2026-06-18 00:10:13,741 INFO MT4 clients: 4500 saved...
2026-06-18 00:10:14,144 INFO MT4 clients: 5000 saved...
2026-06-18 00:10:14,385 INFO MT4: 5301 clients saved
2026-06-18 00:10:14,385 INFO save_mt4_clients done
2026-06-18 00:10:14,386 INFO Fetching closed trade history (last 2 days)...
2026-06-18 00:10:15,738 INFO sync_trade_journal: 61106 records, 6006 closed trades in last 2d
2026-06-18 00:10:15,741 INFO Got 6006 closed trades, saving to deals...
2026-06-18 00:10:22,009 INFO MT4 journal deals saved: 6006
2026-06-18 00:10:22,010 INFO save_journal_deals done
2026-06-18 00:10:22,011 INFO === ONE-SHOT FETCH COMPLETE ===
2026-06-18 00:10:23,078 INFO mtmanapi64.dll loaded
2026-06-18 00:10:23,081 INFO MT4 manager instance created (ver=26215873)
2026-06-18 00:10:23,335 INFO MT4 connected and logged in. IsConnected=1
2026-06-18 00:11:25,141 INFO Connecting to MT4...
2026-06-18 00:11:25,298 INFO mtmanapi64.dll loaded
2026-06-18 00:11:25,299 INFO MT4 manager instance created (ver=26215873)
2026-06-18 00:11:25,549 INFO MT4 connected and logged in. IsConnected=1
2026-06-18 00:11:25,550 INFO Fetching all users...
2026-06-18 00:11:25,748 INFO AdmUsersRequest: 5301 users
2026-06-18 00:11:25,749 INFO Got 5301 users, saving to clients/trading_accounts...
2026-06-18 00:11:26,936 INFO MT4 clients: 500 saved...
2026-06-18 00:11:27,328 INFO MT4 clients: 1000 saved...
2026-06-18 00:11:27,713 INFO MT4 clients: 1500 saved...
2026-06-18 00:11:28,077 INFO MT4 clients: 2000 saved...
2026-06-18 00:11:28,436 INFO MT4 clients: 2500 saved...
2026-06-18 00:11:28,784 INFO MT4 clients: 3000 saved...
2026-06-18 00:11:29,124 INFO MT4 clients: 3500 saved...
2026-06-18 00:11:29,487 INFO MT4 clients: 4000 saved...
2026-06-18 00:11:29,822 INFO MT4 clients: 4500 saved...
2026-06-18 00:11:30,176 INFO MT4 clients: 5000 saved...
2026-06-18 00:11:30,407 INFO MT4: 5301 clients saved
2026-06-18 00:11:30,407 INFO save_mt4_clients done
2026-06-18 00:11:30,408 INFO Fetching closed trade history (last 2 days)...
2026-06-18 00:11:31,523 INFO sync_trade_journal: 61114 records, 6006 closed trades in last 2d
2026-06-18 00:11:31,524 INFO Got 6006 closed trades, saving to deals...
2026-06-18 00:11:37,638 INFO MT4 journal deals saved: 6006
2026-06-18 00:11:37,639 INFO save_journal_deals done
2026-06-18 00:11:37,639 INFO === ONE-SHOT FETCH COMPLETE ===
2026-06-18 00:12:38,571 INFO Connecting to MT4...
2026-06-18 00:12:38,716 INFO mtmanapi64.dll loaded
2026-06-18 00:12:38,717 INFO MT4 manager instance created (ver=26215873)
2026-06-18 00:12:38,967 INFO MT4 connected and logged in. IsConnected=1
2026-06-18 00:12:38,967 INFO Fetching all users...
2026-06-18 00:12:39,167 INFO AdmUsersRequest: 5301 users
2026-06-18 00:12:39,168 INFO Got 5301 users, saving to clients/trading_accounts...
2026-06-18 00:12:40,343 INFO MT4 clients: 500 saved...
2026-06-18 00:12:40,679 INFO MT4 clients: 1000 saved...
2026-06-18 00:12:41,029 INFO MT4 clients: 1500 saved...
2026-06-18 00:12:41,383 INFO MT4 clients: 2000 saved...
2026-06-18 00:12:41,762 INFO MT4 clients: 2500 saved...
2026-06-18 00:12:42,109 INFO MT4 clients: 3000 saved...
2026-06-18 00:12:42,434 INFO MT4 clients: 3500 saved...
2026-06-18 00:12:42,768 INFO MT4 clients: 4000 saved...
2026-06-18 00:12:43,104 INFO MT4 clients: 4500 saved...
2026-06-18 00:12:43,444 INFO MT4 clients: 5000 saved...
2026-06-18 00:12:43,647 INFO MT4: 5301 clients saved
2026-06-18 00:12:43,648 INFO save_mt4_clients done
2026-06-18 00:12:43,648 INFO Fetching closed trade history (last 2 days)...
2026-06-18 00:12:44,802 INFO sync_trade_journal: 61131 records, 6009 closed trades in last 2d
2026-06-18 00:12:44,804 INFO Got 6009 closed trades, saving to deals...
2026-06-18 00:12:50,962 INFO MT4 journal deals saved: 6009
2026-06-18 00:12:50,963 INFO save_journal_deals done
2026-06-18 00:12:50,963 INFO === ONE-SHOT FETCH COMPLETE ===
2026-06-18 00:13:52,465 INFO Connecting to MT4...
2026-06-18 00:13:52,675 INFO mtmanapi64.dll loaded
2026-06-18 00:13:52,676 INFO MT4 manager instance created (ver=26215873)
2026-06-18 00:13:52,892 INFO MT4 connected and logged in. IsConnected=1
2026-06-18 00:13:52,893 INFO Fetching all users...
2026-06-18 00:13:53,111 INFO AdmUsersRequest: 5301 users
2026-06-18 00:13:53,112 INFO Got 5301 users, saving to clients/trading_accounts...
2026-06-18 00:13:54,921 INFO MT4 clients: 500 saved...
2026-06-18 00:13:55,443 INFO MT4 clients: 1000 saved...
2026-06-18 00:13:55,895 INFO MT4 clients: 1500 saved...
2026-06-18 00:13:56,336 INFO MT4 clients: 2000 saved...
2026-06-18 00:13:56,738 INFO MT4 clients: 2500 saved...
2026-06-18 00:13:57,224 INFO MT4 clients: 3000 saved...
2026-06-18 00:13:57,732 INFO MT4 clients: 3500 saved...
2026-06-18 00:13:58,217 INFO MT4 clients: 4000 saved...
2026-06-18 00:13:58,671 INFO MT4 clients: 4500 saved...
2026-06-18 00:13:59,129 INFO MT4 clients: 5000 saved...
2026-06-18 00:13:59,394 INFO MT4: 5301 clients saved
2026-06-18 00:13:59,395 INFO save_mt4_clients done
2026-06-18 00:13:59,395 INFO Fetching closed trade history (last 2 days)...
2026-06-18 00:14:00,793 INFO sync_trade_journal: 61149 records, 6010 closed trades in last 2d
2026-06-18 00:14:00,794 INFO Got 6010 closed trades, saving to deals...
2026-06-18 00:16:28,047 INFO MT4 journal deals saved: 6010
2026-06-18 00:16:28,053 INFO save_journal_deals done
2026-06-18 00:16:28,054 INFO === ONE-SHOT FETCH COMPLETE ===
2026-06-18 00:17:36,338 INFO Connecting to MT4...
2026-06-18 00:17:42,829 INFO mtmanapi64.dll loaded
2026-06-18 00:17:42,838 INFO MT4 manager instance created (ver=26215873)
2026-06-18 00:17:43,102 INFO MT4 connected and logged in. IsConnected=1
2026-06-18 00:17:43,105 INFO Fetching all users...
2026-06-18 00:17:43,331 INFO AdmUsersRequest: 5301 users
2026-06-18 00:17:43,332 INFO Got 5301 users, saving to clients/trading_accounts...
2026-06-18 00:17:53,591 INFO MT4 clients: 500 saved...
2026-06-18 00:17:54,024 INFO MT4 clients: 1000 saved...
2026-06-18 00:17:54,516 INFO MT4 clients: 1500 saved...
2026-06-18 00:17:55,006 INFO MT4 clients: 2000 saved...
2026-06-18 00:17:55,451 INFO MT4 clients: 2500 saved...
2026-06-18 00:17:55,921 INFO MT4 clients: 3000 saved...
2026-06-18 00:17:56,368 INFO MT4 clients: 3500 saved...
2026-06-18 00:17:56,838 INFO MT4 clients: 4000 saved...
2026-06-18 00:17:57,339 INFO MT4 clients: 4500 saved...
2026-06-18 00:17:57,808 INFO MT4 clients: 5000 saved...
2026-06-18 00:17:58,082 INFO MT4: 5301 clients saved
2026-06-18 00:17:58,082 INFO save_mt4_clients done
2026-06-18 00:17:58,083 INFO Fetching closed trade history (last 2 days)...
2026-06-18 00:17:59,948 INFO sync_trade_journal: 61228 records, 6020 closed trades in last 2d
2026-06-18 00:17:59,949 INFO Got 6020 closed trades, saving to deals...
2026-06-18 00:18:39,328 INFO MT4 journal deals saved: 6020
2026-06-18 00:18:39,328 INFO save_journal_deals done
2026-06-18 00:18:39,329 INFO === ONE-SHOT FETCH COMPLETE ===
2026-06-18 00:19:40,995 INFO Connecting to MT4...
2026-06-18 00:19:41,270 INFO mtmanapi64.dll loaded
2026-06-18 00:19:41,271 INFO MT4 manager instance created (ver=26215873)
2026-06-18 00:19:41,532 INFO MT4 connected and logged in. IsConnected=1
2026-06-18 00:19:41,533 INFO Fetching all users...
2026-06-18 00:19:41,748 INFO AdmUsersRequest: 5301 users
2026-06-18 00:19:41,749 INFO Got 5301 users, saving to clients/trading_accounts...
2026-06-18 00:19:43,470 INFO MT4 clients: 500 saved...
2026-06-18 00:19:43,858 INFO MT4 clients: 1000 saved...
2026-06-18 00:19:44,307 INFO MT4 clients: 1500 saved...
2026-06-18 00:19:44,771 INFO MT4 clients: 2000 saved...
2026-06-18 00:19:45,213 INFO MT4 clients: 2500 saved...
2026-06-18 00:19:45,680 INFO MT4 clients: 3000 saved...
2026-06-18 00:19:46,133 INFO MT4 clients: 3500 saved...
2026-06-18 00:19:46,568 INFO MT4 clients: 4000 saved...
2026-06-18 00:19:47,017 INFO MT4 clients: 4500 saved...
2026-06-18 00:19:47,489 INFO MT4 clients: 5000 saved...
2026-06-18 00:19:47,763 INFO MT4: 5301 clients saved
2026-06-18 00:19:47,764 INFO save_mt4_clients done
2026-06-18 00:19:47,765 INFO Fetching closed trade history (last 2 days)...
2026-06-18 00:19:49,335 INFO sync_trade_journal: 61256 records, 6026 closed trades in last 2d
2026-06-18 00:19:49,336 INFO Got 6026 closed trades, saving to deals...
2026-06-18 00:19:56,355 INFO MT4 journal deals saved: 6026
2026-06-18 00:19:56,356 INFO save_journal_deals done
2026-06-18 00:19:56,357 INFO === ONE-SHOT FETCH COMPLETE ===
2026-06-18 00:20:57,420 INFO Connecting to MT4...
2026-06-18 00:20:57,587 INFO mtmanapi64.dll loaded
2026-06-18 00:20:57,588 INFO MT4 manager instance created (ver=26215873)
2026-06-18 00:20:57,838 INFO MT4 connected and logged in. IsConnected=1
2026-06-18 00:20:57,839 INFO Fetching all users...
2026-06-18 00:20:58,044 INFO AdmUsersRequest: 5301 users
2026-06-18 00:20:58,045 INFO Got 5301 users, saving to clients/trading_accounts...
2026-06-18 00:20:59,362 INFO MT4 clients: 500 saved...
2026-06-18 00:20:59,765 INFO MT4 clients: 1000 saved...
2026-06-18 00:21:00,188 INFO MT4 clients: 1500 saved...
2026-06-18 00:21:00,608 INFO MT4 clients: 2000 saved...
2026-06-18 00:21:01,015 INFO MT4 clients: 2500 saved...
2026-06-18 00:21:01,431 INFO MT4 clients: 3000 saved...
2026-06-18 00:21:01,852 INFO MT4 clients: 3500 saved...
2026-06-18 00:21:02,295 INFO MT4 clients: 4000 saved...
2026-06-18 00:21:02,697 INFO MT4 clients: 4500 saved...
2026-06-18 00:21:03,107 INFO MT4 clients: 5000 saved...
2026-06-18 00:21:03,355 INFO MT4: 5301 clients saved
2026-06-18 00:21:03,355 INFO save_mt4_clients done
2026-06-18 00:21:03,356 INFO Fetching closed trade history (last 2 days)...
2026-06-18 00:21:04,518 INFO sync_trade_journal: 61290 records, 6026 closed trades in last 2d
2026-06-18 00:21:04,519 INFO Got 6026 closed trades, saving to deals...
2026-06-18 00:21:11,380 INFO MT4 journal deals saved: 6026
2026-06-18 00:21:11,380 INFO save_journal_deals done
2026-06-18 00:21:11,381 INFO === ONE-SHOT FETCH COMPLETE ===
2026-06-18 00:22:12,319 INFO Connecting to MT4...
2026-06-18 00:22:12,503 INFO mtmanapi64.dll loaded
2026-06-18 00:22:12,504 INFO MT4 manager instance created (ver=26215873)
2026-06-18 00:22:12,756 INFO MT4 connected and logged in. IsConnected=1
2026-06-18 00:22:12,757 INFO Fetching all users...
2026-06-18 00:22:12,979 INFO AdmUsersRequest: 5301 users
2026-06-18 00:22:12,980 INFO Got 5301 users, saving to clients/trading_accounts...
2026-06-18 00:22:14,197 INFO MT4 clients: 500 saved...
2026-06-18 00:22:14,565 INFO MT4 clients: 1000 saved...
2026-06-18 00:22:14,935 INFO MT4 clients: 1500 saved...
2026-06-18 00:22:15,369 INFO MT4 clients: 2000 saved...
2026-06-18 00:22:15,792 INFO MT4 clients: 2500 saved...
2026-06-18 00:22:16,224 INFO MT4 clients: 3000 saved...
2026-06-18 00:22:16,641 INFO MT4 clients: 3500 saved...
2026-06-18 00:22:17,052 INFO MT4 clients: 4000 saved...
2026-06-18 00:22:17,479 INFO MT4 clients: 4500 saved...
2026-06-18 00:22:17,908 INFO MT4 clients: 5000 saved...
2026-06-18 00:22:18,156 INFO MT4: 5301 clients saved
2026-06-18 00:22:18,156 INFO save_mt4_clients done
2026-06-18 00:22:18,157 INFO Fetching closed trade history (last 2 days)...
2026-06-18 00:22:20,097 INFO sync_trade_journal: 61308 records, 6030 closed trades in last 2d
2026-06-18 00:22:20,098 INFO Got 6030 closed trades, saving to deals...
2026-06-18 00:22:27,263 INFO MT4 journal deals saved: 6030
2026-06-18 00:22:27,264 INFO save_journal_deals done
2026-06-18 00:22:27,265 INFO === ONE-SHOT FETCH COMPLETE ===
2026-06-18 00:23:29,576 INFO Connecting to MT4...
2026-06-18 00:23:29,872 INFO mtmanapi64.dll loaded
2026-06-18 00:23:29,873 INFO MT4 manager instance created (ver=26215873)
2026-06-18 00:23:30,124 INFO MT4 connected and logged in. IsConnected=1
2026-06-18 00:23:30,125 INFO Fetching all users...
2026-06-18 00:23:30,323 INFO AdmUsersRequest: 5301 users
2026-06-18 00:23:30,324 INFO Got 5301 users, saving to clients/trading_accounts...
2026-06-18 00:23:32,202 INFO MT4 clients: 500 saved...
2026-06-18 00:23:32,668 INFO MT4 clients: 1000 saved...
2026-06-18 00:23:33,088 INFO MT4 clients: 1500 saved...
2026-06-18 00:23:33,505 INFO MT4 clients: 2000 saved...
2026-06-18 00:23:33,928 INFO MT4 clients: 2500 saved...
2026-06-18 00:23:34,336 INFO MT4 clients: 3000 saved...
2026-06-18 00:23:34,775 INFO MT4 clients: 3500 saved...
2026-06-18 00:23:35,179 INFO MT4 clients: 4000 saved...
2026-06-18 00:23:35,595 INFO MT4 clients: 4500 saved...
2026-06-18 00:23:36,009 INFO MT4 clients: 5000 saved...
2026-06-18 00:23:36,259 INFO MT4: 5301 clients saved
2026-06-18 00:23:36,260 INFO save_mt4_clients done
2026-06-18 00:23:36,260 INFO Fetching closed trade history (last 2 days)...
2026-06-18 00:23:38,133 INFO sync_trade_journal: 61312 records, 6031 closed trades in last 2d
2026-06-18 00:23:38,134 INFO Got 6031 closed trades, saving to deals...
2026-06-18 00:25:01,639 INFO MT4 journal deals saved: 6031
2026-06-18 00:25:01,640 INFO save_journal_deals done
2026-06-18 00:25:01,640 INFO === ONE-SHOT FETCH COMPLETE ===
2026-06-18 00:26:03,070 INFO Connecting to MT4...
2026-06-18 00:26:03,245 INFO mtmanapi64.dll loaded
2026-06-18 00:26:03,246 INFO MT4 manager instance created (ver=26215873)
2026-06-18 00:26:03,518 INFO MT4 connected and logged in. IsConnected=1
2026-06-18 00:26:03,518 INFO Fetching all users...
2026-06-18 00:26:03,727 INFO AdmUsersRequest: 5301 users
2026-06-18 00:26:03,728 INFO Got 5301 users, saving to clients/trading_accounts...
2026-06-18 00:26:05,111 INFO MT4 clients: 500 saved...
2026-06-18 00:26:05,606 INFO MT4 clients: 1000 saved...
2026-06-18 00:26:06,044 INFO MT4 clients: 1500 saved...
2026-06-18 00:26:06,513 INFO MT4 clients: 2000 saved...
2026-06-18 00:26:06,996 INFO MT4 clients: 2500 saved...
2026-06-18 00:26:07,476 INFO MT4 clients: 3000 saved...
2026-06-18 00:26:07,935 INFO MT4 clients: 3500 saved...
2026-06-18 00:26:08,376 INFO MT4 clients: 4000 saved...
2026-06-18 00:26:08,810 INFO MT4 clients: 4500 saved...
2026-06-18 00:26:09,256 INFO MT4 clients: 5000 saved...
2026-06-18 00:26:09,510 INFO MT4: 5301 clients saved
2026-06-18 00:26:09,511 INFO save_mt4_clients done
2026-06-18 00:26:09,511 INFO Fetching closed trade history (last 2 days)...
2026-06-18 00:26:10,740 INFO sync_trade_journal: 61322 records, 6033 closed trades in last 2d
2026-06-18 00:26:10,741 INFO Got 6033 closed trades, saving to deals...
2026-06-18 00:26:18,248 INFO MT4 journal deals saved: 6033
2026-06-18 00:26:18,249 INFO save_journal_deals done
2026-06-18 00:26:18,249 INFO === ONE-SHOT FETCH COMPLETE ===
2026-06-18 00:27:19,716 INFO Connecting to MT4...
2026-06-18 00:27:19,953 INFO mtmanapi64.dll loaded
2026-06-18 00:27:19,954 INFO MT4 manager instance created (ver=26215873)
2026-06-18 00:27:20,205 INFO MT4 connected and logged in. IsConnected=1
2026-06-18 00:27:20,206 INFO Fetching all users...
2026-06-18 00:27:20,417 INFO AdmUsersRequest: 5301 users
2026-06-18 00:27:20,418 INFO Got 5301 users, saving to clients/trading_accounts...
2026-06-18 00:27:22,126 INFO MT4 clients: 500 saved...
2026-06-18 00:27:22,551 INFO MT4 clients: 1000 saved...
2026-06-18 00:27:22,976 INFO MT4 clients: 1500 saved...
2026-06-18 00:27:23,401 INFO MT4 clients: 2000 saved...
2026-06-18 00:27:23,826 INFO MT4 clients: 2500 saved...
2026-06-18 00:27:24,258 INFO MT4 clients: 3000 saved...
2026-06-18 00:27:24,689 INFO MT4 clients: 3500 saved...
2026-06-18 00:27:25,143 INFO MT4 clients: 4000 saved...
2026-06-18 00:27:25,599 INFO MT4 clients: 4500 saved...
2026-06-18 00:27:26,068 INFO MT4 clients: 5000 saved...
2026-06-18 00:27:26,346 INFO MT4: 5301 clients saved
2026-06-18 00:27:26,347 INFO save_mt4_clients done
2026-06-18 00:27:26,347 INFO Fetching closed trade history (last 2 days)...
2026-06-18 00:27:27,662 INFO sync_trade_journal: 61332 records, 6033 closed trades in last 2d
2026-06-18 00:27:27,662 INFO Got 6033 closed trades, saving to deals...
2026-06-18 00:27:34,926 INFO MT4 journal deals saved: 6033
2026-06-18 00:27:34,927 INFO save_journal_deals done
2026-06-18 00:27:34,928 INFO === ONE-SHOT FETCH COMPLETE ===
2026-06-18 00:27:37,295 INFO mtmanapi64.dll loaded
2026-06-18 00:27:37,297 INFO MT4 manager instance created (ver=26215873)
2026-06-18 00:27:37,555 INFO MT4 connected and logged in. IsConnected=1
2026-06-18 00:28:39,966 INFO Connecting to MT4...
2026-06-18 00:28:40,149 INFO mtmanapi64.dll loaded
2026-06-18 00:28:40,151 INFO MT4 manager instance created (ver=26215873)
2026-06-18 00:28:40,410 INFO MT4 connected and logged in. IsConnected=1
2026-06-18 00:28:40,410 INFO Fetching all users...
2026-06-18 00:28:40,616 INFO AdmUsersRequest: 5301 users
2026-06-18 00:28:40,617 INFO Got 5301 users, saving to clients/trading_accounts...
2026-06-18 00:28:42,056 INFO MT4 clients: 500 saved...
2026-06-18 00:28:42,503 INFO MT4 clients: 1000 saved...
2026-06-18 00:28:42,986 INFO MT4 clients: 1500 saved...
2026-06-18 00:28:43,430 INFO MT4 clients: 2000 saved...
2026-06-18 00:28:43,865 INFO MT4 clients: 2500 saved...
2026-06-18 00:28:44,345 INFO MT4 clients: 3000 saved...
2026-06-18 00:28:44,792 INFO MT4 clients: 3500 saved...
2026-06-18 00:28:45,234 INFO MT4 clients: 4000 saved...
2026-06-18 00:28:45,678 INFO MT4 clients: 4500 saved...
2026-06-18 00:28:46,122 INFO MT4 clients: 5000 saved...
2026-06-18 00:28:46,374 INFO MT4: 5301 clients saved
2026-06-18 00:28:46,375 INFO save_mt4_clients done
2026-06-18 00:28:46,375 INFO Fetching closed trade history (last 2 days)...
2026-06-18 00:28:47,832 INFO sync_trade_journal: 61340 records, 6035 closed trades in last 2d
2026-06-18 00:28:47,833 INFO Got 6035 closed trades, saving to deals...
2026-06-18 00:28:55,108 INFO MT4 journal deals saved: 6035
2026-06-18 00:28:55,108 INFO save_journal_deals done
2026-06-18 00:28:55,109 INFO === ONE-SHOT FETCH COMPLETE ===
2026-06-18 00:29:56,268 INFO Connecting to MT4...
2026-06-18 00:29:56,419 INFO mtmanapi64.dll loaded
2026-06-18 00:29:56,420 INFO MT4 manager instance created (ver=26215873)
2026-06-18 00:29:56,673 INFO MT4 connected and logged in. IsConnected=1
2026-06-18 00:29:56,674 INFO Fetching all users...
2026-06-18 00:29:56,887 INFO AdmUsersRequest: 5301 users
2026-06-18 00:29:56,888 INFO Got 5301 users, saving to clients/trading_accounts...
2026-06-18 00:29:58,257 INFO MT4 clients: 500 saved...
2026-06-18 00:29:58,639 INFO MT4 clients: 1000 saved...
2026-06-18 00:29:59,033 INFO MT4 clients: 1500 saved...
2026-06-18 00:29:59,418 INFO MT4 clients: 2000 saved...
2026-06-18 00:29:59,798 INFO MT4 clients: 2500 saved...
2026-06-18 00:30:00,197 INFO MT4 clients: 3000 saved...
2026-06-18 00:30:00,596 INFO MT4 clients: 3500 saved...
2026-06-18 00:30:00,981 INFO MT4 clients: 4000 saved...
2026-06-18 00:30:01,385 INFO MT4 clients: 4500 saved...
2026-06-18 00:30:01,746 INFO MT4 clients: 5000 saved...
2026-06-18 00:30:01,962 INFO MT4: 5301 clients saved
2026-06-18 00:30:01,963 INFO save_mt4_clients done
2026-06-18 00:30:01,964 INFO Fetching closed trade history (last 2 days)...
2026-06-18 00:30:03,158 INFO sync_trade_journal: 61353 records, 6037 closed trades in last 2d
2026-06-18 00:30:03,159 INFO Got 6037 closed trades, saving to deals...
2026-06-18 00:30:09,596 INFO MT4 journal deals saved: 6037
2026-06-18 00:30:09,597 INFO save_journal_deals done
2026-06-18 00:30:09,597 INFO === ONE-SHOT FETCH COMPLETE ===
2026-06-18 00:31:10,564 INFO Connecting to MT4...
2026-06-18 00:31:10,709 INFO mtmanapi64.dll loaded
2026-06-18 00:31:10,710 INFO MT4 manager instance created (ver=26215873)
2026-06-18 00:31:10,963 INFO MT4 connected and logged in. IsConnected=1
2026-06-18 00:31:10,964 INFO Fetching all users...
2026-06-18 00:31:11,167 INFO AdmUsersRequest: 5301 users
2026-06-18 00:31:11,168 INFO Got 5301 users, saving to clients/trading_accounts...
2026-06-18 00:31:12,584 INFO MT4 clients: 500 saved...
2026-06-18 00:31:13,002 INFO MT4 clients: 1000 saved...
2026-06-18 00:31:13,436 INFO MT4 clients: 1500 saved...
2026-06-18 00:31:13,894 INFO MT4 clients: 2000 saved...
2026-06-18 00:31:14,310 INFO MT4 clients: 2500 saved...
2026-06-18 00:31:14,712 INFO MT4 clients: 3000 saved...
2026-06-18 00:31:15,115 INFO MT4 clients: 3500 saved...
2026-06-18 00:31:15,527 INFO MT4 clients: 4000 saved...
2026-06-18 00:31:15,915 INFO MT4 clients: 4500 saved...
2026-06-18 00:31:16,318 INFO MT4 clients: 5000 saved...
2026-06-18 00:31:16,555 INFO MT4: 5301 clients saved
2026-06-18 00:31:16,555 INFO save_mt4_clients done
2026-06-18 00:31:16,556 INFO Fetching closed trade history (last 2 days)...
2026-06-18 00:31:17,729 INFO sync_trade_journal: 61569 records, 6048 closed trades in last 2d
2026-06-18 00:31:17,731 INFO Got 6048 closed trades, saving to deals...
2026-06-18 00:31:24,476 INFO MT4 journal deals saved: 6048
2026-06-18 00:31:24,477 INFO save_journal_deals done
2026-06-18 00:31:24,478 INFO === ONE-SHOT FETCH COMPLETE ===
2026-06-18 00:32:25,891 INFO Connecting to MT4...
2026-06-18 00:32:26,084 INFO mtmanapi64.dll loaded
2026-06-18 00:32:26,085 INFO MT4 manager instance created (ver=26215873)
2026-06-18 00:32:26,339 INFO MT4 connected and logged in. IsConnected=1
2026-06-18 00:32:26,340 INFO Fetching all users...
2026-06-18 00:32:26,547 INFO AdmUsersRequest: 5301 users
2026-06-18 00:32:26,548 INFO Got 5301 users, saving to clients/trading_accounts...
2026-06-18 00:32:28,178 INFO MT4 clients: 500 saved...
2026-06-18 00:32:28,644 INFO MT4 clients: 1000 saved...
2026-06-18 00:32:29,143 INFO MT4 clients: 1500 saved...
2026-06-18 00:32:29,631 INFO MT4 clients: 2000 saved...
2026-06-18 00:32:30,079 INFO MT4 clients: 2500 saved...
2026-06-18 00:32:30,651 INFO MT4 clients: 3000 saved...
2026-06-18 00:32:31,031 INFO MT4 clients: 3500 saved...
2026-06-18 00:32:31,455 INFO MT4 clients: 4000 saved...
2026-06-18 00:32:31,836 INFO MT4 clients: 4500 saved...
2026-06-18 00:32:32,258 INFO MT4 clients: 5000 saved...
2026-06-18 00:32:32,490 INFO MT4: 5301 clients saved
2026-06-18 00:32:32,491 INFO save_mt4_clients done
2026-06-18 00:32:32,492 INFO Fetching closed trade history (last 2 days)...
2026-06-18 00:32:33,865 INFO sync_trade_journal: 61589 records, 6051 closed trades in last 2d
2026-06-18 00:32:33,866 INFO Got 6051 closed trades, saving to deals...
2026-06-18 00:32:42,285 INFO MT4 journal deals saved: 6051
2026-06-18 00:32:42,286 INFO save_journal_deals done
2026-06-18 00:32:42,287 INFO === ONE-SHOT FETCH COMPLETE ===
2026-06-18 00:33:45,135 INFO Connecting to MT4...
2026-06-18 00:33:45,892 INFO mtmanapi64.dll loaded
2026-06-18 00:33:45,894 INFO MT4 manager instance created (ver=26215873)
2026-06-18 00:33:46,109 INFO MT4 connected and logged in. IsConnected=1
2026-06-18 00:33:46,110 INFO Fetching all users...
2026-06-18 00:33:46,319 INFO AdmUsersRequest: 5301 users
2026-06-18 00:33:46,320 INFO Got 5301 users, saving to clients/trading_accounts...
2026-06-18 00:33:48,620 INFO MT4 clients: 500 saved...
2026-06-18 00:33:49,077 INFO MT4 clients: 1000 saved...
2026-06-18 00:33:49,516 INFO MT4 clients: 1500 saved...
2026-06-18 00:33:49,966 INFO MT4 clients: 2000 saved...
2026-06-18 00:33:50,409 INFO MT4 clients: 2500 saved...
2026-06-18 00:33:50,860 INFO MT4 clients: 3000 saved...
2026-06-18 00:33:51,307 INFO MT4 clients: 3500 saved...
2026-06-18 00:33:51,744 INFO MT4 clients: 4000 saved...
2026-06-18 00:33:52,171 INFO MT4 clients: 4500 saved...
2026-06-18 00:33:52,642 INFO MT4 clients: 5000 saved...
2026-06-18 00:33:52,903 INFO MT4: 5301 clients saved
2026-06-18 00:33:52,904 INFO save_mt4_clients done
2026-06-18 00:33:52,905 INFO Fetching closed trade history (last 2 days)...
2026-06-18 00:33:55,168 INFO sync_trade_journal: 61671 records, 6060 closed trades in last 2d
2026-06-18 00:33:55,169 INFO Got 6060 closed trades, saving to deals...
2026-06-18 00:35:32,021 INFO MT4 journal deals saved: 6060
2026-06-18 00:35:32,022 INFO save_journal_deals done
2026-06-18 00:35:32,022 INFO === ONE-SHOT FETCH COMPLETE ===
2026-06-18 00:36:33,768 INFO Connecting to MT4...
2026-06-18 00:36:33,937 INFO mtmanapi64.dll loaded
2026-06-18 00:36:33,938 INFO MT4 manager instance created (ver=26215873)
2026-06-18 00:36:34,203 INFO MT4 connected and logged in. IsConnected=1
2026-06-18 00:36:34,204 INFO Fetching all users...
2026-06-18 00:36:34,414 INFO AdmUsersRequest: 5301 users
2026-06-18 00:36:34,415 INFO Got 5301 users, saving to clients/trading_accounts...
2026-06-18 00:36:36,011 INFO MT4 clients: 500 saved...
2026-06-18 00:36:36,444 INFO MT4 clients: 1000 saved...
2026-06-18 00:36:36,926 INFO MT4 clients: 1500 saved...
2026-06-18 00:36:37,347 INFO MT4 clients: 2000 saved...
2026-06-18 00:36:37,795 INFO MT4 clients: 2500 saved...
2026-06-18 00:36:38,238 INFO MT4 clients: 3000 saved...
2026-06-18 00:36:38,689 INFO MT4 clients: 3500 saved...
2026-06-18 00:36:39,145 INFO MT4 clients: 4000 saved...
2026-06-18 00:36:39,670 INFO MT4 clients: 4500 saved...
2026-06-18 00:36:40,163 INFO MT4 clients: 5000 saved...
2026-06-18 00:36:40,441 INFO MT4: 5301 clients saved
2026-06-18 00:36:40,442 INFO save_mt4_clients done
2026-06-18 00:36:40,443 INFO Fetching closed trade history (last 2 days)...
2026-06-18 00:36:42,129 INFO sync_trade_journal: 61768 records, 6067 closed trades in last 2d
2026-06-18 00:36:42,130 INFO Got 6067 closed trades, saving to deals...
2026-06-18 00:36:49,798 INFO MT4 journal deals saved: 6067
2026-06-18 00:36:49,799 INFO save_journal_deals done
2026-06-18 00:36:49,800 INFO === ONE-SHOT FETCH COMPLETE ===
2026-06-18 00:37:51,092 INFO Connecting to MT4...
2026-06-18 00:37:51,232 INFO mtmanapi64.dll loaded
2026-06-18 00:37:51,234 INFO MT4 manager instance created (ver=26215873)
2026-06-18 00:37:51,490 INFO MT4 connected and logged in. IsConnected=1
2026-06-18 00:37:51,491 INFO Fetching all users...
2026-06-18 00:37:51,702 INFO AdmUsersRequest: 5301 users
2026-06-18 00:37:51,703 INFO Got 5301 users, saving to clients/trading_accounts...
2026-06-18 00:37:52,982 INFO MT4 clients: 500 saved...
2026-06-18 00:37:53,383 INFO MT4 clients: 1000 saved...
2026-06-18 00:37:53,817 INFO MT4 clients: 1500 saved...
2026-06-18 00:37:54,244 INFO MT4 clients: 2000 saved...
2026-06-18 00:37:54,673 INFO MT4 clients: 2500 saved...
2026-06-18 00:37:55,129 INFO MT4 clients: 3000 saved...
2026-06-18 00:37:55,570 INFO MT4 clients: 3500 saved...
2026-06-18 00:37:55,999 INFO MT4 clients: 4000 saved...
2026-06-18 00:37:56,409 INFO MT4 clients: 4500 saved...
2026-06-18 00:37:56,821 INFO MT4 clients: 5000 saved...
2026-06-18 00:37:57,074 INFO MT4: 5301 clients saved
2026-06-18 00:37:57,075 INFO save_mt4_clients done
2026-06-18 00:37:57,075 INFO Fetching closed trade history (last 2 days)...
2026-06-18 00:37:58,369 INFO sync_trade_journal: 61795 records, 6069 closed trades in last 2d
2026-06-18 00:37:58,370 INFO Got 6069 closed trades, saving to deals...
2026-06-18 00:38:05,652 INFO MT4 journal deals saved: 6069
2026-06-18 00:38:05,654 INFO save_journal_deals done
2026-06-18 00:38:05,654 INFO === ONE-SHOT FETCH COMPLETE ===
2026-06-18 00:39:06,823 INFO Connecting to MT4...
2026-06-18 00:39:07,039 INFO mtmanapi64.dll loaded
2026-06-18 00:39:07,040 INFO MT4 manager instance created (ver=26215873)
2026-06-18 00:39:07,308 INFO MT4 connected and logged in. IsConnected=1
2026-06-18 00:39:07,309 INFO Fetching all users...
2026-06-18 00:39:07,553 INFO AdmUsersRequest: 5301 users
2026-06-18 00:39:07,554 INFO Got 5301 users, saving to clients/trading_accounts...
2026-06-18 00:39:08,835 INFO MT4 clients: 500 saved...
2026-06-18 00:39:09,238 INFO MT4 clients: 1000 saved...
2026-06-18 00:39:09,627 INFO MT4 clients: 1500 saved...
2026-06-18 00:39:10,023 INFO MT4 clients: 2000 saved...
2026-06-18 00:39:10,407 INFO MT4 clients: 2500 saved...
2026-06-18 00:39:10,787 INFO MT4 clients: 3000 saved...
2026-06-18 00:39:11,223 INFO MT4 clients: 3500 saved...
2026-06-18 00:39:11,628 INFO MT4 clients: 4000 saved...
2026-06-18 00:39:12,020 INFO MT4 clients: 4500 saved...
2026-06-18 00:39:12,441 INFO MT4 clients: 5000 saved...
2026-06-18 00:39:12,683 INFO MT4: 5301 clients saved
2026-06-18 00:39:12,684 INFO save_mt4_clients done
2026-06-18 00:39:12,685 INFO Fetching closed trade history (last 2 days)...
2026-06-18 00:39:14,595 INFO sync_trade_journal: 61799 records, 6069 closed trades in last 2d
2026-06-18 00:39:14,596 INFO Got 6069 closed trades, saving to deals...
2026-06-18 00:39:21,663 INFO MT4 journal deals saved: 6069
2026-06-18 00:39:21,664 INFO save_journal_deals done
2026-06-18 00:39:21,664 INFO === ONE-SHOT FETCH COMPLETE ===
2026-06-18 00:40:22,930 INFO Connecting to MT4...
2026-06-18 00:40:23,117 INFO mtmanapi64.dll loaded
2026-06-18 00:40:23,118 INFO MT4 manager instance created (ver=26215873)
2026-06-18 00:40:23,336 INFO MT4 connected and logged in. IsConnected=1
2026-06-18 00:40:23,336 INFO Fetching all users...
2026-06-18 00:40:23,544 INFO AdmUsersRequest: 5301 users
2026-06-18 00:40:23,545 INFO Got 5301 users, saving to clients/trading_accounts...
2026-06-18 00:40:25,162 INFO MT4 clients: 500 saved...
2026-06-18 00:40:25,590 INFO MT4 clients: 1000 saved...
2026-06-18 00:40:26,012 INFO MT4 clients: 1500 saved...
2026-06-18 00:40:26,441 INFO MT4 clients: 2000 saved...
2026-06-18 00:40:26,870 INFO MT4 clients: 2500 saved...
2026-06-18 00:40:27,295 INFO MT4 clients: 3000 saved...
2026-06-18 00:40:27,724 INFO MT4 clients: 3500 saved...
2026-06-18 00:40:28,140 INFO MT4 clients: 4000 saved...
2026-06-18 00:40:28,567 INFO MT4 clients: 4500 saved...
2026-06-18 00:40:28,988 INFO MT4 clients: 5000 saved...
2026-06-18 00:40:29,239 INFO MT4: 5301 clients saved
2026-06-18 00:40:29,239 INFO save_mt4_clients done
2026-06-18 00:40:29,240 INFO Fetching closed trade history (last 2 days)...
2026-06-18 00:40:30,713 INFO sync_trade_journal: 61831 records, 6069 closed trades in last 2d
2026-06-18 00:40:30,714 INFO Got 6069 closed trades, saving to deals...
2026-06-18 00:40:38,035 INFO MT4 journal deals saved: 6069
2026-06-18 00:40:38,036 INFO save_journal_deals done
2026-06-18 00:40:38,037 INFO === ONE-SHOT FETCH COMPLETE ===
2026-06-18 00:41:39,369 INFO Connecting to MT4...
2026-06-18 00:41:39,537 INFO mtmanapi64.dll loaded
2026-06-18 00:41:39,538 INFO MT4 manager instance created (ver=26215873)
2026-06-18 00:41:39,793 INFO MT4 connected and logged in. IsConnected=1
2026-06-18 00:41:39,794 INFO Fetching all users...
2026-06-18 00:41:40,001 INFO AdmUsersRequest: 5301 users
2026-06-18 00:41:40,002 INFO Got 5301 users, saving to clients/trading_accounts...
2026-06-18 00:41:56,443 INFO MT4 clients: 500 saved...
2026-06-18 00:41:56,990 INFO MT4 clients: 1000 saved...
2026-06-18 00:41:57,466 INFO MT4 clients: 1500 saved...
2026-06-18 00:41:57,922 INFO MT4 clients: 2000 saved...
2026-06-18 00:41:58,387 INFO MT4 clients: 2500 saved...
2026-06-18 00:41:58,834 INFO MT4 clients: 3000 saved...
2026-06-18 00:41:59,263 INFO MT4 clients: 3500 saved...
2026-06-18 00:41:59,704 INFO MT4 clients: 4000 saved...
2026-06-18 00:42:00,165 INFO MT4 clients: 4500 saved...
2026-06-18 00:42:00,595 INFO MT4 clients: 5000 saved...
2026-06-18 00:42:00,875 INFO MT4: 5301 clients saved
2026-06-18 00:42:00,876 INFO save_mt4_clients done
2026-06-18 00:42:00,877 INFO Fetching closed trade history (last 2 days)...
2026-06-18 00:42:02,500 INFO sync_trade_journal: 61846 records, 6073 closed trades in last 2d
2026-06-18 00:42:02,501 INFO Got 6073 closed trades, saving to deals...
2026-06-18 00:42:09,994 INFO MT4 journal deals saved: 6073
2026-06-18 00:42:09,994 INFO save_journal_deals done
2026-06-18 00:42:09,995 INFO === ONE-SHOT FETCH COMPLETE ===
2026-06-18 00:42:13,278 INFO mtmanapi64.dll loaded
2026-06-18 00:42:13,285 INFO MT4 manager instance created (ver=26215873)
2026-06-18 00:42:13,538 INFO MT4 connected and logged in. IsConnected=1
2026-06-18 00:43:19,496 INFO Connecting to MT4...
2026-06-18 00:43:27,402 INFO mtmanapi64.dll loaded
2026-06-18 00:43:27,403 INFO MT4 manager instance created (ver=26215873)
2026-06-18 00:43:27,650 INFO MT4 connected and logged in. IsConnected=1
2026-06-18 00:43:27,651 INFO Fetching all users...
2026-06-18 00:43:27,879 INFO AdmUsersRequest: 5301 users
2026-06-18 00:43:27,886 INFO Got 5301 users, saving to clients/trading_accounts...
2026-06-18 00:43:34,915 INFO MT4 clients: 500 saved...
2026-06-18 00:43:35,449 INFO MT4 clients: 1000 saved...
2026-06-18 00:43:35,957 INFO MT4 clients: 1500 saved...
2026-06-18 00:43:36,492 INFO MT4 clients: 2000 saved...
2026-06-18 00:43:36,967 INFO MT4 clients: 2500 saved...
2026-06-18 00:43:37,405 INFO MT4 clients: 3000 saved...
2026-06-18 00:43:37,862 INFO MT4 clients: 3500 saved...
2026-06-18 00:43:38,345 INFO MT4 clients: 4000 saved...
2026-06-18 00:43:38,782 INFO MT4 clients: 4500 saved...
2026-06-18 00:43:39,258 INFO MT4 clients: 5000 saved...
2026-06-18 00:43:39,581 INFO MT4: 5301 clients saved
2026-06-18 00:43:39,582 INFO save_mt4_clients done
2026-06-18 00:43:39,582 INFO Fetching closed trade history (last 2 days)...
2026-06-18 00:43:42,299 INFO sync_trade_journal: 61864 records, 6077 closed trades in last 2d
2026-06-18 00:43:42,300 INFO Got 6077 closed trades, saving to deals...
2026-06-18 00:45:31,276 INFO MT4 journal deals saved: 6077
2026-06-18 00:45:31,277 INFO save_journal_deals done
2026-06-18 00:45:31,278 INFO === ONE-SHOT FETCH COMPLETE ===
2026-06-18 00:46:32,765 INFO Connecting to MT4...
2026-06-18 00:46:32,901 INFO mtmanapi64.dll loaded
2026-06-18 00:46:32,902 INFO MT4 manager instance created (ver=26215873)
2026-06-18 00:46:33,173 INFO MT4 connected and logged in. IsConnected=1
2026-06-18 00:46:33,175 INFO Fetching all users...
2026-06-18 00:46:33,413 INFO AdmUsersRequest: 5301 users
2026-06-18 00:46:33,415 INFO Got 5301 users, saving to clients/trading_accounts...
2026-06-18 00:46:34,601 INFO MT4 clients: 500 saved...
2026-06-18 00:46:34,959 INFO MT4 clients: 1000 saved...
2026-06-18 00:46:35,334 INFO MT4 clients: 1500 saved...
2026-06-18 00:46:35,715 INFO MT4 clients: 2000 saved...
2026-06-18 00:46:36,114 INFO MT4 clients: 2500 saved...
2026-06-18 00:46:36,492 INFO MT4 clients: 3000 saved...
2026-06-18 00:46:36,869 INFO MT4 clients: 3500 saved...
2026-06-18 00:46:37,244 INFO MT4 clients: 4000 saved...
2026-06-18 00:46:37,608 INFO MT4 clients: 4500 saved...
2026-06-18 00:46:37,974 INFO MT4 clients: 5000 saved...
2026-06-18 00:46:38,195 INFO MT4: 5301 clients saved
2026-06-18 00:46:38,196 INFO save_mt4_clients done
2026-06-18 00:46:38,196 INFO Fetching closed trade history (last 2 days)...
2026-06-18 00:46:39,372 INFO sync_trade_journal: 62056 records, 6092 closed trades in last 2d
2026-06-18 00:46:39,373 INFO Got 6092 closed trades, saving to deals...
2026-06-18 00:46:45,144 INFO MT4 journal deals saved: 6092
2026-06-18 00:46:45,145 INFO save_journal_deals done
2026-06-18 00:46:45,145 INFO === ONE-SHOT FETCH COMPLETE ===
2026-06-18 00:47:45,978 INFO Connecting to MT4...
2026-06-18 00:47:46,117 INFO mtmanapi64.dll loaded
2026-06-18 00:47:46,118 INFO MT4 manager instance created (ver=26215873)
2026-06-18 00:47:46,370 INFO MT4 connected and logged in. IsConnected=1
2026-06-18 00:47:46,372 INFO Fetching all users...
2026-06-18 00:47:46,596 INFO AdmUsersRequest: 5301 users
2026-06-18 00:47:46,597 INFO Got 5301 users, saving to clients/trading_accounts...
2026-06-18 00:47:47,733 INFO MT4 clients: 500 saved...
2026-06-18 00:47:48,135 INFO MT4 clients: 1000 saved...
2026-06-18 00:47:48,499 INFO MT4 clients: 1500 saved...
2026-06-18 00:47:48,880 INFO MT4 clients: 2000 saved...
2026-06-18 00:47:49,260 INFO MT4 clients: 2500 saved...
2026-06-18 00:47:49,652 INFO MT4 clients: 3000 saved...
2026-06-18 00:47:50,036 INFO MT4 clients: 3500 saved...
2026-06-18 00:47:50,417 INFO MT4 clients: 4000 saved...
2026-06-18 00:47:50,807 INFO MT4 clients: 4500 saved...
2026-06-18 00:47:51,192 INFO MT4 clients: 5000 saved...
2026-06-18 00:47:51,420 INFO MT4: 5301 clients saved
2026-06-18 00:47:51,421 INFO save_mt4_clients done
2026-06-18 00:47:51,422 INFO Fetching closed trade history (last 2 days)...
2026-06-18 00:47:52,614 INFO sync_trade_journal: 62064 records, 6094 closed trades in last 2d
2026-06-18 00:47:52,615 INFO Got 6094 closed trades, saving to deals...
2026-06-18 00:47:58,964 INFO MT4 journal deals saved: 6094
2026-06-18 00:47:58,964 INFO save_journal_deals done
2026-06-18 00:47:58,965 INFO === ONE-SHOT FETCH COMPLETE ===
2026-06-18 00:49:00,106 INFO Connecting to MT4...
2026-06-18 00:49:00,291 INFO mtmanapi64.dll loaded
2026-06-18 00:49:00,292 INFO MT4 manager instance created (ver=26215873)
2026-06-18 00:49:00,547 INFO MT4 connected and logged in. IsConnected=1
2026-06-18 00:49:00,547 INFO Fetching all users...
2026-06-18 00:49:00,767 INFO AdmUsersRequest: 5301 users
2026-06-18 00:49:00,768 INFO Got 5301 users, saving to clients/trading_accounts...
2026-06-18 00:49:02,308 INFO MT4 clients: 500 saved...
2026-06-18 00:49:02,745 INFO MT4 clients: 1000 saved...
2026-06-18 00:49:03,121 INFO MT4 clients: 1500 saved...
2026-06-18 00:49:03,501 INFO MT4 clients: 2000 saved...
2026-06-18 00:49:03,885 INFO MT4 clients: 2500 saved...
2026-06-18 00:49:04,286 INFO MT4 clients: 3000 saved...
2026-06-18 00:49:04,665 INFO MT4 clients: 3500 saved...
2026-06-18 00:49:05,054 INFO MT4 clients: 4000 saved...
2026-06-18 00:49:05,453 INFO MT4 clients: 4500 saved...
2026-06-18 00:49:05,877 INFO MT4 clients: 5000 saved...
2026-06-18 00:49:06,115 INFO MT4: 5301 clients saved
2026-06-18 00:49:06,116 INFO save_mt4_clients done
2026-06-18 00:49:06,116 INFO Fetching closed trade history (last 2 days)...
2026-06-18 00:49:07,454 INFO sync_trade_journal: 62064 records, 6094 closed trades in last 2d
2026-06-18 00:49:07,455 INFO Got 6094 closed trades, saving to deals...
2026-06-18 00:49:15,027 INFO MT4 journal deals saved: 6094
2026-06-18 00:49:15,028 INFO save_journal_deals done
2026-06-18 00:49:15,028 INFO === ONE-SHOT FETCH COMPLETE ===
2026-06-18 00:50:16,903 INFO Connecting to MT4...
2026-06-18 00:50:17,096 INFO mtmanapi64.dll loaded
2026-06-18 00:50:17,097 INFO MT4 manager instance created (ver=26215873)
2026-06-18 00:50:17,354 INFO MT4 connected and logged in. IsConnected=1
2026-06-18 00:50:17,355 INFO Fetching all users...
2026-06-18 00:50:17,562 INFO AdmUsersRequest: 5301 users
2026-06-18 00:50:17,563 INFO Got 5301 users, saving to clients/trading_accounts...
2026-06-18 00:50:19,622 INFO MT4 clients: 500 saved...
2026-06-18 00:50:20,109 INFO MT4 clients: 1000 saved...
2026-06-18 00:50:20,612 INFO MT4 clients: 1500 saved...
2026-06-18 00:50:21,125 INFO MT4 clients: 2000 saved...
2026-06-18 00:50:21,672 INFO MT4 clients: 2500 saved...
2026-06-18 00:50:22,122 INFO MT4 clients: 3000 saved...
2026-06-18 00:50:22,603 INFO MT4 clients: 3500 saved...
2026-06-18 00:50:23,081 INFO MT4 clients: 4000 saved...
2026-06-18 00:50:23,493 INFO MT4 clients: 4500 saved...
2026-06-18 00:50:23,905 INFO MT4 clients: 5000 saved...
2026-06-18 00:50:24,162 INFO MT4: 5301 clients saved
2026-06-18 00:50:24,163 INFO save_mt4_clients done
2026-06-18 00:50:24,163 INFO Fetching closed trade history (last 2 days)...
2026-06-18 00:50:25,703 INFO sync_trade_journal: 62204 records, 6107 closed trades in last 2d
2026-06-18 00:50:25,704 INFO Got 6107 closed trades, saving to deals...
2026-06-18 00:50:34,347 INFO MT4 journal deals saved: 6107
2026-06-18 00:50:34,348 INFO save_journal_deals done
2026-06-18 00:50:34,349 INFO === ONE-SHOT FETCH COMPLETE ===
2026-06-18 00:51:35,762 INFO Connecting to MT4...
2026-06-18 00:51:35,956 INFO mtmanapi64.dll loaded
2026-06-18 00:51:35,957 INFO MT4 manager instance created (ver=26215873)
2026-06-18 00:51:36,216 INFO MT4 connected and logged in. IsConnected=1
2026-06-18 00:51:36,216 INFO Fetching all users...
2026-06-18 00:51:36,427 INFO AdmUsersRequest: 5301 users
2026-06-18 00:51:36,428 INFO Got 5301 users, saving to clients/trading_accounts...
2026-06-18 00:51:37,653 INFO MT4 clients: 500 saved...
2026-06-18 00:51:38,020 INFO MT4 clients: 1000 saved...
2026-06-18 00:51:38,444 INFO MT4 clients: 1500 saved...
2026-06-18 00:51:38,863 INFO MT4 clients: 2000 saved...
2026-06-18 00:51:39,307 INFO MT4 clients: 2500 saved...
2026-06-18 00:51:39,729 INFO MT4 clients: 3000 saved...
2026-06-18 00:51:40,137 INFO MT4 clients: 3500 saved...
2026-06-18 00:51:40,550 INFO MT4 clients: 4000 saved...
2026-06-18 00:51:40,951 INFO MT4 clients: 4500 saved...
2026-06-18 00:51:41,357 INFO MT4 clients: 5000 saved...
2026-06-18 00:51:41,604 INFO MT4: 5301 clients saved
2026-06-18 00:51:41,605 INFO save_mt4_clients done
2026-06-18 00:51:41,606 INFO Fetching closed trade history (last 2 days)...
2026-06-18 00:51:42,976 INFO sync_trade_journal: 62220 records, 6107 closed trades in last 2d
2026-06-18 00:51:42,977 INFO Got 6107 closed trades, saving to deals...
2026-06-18 00:52:38,050 INFO MT4 journal deals saved: 6107
2026-06-18 00:52:38,051 INFO save_journal_deals done
2026-06-18 00:52:38,052 INFO === ONE-SHOT FETCH COMPLETE ===
2026-06-18 00:53:39,824 INFO Connecting to MT4...
2026-06-18 00:53:39,973 INFO mtmanapi64.dll loaded
2026-06-18 00:53:39,975 INFO MT4 manager instance created (ver=26215873)
2026-06-18 00:53:40,227 INFO MT4 connected and logged in. IsConnected=1
2026-06-18 00:53:40,228 INFO Fetching all users...
2026-06-18 00:53:40,430 INFO AdmUsersRequest: 5301 users
2026-06-18 00:53:40,435 INFO Got 5301 users, saving to clients/trading_accounts...
2026-06-18 00:53:41,701 INFO MT4 clients: 500 saved...
2026-06-18 00:53:42,081 INFO MT4 clients: 1000 saved...
2026-06-18 00:53:42,471 INFO MT4 clients: 1500 saved...
2026-06-18 00:53:42,812 INFO MT4 clients: 2000 saved...
2026-06-18 00:53:43,158 INFO MT4 clients: 2500 saved...
2026-06-18 00:53:43,527 INFO MT4 clients: 3000 saved...
2026-06-18 00:53:43,888 INFO MT4 clients: 3500 saved...
2026-06-18 00:53:44,247 INFO MT4 clients: 4000 saved...
2026-06-18 00:53:44,606 INFO MT4 clients: 4500 saved...
2026-06-18 00:53:44,995 INFO MT4 clients: 5000 saved...
2026-06-18 00:53:45,210 INFO MT4: 5301 clients saved
2026-06-18 00:53:45,211 INFO save_mt4_clients done
2026-06-18 00:53:45,212 INFO Fetching closed trade history (last 2 days)...
2026-06-18 00:53:46,585 INFO sync_trade_journal: 62237 records, 6111 closed trades in last 2d
2026-06-18 00:53:46,586 INFO Got 6111 closed trades, saving to deals...
2026-06-18 00:55:20,139 INFO MT4 journal deals saved: 6111
2026-06-18 00:55:20,140 INFO save_journal_deals done
2026-06-18 00:55:20,140 INFO === ONE-SHOT FETCH COMPLETE ===
2026-06-18 00:56:21,422 INFO Connecting to MT4...
2026-06-18 00:56:21,567 INFO mtmanapi64.dll loaded
2026-06-18 00:56:21,568 INFO MT4 manager instance created (ver=26215873)
2026-06-18 00:56:21,824 INFO MT4 connected and logged in. IsConnected=1
2026-06-18 00:56:21,825 INFO Fetching all users...
2026-06-18 00:56:22,028 INFO AdmUsersRequest: 5301 users
2026-06-18 00:56:22,029 INFO Got 5301 users, saving to clients/trading_accounts...
2026-06-18 00:56:23,275 INFO MT4 clients: 500 saved...
2026-06-18 00:56:23,688 INFO MT4 clients: 1000 saved...
2026-06-18 00:56:24,109 INFO MT4 clients: 1500 saved...
2026-06-18 00:56:24,539 INFO MT4 clients: 2000 saved...
2026-06-18 00:56:24,975 INFO MT4 clients: 2500 saved...
2026-06-18 00:56:25,387 INFO MT4 clients: 3000 saved...
2026-06-18 00:56:25,814 INFO MT4 clients: 3500 saved...
2026-06-18 00:56:26,229 INFO MT4 clients: 4000 saved...
2026-06-18 00:56:26,633 INFO MT4 clients: 4500 saved...
2026-06-18 00:56:27,065 INFO MT4 clients: 5000 saved...
2026-06-18 00:56:27,319 INFO MT4: 5301 clients saved
2026-06-18 00:56:27,320 INFO save_mt4_clients done
2026-06-18 00:56:27,320 INFO Fetching closed trade history (last 2 days)...
2026-06-18 00:56:29,090 INFO sync_trade_journal: 62286 records, 6119 closed trades in last 2d
2026-06-18 00:56:29,091 INFO Got 6119 closed trades, saving to deals...
2026-06-18 00:56:36,871 INFO MT4 journal deals saved: 6119
2026-06-18 00:56:36,872 INFO save_journal_deals done
2026-06-18 00:56:36,872 INFO === ONE-SHOT FETCH COMPLETE ===
2026-06-18 00:57:37,882 INFO Connecting to MT4...
2026-06-18 00:57:38,028 INFO mtmanapi64.dll loaded
2026-06-18 00:57:38,029 INFO MT4 manager instance created (ver=26215873)
2026-06-18 00:57:38,290 INFO MT4 connected and logged in. IsConnected=1
2026-06-18 00:57:38,291 INFO Fetching all users...
2026-06-18 00:57:38,489 INFO AdmUsersRequest: 5301 users
2026-06-18 00:57:38,490 INFO Got 5301 users, saving to clients/trading_accounts...
2026-06-18 00:57:39,731 INFO MT4 clients: 500 saved...
2026-06-18 00:57:40,224 INFO MT4 clients: 1000 saved...
2026-06-18 00:57:40,633 INFO MT4 clients: 1500 saved...
2026-06-18 00:57:41,021 INFO MT4 clients: 2000 saved...
2026-06-18 00:57:41,415 INFO MT4 clients: 2500 saved...
2026-06-18 00:57:41,849 INFO MT4 clients: 3000 saved...
2026-06-18 00:57:42,311 INFO MT4 clients: 3500 saved...
2026-06-18 00:57:42,706 INFO MT4 clients: 4000 saved...
2026-06-18 00:57:43,084 INFO MT4 clients: 4500 saved...
2026-06-18 00:57:43,463 INFO MT4 clients: 5000 saved...
2026-06-18 00:57:43,689 INFO MT4: 5301 clients saved
2026-06-18 00:57:43,689 INFO save_mt4_clients done
2026-06-18 00:57:43,690 INFO Fetching closed trade history (last 2 days)...
2026-06-18 00:57:44,904 INFO sync_trade_journal: 62299 records, 6120 closed trades in last 2d
2026-06-18 00:57:44,905 INFO Got 6120 closed trades, saving to deals...
2026-06-18 00:57:51,668 INFO MT4 journal deals saved: 6120
2026-06-18 00:57:51,669 INFO save_journal_deals done
2026-06-18 00:57:51,669 INFO === ONE-SHOT FETCH COMPLETE ===
2026-06-18 00:58:52,597 INFO Connecting to MT4...
2026-06-18 00:58:52,747 INFO mtmanapi64.dll loaded
2026-06-18 00:58:52,748 INFO MT4 manager instance created (ver=26215873)
2026-06-18 00:58:53,005 INFO MT4 connected and logged in. IsConnected=1
2026-06-18 00:58:53,006 INFO Fetching all users...
2026-06-18 00:58:53,215 INFO AdmUsersRequest: 5301 users
2026-06-18 00:58:53,216 INFO Got 5301 users, saving to clients/trading_accounts...
2026-06-18 00:58:54,388 INFO MT4 clients: 500 saved...
2026-06-18 00:58:54,787 INFO MT4 clients: 1000 saved...
2026-06-18 00:58:55,180 INFO MT4 clients: 1500 saved...
2026-06-18 00:58:55,582 INFO MT4 clients: 2000 saved...
2026-06-18 00:58:55,978 INFO MT4 clients: 2500 saved...
2026-06-18 00:58:56,404 INFO MT4 clients: 3000 saved...
2026-06-18 00:58:56,803 INFO MT4 clients: 3500 saved...
2026-06-18 00:58:57,204 INFO MT4 clients: 4000 saved...
2026-06-18 00:58:57,586 INFO MT4 clients: 4500 saved...
2026-06-18 00:58:57,962 INFO MT4 clients: 5000 saved...
2026-06-18 00:58:58,191 INFO MT4: 5301 clients saved
2026-06-18 00:58:58,192 INFO save_mt4_clients done
2026-06-18 00:58:58,193 INFO Fetching closed trade history (last 2 days)...
2026-06-18 00:58:59,463 INFO sync_trade_journal: 62303 records, 6120 closed trades in last 2d
2026-06-18 00:58:59,464 INFO Got 6120 closed trades, saving to deals...
2026-06-18 00:59:05,843 INFO MT4 journal deals saved: 6120
2026-06-18 00:59:05,844 INFO save_journal_deals done
2026-06-18 00:59:05,845 INFO === ONE-SHOT FETCH COMPLETE ===
2026-06-18 00:59:06,961 INFO mtmanapi64.dll loaded
2026-06-18 00:59:06,963 INFO MT4 manager instance created (ver=26215873)
2026-06-18 00:59:07,218 INFO MT4 connected and logged in. IsConnected=1
2026-06-18 01:00:09,083 INFO Connecting to MT4...
2026-06-18 01:00:09,217 INFO mtmanapi64.dll loaded
2026-06-18 01:00:09,219 INFO MT4 manager instance created (ver=26215873)
2026-06-18 01:00:09,474 INFO MT4 connected and logged in. IsConnected=1
2026-06-18 01:00:09,474 INFO Fetching all users...
2026-06-18 01:00:09,771 INFO AdmUsersRequest: 5301 users
2026-06-18 01:00:09,772 INFO Got 5301 users, saving to clients/trading_accounts...
2026-06-18 01:00:10,864 INFO MT4 clients: 500 saved...
2026-06-18 01:00:11,210 INFO MT4 clients: 1000 saved...
2026-06-18 01:00:11,578 INFO MT4 clients: 1500 saved...
2026-06-18 01:00:11,934 INFO MT4 clients: 2000 saved...
2026-06-18 01:00:12,270 INFO MT4 clients: 2500 saved...
2026-06-18 01:00:12,634 INFO MT4 clients: 3000 saved...
2026-06-18 01:00:12,972 INFO MT4 clients: 3500 saved...
2026-06-18 01:00:13,327 INFO MT4 clients: 4000 saved...
2026-06-18 01:00:13,697 INFO MT4 clients: 4500 saved...
2026-06-18 01:00:14,089 INFO MT4 clients: 5000 saved...
2026-06-18 01:00:14,316 INFO MT4: 5301 clients saved
2026-06-18 01:00:14,317 INFO save_mt4_clients done
2026-06-18 01:00:14,318 INFO Fetching closed trade history (last 2 days)...
2026-06-18 01:00:15,718 INFO sync_trade_journal: 62322 records, 6121 closed trades in last 2d
2026-06-18 01:00:15,719 INFO Got 6121 closed trades, saving to deals...
2026-06-18 01:00:22,175 INFO MT4 journal deals saved: 6121
2026-06-18 01:00:22,175 INFO save_journal_deals done
2026-06-18 01:00:22,176 INFO === ONE-SHOT FETCH COMPLETE ===
2026-06-18 01:01:23,148 INFO Connecting to MT4...
2026-06-18 01:01:23,301 INFO mtmanapi64.dll loaded
2026-06-18 01:01:23,303 INFO MT4 manager instance created (ver=26215873)
2026-06-18 01:01:23,557 INFO MT4 connected and logged in. IsConnected=1
2026-06-18 01:01:23,558 INFO Fetching all users...
2026-06-18 01:01:23,785 INFO AdmUsersRequest: 5301 users
2026-06-18 01:01:23,786 INFO Got 5301 users, saving to clients/trading_accounts...
2026-06-18 01:01:24,896 INFO MT4 clients: 500 saved...
2026-06-18 01:01:25,290 INFO MT4 clients: 1000 saved...
2026-06-18 01:01:25,685 INFO MT4 clients: 1500 saved...
2026-06-18 01:01:26,109 INFO MT4 clients: 2000 saved...
2026-06-18 01:01:26,507 INFO MT4 clients: 2500 saved...
2026-06-18 01:01:26,894 INFO MT4 clients: 3000 saved...
2026-06-18 01:01:27,297 INFO MT4 clients: 3500 saved...
2026-06-18 01:01:27,677 INFO MT4 clients: 4000 saved...
2026-06-18 01:01:28,058 INFO MT4 clients: 4500 saved...
2026-06-18 01:01:28,417 INFO MT4 clients: 5000 saved...
2026-06-18 01:01:28,628 INFO MT4: 5301 clients saved
2026-06-18 01:01:28,629 INFO save_mt4_clients done
2026-06-18 01:01:28,629 INFO Fetching closed trade history (last 2 days)...
2026-06-18 01:01:29,861 INFO sync_trade_journal: 62435 records, 6142 closed trades in last 2d
2026-06-18 01:01:29,862 INFO Got 6142 closed trades, saving to deals...
2026-06-18 01:01:36,455 INFO MT4 journal deals saved: 6142
2026-06-18 01:01:36,456 INFO save_journal_deals done
2026-06-18 01:01:36,456 INFO === ONE-SHOT FETCH COMPLETE ===
2026-06-18 01:02:37,417 INFO Connecting to MT4...
2026-06-18 01:02:37,554 INFO mtmanapi64.dll loaded
2026-06-18 01:02:37,554 INFO MT4 manager instance created (ver=26215873)
2026-06-18 01:02:37,816 INFO MT4 connected and logged in. IsConnected=1
2026-06-18 01:02:37,817 INFO Fetching all users...
2026-06-18 01:02:38,033 INFO AdmUsersRequest: 5301 users
2026-06-18 01:02:38,034 INFO Got 5301 users, saving to clients/trading_accounts...
2026-06-18 01:02:38,955 INFO MT4 clients: 500 saved...
2026-06-18 01:02:39,252 INFO MT4 clients: 1000 saved...
2026-06-18 01:02:39,560 INFO MT4 clients: 1500 saved...
2026-06-18 01:02:39,869 INFO MT4 clients: 2000 saved...
2026-06-18 01:02:40,171 INFO MT4 clients: 2500 saved...
2026-06-18 01:02:40,467 INFO MT4 clients: 3000 saved...
2026-06-18 01:02:40,766 INFO MT4 clients: 3500 saved...
2026-06-18 01:02:41,067 INFO MT4 clients: 4000 saved...
2026-06-18 01:02:41,356 INFO MT4 clients: 4500 saved...
2026-06-18 01:02:41,639 INFO MT4 clients: 5000 saved...
2026-06-18 01:02:41,813 INFO MT4: 5301 clients saved
2026-06-18 01:02:41,813 INFO save_mt4_clients done
2026-06-18 01:02:41,814 INFO Fetching closed trade history (last 2 days)...
2026-06-18 01:02:42,944 INFO sync_trade_journal: 62464 records, 6147 closed trades in last 2d
2026-06-18 01:02:42,945 INFO Got 6147 closed trades, saving to deals...
2026-06-18 01:02:48,210 INFO MT4 journal deals saved: 6147
2026-06-18 01:02:48,211 INFO save_journal_deals done
2026-06-18 01:02:48,211 INFO === ONE-SHOT FETCH COMPLETE ===
2026-06-18 01:03:49,808 INFO Connecting to MT4...
2026-06-18 01:03:50,010 INFO mtmanapi64.dll loaded
2026-06-18 01:03:50,011 INFO MT4 manager instance created (ver=26215873)
2026-06-18 01:03:50,274 INFO MT4 connected and logged in. IsConnected=1
2026-06-18 01:03:50,275 INFO Fetching all users...
2026-06-18 01:03:50,483 INFO AdmUsersRequest: 5301 users
2026-06-18 01:03:50,484 INFO Got 5301 users, saving to clients/trading_accounts...
2026-06-18 01:03:52,670 INFO MT4 clients: 500 saved...
2026-06-18 01:03:53,232 INFO MT4 clients: 1000 saved...
2026-06-18 01:03:53,715 INFO MT4 clients: 1500 saved...
2026-06-18 01:03:54,181 INFO MT4 clients: 2000 saved...
2026-06-18 01:03:54,715 INFO MT4 clients: 2500 saved...
2026-06-18 01:03:55,121 INFO MT4 clients: 3000 saved...
2026-06-18 01:03:55,541 INFO MT4 clients: 3500 saved...
2026-06-18 01:03:55,981 INFO MT4 clients: 4000 saved...
2026-06-18 01:03:56,367 INFO MT4 clients: 4500 saved...
2026-06-18 01:03:56,772 INFO MT4 clients: 5000 saved...
2026-06-18 01:03:57,021 INFO MT4: 5301 clients saved
2026-06-18 01:03:57,021 INFO save_mt4_clients done
2026-06-18 01:03:57,023 INFO Fetching closed trade history (last 2 days)...
2026-06-18 01:03:59,150 INFO sync_trade_journal: 62569 records, 6152 closed trades in last 2d
2026-06-18 01:03:59,151 INFO Got 6152 closed trades, saving to deals...
2026-06-18 01:05:34,947 INFO MT4 journal deals saved: 6152
2026-06-18 01:05:34,968 INFO save_journal_deals done
2026-06-18 01:05:34,968 INFO === ONE-SHOT FETCH COMPLETE ===
2026-06-18 01:06:37,433 INFO Connecting to MT4...
2026-06-18 01:06:37,727 INFO mtmanapi64.dll loaded
2026-06-18 01:06:37,728 INFO MT4 manager instance created (ver=26215873)
2026-06-18 01:06:37,929 INFO MT4 connected and logged in. IsConnected=1
2026-06-18 01:06:37,930 INFO Fetching all users...
2026-06-18 01:06:38,135 INFO AdmUsersRequest: 5301 users
2026-06-18 01:06:38,135 INFO Got 5301 users, saving to clients/trading_accounts...
2026-06-18 01:06:40,170 INFO MT4 clients: 500 saved...
2026-06-18 01:06:40,747 INFO MT4 clients: 1000 saved...
2026-06-18 01:06:41,245 INFO MT4 clients: 1500 saved...
2026-06-18 01:06:41,715 INFO MT4 clients: 2000 saved...
2026-06-18 01:06:42,172 INFO MT4 clients: 2500 saved...
2026-06-18 01:06:42,602 INFO MT4 clients: 3000 saved...
2026-06-18 01:06:43,015 INFO MT4 clients: 3500 saved...
2026-06-18 01:06:43,458 INFO MT4 clients: 4000 saved...
2026-06-18 01:06:43,865 INFO MT4 clients: 4500 saved...
2026-06-18 01:06:44,246 INFO MT4 clients: 5000 saved...
2026-06-18 01:06:44,488 INFO MT4: 5301 clients saved
2026-06-18 01:06:44,489 INFO save_mt4_clients done
2026-06-18 01:06:44,489 INFO Fetching closed trade history (last 2 days)...
2026-06-18 01:06:46,806 INFO sync_trade_journal: 62687 records, 6157 closed trades in last 2d
2026-06-18 01:06:46,814 INFO Got 6157 closed trades, saving to deals...
2026-06-18 01:08:15,328 INFO MT4 journal deals saved: 6157
2026-06-18 01:08:15,328 INFO save_journal_deals done
2026-06-18 01:08:15,329 INFO === ONE-SHOT FETCH COMPLETE ===
2026-06-18 01:09:16,637 INFO Connecting to MT4...
2026-06-18 01:09:16,797 INFO mtmanapi64.dll loaded
2026-06-18 01:09:16,798 INFO MT4 manager instance created (ver=26215873)
2026-06-18 01:09:17,017 INFO MT4 connected and logged in. IsConnected=1
2026-06-18 01:09:17,018 INFO Fetching all users...
2026-06-18 01:09:17,244 INFO AdmUsersRequest: 5301 users
2026-06-18 01:09:17,244 INFO Got 5301 users, saving to clients/trading_accounts...
2026-06-18 01:09:18,394 INFO MT4 clients: 500 saved...
2026-06-18 01:09:18,769 INFO MT4 clients: 1000 saved...
2026-06-18 01:09:19,161 INFO MT4 clients: 1500 saved...
2026-06-18 01:09:19,561 INFO MT4 clients: 2000 saved...
2026-06-18 01:09:19,934 INFO MT4 clients: 2500 saved...
2026-06-18 01:09:20,296 INFO MT4 clients: 3000 saved...
2026-06-18 01:09:20,641 INFO MT4 clients: 3500 saved...
2026-06-18 01:09:20,982 INFO MT4 clients: 4000 saved...
2026-06-18 01:09:21,362 INFO MT4 clients: 4500 saved...
2026-06-18 01:09:21,757 INFO MT4 clients: 5000 saved...
2026-06-18 01:09:21,987 INFO MT4: 5301 clients saved
2026-06-18 01:09:21,988 INFO save_mt4_clients done
2026-06-18 01:09:21,988 INFO Fetching closed trade history (last 2 days)...
2026-06-18 01:09:23,506 INFO sync_trade_journal: 62721 records, 6161 closed trades in last 2d
2026-06-18 01:09:23,507 INFO Got 6161 closed trades, saving to deals...
2026-06-18 01:09:30,762 INFO MT4 journal deals saved: 6161
2026-06-18 01:09:30,763 INFO save_journal_deals done
2026-06-18 01:09:30,763 INFO === ONE-SHOT FETCH COMPLETE ===
2026-06-18 01:10:32,190 INFO Connecting to MT4...
2026-06-18 01:10:32,395 INFO mtmanapi64.dll loaded
2026-06-18 01:10:32,397 INFO MT4 manager instance created (ver=26215873)
2026-06-18 01:10:32,615 INFO MT4 connected and logged in. IsConnected=1
2026-06-18 01:10:32,616 INFO Fetching all users...
2026-06-18 01:10:32,824 INFO AdmUsersRequest: 5301 users
2026-06-18 01:10:32,825 INFO Got 5301 users, saving to clients/trading_accounts...
2026-06-18 01:10:34,047 INFO MT4 clients: 500 saved...
2026-06-18 01:10:34,439 INFO MT4 clients: 1000 saved...
2026-06-18 01:10:34,849 INFO MT4 clients: 1500 saved...
2026-06-18 01:10:35,261 INFO MT4 clients: 2000 saved...
2026-06-18 01:10:35,660 INFO MT4 clients: 2500 saved...
2026-06-18 01:10:36,070 INFO MT4 clients: 3000 saved...
2026-06-18 01:10:36,471 INFO MT4 clients: 3500 saved...
2026-06-18 01:10:36,866 INFO MT4 clients: 4000 saved...
2026-06-18 01:10:37,252 INFO MT4 clients: 4500 saved...
2026-06-18 01:10:37,622 INFO MT4 clients: 5000 saved...
2026-06-18 01:10:37,834 INFO MT4: 5301 clients saved
2026-06-18 01:10:37,835 INFO save_mt4_clients done
2026-06-18 01:10:37,835 INFO Fetching closed trade history (last 2 days)...
2026-06-18 01:10:39,062 INFO sync_trade_journal: 62723 records, 6161 closed trades in last 2d
2026-06-18 01:10:39,063 INFO Got 6161 closed trades, saving to deals...
2026-06-18 01:10:46,182 INFO MT4 journal deals saved: 6161
2026-06-18 01:10:46,183 INFO save_journal_deals done
2026-06-18 01:10:46,184 INFO === ONE-SHOT FETCH COMPLETE ===
2026-06-18 01:11:47,482 INFO Connecting to MT4...
2026-06-18 01:11:47,773 INFO mtmanapi64.dll loaded
2026-06-18 01:11:47,774 INFO MT4 manager instance created (ver=26215873)
2026-06-18 01:11:48,028 INFO MT4 connected and logged in. IsConnected=1
2026-06-18 01:11:48,029 INFO Fetching all users...
2026-06-18 01:11:48,264 INFO AdmUsersRequest: 5301 users
2026-06-18 01:11:48,265 INFO Got 5301 users, saving to clients/trading_accounts...
2026-06-18 01:11:49,440 INFO MT4 clients: 500 saved...
2026-06-18 01:11:49,870 INFO MT4 clients: 1000 saved...
2026-06-18 01:11:50,306 INFO MT4 clients: 1500 saved...
2026-06-18 01:11:50,742 INFO MT4 clients: 2000 saved...
2026-06-18 01:11:51,122 INFO MT4 clients: 2500 saved...
2026-06-18 01:11:51,567 INFO MT4 clients: 3000 saved...
2026-06-18 01:11:51,991 INFO MT4 clients: 3500 saved...
2026-06-18 01:11:52,453 INFO MT4 clients: 4000 saved...
2026-06-18 01:11:52,888 INFO MT4 clients: 4500 saved...
2026-06-18 01:11:53,329 INFO MT4 clients: 5000 saved...
2026-06-18 01:11:53,566 INFO MT4: 5301 clients saved
2026-06-18 01:11:53,567 INFO save_mt4_clients done
2026-06-18 01:11:53,568 INFO Fetching closed trade history (last 2 days)...
2026-06-18 01:11:54,963 INFO sync_trade_journal: 62796 records, 6162 closed trades in last 2d
2026-06-18 01:11:54,964 INFO Got 6162 closed trades, saving to deals...
2026-06-18 01:12:02,654 INFO MT4 journal deals saved: 6162
2026-06-18 01:12:02,655 INFO save_journal_deals done
2026-06-18 01:12:02,656 INFO === ONE-SHOT FETCH COMPLETE ===
2026-06-18 01:13:03,891 INFO Connecting to MT4...
2026-06-18 01:13:04,052 INFO mtmanapi64.dll loaded
2026-06-18 01:13:04,053 INFO MT4 manager instance created (ver=26215873)
2026-06-18 01:13:04,315 INFO MT4 connected and logged in. IsConnected=1
2026-06-18 01:13:04,315 INFO Fetching all users...
2026-06-18 01:13:04,527 INFO AdmUsersRequest: 5301 users
2026-06-18 01:13:04,528 INFO Got 5301 users, saving to clients/trading_accounts...
2026-06-18 01:13:06,391 INFO MT4 clients: 500 saved...
2026-06-18 01:13:06,870 INFO MT4 clients: 1000 saved...
2026-06-18 01:13:07,320 INFO MT4 clients: 1500 saved...
2026-06-18 01:13:07,902 INFO MT4 clients: 2000 saved...
2026-06-18 01:13:08,340 INFO MT4 clients: 2500 saved...
2026-06-18 01:13:08,787 INFO MT4 clients: 3000 saved...
2026-06-18 01:13:09,242 INFO MT4 clients: 3500 saved...
2026-06-18 01:13:09,670 INFO MT4 clients: 4000 saved...
2026-06-18 01:13:10,083 INFO MT4 clients: 4500 saved...
2026-06-18 01:13:10,529 INFO MT4 clients: 5000 saved...
2026-06-18 01:13:10,781 INFO MT4: 5301 clients saved
2026-06-18 01:13:10,782 INFO save_mt4_clients done
2026-06-18 01:13:10,783 INFO Fetching closed trade history (last 2 days)...
2026-06-18 01:13:12,701 INFO sync_trade_journal: 62800 records, 6164 closed trades in last 2d
2026-06-18 01:13:12,702 INFO Got 6164 closed trades, saving to deals...
2026-06-18 01:15:08,858 INFO MT4 journal deals saved: 6164
2026-06-18 01:15:08,859 INFO save_journal_deals done
2026-06-18 01:15:08,860 INFO === ONE-SHOT FETCH COMPLETE ===
2026-06-18 01:16:09,984 INFO Connecting to MT4...
2026-06-18 01:16:10,141 INFO mtmanapi64.dll loaded
2026-06-18 01:16:10,142 INFO MT4 manager instance created (ver=26215873)
2026-06-18 01:16:10,397 INFO MT4 connected and logged in. IsConnected=1
2026-06-18 01:16:10,398 INFO Fetching all users...
2026-06-18 01:16:10,609 INFO AdmUsersRequest: 5301 users
2026-06-18 01:16:10,610 INFO Got 5301 users, saving to clients/trading_accounts...
2026-06-18 01:16:11,670 INFO MT4 clients: 500 saved...
2026-06-18 01:16:12,046 INFO MT4 clients: 1000 saved...
2026-06-18 01:16:12,431 INFO MT4 clients: 1500 saved...
2026-06-18 01:16:12,819 INFO MT4 clients: 2000 saved...
2026-06-18 01:16:13,201 INFO MT4 clients: 2500 saved...
2026-06-18 01:16:13,589 INFO MT4 clients: 3000 saved...
2026-06-18 01:16:13,971 INFO MT4 clients: 3500 saved...
2026-06-18 01:16:14,316 INFO MT4 clients: 4000 saved...
2026-06-18 01:16:14,672 INFO MT4 clients: 4500 saved...
2026-06-18 01:16:15,037 INFO MT4 clients: 5000 saved...
2026-06-18 01:16:15,271 INFO MT4: 5301 clients saved
2026-06-18 01:16:15,272 INFO save_mt4_clients done
2026-06-18 01:16:15,272 INFO Fetching closed trade history (last 2 days)...
2026-06-18 01:16:16,554 INFO sync_trade_journal: 62814 records, 6166 closed trades in last 2d
2026-06-18 01:16:16,555 INFO Got 6166 closed trades, saving to deals...
2026-06-18 01:16:23,114 INFO MT4 journal deals saved: 6166
2026-06-18 01:16:23,115 INFO save_journal_deals done
2026-06-18 01:16:23,116 INFO === ONE-SHOT FETCH COMPLETE ===
2026-06-18 01:16:24,213 INFO mtmanapi64.dll loaded
2026-06-18 01:16:24,216 INFO MT4 manager instance created (ver=26215873)
2026-06-18 01:16:24,468 INFO MT4 connected and logged in. IsConnected=1
2026-06-18 01:17:26,403 INFO Connecting to MT4...
2026-06-18 01:17:26,546 INFO mtmanapi64.dll loaded
2026-06-18 01:17:26,548 INFO MT4 manager instance created (ver=26215873)
2026-06-18 01:17:26,798 INFO MT4 connected and logged in. IsConnected=1
2026-06-18 01:17:26,799 INFO Fetching all users...
2026-06-18 01:17:27,007 INFO AdmUsersRequest: 5301 users
2026-06-18 01:17:27,008 INFO Got 5301 users, saving to clients/trading_accounts...
2026-06-18 01:17:28,168 INFO MT4 clients: 500 saved...
2026-06-18 01:17:28,596 INFO MT4 clients: 1000 saved...
2026-06-18 01:17:28,977 INFO MT4 clients: 1500 saved...
2026-06-18 01:17:29,374 INFO MT4 clients: 2000 saved...
2026-06-18 01:17:29,784 INFO MT4 clients: 2500 saved...
2026-06-18 01:17:30,203 INFO MT4 clients: 3000 saved...
2026-06-18 01:17:30,609 INFO MT4 clients: 3500 saved...
2026-06-18 01:17:31,012 INFO MT4 clients: 4000 saved...
2026-06-18 01:17:31,432 INFO MT4 clients: 4500 saved...
2026-06-18 01:17:31,861 INFO MT4 clients: 5000 saved...
2026-06-18 01:17:32,115 INFO MT4: 5301 clients saved
2026-06-18 01:17:32,115 INFO save_mt4_clients done
2026-06-18 01:17:32,116 INFO Fetching closed trade history (last 2 days)...
2026-06-18 01:17:33,535 INFO sync_trade_journal: 62820 records, 6167 closed trades in last 2d
2026-06-18 01:17:33,536 INFO Got 6167 closed trades, saving to deals...
2026-06-18 01:17:40,686 INFO MT4 journal deals saved: 6167
2026-06-18 01:17:40,687 INFO save_journal_deals done
2026-06-18 01:17:40,688 INFO === ONE-SHOT FETCH COMPLETE ===
2026-06-18 01:18:41,713 INFO Connecting to MT4...
2026-06-18 01:18:41,852 INFO mtmanapi64.dll loaded
2026-06-18 01:18:41,853 INFO MT4 manager instance created (ver=26215873)
2026-06-18 01:18:42,109 INFO MT4 connected and logged in. IsConnected=1
2026-06-18 01:18:42,110 INFO Fetching all users...
2026-06-18 01:18:42,301 INFO AdmUsersRequest: 5301 users
2026-06-18 01:18:42,301 INFO Got 5301 users, saving to clients/trading_accounts...
2026-06-18 01:18:43,231 INFO MT4 clients: 500 saved...
2026-06-18 01:18:43,542 INFO MT4 clients: 1000 saved...
2026-06-18 01:18:43,841 INFO MT4 clients: 1500 saved...
2026-06-18 01:18:44,144 INFO MT4 clients: 2000 saved...
2026-06-18 01:18:44,437 INFO MT4 clients: 2500 saved...
2026-06-18 01:18:44,742 INFO MT4 clients: 3000 saved...
2026-06-18 01:18:45,049 INFO MT4 clients: 3500 saved...
2026-06-18 01:18:45,353 INFO MT4 clients: 4000 saved...
2026-06-18 01:18:45,640 INFO MT4 clients: 4500 saved...
2026-06-18 01:18:45,946 INFO MT4 clients: 5000 saved...
2026-06-18 01:18:46,134 INFO MT4: 5301 clients saved
2026-06-18 01:18:46,136 INFO save_mt4_clients done
2026-06-18 01:18:46,136 INFO Fetching closed trade history (last 2 days)...
2026-06-18 01:18:47,268 INFO sync_trade_journal: 62830 records, 6168 closed trades in last 2d
2026-06-18 01:18:47,269 INFO Got 6168 closed trades, saving to deals...
2026-06-18 01:18:53,086 INFO MT4 journal deals saved: 6168
2026-06-18 01:18:53,087 INFO save_journal_deals done
2026-06-18 01:18:53,087 INFO === ONE-SHOT FETCH COMPLETE ===
2026-06-18 01:19:53,949 INFO Connecting to MT4...
2026-06-18 01:19:54,092 INFO mtmanapi64.dll loaded
2026-06-18 01:19:54,093 INFO MT4 manager instance created (ver=26215873)
2026-06-18 01:19:54,343 INFO MT4 connected and logged in. IsConnected=1
2026-06-18 01:19:54,344 INFO Fetching all users...
2026-06-18 01:19:54,560 INFO AdmUsersRequest: 5301 users
2026-06-18 01:19:54,561 INFO Got 5301 users, saving to clients/trading_accounts...
2026-06-18 01:19:55,687 INFO MT4 clients: 500 saved...
2026-06-18 01:19:56,032 INFO MT4 clients: 1000 saved...
2026-06-18 01:19:56,374 INFO MT4 clients: 1500 saved...
2026-06-18 01:19:56,711 INFO MT4 clients: 2000 saved...
2026-06-18 01:19:57,041 INFO MT4 clients: 2500 saved...
2026-06-18 01:19:57,372 INFO MT4 clients: 3000 saved...
2026-06-18 01:19:57,729 INFO MT4 clients: 3500 saved...
2026-06-18 01:19:58,098 INFO MT4 clients: 4000 saved...
2026-06-18 01:19:58,490 INFO MT4 clients: 4500 saved...
2026-06-18 01:19:58,847 INFO MT4 clients: 5000 saved...
2026-06-18 01:19:59,071 INFO MT4: 5301 clients saved
2026-06-18 01:19:59,071 INFO save_mt4_clients done
2026-06-18 01:19:59,072 INFO Fetching closed trade history (last 2 days)...
2026-06-18 01:20:00,299 INFO sync_trade_journal: 62838 records, 6171 closed trades in last 2d
2026-06-18 01:20:00,300 INFO Got 6171 closed trades, saving to deals...
2026-06-18 01:20:06,171 INFO MT4 journal deals saved: 6171
2026-06-18 01:20:06,172 INFO save_journal_deals done
2026-06-18 01:20:06,173 INFO === ONE-SHOT FETCH COMPLETE ===
2026-06-18 01:21:07,170 INFO Connecting to MT4...
2026-06-18 01:21:07,343 INFO mtmanapi64.dll loaded
2026-06-18 01:21:07,344 INFO MT4 manager instance created (ver=26215873)
2026-06-18 01:21:07,601 INFO MT4 connected and logged in. IsConnected=1
2026-06-18 01:21:07,602 INFO Fetching all users...
2026-06-18 01:21:07,797 INFO AdmUsersRequest: 5301 users
2026-06-18 01:21:07,798 INFO Got 5301 users, saving to clients/trading_accounts...
2026-06-18 01:21:09,326 INFO MT4 clients: 500 saved...
2026-06-18 01:21:09,762 INFO MT4 clients: 1000 saved...
2026-06-18 01:21:10,193 INFO MT4 clients: 1500 saved...
2026-06-18 01:21:10,616 INFO MT4 clients: 2000 saved...
2026-06-18 01:21:11,023 INFO MT4 clients: 2500 saved...
2026-06-18 01:21:11,422 INFO MT4 clients: 3000 saved...
2026-06-18 01:21:11,848 INFO MT4 clients: 3500 saved...
2026-06-18 01:21:12,277 INFO MT4 clients: 4000 saved...
2026-06-18 01:21:12,694 INFO MT4 clients: 4500 saved...
2026-06-18 01:21:13,098 INFO MT4 clients: 5000 saved...
2026-06-18 01:21:13,332 INFO MT4: 5301 clients saved
2026-06-18 01:21:13,333 INFO save_mt4_clients done
2026-06-18 01:21:13,333 INFO Fetching closed trade history (last 2 days)...
2026-06-18 01:21:14,640 INFO sync_trade_journal: 62858 records, 6172 closed trades in last 2d
2026-06-18 01:21:14,641 INFO Got 6172 closed trades, saving to deals...
2026-06-18 01:21:22,403 INFO MT4 journal deals saved: 6172
2026-06-18 01:21:22,404 INFO save_journal_deals done
2026-06-18 01:21:22,405 INFO === ONE-SHOT FETCH COMPLETE ===
2026-06-18 01:22:23,958 INFO Connecting to MT4...
2026-06-18 01:22:24,160 INFO mtmanapi64.dll loaded
2026-06-18 01:22:24,161 INFO MT4 manager instance created (ver=26215873)
2026-06-18 01:22:24,417 INFO MT4 connected and logged in. IsConnected=1
2026-06-18 01:22:24,418 INFO Fetching all users...
2026-06-18 01:22:24,623 INFO AdmUsersRequest: 5301 users
2026-06-18 01:22:24,624 INFO Got 5301 users, saving to clients/trading_accounts...
2026-06-18 01:22:26,378 INFO MT4 clients: 500 saved...
2026-06-18 01:22:26,902 INFO MT4 clients: 1000 saved...
2026-06-18 01:22:27,368 INFO MT4 clients: 1500 saved...
2026-06-18 01:22:27,789 INFO MT4 clients: 2000 saved...
2026-06-18 01:22:28,209 INFO MT4 clients: 2500 saved...
2026-06-18 01:22:28,657 INFO MT4 clients: 3000 saved...
2026-06-18 01:22:29,071 INFO MT4 clients: 3500 saved...
2026-06-18 01:22:29,457 INFO MT4 clients: 4000 saved...
2026-06-18 01:22:29,885 INFO MT4 clients: 4500 saved...
2026-06-18 01:22:30,273 INFO MT4 clients: 5000 saved...
2026-06-18 01:22:30,522 INFO MT4: 5301 clients saved
2026-06-18 01:22:30,523 INFO save_mt4_clients done
2026-06-18 01:22:30,524 INFO Fetching closed trade history (last 2 days)...
2026-06-18 01:22:31,785 INFO sync_trade_journal: 62892 records, 6173 closed trades in last 2d
2026-06-18 01:22:31,785 INFO Got 6173 closed trades, saving to deals...
2026-06-18 01:24:24,123 INFO MT4 journal deals saved: 6173
2026-06-18 01:24:24,123 INFO save_journal_deals done
2026-06-18 01:24:24,124 INFO === ONE-SHOT FETCH COMPLETE ===
2026-06-18 01:25:25,420 INFO Connecting to MT4...
2026-06-18 01:25:25,565 INFO mtmanapi64.dll loaded
2026-06-18 01:25:25,566 INFO MT4 manager instance created (ver=26215873)
2026-06-18 01:25:25,837 INFO MT4 connected and logged in. IsConnected=1
2026-06-18 01:25:25,837 INFO Fetching all users...
2026-06-18 01:25:26,181 INFO AdmUsersRequest: 5301 users
2026-06-18 01:25:26,182 INFO Got 5301 users, saving to clients/trading_accounts...
2026-06-18 01:25:27,498 INFO MT4 clients: 500 saved...
2026-06-18 01:25:27,937 INFO MT4 clients: 1000 saved...
2026-06-18 01:25:28,348 INFO MT4 clients: 1500 saved...
2026-06-18 01:25:28,772 INFO MT4 clients: 2000 saved...
2026-06-18 01:25:29,174 INFO MT4 clients: 2500 saved...
2026-06-18 01:25:29,630 INFO MT4 clients: 3000 saved...
2026-06-18 01:25:30,099 INFO MT4 clients: 3500 saved...
2026-06-18 01:25:30,539 INFO MT4 clients: 4000 saved...
2026-06-18 01:25:30,969 INFO MT4 clients: 4500 saved...
2026-06-18 01:25:31,445 INFO MT4 clients: 5000 saved...
2026-06-18 01:25:31,744 INFO MT4: 5301 clients saved
2026-06-18 01:25:31,744 INFO save_mt4_clients done
2026-06-18 01:25:31,745 INFO Fetching closed trade history (last 2 days)...
2026-06-18 01:25:34,082 INFO sync_trade_journal: 62930 records, 6175 closed trades in last 2d
2026-06-18 01:25:34,083 INFO Got 6175 closed trades, saving to deals...
2026-06-18 01:26:38,032 INFO MT4 journal deals saved: 6175
2026-06-18 01:26:38,032 INFO save_journal_deals done
2026-06-18 01:26:38,033 INFO === ONE-SHOT FETCH COMPLETE ===
2026-06-18 01:27:39,430 INFO Connecting to MT4...
2026-06-18 01:27:39,630 INFO mtmanapi64.dll loaded
2026-06-18 01:27:39,631 INFO MT4 manager instance created (ver=26215873)
2026-06-18 01:27:39,891 INFO MT4 connected and logged in. IsConnected=1
2026-06-18 01:27:39,892 INFO Fetching all users...
2026-06-18 01:27:40,103 INFO AdmUsersRequest: 5301 users
2026-06-18 01:27:40,104 INFO Got 5301 users, saving to clients/trading_accounts...
2026-06-18 01:27:41,494 INFO MT4 clients: 500 saved...
2026-06-18 01:27:41,928 INFO MT4 clients: 1000 saved...
2026-06-18 01:27:42,358 INFO MT4 clients: 1500 saved...
2026-06-18 01:27:42,782 INFO MT4 clients: 2000 saved...
2026-06-18 01:27:43,234 INFO MT4 clients: 2500 saved...
2026-06-18 01:27:43,678 INFO MT4 clients: 3000 saved...
2026-06-18 01:27:44,149 INFO MT4 clients: 3500 saved...
2026-06-18 01:27:44,584 INFO MT4 clients: 4000 saved...
2026-06-18 01:27:45,043 INFO MT4 clients: 4500 saved...
2026-06-18 01:27:45,477 INFO MT4 clients: 5000 saved...
2026-06-18 01:27:45,736 INFO MT4: 5301 clients saved
2026-06-18 01:27:45,736 INFO save_mt4_clients done
2026-06-18 01:27:45,737 INFO Fetching closed trade history (last 2 days)...
2026-06-18 01:27:47,101 INFO sync_trade_journal: 62936 records, 6175 closed trades in last 2d
2026-06-18 01:27:47,102 INFO Got 6175 closed trades, saving to deals...
2026-06-18 01:27:54,172 INFO MT4 journal deals saved: 6175
2026-06-18 01:27:54,173 INFO save_journal_deals done
2026-06-18 01:27:54,173 INFO === ONE-SHOT FETCH COMPLETE ===
2026-06-18 01:28:55,481 INFO Connecting to MT4...
2026-06-18 01:28:55,823 INFO mtmanapi64.dll loaded
2026-06-18 01:28:55,838 INFO MT4 manager instance created (ver=26215873)
2026-06-18 01:28:56,091 INFO MT4 connected and logged in. IsConnected=1
2026-06-18 01:28:56,092 INFO Fetching all users...
2026-06-18 01:28:56,315 INFO AdmUsersRequest: 5301 users
2026-06-18 01:28:56,316 INFO Got 5301 users, saving to clients/trading_accounts...
2026-06-18 01:28:58,222 INFO MT4 clients: 500 saved...
2026-06-18 01:28:58,710 INFO MT4 clients: 1000 saved...
2026-06-18 01:28:59,166 INFO MT4 clients: 1500 saved...
2026-06-18 01:28:59,636 INFO MT4 clients: 2000 saved...
2026-06-18 01:29:00,070 INFO MT4 clients: 2500 saved...
2026-06-18 01:29:00,510 INFO MT4 clients: 3000 saved...
2026-06-18 01:29:00,918 INFO MT4 clients: 3500 saved...
2026-06-18 01:29:01,333 INFO MT4 clients: 4000 saved...
2026-06-18 01:29:01,727 INFO MT4 clients: 4500 saved...
2026-06-18 01:29:02,142 INFO MT4 clients: 5000 saved...
2026-06-18 01:29:02,409 INFO MT4: 5301 clients saved
2026-06-18 01:29:02,410 INFO save_mt4_clients done
2026-06-18 01:29:02,411 INFO Fetching closed trade history (last 2 days)...
2026-06-18 01:29:03,918 INFO sync_trade_journal: 62938 records, 6175 closed trades in last 2d
2026-06-18 01:29:03,919 INFO Got 6175 closed trades, saving to deals...
2026-06-18 01:29:11,664 INFO MT4 journal deals saved: 6175
2026-06-18 01:29:11,665 INFO save_journal_deals done
2026-06-18 01:29:11,666 INFO === ONE-SHOT FETCH COMPLETE ===
2026-06-18 01:30:13,012 INFO Connecting to MT4...
2026-06-18 01:30:13,156 INFO mtmanapi64.dll loaded
2026-06-18 01:30:13,157 INFO MT4 manager instance created (ver=26215873)
2026-06-18 01:30:13,377 INFO MT4 connected and logged in. IsConnected=1
2026-06-18 01:30:13,378 INFO Fetching all users...
2026-06-18 01:30:13,586 INFO AdmUsersRequest: 5301 users
2026-06-18 01:30:13,588 INFO Got 5301 users, saving to clients/trading_accounts...
2026-06-18 01:30:14,631 INFO MT4 clients: 500 saved...
2026-06-18 01:30:15,041 INFO MT4 clients: 1000 saved...
2026-06-18 01:30:15,460 INFO MT4 clients: 1500 saved...
2026-06-18 01:30:15,843 INFO MT4 clients: 2000 saved...
2026-06-18 01:30:16,239 INFO MT4 clients: 2500 saved...
2026-06-18 01:30:16,616 INFO MT4 clients: 3000 saved...
2026-06-18 01:30:16,982 INFO MT4 clients: 3500 saved...
2026-06-18 01:30:17,360 INFO MT4 clients: 4000 saved...
2026-06-18 01:30:17,757 INFO MT4 clients: 4500 saved...
2026-06-18 01:30:18,146 INFO MT4 clients: 5000 saved...
2026-06-18 01:30:18,376 INFO MT4: 5301 clients saved
2026-06-18 01:30:18,376 INFO save_mt4_clients done
2026-06-18 01:30:18,377 INFO Fetching closed trade history (last 2 days)...
2026-06-18 01:30:19,721 INFO sync_trade_journal: 62942 records, 6175 closed trades in last 2d
2026-06-18 01:30:19,722 INFO Got 6175 closed trades, saving to deals...
2026-06-18 01:30:26,758 INFO MT4 journal deals saved: 6175
2026-06-18 01:30:26,759 INFO save_journal_deals done
2026-06-18 01:30:26,759 INFO === ONE-SHOT FETCH COMPLETE ===
2026-06-18 01:31:28,258 INFO Connecting to MT4...
2026-06-18 01:31:28,475 INFO mtmanapi64.dll loaded
2026-06-18 01:31:28,480 INFO MT4 manager instance created (ver=26215873)
2026-06-18 01:31:28,736 INFO MT4 connected and logged in. IsConnected=1
2026-06-18 01:31:28,737 INFO Fetching all users...
2026-06-18 01:31:28,943 INFO AdmUsersRequest: 5301 users
2026-06-18 01:31:28,945 INFO Got 5301 users, saving to clients/trading_accounts...
2026-06-18 01:31:30,629 INFO MT4 clients: 500 saved...
2026-06-18 01:31:31,077 INFO MT4 clients: 1000 saved...
2026-06-18 01:31:31,652 INFO MT4 clients: 1500 saved...
2026-06-18 01:31:32,218 INFO MT4 clients: 2000 saved...
2026-06-18 01:31:32,754 INFO MT4 clients: 2500 saved...
2026-06-18 01:31:33,222 INFO MT4 clients: 3000 saved...
2026-06-18 01:31:33,691 INFO MT4 clients: 3500 saved...
2026-06-18 01:31:34,197 INFO MT4 clients: 4000 saved...
2026-06-18 01:31:34,710 INFO MT4 clients: 4500 saved...
2026-06-18 01:31:35,169 INFO MT4 clients: 5000 saved...
2026-06-18 01:31:35,428 INFO MT4: 5301 clients saved
2026-06-18 01:31:35,429 INFO save_mt4_clients done
2026-06-18 01:31:35,430 INFO Fetching closed trade history (last 2 days)...
2026-06-18 01:31:36,685 INFO sync_trade_journal: 62948 records, 6176 closed trades in last 2d
2026-06-18 01:31:36,687 INFO Got 6176 closed trades, saving to deals...
2026-06-18 01:31:43,378 INFO MT4 journal deals saved: 6176
2026-06-18 01:31:43,379 INFO save_journal_deals done
2026-06-18 01:31:43,380 INFO === ONE-SHOT FETCH COMPLETE ===
2026-06-18 01:31:44,664 INFO mtmanapi64.dll loaded
2026-06-18 01:31:44,666 INFO MT4 manager instance created (ver=26215873)
2026-06-18 01:31:44,924 INFO MT4 connected and logged in. IsConnected=1
2026-06-18 01:32:46,760 INFO Connecting to MT4...
2026-06-18 01:32:46,900 INFO mtmanapi64.dll loaded
2026-06-18 01:32:46,901 INFO MT4 manager instance created (ver=26215873)
2026-06-18 01:32:47,154 INFO MT4 connected and logged in. IsConnected=1
2026-06-18 01:32:47,155 INFO Fetching all users...
2026-06-18 01:32:47,368 INFO AdmUsersRequest: 5301 users
2026-06-18 01:32:47,368 INFO Got 5301 users, saving to clients/trading_accounts...
2026-06-18 01:32:48,554 INFO MT4 clients: 500 saved...
2026-06-18 01:32:48,996 INFO MT4 clients: 1000 saved...
2026-06-18 01:32:49,566 INFO MT4 clients: 1500 saved...
2026-06-18 01:32:50,130 INFO MT4 clients: 2000 saved...
2026-06-18 01:32:50,588 INFO MT4 clients: 2500 saved...
2026-06-18 01:32:51,133 INFO MT4 clients: 3000 saved...
2026-06-18 01:32:51,634 INFO MT4 clients: 3500 saved...
2026-06-18 01:32:52,081 INFO MT4 clients: 4000 saved...
2026-06-18 01:32:52,554 INFO MT4 clients: 4500 saved...
2026-06-18 01:32:53,056 INFO MT4 clients: 5000 saved...
2026-06-18 01:32:53,382 INFO MT4: 5301 clients saved
2026-06-18 01:32:53,384 INFO save_mt4_clients done
2026-06-18 01:32:53,385 INFO Fetching closed trade history (last 2 days)...
2026-06-18 01:32:54,709 INFO sync_trade_journal: 62962 records, 6179 closed trades in last 2d
2026-06-18 01:32:54,711 INFO Got 6179 closed trades, saving to deals...
2026-06-18 01:33:02,352 INFO MT4 journal deals saved: 6179
2026-06-18 01:33:02,353 INFO save_journal_deals done
2026-06-18 01:33:02,354 INFO === ONE-SHOT FETCH COMPLETE ===
2026-06-18 01:34:04,155 INFO Connecting to MT4...
2026-06-18 01:34:04,382 INFO mtmanapi64.dll loaded
2026-06-18 01:34:04,383 INFO MT4 manager instance created (ver=26215873)
2026-06-18 01:34:04,637 INFO MT4 connected and logged in. IsConnected=1
2026-06-18 01:34:04,638 INFO Fetching all users...
2026-06-18 01:34:04,853 INFO AdmUsersRequest: 5301 users
2026-06-18 01:34:04,853 INFO Got 5301 users, saving to clients/trading_accounts...
2026-06-18 01:34:06,489 INFO MT4 clients: 500 saved...
2026-06-18 01:34:06,981 INFO MT4 clients: 1000 saved...
2026-06-18 01:34:07,448 INFO MT4 clients: 1500 saved...
2026-06-18 01:34:07,926 INFO MT4 clients: 2000 saved...
2026-06-18 01:34:08,415 INFO MT4 clients: 2500 saved...
2026-06-18 01:34:08,907 INFO MT4 clients: 3000 saved...
2026-06-18 01:34:09,502 INFO MT4 clients: 3500 saved...
2026-06-18 01:34:09,965 INFO MT4 clients: 4000 saved...
2026-06-18 01:34:10,455 INFO MT4 clients: 4500 saved...
2026-06-18 01:34:10,942 INFO MT4 clients: 5000 saved...
2026-06-18 01:34:11,229 INFO MT4: 5301 clients saved
2026-06-18 01:34:11,230 INFO save_mt4_clients done
2026-06-18 01:34:11,230 INFO Fetching closed trade history (last 2 days)...
2026-06-18 01:34:12,801 INFO sync_trade_journal: 62982 records, 6180 closed trades in last 2d
2026-06-18 01:34:12,802 INFO Got 6180 closed trades, saving to deals...
2026-06-18 01:35:10,459 INFO MT4 journal deals saved: 6180
2026-06-18 01:35:10,460 INFO save_journal_deals done
2026-06-18 01:35:10,461 INFO === ONE-SHOT FETCH COMPLETE ===
2026-06-18 01:36:11,672 INFO Connecting to MT4...
2026-06-18 01:36:12,121 INFO mtmanapi64.dll loaded
2026-06-18 01:36:12,122 INFO MT4 manager instance created (ver=26215873)
2026-06-18 01:36:12,324 INFO MT4 connected and logged in. IsConnected=1
2026-06-18 01:36:12,325 INFO Fetching all users...
2026-06-18 01:36:12,528 INFO AdmUsersRequest: 5301 users
2026-06-18 01:36:12,529 INFO Got 5301 users, saving to clients/trading_accounts...
2026-06-18 01:36:13,611 INFO MT4 clients: 500 saved...
2026-06-18 01:36:14,003 INFO MT4 clients: 1000 saved...
2026-06-18 01:36:14,384 INFO MT4 clients: 1500 saved...
2026-06-18 01:36:14,760 INFO MT4 clients: 2000 saved...
2026-06-18 01:36:15,118 INFO MT4 clients: 2500 saved...
2026-06-18 01:36:15,513 INFO MT4 clients: 3000 saved...
2026-06-18 01:36:15,872 INFO MT4 clients: 3500 saved...
2026-06-18 01:36:16,251 INFO MT4 clients: 4000 saved...
2026-06-18 01:36:16,626 INFO MT4 clients: 4500 saved...
2026-06-18 01:36:16,965 INFO MT4 clients: 5000 saved...
2026-06-18 01:36:17,169 INFO MT4: 5301 clients saved
2026-06-18 01:36:17,170 INFO save_mt4_clients done
2026-06-18 01:36:17,170 INFO Fetching closed trade history (last 2 days)...
2026-06-18 01:36:18,460 INFO sync_trade_journal: 62988 records, 6181 closed trades in last 2d
2026-06-18 01:36:18,461 INFO Got 6181 closed trades, saving to deals...
2026-06-18 01:36:24,731 INFO MT4 journal deals saved: 6181
2026-06-18 01:36:24,732 INFO save_journal_deals done
2026-06-18 01:36:24,732 INFO === ONE-SHOT FETCH COMPLETE ===
2026-06-18 01:37:25,990 INFO Connecting to MT4...
2026-06-18 01:37:26,155 INFO mtmanapi64.dll loaded
2026-06-18 01:37:26,156 INFO MT4 manager instance created (ver=26215873)
2026-06-18 01:37:26,409 INFO MT4 connected and logged in. IsConnected=1
2026-06-18 01:37:26,410 INFO Fetching all users...
2026-06-18 01:37:26,618 INFO AdmUsersRequest: 5301 users
2026-06-18 01:37:26,620 INFO Got 5301 users, saving to clients/trading_accounts...
2026-06-18 01:37:28,064 INFO MT4 clients: 500 saved...
2026-06-18 01:37:28,525 INFO MT4 clients: 1000 saved...
2026-06-18 01:37:29,005 INFO MT4 clients: 1500 saved...
2026-06-18 01:37:29,415 INFO MT4 clients: 2000 saved...
2026-06-18 01:37:29,821 INFO MT4 clients: 2500 saved...
2026-06-18 01:37:30,278 INFO MT4 clients: 3000 saved...
2026-06-18 01:37:30,659 INFO MT4 clients: 3500 saved...
2026-06-18 01:37:31,157 INFO MT4 clients: 4000 saved...
2026-06-18 01:37:31,574 INFO MT4 clients: 4500 saved...
2026-06-18 01:37:32,012 INFO MT4 clients: 5000 saved...
2026-06-18 01:37:32,279 INFO MT4: 5301 clients saved
2026-06-18 01:37:32,279 INFO save_mt4_clients done
2026-06-18 01:37:32,280 INFO Fetching closed trade history (last 2 days)...
2026-06-18 01:37:33,802 INFO sync_trade_journal: 62992 records, 6181 closed trades in last 2d
2026-06-18 01:37:33,803 INFO Got 6181 closed trades, saving to deals...
2026-06-18 01:37:40,525 INFO MT4 journal deals saved: 6181
2026-06-18 01:37:40,526 INFO save_journal_deals done
2026-06-18 01:37:40,527 INFO === ONE-SHOT FETCH COMPLETE ===
2026-06-18 01:38:41,992 INFO Connecting to MT4...
2026-06-18 01:38:42,441 INFO mtmanapi64.dll loaded
2026-06-18 01:38:42,445 INFO MT4 manager instance created (ver=26215873)
2026-06-18 01:38:42,701 INFO MT4 connected and logged in. IsConnected=1
2026-06-18 01:38:42,767 INFO Fetching all users...
2026-06-18 01:38:42,997 INFO AdmUsersRequest: 5301 users
2026-06-18 01:38:42,998 INFO Got 5301 users, saving to clients/trading_accounts...
2026-06-18 01:38:44,677 INFO MT4 clients: 500 saved...
2026-06-18 01:38:45,352 INFO MT4 clients: 1000 saved...
2026-06-18 01:38:45,818 INFO MT4 clients: 1500 saved...
2026-06-18 01:38:46,308 INFO MT4 clients: 2000 saved...
2026-06-18 01:38:46,732 INFO MT4 clients: 2500 saved...
2026-06-18 01:38:47,124 INFO MT4 clients: 3000 saved...
2026-06-18 01:38:47,543 INFO MT4 clients: 3500 saved...
2026-06-18 01:38:48,023 INFO MT4 clients: 4000 saved...
2026-06-18 01:38:48,470 INFO MT4 clients: 4500 saved...
2026-06-18 01:38:49,000 INFO MT4 clients: 5000 saved...
2026-06-18 01:38:49,266 INFO MT4: 5301 clients saved
2026-06-18 01:38:49,267 INFO save_mt4_clients done
2026-06-18 01:38:49,267 INFO Fetching closed trade history (last 2 days)...
2026-06-18 01:38:50,616 INFO sync_trade_journal: 63000 records, 6182 closed trades in last 2d
2026-06-18 01:38:50,617 INFO Got 6182 closed trades, saving to deals...
2026-06-18 01:38:58,201 INFO MT4 journal deals saved: 6182
2026-06-18 01:38:58,201 INFO save_journal_deals done
2026-06-18 01:38:58,202 INFO === ONE-SHOT FETCH COMPLETE ===
2026-06-18 01:39:59,486 INFO Connecting to MT4...
2026-06-18 01:39:59,636 INFO mtmanapi64.dll loaded
2026-06-18 01:39:59,637 INFO MT4 manager instance created (ver=26215873)
2026-06-18 01:39:59,889 INFO MT4 connected and logged in. IsConnected=1
2026-06-18 01:39:59,890 INFO Fetching all users...
2026-06-18 01:40:00,094 INFO AdmUsersRequest: 5301 users
2026-06-18 01:40:00,095 INFO Got 5301 users, saving to clients/trading_accounts...
2026-06-18 01:40:01,322 INFO MT4 clients: 500 saved...
2026-06-18 01:40:01,717 INFO MT4 clients: 1000 saved...
2026-06-18 01:40:02,116 INFO MT4 clients: 1500 saved...
2026-06-18 01:40:02,531 INFO MT4 clients: 2000 saved...
2026-06-18 01:40:02,982 INFO MT4 clients: 2500 saved...
2026-06-18 01:40:03,373 INFO MT4 clients: 3000 saved...
2026-06-18 01:40:03,780 INFO MT4 clients: 3500 saved...
2026-06-18 01:40:04,175 INFO MT4 clients: 4000 saved...
2026-06-18 01:40:04,569 INFO MT4 clients: 4500 saved...
2026-06-18 01:40:04,978 INFO MT4 clients: 5000 saved...
2026-06-18 01:40:05,210 INFO MT4: 5301 clients saved
2026-06-18 01:40:05,211 INFO save_mt4_clients done
2026-06-18 01:40:05,211 INFO Fetching closed trade history (last 2 days)...
2026-06-18 01:40:06,509 INFO sync_trade_journal: 63002 records, 6182 closed trades in last 2d
2026-06-18 01:40:06,510 INFO Got 6182 closed trades, saving to deals...
2026-06-18 01:40:59,670 INFO MT4 journal deals saved: 6182
2026-06-18 01:40:59,671 INFO save_journal_deals done
2026-06-18 01:40:59,672 INFO === ONE-SHOT FETCH COMPLETE ===
2026-06-18 01:42:00,764 INFO Connecting to MT4...
2026-06-18 01:42:00,923 INFO mtmanapi64.dll loaded
2026-06-18 01:42:00,930 INFO MT4 manager instance created (ver=26215873)
2026-06-18 01:42:01,187 INFO MT4 connected and logged in. IsConnected=1
2026-06-18 01:42:01,188 INFO Fetching all users...
2026-06-18 01:42:01,385 INFO AdmUsersRequest: 5301 users
2026-06-18 01:42:01,386 INFO Got 5301 users, saving to clients/trading_accounts...
2026-06-18 01:42:02,693 INFO MT4 clients: 500 saved...
2026-06-18 01:42:03,108 INFO MT4 clients: 1000 saved...
2026-06-18 01:42:03,544 INFO MT4 clients: 1500 saved...
2026-06-18 01:42:03,943 INFO MT4 clients: 2000 saved...
2026-06-18 01:42:04,381 INFO MT4 clients: 2500 saved...
2026-06-18 01:42:04,786 INFO MT4 clients: 3000 saved...
2026-06-18 01:42:05,207 INFO MT4 clients: 3500 saved...
2026-06-18 01:42:05,664 INFO MT4 clients: 4000 saved...
2026-06-18 01:42:06,101 INFO MT4 clients: 4500 saved...
2026-06-18 01:42:06,550 INFO MT4 clients: 5000 saved...
2026-06-18 01:42:06,810 INFO MT4: 5301 clients saved
2026-06-18 01:42:06,811 INFO save_mt4_clients done
2026-06-18 01:42:06,811 INFO Fetching closed trade history (last 2 days)...
2026-06-18 01:42:08,230 INFO sync_trade_journal: 63016 records, 6182 closed trades in last 2d
2026-06-18 01:42:08,231 INFO Got 6182 closed trades, saving to deals...
2026-06-18 01:42:17,226 INFO MT4 journal deals saved: 6182
2026-06-18 01:42:17,226 INFO save_journal_deals done
2026-06-18 01:42:17,227 INFO === ONE-SHOT FETCH COMPLETE ===
2026-06-18 01:43:19,476 INFO Connecting to MT4...
2026-06-18 01:43:19,867 INFO mtmanapi64.dll loaded
2026-06-18 01:43:19,868 INFO MT4 manager instance created (ver=26215873)
2026-06-18 01:43:20,122 INFO MT4 connected and logged in. IsConnected=1
2026-06-18 01:43:20,123 INFO Fetching all users...
2026-06-18 01:43:20,349 INFO AdmUsersRequest: 5301 users
2026-06-18 01:43:20,350 INFO Got 5301 users, saving to clients/trading_accounts...
2026-06-18 01:43:23,500 INFO MT4 clients: 500 saved...
2026-06-18 01:43:24,000 INFO MT4 clients: 1000 saved...
2026-06-18 01:43:24,482 INFO MT4 clients: 1500 saved...
2026-06-18 01:43:24,980 INFO MT4 clients: 2000 saved...
2026-06-18 01:43:25,485 INFO MT4 clients: 2500 saved...
2026-06-18 01:43:25,932 INFO MT4 clients: 3000 saved...
2026-06-18 01:43:26,396 INFO MT4 clients: 3500 saved...
2026-06-18 01:43:26,861 INFO MT4 clients: 4000 saved...
2026-06-18 01:43:27,310 INFO MT4 clients: 4500 saved...
2026-06-18 01:43:27,748 INFO MT4 clients: 5000 saved...
2026-06-18 01:43:28,069 INFO MT4: 5301 clients saved
2026-06-18 01:43:28,070 INFO save_mt4_clients done
2026-06-18 01:43:28,071 INFO Fetching closed trade history (last 2 days)...
2026-06-18 01:43:30,602 INFO sync_trade_journal: 63028 records, 6182 closed trades in last 2d
2026-06-18 01:43:30,603 INFO Got 6182 closed trades, saving to deals...
2026-06-18 01:45:26,520 INFO MT4 journal deals saved: 6182
2026-06-18 01:45:26,520 INFO save_journal_deals done
2026-06-18 01:45:26,521 INFO === ONE-SHOT FETCH COMPLETE ===
2026-06-18 01:46:28,546 INFO Connecting to MT4...
2026-06-18 01:46:28,704 INFO mtmanapi64.dll loaded
2026-06-18 01:46:28,705 INFO MT4 manager instance created (ver=26215873)
2026-06-18 01:46:28,956 INFO MT4 connected and logged in. IsConnected=1
2026-06-18 01:46:28,959 INFO Fetching all users...
2026-06-18 01:46:29,159 INFO AdmUsersRequest: 5301 users
2026-06-18 01:46:29,161 INFO Got 5301 users, saving to clients/trading_accounts...
2026-06-18 01:46:30,441 INFO MT4 clients: 500 saved...
2026-06-18 01:46:30,896 INFO MT4 clients: 1000 saved...
2026-06-18 01:46:31,344 INFO MT4 clients: 1500 saved...
2026-06-18 01:46:31,792 INFO MT4 clients: 2000 saved...
2026-06-18 01:46:32,237 INFO MT4 clients: 2500 saved...
2026-06-18 01:46:32,696 INFO MT4 clients: 3000 saved...
2026-06-18 01:46:33,189 INFO MT4 clients: 3500 saved...
2026-06-18 01:46:33,666 INFO MT4 clients: 4000 saved...
2026-06-18 01:46:34,138 INFO MT4 clients: 4500 saved...
2026-06-18 01:46:34,616 INFO MT4 clients: 5000 saved...
2026-06-18 01:46:34,890 INFO MT4: 5301 clients saved
2026-06-18 01:46:34,891 INFO save_mt4_clients done
2026-06-18 01:46:34,892 INFO Fetching closed trade history (last 2 days)...
2026-06-18 01:46:36,210 INFO sync_trade_journal: 63034 records, 6183 closed trades in last 2d
2026-06-18 01:46:36,211 INFO Got 6183 closed trades, saving to deals...
2026-06-18 01:46:43,859 INFO MT4 journal deals saved: 6183
2026-06-18 01:46:43,860 INFO save_journal_deals done
2026-06-18 01:46:43,861 INFO === ONE-SHOT FETCH COMPLETE ===
2026-06-18 01:47:45,719 INFO Connecting to MT4...
2026-06-18 01:47:46,499 INFO mtmanapi64.dll loaded
2026-06-18 01:47:46,500 INFO MT4 manager instance created (ver=26215873)
2026-06-18 01:47:46,753 INFO MT4 connected and logged in. IsConnected=1
2026-06-18 01:47:46,754 INFO Fetching all users...
2026-06-18 01:47:46,959 INFO AdmUsersRequest: 5301 users
2026-06-18 01:47:46,960 INFO Got 5301 users, saving to clients/trading_accounts...
2026-06-18 01:47:49,198 INFO MT4 clients: 500 saved...
2026-06-18 01:47:49,646 INFO MT4 clients: 1000 saved...
2026-06-18 01:47:50,098 INFO MT4 clients: 1500 saved...
2026-06-18 01:47:50,565 INFO MT4 clients: 2000 saved...
2026-06-18 01:47:51,021 INFO MT4 clients: 2500 saved...
2026-06-18 01:47:51,468 INFO MT4 clients: 3000 saved...
2026-06-18 01:47:51,908 INFO MT4 clients: 3500 saved...
2026-06-18 01:47:52,340 INFO MT4 clients: 4000 saved...
2026-06-18 01:47:52,787 INFO MT4 clients: 4500 saved...
2026-06-18 01:47:53,224 INFO MT4 clients: 5000 saved...
2026-06-18 01:47:53,481 INFO MT4: 5301 clients saved
2026-06-18 01:47:53,481 INFO save_mt4_clients done
2026-06-18 01:47:53,482 INFO Fetching closed trade history (last 2 days)...
2026-06-18 01:47:55,187 INFO sync_trade_journal: 63042 records, 6186 closed trades in last 2d
2026-06-18 01:47:55,187 INFO Got 6186 closed trades, saving to deals...
2026-06-18 01:48:05,068 INFO MT4 journal deals saved: 6186
2026-06-18 01:48:05,069 INFO save_journal_deals done
2026-06-18 01:48:05,070 INFO === ONE-SHOT FETCH COMPLETE ===
2026-06-18 01:48:20,269 INFO mtmanapi64.dll loaded
2026-06-18 01:48:20,275 INFO MT4 manager instance created (ver=26215873)
2026-06-18 01:48:20,488 INFO MT4 connected and logged in. IsConnected=1
2026-06-18 01:49:32,054 INFO Connecting to MT4...
2026-06-18 01:49:32,403 INFO mtmanapi64.dll loaded
2026-06-18 01:49:32,404 INFO MT4 manager instance created (ver=26215873)
2026-06-18 01:49:32,646 INFO MT4 connected and logged in. IsConnected=1
2026-06-18 01:49:32,647 INFO Fetching all users...
2026-06-18 01:49:32,858 INFO AdmUsersRequest: 5301 users
2026-06-18 01:49:32,859 INFO Got 5301 users, saving to clients/trading_accounts...
2026-06-18 01:49:34,510 INFO MT4 clients: 500 saved...
2026-06-18 01:49:35,005 INFO MT4 clients: 1000 saved...
2026-06-18 01:49:35,501 INFO MT4 clients: 1500 saved...
2026-06-18 01:49:35,954 INFO MT4 clients: 2000 saved...
2026-06-18 01:49:36,421 INFO MT4 clients: 2500 saved...
2026-06-18 01:49:36,881 INFO MT4 clients: 3000 saved...
2026-06-18 01:49:37,324 INFO MT4 clients: 3500 saved...
2026-06-18 01:49:37,752 INFO MT4 clients: 4000 saved...
2026-06-18 01:49:38,206 INFO MT4 clients: 4500 saved...
2026-06-18 01:49:38,658 INFO MT4 clients: 5000 saved...
2026-06-18 01:49:38,930 INFO MT4: 5301 clients saved
2026-06-18 01:49:38,931 INFO save_mt4_clients done
2026-06-18 01:49:38,932 INFO Fetching closed trade history (last 2 days)...
2026-06-18 01:49:41,089 INFO sync_trade_journal: 63048 records, 6189 closed trades in last 2d
2026-06-18 01:49:41,090 INFO Got 6189 closed trades, saving to deals...
2026-06-18 01:49:48,744 INFO MT4 journal deals saved: 6189
2026-06-18 01:49:48,745 INFO save_journal_deals done
2026-06-18 01:49:48,745 INFO === ONE-SHOT FETCH COMPLETE ===
2026-06-18 01:50:50,550 INFO Connecting to MT4...
2026-06-18 01:50:50,811 INFO mtmanapi64.dll loaded
2026-06-18 01:50:50,812 INFO MT4 manager instance created (ver=26215873)
2026-06-18 01:50:51,073 INFO MT4 connected and logged in. IsConnected=1
2026-06-18 01:50:51,074 INFO Fetching all users...
2026-06-18 01:50:51,280 INFO AdmUsersRequest: 5301 users
2026-06-18 01:50:51,281 INFO Got 5301 users, saving to clients/trading_accounts...
2026-06-18 01:50:52,978 INFO MT4 clients: 500 saved...
2026-06-18 01:50:53,472 INFO MT4 clients: 1000 saved...
2026-06-18 01:50:53,928 INFO MT4 clients: 1500 saved...
2026-06-18 01:50:54,386 INFO MT4 clients: 2000 saved...
2026-06-18 01:50:54,809 INFO MT4 clients: 2500 saved...
2026-06-18 01:50:55,237 INFO MT4 clients: 3000 saved...
2026-06-18 01:50:55,676 INFO MT4 clients: 3500 saved...
2026-06-18 01:50:56,138 INFO MT4 clients: 4000 saved...
2026-06-18 01:50:56,579 INFO MT4 clients: 4500 saved...
2026-06-18 01:50:57,013 INFO MT4 clients: 5000 saved...
2026-06-18 01:50:57,272 INFO MT4: 5301 clients saved
2026-06-18 01:50:57,273 INFO save_mt4_clients done
2026-06-18 01:50:57,273 INFO Fetching closed trade history (last 2 days)...
2026-06-18 01:50:59,325 INFO sync_trade_journal: 63054 records, 6190 closed trades in last 2d
2026-06-18 01:50:59,341 INFO Got 6190 closed trades, saving to deals...
2026-06-18 01:51:06,798 INFO MT4 journal deals saved: 6190
2026-06-18 01:51:06,798 INFO save_journal_deals done
2026-06-18 01:51:06,799 INFO === ONE-SHOT FETCH COMPLETE ===
2026-06-18 01:52:07,939 INFO Connecting to MT4...
2026-06-18 01:52:08,073 INFO mtmanapi64.dll loaded
2026-06-18 01:52:08,074 INFO MT4 manager instance created (ver=26215873)
2026-06-18 01:52:08,331 INFO MT4 connected and logged in. IsConnected=1
2026-06-18 01:52:08,332 INFO Fetching all users...
2026-06-18 01:52:08,540 INFO AdmUsersRequest: 5301 users
2026-06-18 01:52:08,542 INFO Got 5301 users, saving to clients/trading_accounts...
2026-06-18 01:52:09,467 INFO MT4 clients: 500 saved...
2026-06-18 01:52:09,778 INFO MT4 clients: 1000 saved...
2026-06-18 01:52:10,089 INFO MT4 clients: 1500 saved...
2026-06-18 01:52:10,406 INFO MT4 clients: 2000 saved...
2026-06-18 01:52:10,734 INFO MT4 clients: 2500 saved...
2026-06-18 01:52:11,117 INFO MT4 clients: 3000 saved...
2026-06-18 01:52:11,461 INFO MT4 clients: 3500 saved...
2026-06-18 01:52:11,793 INFO MT4 clients: 4000 saved...
2026-06-18 01:52:12,138 INFO MT4 clients: 4500 saved...
2026-06-18 01:52:12,498 INFO MT4 clients: 5000 saved...
2026-06-18 01:52:12,706 INFO MT4: 5301 clients saved
2026-06-18 01:52:12,706 INFO save_mt4_clients done
2026-06-18 01:52:12,707 INFO Fetching closed trade history (last 2 days)...
2026-06-18 01:52:13,888 INFO sync_trade_journal: 63070 records, 6194 closed trades in last 2d
2026-06-18 01:52:13,889 INFO Got 6194 closed trades, saving to deals...
2026-06-18 01:52:20,368 INFO MT4 journal deals saved: 6194
2026-06-18 01:52:20,369 INFO save_journal_deals done
2026-06-18 01:52:20,370 INFO === ONE-SHOT FETCH COMPLETE ===
2026-06-18 01:53:21,258 INFO Connecting to MT4...
2026-06-18 01:53:21,395 INFO mtmanapi64.dll loaded
2026-06-18 01:53:21,396 INFO MT4 manager instance created (ver=26215873)
2026-06-18 01:53:21,647 INFO MT4 connected and logged in. IsConnected=1
2026-06-18 01:53:21,647 INFO Fetching all users...
2026-06-18 01:53:21,859 INFO AdmUsersRequest: 5301 users
2026-06-18 01:53:21,860 INFO Got 5301 users, saving to clients/trading_accounts...
2026-06-18 01:53:23,087 INFO MT4 clients: 500 saved...
2026-06-18 01:53:23,551 INFO MT4 clients: 1000 saved...
2026-06-18 01:53:23,999 INFO MT4 clients: 1500 saved...
2026-06-18 01:53:24,421 INFO MT4 clients: 2000 saved...
2026-06-18 01:53:24,805 INFO MT4 clients: 2500 saved...
2026-06-18 01:53:25,182 INFO MT4 clients: 3000 saved...
2026-06-18 01:53:25,570 INFO MT4 clients: 3500 saved...
2026-06-18 01:53:26,037 INFO MT4 clients: 4000 saved...
2026-06-18 01:53:26,499 INFO MT4 clients: 4500 saved...
2026-06-18 01:53:26,943 INFO MT4 clients: 5000 saved...
2026-06-18 01:53:27,186 INFO MT4: 5301 clients saved
2026-06-18 01:53:27,187 INFO save_mt4_clients done
2026-06-18 01:53:27,188 INFO Fetching closed trade history (last 2 days)...
2026-06-18 01:53:28,412 INFO sync_trade_journal: 63070 records, 6194 closed trades in last 2d
2026-06-18 01:53:28,413 INFO Got 6194 closed trades, saving to deals...
2026-06-18 01:55:09,743 INFO MT4 journal deals saved: 6194
2026-06-18 01:55:09,749 INFO save_journal_deals done
2026-06-18 01:55:09,750 INFO === ONE-SHOT FETCH COMPLETE ===
2026-06-18 01:56:11,009 INFO Connecting to MT4...
2026-06-18 01:56:11,208 INFO mtmanapi64.dll loaded
2026-06-18 01:56:11,209 INFO MT4 manager instance created (ver=26215873)
2026-06-18 01:56:11,459 INFO MT4 connected and logged in. IsConnected=1
2026-06-18 01:56:11,460 INFO Fetching all users...
2026-06-18 01:56:11,671 INFO AdmUsersRequest: 5301 users
2026-06-18 01:56:11,672 INFO Got 5301 users, saving to clients/trading_accounts...
2026-06-18 01:56:13,350 INFO MT4 clients: 500 saved...
2026-06-18 01:56:13,781 INFO MT4 clients: 1000 saved...
2026-06-18 01:56:14,188 INFO MT4 clients: 1500 saved...
2026-06-18 01:56:14,589 INFO MT4 clients: 2000 saved...
2026-06-18 01:56:14,996 INFO MT4 clients: 2500 saved...
2026-06-18 01:56:15,419 INFO MT4 clients: 3000 saved...
2026-06-18 01:56:15,843 INFO MT4 clients: 3500 saved...
2026-06-18 01:56:16,258 INFO MT4 clients: 4000 saved...
2026-06-18 01:56:16,711 INFO MT4 clients: 4500 saved...
2026-06-18 01:56:17,148 INFO MT4 clients: 5000 saved...
2026-06-18 01:56:17,420 INFO MT4: 5301 clients saved
2026-06-18 01:56:17,421 INFO save_mt4_clients done
2026-06-18 01:56:17,422 INFO Fetching closed trade history (last 2 days)...
2026-06-18 01:56:18,669 INFO sync_trade_journal: 63074 records, 6194 closed trades in last 2d
2026-06-18 01:56:18,670 INFO Got 6194 closed trades, saving to deals...
2026-06-18 01:57:59,409 INFO MT4 journal deals saved: 6194
2026-06-18 01:57:59,409 INFO save_journal_deals done
2026-06-18 01:57:59,410 INFO === ONE-SHOT FETCH COMPLETE ===
2026-06-18 01:59:00,389 INFO Connecting to MT4...
2026-06-18 01:59:00,528 INFO mtmanapi64.dll loaded
2026-06-18 01:59:00,530 INFO MT4 manager instance created (ver=26215873)
2026-06-18 01:59:00,731 INFO MT4 connected and logged in. IsConnected=1
2026-06-18 01:59:00,732 INFO Fetching all users...
2026-06-18 01:59:00,952 INFO AdmUsersRequest: 5301 users
2026-06-18 01:59:00,953 INFO Got 5301 users, saving to clients/trading_accounts...
2026-06-18 01:59:02,072 INFO MT4 clients: 500 saved...
2026-06-18 01:59:02,429 INFO MT4 clients: 1000 saved...
2026-06-18 01:59:02,814 INFO MT4 clients: 1500 saved...
2026-06-18 01:59:03,245 INFO MT4 clients: 2000 saved...
2026-06-18 01:59:03,604 INFO MT4 clients: 2500 saved...
2026-06-18 01:59:03,992 INFO MT4 clients: 3000 saved...
2026-06-18 01:59:04,381 INFO MT4 clients: 3500 saved...
2026-06-18 01:59:04,750 INFO MT4 clients: 4000 saved...
2026-06-18 01:59:05,131 INFO MT4 clients: 4500 saved...
2026-06-18 01:59:05,538 INFO MT4 clients: 5000 saved...
2026-06-18 01:59:05,777 INFO MT4: 5301 clients saved
2026-06-18 01:59:05,778 INFO save_mt4_clients done
2026-06-18 01:59:05,778 INFO Fetching closed trade history (last 2 days)...
2026-06-18 01:59:07,002 INFO sync_trade_journal: 63082 records, 6194 closed trades in last 2d
2026-06-18 01:59:07,003 INFO Got 6194 closed trades, saving to deals...
2026-06-18 01:59:13,766 INFO MT4 journal deals saved: 6194
2026-06-18 01:59:13,767 INFO save_journal_deals done
2026-06-18 01:59:13,768 INFO === ONE-SHOT FETCH COMPLETE ===
2026-06-18 02:00:14,670 INFO Connecting to MT4...
2026-06-18 02:00:14,809 INFO mtmanapi64.dll loaded
2026-06-18 02:00:14,811 INFO MT4 manager instance created (ver=26215873)
2026-06-18 02:00:15,068 INFO MT4 connected and logged in. IsConnected=1
2026-06-18 02:00:15,069 INFO Fetching all users...
2026-06-18 02:00:15,274 INFO AdmUsersRequest: 5301 users
2026-06-18 02:00:15,276 INFO Got 5301 users, saving to clients/trading_accounts...
2026-06-18 02:00:16,446 INFO MT4 clients: 500 saved...
2026-06-18 02:00:16,852 INFO MT4 clients: 1000 saved...
2026-06-18 02:00:17,278 INFO MT4 clients: 1500 saved...
2026-06-18 02:00:17,712 INFO MT4 clients: 2000 saved...
2026-06-18 02:00:18,123 INFO MT4 clients: 2500 saved...
2026-06-18 02:00:18,580 INFO MT4 clients: 3000 saved...
2026-06-18 02:00:18,991 INFO MT4 clients: 3500 saved...
2026-06-18 02:00:19,452 INFO MT4 clients: 4000 saved...
2026-06-18 02:00:19,929 INFO MT4 clients: 4500 saved...
2026-06-18 02:00:20,346 INFO MT4 clients: 5000 saved...
2026-06-18 02:00:20,596 INFO MT4: 5301 clients saved
2026-06-18 02:00:20,597 INFO save_mt4_clients done
2026-06-18 02:00:20,598 INFO Fetching closed trade history (last 2 days)...
2026-06-18 02:00:21,796 INFO sync_trade_journal: 63086 records, 6195 closed trades in last 2d
2026-06-18 02:00:21,797 INFO Got 6195 closed trades, saving to deals...
2026-06-18 02:00:28,761 INFO MT4 journal deals saved: 6195
2026-06-18 02:00:28,763 INFO save_journal_deals done
2026-06-18 02:00:28,763 INFO === ONE-SHOT FETCH COMPLETE ===
2026-06-18 02:01:29,751 INFO Connecting to MT4...
2026-06-18 02:01:29,886 INFO mtmanapi64.dll loaded
2026-06-18 02:01:29,888 INFO MT4 manager instance created (ver=26215873)
2026-06-18 02:01:30,140 INFO MT4 connected and logged in. IsConnected=1
2026-06-18 02:01:30,141 INFO Fetching all users...
2026-06-18 02:01:30,345 INFO AdmUsersRequest: 5301 users
2026-06-18 02:01:30,346 INFO Got 5301 users, saving to clients/trading_accounts...
2026-06-18 02:01:31,531 INFO MT4 clients: 500 saved...
2026-06-18 02:01:31,974 INFO MT4 clients: 1000 saved...
2026-06-18 02:01:32,406 INFO MT4 clients: 1500 saved...
2026-06-18 02:01:32,841 INFO MT4 clients: 2000 saved...
2026-06-18 02:01:33,252 INFO MT4 clients: 2500 saved...
2026-06-18 02:01:33,674 INFO MT4 clients: 3000 saved...
2026-06-18 02:01:34,083 INFO MT4 clients: 3500 saved...
2026-06-18 02:01:34,492 INFO MT4 clients: 4000 saved...
2026-06-18 02:01:34,908 INFO MT4 clients: 4500 saved...
2026-06-18 02:01:35,310 INFO MT4 clients: 5000 saved...
2026-06-18 02:01:35,548 INFO MT4: 5301 clients saved
2026-06-18 02:01:35,549 INFO save_mt4_clients done
2026-06-18 02:01:35,549 INFO Fetching closed trade history (last 2 days)...
2026-06-18 02:01:36,732 INFO sync_trade_journal: 63092 records, 6196 closed trades in last 2d
2026-06-18 02:01:36,733 INFO Got 6196 closed trades, saving to deals...
2026-06-18 02:01:44,311 INFO MT4 journal deals saved: 6196
2026-06-18 02:01:44,311 INFO save_journal_deals done
2026-06-18 02:01:44,312 INFO === ONE-SHOT FETCH COMPLETE ===
2026-06-18 02:02:45,227 INFO Connecting to MT4...
2026-06-18 02:02:45,362 INFO mtmanapi64.dll loaded
2026-06-18 02:02:45,362 INFO MT4 manager instance created (ver=26215873)
2026-06-18 02:02:45,616 INFO MT4 connected and logged in. IsConnected=1
2026-06-18 02:02:45,617 INFO Fetching all users...
2026-06-18 02:02:45,834 INFO AdmUsersRequest: 5301 users
2026-06-18 02:02:45,835 INFO Got 5301 users, saving to clients/trading_accounts...
2026-06-18 02:02:46,732 INFO MT4 clients: 500 saved...
2026-06-18 02:02:47,073 INFO MT4 clients: 1000 saved...
2026-06-18 02:02:47,426 INFO MT4 clients: 1500 saved...
2026-06-18 02:02:47,802 INFO MT4 clients: 2000 saved...
2026-06-18 02:02:48,162 INFO MT4 clients: 2500 saved...
2026-06-18 02:02:48,493 INFO MT4 clients: 3000 saved...
2026-06-18 02:02:48,828 INFO MT4 clients: 3500 saved...
2026-06-18 02:02:49,183 INFO MT4 clients: 4000 saved...
2026-06-18 02:02:49,541 INFO MT4 clients: 4500 saved...
2026-06-18 02:02:49,886 INFO MT4 clients: 5000 saved...
2026-06-18 02:02:50,092 INFO MT4: 5301 clients saved
2026-06-18 02:02:50,093 INFO save_mt4_clients done
2026-06-18 02:02:50,093 INFO Fetching closed trade history (last 2 days)...
2026-06-18 02:02:51,307 INFO sync_trade_journal: 63098 records, 6197 closed trades in last 2d
2026-06-18 02:02:51,308 INFO Got 6197 closed trades, saving to deals...
2026-06-18 02:02:57,186 INFO MT4 journal deals saved: 6197
2026-06-18 02:02:57,186 INFO save_journal_deals done
2026-06-18 02:02:57,187 INFO === ONE-SHOT FETCH COMPLETE ===
2026-06-18 02:03:58,144 INFO Connecting to MT4...
2026-06-18 02:03:58,300 INFO mtmanapi64.dll loaded
2026-06-18 02:03:58,300 INFO MT4 manager instance created (ver=26215873)
2026-06-18 02:03:58,509 INFO MT4 connected and logged in. IsConnected=1
2026-06-18 02:03:58,510 INFO Fetching all users...
2026-06-18 02:03:58,718 INFO AdmUsersRequest: 5301 users
2026-06-18 02:03:58,718 INFO Got 5301 users, saving to clients/trading_accounts...
2026-06-18 02:04:00,087 INFO MT4 clients: 500 saved...
2026-06-18 02:04:00,582 INFO MT4 clients: 1000 saved...
2026-06-18 02:04:01,048 INFO MT4 clients: 1500 saved...
2026-06-18 02:04:01,493 INFO MT4 clients: 2000 saved...
2026-06-18 02:04:01,950 INFO MT4 clients: 2500 saved...
2026-06-18 02:04:02,437 INFO MT4 clients: 3000 saved...
2026-06-18 02:04:02,956 INFO MT4 clients: 3500 saved...
2026-06-18 02:04:03,439 INFO MT4 clients: 4000 saved...
2026-06-18 02:04:03,927 INFO MT4 clients: 4500 saved...
2026-06-18 02:04:04,390 INFO MT4 clients: 5000 saved...
2026-06-18 02:04:04,659 INFO MT4: 5301 clients saved
2026-06-18 02:04:04,660 INFO save_mt4_clients done
2026-06-18 02:04:04,661 INFO Fetching closed trade history (last 2 days)...
2026-06-18 02:04:05,918 INFO sync_trade_journal: 63098 records, 6197 closed trades in last 2d
2026-06-18 02:04:05,920 INFO Got 6197 closed trades, saving to deals...
2026-06-18 02:05:05,200 INFO MT4 journal deals saved: 6197
2026-06-18 02:05:05,201 INFO save_journal_deals done
2026-06-18 02:05:05,202 INFO === ONE-SHOT FETCH COMPLETE ===
2026-06-18 02:05:06,722 INFO mtmanapi64.dll loaded
2026-06-18 02:05:06,725 INFO MT4 manager instance created (ver=26215873)
2026-06-18 02:05:06,974 INFO MT4 connected and logged in. IsConnected=1
2026-06-18 02:06:08,882 INFO Connecting to MT4...
2026-06-18 02:06:09,018 INFO mtmanapi64.dll loaded
2026-06-18 02:06:09,018 INFO MT4 manager instance created (ver=26215873)
2026-06-18 02:06:09,185 INFO MT4 connected and logged in. IsConnected=1
2026-06-18 02:06:09,186 INFO Fetching all users...
2026-06-18 02:06:09,419 INFO AdmUsersRequest: 5301 users
2026-06-18 02:06:09,420 INFO Got 5301 users, saving to clients/trading_accounts...
2026-06-18 02:06:10,574 INFO MT4 clients: 500 saved...
2026-06-18 02:06:10,996 INFO MT4 clients: 1000 saved...
2026-06-18 02:06:11,400 INFO MT4 clients: 1500 saved...
2026-06-18 02:06:11,844 INFO MT4 clients: 2000 saved...
2026-06-18 02:06:12,273 INFO MT4 clients: 2500 saved...
2026-06-18 02:06:12,705 INFO MT4 clients: 3000 saved...
2026-06-18 02:06:13,117 INFO MT4 clients: 3500 saved...
2026-06-18 02:06:13,523 INFO MT4 clients: 4000 saved...
2026-06-18 02:06:13,918 INFO MT4 clients: 4500 saved...
2026-06-18 02:06:14,319 INFO MT4 clients: 5000 saved...
2026-06-18 02:06:14,553 INFO MT4: 5301 clients saved
2026-06-18 02:06:14,554 INFO save_mt4_clients done
2026-06-18 02:06:14,555 INFO Fetching closed trade history (last 2 days)...
2026-06-18 02:06:15,766 INFO sync_trade_journal: 63104 records, 6198 closed trades in last 2d
2026-06-18 02:06:15,767 INFO Got 6198 closed trades, saving to deals...
2026-06-18 02:06:22,548 INFO MT4 journal deals saved: 6198
2026-06-18 02:06:22,548 INFO save_journal_deals done
2026-06-18 02:06:22,549 INFO === ONE-SHOT FETCH COMPLETE ===
2026-06-18 02:07:23,428 INFO Connecting to MT4...
2026-06-18 02:07:23,575 INFO mtmanapi64.dll loaded
2026-06-18 02:07:23,576 INFO MT4 manager instance created (ver=26215873)
2026-06-18 02:07:23,825 INFO MT4 connected and logged in. IsConnected=1
2026-06-18 02:07:23,826 INFO Fetching all users...
2026-06-18 02:07:24,033 INFO AdmUsersRequest: 5301 users
2026-06-18 02:07:24,034 INFO Got 5301 users, saving to clients/trading_accounts...
2026-06-18 02:07:24,923 INFO MT4 clients: 500 saved...
2026-06-18 02:07:25,228 INFO MT4 clients: 1000 saved...
2026-06-18 02:07:25,590 INFO MT4 clients: 1500 saved...
2026-06-18 02:07:25,949 INFO MT4 clients: 2000 saved...
2026-06-18 02:07:26,302 INFO MT4 clients: 2500 saved...
2026-06-18 02:07:26,640 INFO MT4 clients: 3000 saved...
2026-06-18 02:07:27,015 INFO MT4 clients: 3500 saved...
2026-06-18 02:07:27,359 INFO MT4 clients: 4000 saved...
2026-06-18 02:07:27,710 INFO MT4 clients: 4500 saved...
2026-06-18 02:07:28,053 INFO MT4 clients: 5000 saved...
2026-06-18 02:07:28,251 INFO MT4: 5301 clients saved
2026-06-18 02:07:28,252 INFO save_mt4_clients done
2026-06-18 02:07:28,253 INFO Fetching closed trade history (last 2 days)...
2026-06-18 02:07:29,403 INFO sync_trade_journal: 63108 records, 6198 closed trades in last 2d
2026-06-18 02:07:29,404 INFO Got 6198 closed trades, saving to deals...
2026-06-18 02:07:35,330 INFO MT4 journal deals saved: 6198
2026-06-18 02:07:35,330 INFO save_journal_deals done
2026-06-18 02:07:35,331 INFO === ONE-SHOT FETCH COMPLETE ===
2026-06-18 02:08:36,116 INFO Connecting to MT4...
2026-06-18 02:08:36,249 INFO mtmanapi64.dll loaded
2026-06-18 02:08:36,250 INFO MT4 manager instance created (ver=26215873)
2026-06-18 02:08:36,502 INFO MT4 connected and logged in. IsConnected=1
2026-06-18 02:08:36,503 INFO Fetching all users...
2026-06-18 02:08:36,701 INFO AdmUsersRequest: 5301 users
2026-06-18 02:08:36,703 INFO Got 5301 users, saving to clients/trading_accounts...
2026-06-18 02:08:37,684 INFO MT4 clients: 500 saved...
2026-06-18 02:08:38,064 INFO MT4 clients: 1000 saved...
2026-06-18 02:08:38,423 INFO MT4 clients: 1500 saved...
2026-06-18 02:08:38,782 INFO MT4 clients: 2000 saved...
2026-06-18 02:08:39,132 INFO MT4 clients: 2500 saved...
2026-06-18 02:08:39,481 INFO MT4 clients: 3000 saved...
2026-06-18 02:08:39,827 INFO MT4 clients: 3500 saved...
2026-06-18 02:08:40,204 INFO MT4 clients: 4000 saved...
2026-06-18 02:08:40,572 INFO MT4 clients: 4500 saved...
2026-06-18 02:08:40,930 INFO MT4 clients: 5000 saved...
2026-06-18 02:08:41,137 INFO MT4: 5301 clients saved
2026-06-18 02:08:41,138 INFO save_mt4_clients done
2026-06-18 02:08:41,138 INFO Fetching closed trade history (last 2 days)...
2026-06-18 02:08:42,317 INFO sync_trade_journal: 63114 records, 6199 closed trades in last 2d
2026-06-18 02:08:42,318 INFO Got 6199 closed trades, saving to deals...
2026-06-18 02:08:48,273 INFO MT4 journal deals saved: 6199
2026-06-18 02:08:48,274 INFO save_journal_deals done
2026-06-18 02:08:48,275 INFO === ONE-SHOT FETCH COMPLETE ===
2026-06-18 02:09:49,081 INFO Connecting to MT4...
2026-06-18 02:09:49,207 INFO mtmanapi64.dll loaded
2026-06-18 02:09:49,208 INFO MT4 manager instance created (ver=26215873)
2026-06-18 02:09:49,465 INFO MT4 connected and logged in. IsConnected=1
2026-06-18 02:09:49,466 INFO Fetching all users...
2026-06-18 02:09:49,669 INFO AdmUsersRequest: 5301 users
2026-06-18 02:09:49,670 INFO Got 5301 users, saving to clients/trading_accounts...
2026-06-18 02:09:50,554 INFO MT4 clients: 500 saved...
2026-06-18 02:09:50,901 INFO MT4 clients: 1000 saved...
2026-06-18 02:09:51,264 INFO MT4 clients: 1500 saved...
2026-06-18 02:09:51,597 INFO MT4 clients: 2000 saved...
2026-06-18 02:09:51,909 INFO MT4 clients: 2500 saved...
2026-06-18 02:09:52,252 INFO MT4 clients: 3000 saved...
2026-06-18 02:09:52,615 INFO MT4 clients: 3500 saved...
2026-06-18 02:09:52,998 INFO MT4 clients: 4000 saved...
2026-06-18 02:09:53,349 INFO MT4 clients: 4500 saved...
2026-06-18 02:09:53,701 INFO MT4 clients: 5000 saved...
2026-06-18 02:09:53,917 INFO MT4: 5301 clients saved
2026-06-18 02:09:53,918 INFO save_mt4_clients done
2026-06-18 02:09:53,918 INFO Fetching closed trade history (last 2 days)...
2026-06-18 02:09:55,103 INFO sync_trade_journal: 63114 records, 6199 closed trades in last 2d
2026-06-18 02:09:55,104 INFO Got 6199 closed trades, saving to deals...
2026-06-18 02:10:00,964 INFO MT4 journal deals saved: 6199
2026-06-18 02:10:00,966 INFO save_journal_deals done
2026-06-18 02:10:00,966 INFO === ONE-SHOT FETCH COMPLETE ===
2026-06-18 02:11:01,886 INFO Connecting to MT4...
2026-06-18 02:11:02,061 INFO mtmanapi64.dll loaded
2026-06-18 02:11:02,062 INFO MT4 manager instance created (ver=26215873)
2026-06-18 02:11:02,312 INFO MT4 connected and logged in. IsConnected=1
2026-06-18 02:11:02,313 INFO Fetching all users...
2026-06-18 02:11:02,527 INFO AdmUsersRequest: 5301 users
2026-06-18 02:11:02,528 INFO Got 5301 users, saving to clients/trading_accounts...
2026-06-18 02:11:03,919 INFO MT4 clients: 500 saved...
2026-06-18 02:11:04,357 INFO MT4 clients: 1000 saved...
2026-06-18 02:11:04,767 INFO MT4 clients: 1500 saved...
2026-06-18 02:11:05,172 INFO MT4 clients: 2000 saved...
2026-06-18 02:11:05,565 INFO MT4 clients: 2500 saved...
2026-06-18 02:11:05,944 INFO MT4 clients: 3000 saved...
2026-06-18 02:11:06,313 INFO MT4 clients: 3500 saved...
2026-06-18 02:11:06,700 INFO MT4 clients: 4000 saved...
2026-06-18 02:11:07,088 INFO MT4 clients: 4500 saved...
2026-06-18 02:11:07,466 INFO MT4 clients: 5000 saved...
2026-06-18 02:11:07,694 INFO MT4: 5301 clients saved
2026-06-18 02:11:07,695 INFO save_mt4_clients done
2026-06-18 02:11:07,695 INFO Fetching closed trade history (last 2 days)...
2026-06-18 02:11:08,868 INFO sync_trade_journal: 63116 records, 6199 closed trades in last 2d
2026-06-18 02:11:08,869 INFO Got 6199 closed trades, saving to deals...
2026-06-18 02:12:32,784 INFO MT4 journal deals saved: 6199
2026-06-18 02:12:32,784 INFO save_journal_deals done
2026-06-18 02:12:32,785 INFO === ONE-SHOT FETCH COMPLETE ===
2026-06-18 02:13:33,743 INFO Connecting to MT4...
2026-06-18 02:13:33,909 INFO mtmanapi64.dll loaded
2026-06-18 02:13:33,910 INFO MT4 manager instance created (ver=26215873)
2026-06-18 02:13:34,167 INFO MT4 connected and logged in. IsConnected=1
2026-06-18 02:13:34,168 INFO Fetching all users...
2026-06-18 02:13:34,378 INFO AdmUsersRequest: 5301 users
2026-06-18 02:13:34,379 INFO Got 5301 users, saving to clients/trading_accounts...
2026-06-18 02:13:35,627 INFO MT4 clients: 500 saved...
2026-06-18 02:13:36,037 INFO MT4 clients: 1000 saved...
2026-06-18 02:13:36,490 INFO MT4 clients: 1500 saved...
2026-06-18 02:13:36,954 INFO MT4 clients: 2000 saved...
2026-06-18 02:13:37,373 INFO MT4 clients: 2500 saved...
2026-06-18 02:13:37,792 INFO MT4 clients: 3000 saved...
2026-06-18 02:13:38,198 INFO MT4 clients: 3500 saved...
2026-06-18 02:13:38,625 INFO MT4 clients: 4000 saved...
2026-06-18 02:13:39,102 INFO MT4 clients: 4500 saved...
2026-06-18 02:13:39,537 INFO MT4 clients: 5000 saved...
2026-06-18 02:13:39,795 INFO MT4: 5301 clients saved
2026-06-18 02:13:39,796 INFO save_mt4_clients done
2026-06-18 02:13:39,797 INFO Fetching closed trade history (last 2 days)...
2026-06-18 02:13:41,054 INFO sync_trade_journal: 63669 records, 6202 closed trades in last 2d
2026-06-18 02:13:41,055 INFO Got 6202 closed trades, saving to deals...
2026-06-18 02:15:07,156 INFO MT4 journal deals saved: 6202
2026-06-18 02:15:07,156 INFO save_journal_deals done
2026-06-18 02:15:07,157 INFO === ONE-SHOT FETCH COMPLETE ===
2026-06-18 02:16:08,163 INFO Connecting to MT4...
2026-06-18 02:16:08,308 INFO mtmanapi64.dll loaded
2026-06-18 02:16:08,308 INFO MT4 manager instance created (ver=26215873)
2026-06-18 02:16:08,563 INFO MT4 connected and logged in. IsConnected=1
2026-06-18 02:16:08,564 INFO Fetching all users...
2026-06-18 02:16:08,770 INFO AdmUsersRequest: 5301 users
2026-06-18 02:16:08,770 INFO Got 5301 users, saving to clients/trading_accounts...
2026-06-18 02:16:10,186 INFO MT4 clients: 500 saved...
2026-06-18 02:16:10,606 INFO MT4 clients: 1000 saved...
2026-06-18 02:16:11,025 INFO MT4 clients: 1500 saved...
2026-06-18 02:16:11,401 INFO MT4 clients: 2000 saved...
2026-06-18 02:16:11,790 INFO MT4 clients: 2500 saved...
2026-06-18 02:16:12,181 INFO MT4 clients: 3000 saved...
2026-06-18 02:16:12,566 INFO MT4 clients: 3500 saved...
2026-06-18 02:16:12,950 INFO MT4 clients: 4000 saved...
2026-06-18 02:16:13,343 INFO MT4 clients: 4500 saved...
2026-06-18 02:16:13,722 INFO MT4 clients: 5000 saved...
2026-06-18 02:16:13,942 INFO MT4: 5301 clients saved
2026-06-18 02:16:13,943 INFO save_mt4_clients done
2026-06-18 02:16:13,944 INFO Fetching closed trade history (last 2 days)...
2026-06-18 02:16:15,220 INFO sync_trade_journal: 64811 records, 6206 closed trades in last 2d
2026-06-18 02:16:15,222 INFO Got 6206 closed trades, saving to deals...
2026-06-18 02:16:22,275 INFO MT4 journal deals saved: 6206
2026-06-18 02:16:22,276 INFO save_journal_deals done
2026-06-18 02:16:22,277 INFO === ONE-SHOT FETCH COMPLETE ===
2026-06-18 02:17:23,168 INFO Connecting to MT4...
2026-06-18 02:17:23,300 INFO mtmanapi64.dll loaded
2026-06-18 02:17:23,301 INFO MT4 manager instance created (ver=26215873)
2026-06-18 02:17:23,552 INFO MT4 connected and logged in. IsConnected=1
2026-06-18 02:17:23,553 INFO Fetching all users...
2026-06-18 02:17:23,762 INFO AdmUsersRequest: 5301 users
2026-06-18 02:17:23,762 INFO Got 5301 users, saving to clients/trading_accounts...
2026-06-18 02:17:24,763 INFO MT4 clients: 500 saved...
2026-06-18 02:17:25,158 INFO MT4 clients: 1000 saved...
2026-06-18 02:17:25,552 INFO MT4 clients: 1500 saved...
2026-06-18 02:17:25,940 INFO MT4 clients: 2000 saved...
2026-06-18 02:17:26,341 INFO MT4 clients: 2500 saved...
2026-06-18 02:17:26,734 INFO MT4 clients: 3000 saved...
2026-06-18 02:17:27,149 INFO MT4 clients: 3500 saved...
2026-06-18 02:17:27,553 INFO MT4 clients: 4000 saved...
2026-06-18 02:17:27,943 INFO MT4 clients: 4500 saved...
2026-06-18 02:17:28,333 INFO MT4 clients: 5000 saved...
2026-06-18 02:17:28,551 INFO MT4: 5301 clients saved
2026-06-18 02:17:28,551 INFO save_mt4_clients done
2026-06-18 02:17:28,552 INFO Fetching closed trade history (last 2 days)...
2026-06-18 02:17:29,856 INFO sync_trade_journal: 65107 records, 6210 closed trades in last 2d
2026-06-18 02:17:29,857 INFO Got 6210 closed trades, saving to deals...
2026-06-18 02:17:36,596 INFO MT4 journal deals saved: 6210
2026-06-18 02:17:36,597 INFO save_journal_deals done
2026-06-18 02:17:36,598 INFO === ONE-SHOT FETCH COMPLETE ===
2026-06-18 02:18:37,555 INFO Connecting to MT4...
2026-06-18 02:18:37,690 INFO mtmanapi64.dll loaded
2026-06-18 02:18:37,692 INFO MT4 manager instance created (ver=26215873)
2026-06-18 02:18:37,947 INFO MT4 connected and logged in. IsConnected=1
2026-06-18 02:18:37,948 INFO Fetching all users...
2026-06-18 02:18:38,155 INFO AdmUsersRequest: 5301 users
2026-06-18 02:18:38,156 INFO Got 5301 users, saving to clients/trading_accounts...
2026-06-18 02:18:39,285 INFO MT4 clients: 500 saved...
2026-06-18 02:18:39,669 INFO MT4 clients: 1000 saved...
2026-06-18 02:18:40,066 INFO MT4 clients: 1500 saved...
2026-06-18 02:18:40,500 INFO MT4 clients: 2000 saved...
2026-06-18 02:18:40,906 INFO MT4 clients: 2500 saved...
2026-06-18 02:18:41,310 INFO MT4 clients: 3000 saved...
2026-06-18 02:18:41,698 INFO MT4 clients: 3500 saved...
2026-06-18 02:18:42,056 INFO MT4 clients: 4000 saved...
2026-06-18 02:18:42,438 INFO MT4 clients: 4500 saved...
2026-06-18 02:18:42,813 INFO MT4 clients: 5000 saved...
2026-06-18 02:18:43,028 INFO MT4: 5301 clients saved
2026-06-18 02:18:43,029 INFO save_mt4_clients done
2026-06-18 02:18:43,029 INFO Fetching closed trade history (last 2 days)...
2026-06-18 02:18:44,257 INFO sync_trade_journal: 65579 records, 6214 closed trades in last 2d
2026-06-18 02:18:44,258 INFO Got 6214 closed trades, saving to deals...
2026-06-18 02:18:50,431 INFO MT4 journal deals saved: 6214
2026-06-18 02:18:50,432 INFO save_journal_deals done
2026-06-18 02:18:50,433 INFO === ONE-SHOT FETCH COMPLETE ===
2026-06-18 02:19:51,337 INFO Connecting to MT4...
2026-06-18 02:19:51,471 INFO mtmanapi64.dll loaded
2026-06-18 02:19:51,473 INFO MT4 manager instance created (ver=26215873)
2026-06-18 02:19:51,725 INFO MT4 connected and logged in. IsConnected=1
2026-06-18 02:19:51,726 INFO Fetching all users...
2026-06-18 02:19:51,934 INFO AdmUsersRequest: 5301 users
2026-06-18 02:19:51,935 INFO Got 5301 users, saving to clients/trading_accounts...
2026-06-18 02:19:53,035 INFO MT4 clients: 500 saved...
2026-06-18 02:19:53,433 INFO MT4 clients: 1000 saved...
2026-06-18 02:19:53,832 INFO MT4 clients: 1500 saved...
2026-06-18 02:19:54,216 INFO MT4 clients: 2000 saved...
2026-06-18 02:19:54,593 INFO MT4 clients: 2500 saved...
2026-06-18 02:19:54,973 INFO MT4 clients: 3000 saved...
2026-06-18 02:19:55,353 INFO MT4 clients: 3500 saved...
2026-06-18 02:19:55,701 INFO MT4 clients: 4000 saved...
2026-06-18 02:19:56,066 INFO MT4 clients: 4500 saved...
2026-06-18 02:19:56,464 INFO MT4 clients: 5000 saved...
2026-06-18 02:19:56,695 INFO MT4: 5301 clients saved
2026-06-18 02:19:56,696 INFO save_mt4_clients done
2026-06-18 02:19:56,697 INFO Fetching closed trade history (last 2 days)...
2026-06-18 02:19:57,962 INFO sync_trade_journal: 65881 records, 6214 closed trades in last 2d
2026-06-18 02:19:57,963 INFO Got 6214 closed trades, saving to deals...
2026-06-18 02:20:04,427 INFO MT4 journal deals saved: 6214
2026-06-18 02:20:04,428 INFO save_journal_deals done
2026-06-18 02:20:04,429 INFO === ONE-SHOT FETCH COMPLETE ===
2026-06-18 02:20:05,467 INFO mtmanapi64.dll loaded
2026-06-18 02:20:05,470 INFO MT4 manager instance created (ver=26215873)
2026-06-18 02:20:05,731 INFO MT4 connected and logged in. IsConnected=1
2026-06-18 02:21:07,599 INFO Connecting to MT4...
2026-06-18 02:21:07,735 INFO mtmanapi64.dll loaded
2026-06-18 02:21:07,736 INFO MT4 manager instance created (ver=26215873)
2026-06-18 02:21:07,992 INFO MT4 connected and logged in. IsConnected=1
2026-06-18 02:21:07,993 INFO Fetching all users...
2026-06-18 02:21:08,205 INFO AdmUsersRequest: 5301 users
2026-06-18 02:21:08,206 INFO Got 5301 users, saving to clients/trading_accounts...
2026-06-18 02:21:09,186 INFO MT4 clients: 500 saved...
2026-06-18 02:21:09,565 INFO MT4 clients: 1000 saved...
2026-06-18 02:21:09,997 INFO MT4 clients: 1500 saved...
2026-06-18 02:21:10,458 INFO MT4 clients: 2000 saved...
2026-06-18 02:21:10,887 INFO MT4 clients: 2500 saved...
2026-06-18 02:21:11,287 INFO MT4 clients: 3000 saved...
2026-06-18 02:21:11,697 INFO MT4 clients: 3500 saved...
2026-06-18 02:21:12,127 INFO MT4 clients: 4000 saved...
2026-06-18 02:21:12,537 INFO MT4 clients: 4500 saved...
2026-06-18 02:21:12,964 INFO MT4 clients: 5000 saved...
2026-06-18 02:21:13,220 INFO MT4: 5301 clients saved
2026-06-18 02:21:13,221 INFO save_mt4_clients done
2026-06-18 02:21:13,222 INFO Fetching closed trade history (last 2 days)...
2026-06-18 02:21:14,472 INFO sync_trade_journal: 65881 records, 6214 closed trades in last 2d
2026-06-18 02:21:14,473 INFO Got 6214 closed trades, saving to deals...
2026-06-18 02:21:21,291 INFO MT4 journal deals saved: 6214
2026-06-18 02:21:21,292 INFO save_journal_deals done
2026-06-18 02:21:21,292 INFO === ONE-SHOT FETCH COMPLETE ===
2026-06-18 02:22:22,069 INFO Connecting to MT4...
2026-06-18 02:22:22,202 INFO mtmanapi64.dll loaded
2026-06-18 02:22:22,203 INFO MT4 manager instance created (ver=26215873)
2026-06-18 02:22:22,455 INFO MT4 connected and logged in. IsConnected=1
2026-06-18 02:22:22,456 INFO Fetching all users...
2026-06-18 02:22:22,655 INFO AdmUsersRequest: 5301 users
2026-06-18 02:22:22,656 INFO Got 5301 users, saving to clients/trading_accounts...
2026-06-18 02:22:23,508 INFO MT4 clients: 500 saved...
2026-06-18 02:22:23,824 INFO MT4 clients: 1000 saved...
2026-06-18 02:22:24,128 INFO MT4 clients: 1500 saved...
2026-06-18 02:22:24,426 INFO MT4 clients: 2000 saved...
2026-06-18 02:22:24,731 INFO MT4 clients: 2500 saved...
2026-06-18 02:22:25,042 INFO MT4 clients: 3000 saved...
2026-06-18 02:22:25,396 INFO MT4 clients: 3500 saved...
2026-06-18 02:22:25,774 INFO MT4 clients: 4000 saved...
2026-06-18 02:22:26,137 INFO MT4 clients: 4500 saved...
2026-06-18 02:22:26,522 INFO MT4 clients: 5000 saved...
2026-06-18 02:22:26,746 INFO MT4: 5301 clients saved
2026-06-18 02:22:26,747 INFO save_mt4_clients done
2026-06-18 02:22:26,748 INFO Fetching closed trade history (last 2 days)...
2026-06-18 02:22:27,950 INFO sync_trade_journal: 65888 records, 6215 closed trades in last 2d
2026-06-18 02:22:27,951 INFO Got 6215 closed trades, saving to deals...
2026-06-18 02:22:34,862 INFO MT4 journal deals saved: 6215
2026-06-18 02:22:34,863 INFO save_journal_deals done
2026-06-18 02:22:34,863 INFO === ONE-SHOT FETCH COMPLETE ===
2026-06-18 02:23:35,686 INFO Connecting to MT4...
2026-06-18 02:23:35,820 INFO mtmanapi64.dll loaded
2026-06-18 02:23:35,821 INFO MT4 manager instance created (ver=26215873)
2026-06-18 02:23:36,071 INFO MT4 connected and logged in. IsConnected=1
2026-06-18 02:23:36,072 INFO Fetching all users...
2026-06-18 02:23:36,282 INFO AdmUsersRequest: 5301 users
2026-06-18 02:23:36,283 INFO Got 5301 users, saving to clients/trading_accounts...
2026-06-18 02:23:37,420 INFO MT4 clients: 500 saved...
2026-06-18 02:23:37,823 INFO MT4 clients: 1000 saved...
2026-06-18 02:23:38,168 INFO MT4 clients: 1500 saved...
2026-06-18 02:23:38,512 INFO MT4 clients: 2000 saved...
2026-06-18 02:23:38,839 INFO MT4 clients: 2500 saved...
2026-06-18 02:23:39,171 INFO MT4 clients: 3000 saved...
2026-06-18 02:23:39,511 INFO MT4 clients: 3500 saved...
2026-06-18 02:23:39,928 INFO MT4 clients: 4000 saved...
2026-06-18 02:23:40,347 INFO MT4 clients: 4500 saved...
2026-06-18 02:23:40,720 INFO MT4 clients: 5000 saved...
2026-06-18 02:23:40,938 INFO MT4: 5301 clients saved
2026-06-18 02:23:40,939 INFO save_mt4_clients done
2026-06-18 02:23:40,940 INFO Fetching closed trade history (last 2 days)...
2026-06-18 02:23:42,147 INFO sync_trade_journal: 65888 records, 6215 closed trades in last 2d
2026-06-18 02:23:42,148 INFO Got 6215 closed trades, saving to deals...
2026-06-18 02:25:06,202 INFO MT4 journal deals saved: 6215
2026-06-18 02:25:06,203 INFO save_journal_deals done
2026-06-18 02:25:06,204 INFO === ONE-SHOT FETCH COMPLETE ===
2026-06-18 02:26:07,601 INFO Connecting to MT4...
2026-06-18 02:26:07,756 INFO mtmanapi64.dll loaded
2026-06-18 02:26:07,757 INFO MT4 manager instance created (ver=26215873)
2026-06-18 02:26:08,020 INFO MT4 connected and logged in. IsConnected=1
2026-06-18 02:26:08,021 INFO Fetching all users...
2026-06-18 02:26:08,238 INFO AdmUsersRequest: 5301 users
2026-06-18 02:26:08,239 INFO Got 5301 users, saving to clients/trading_accounts...
2026-06-18 02:26:09,583 INFO MT4 clients: 500 saved...
2026-06-18 02:26:10,003 INFO MT4 clients: 1000 saved...
2026-06-18 02:26:10,406 INFO MT4 clients: 1500 saved...
2026-06-18 02:26:10,779 INFO MT4 clients: 2000 saved...
2026-06-18 02:26:11,148 INFO MT4 clients: 2500 saved...
2026-06-18 02:26:11,500 INFO MT4 clients: 3000 saved...
2026-06-18 02:26:11,869 INFO MT4 clients: 3500 saved...
2026-06-18 02:26:12,254 INFO MT4 clients: 4000 saved...
2026-06-18 02:26:12,641 INFO MT4 clients: 4500 saved...
2026-06-18 02:26:13,027 INFO MT4 clients: 5000 saved...
2026-06-18 02:26:13,250 INFO MT4: 5301 clients saved
2026-06-18 02:26:13,251 INFO save_mt4_clients done
2026-06-18 02:26:13,251 INFO Fetching closed trade history (last 2 days)...
2026-06-18 02:26:14,495 INFO sync_trade_journal: 65900 records, 6215 closed trades in last 2d
2026-06-18 02:26:14,496 INFO Got 6215 closed trades, saving to deals...
2026-06-18 02:27:01,869 INFO MT4 journal deals saved: 6215
2026-06-18 02:27:01,869 INFO save_journal_deals done
2026-06-18 02:27:01,870 INFO === ONE-SHOT FETCH COMPLETE ===
2026-06-18 02:28:02,742 INFO Connecting to MT4...
2026-06-18 02:28:02,878 INFO mtmanapi64.dll loaded
2026-06-18 02:28:02,879 INFO MT4 manager instance created (ver=26215873)
2026-06-18 02:28:03,130 INFO MT4 connected and logged in. IsConnected=1
2026-06-18 02:28:03,131 INFO Fetching all users...
2026-06-18 02:28:03,346 INFO AdmUsersRequest: 5301 users
2026-06-18 02:28:03,347 INFO Got 5301 users, saving to clients/trading_accounts...
2026-06-18 02:28:04,472 INFO MT4 clients: 500 saved...
2026-06-18 02:28:04,873 INFO MT4 clients: 1000 saved...
2026-06-18 02:28:05,268 INFO MT4 clients: 1500 saved...
2026-06-18 02:28:05,681 INFO MT4 clients: 2000 saved...
2026-06-18 02:28:06,061 INFO MT4 clients: 2500 saved...
2026-06-18 02:28:06,446 INFO MT4 clients: 3000 saved...
2026-06-18 02:28:06,816 INFO MT4 clients: 3500 saved...
2026-06-18 02:28:07,191 INFO MT4 clients: 4000 saved...
2026-06-18 02:28:07,578 INFO MT4 clients: 4500 saved...
2026-06-18 02:28:07,963 INFO MT4 clients: 5000 saved...
2026-06-18 02:28:08,199 INFO MT4: 5301 clients saved
2026-06-18 02:28:08,200 INFO save_mt4_clients done
2026-06-18 02:28:08,200 INFO Fetching closed trade history (last 2 days)...
2026-06-18 02:28:09,434 INFO sync_trade_journal: 65914 records, 6217 closed trades in last 2d
2026-06-18 02:28:09,434 INFO Got 6217 closed trades, saving to deals...
2026-06-18 02:28:15,826 INFO MT4 journal deals saved: 6217
2026-06-18 02:28:15,827 INFO save_journal_deals done
2026-06-18 02:28:15,827 INFO === ONE-SHOT FETCH COMPLETE ===
2026-06-18 02:29:16,770 INFO Connecting to MT4...
2026-06-18 02:29:16,909 INFO mtmanapi64.dll loaded
2026-06-18 02:29:16,910 INFO MT4 manager instance created (ver=26215873)
2026-06-18 02:29:17,169 INFO MT4 connected and logged in. IsConnected=1
2026-06-18 02:29:17,170 INFO Fetching all users...
2026-06-18 02:29:17,377 INFO AdmUsersRequest: 5301 users
2026-06-18 02:29:17,378 INFO Got 5301 users, saving to clients/trading_accounts...
2026-06-18 02:29:18,498 INFO MT4 clients: 500 saved...
2026-06-18 02:29:18,892 INFO MT4 clients: 1000 saved...
2026-06-18 02:29:19,283 INFO MT4 clients: 1500 saved...
2026-06-18 02:29:19,672 INFO MT4 clients: 2000 saved...
2026-06-18 02:29:20,067 INFO MT4 clients: 2500 saved...
2026-06-18 02:29:20,452 INFO MT4 clients: 3000 saved...
2026-06-18 02:29:20,841 INFO MT4 clients: 3500 saved...
2026-06-18 02:29:21,243 INFO MT4 clients: 4000 saved...
2026-06-18 02:29:21,619 INFO MT4 clients: 4500 saved...
2026-06-18 02:29:21,995 INFO MT4 clients: 5000 saved...
2026-06-18 02:29:22,230 INFO MT4: 5301 clients saved
2026-06-18 02:29:22,231 INFO save_mt4_clients done
2026-06-18 02:29:22,231 INFO Fetching closed trade history (last 2 days)...
2026-06-18 02:29:23,465 INFO sync_trade_journal: 65914 records, 6217 closed trades in last 2d
2026-06-18 02:29:23,466 INFO Got 6217 closed trades, saving to deals...
2026-06-18 02:29:30,051 INFO MT4 journal deals saved: 6217
2026-06-18 02:29:30,051 INFO save_journal_deals done
2026-06-18 02:29:30,052 INFO === ONE-SHOT FETCH COMPLETE ===
2026-06-18 02:30:30,948 INFO Connecting to MT4...
2026-06-18 02:30:31,086 INFO mtmanapi64.dll loaded
2026-06-18 02:30:31,087 INFO MT4 manager instance created (ver=26215873)
2026-06-18 02:30:31,343 INFO MT4 connected and logged in. IsConnected=1
2026-06-18 02:30:31,344 INFO Fetching all users...
2026-06-18 02:30:31,545 INFO AdmUsersRequest: 5301 users
2026-06-18 02:30:31,546 INFO Got 5301 users, saving to clients/trading_accounts...
2026-06-18 02:30:33,291 ERROR save_mt4_clients: (psycopg2.errors.DeadlockDetected) deadlock detected
DETAIL:  Process 15112 waits for ShareLock on transaction 199880; blocked by process 14564.
Process 14564 waits for ShareLock on transaction 199881; blocked by process 15112.
HINT:  See server log for query details.
CONTEXT:  while inserting index tuple (1689,8) in relation "clients"

[SQL: 
                INSERT INTO clients (login, name, email, phone, country, city,
                    balance, credit, leverage, group_name, agent, mqid,
                    reg_date, platform, created_at)
                VALUES (%(login)s,%(name)s,%(email)s,%(phone)s,%(country)s,%(city)s,
                    %(balance)s,%(credit)s,%(leverage)s,%(group_name)s,%(agent)s,%(mqid)s,
                    %(reg_date)s,'MT4',NOW())
                ON CONFLICT (login) DO UPDATE SET
                    name=EXCLUDED.name, email=EXCLUDED.email,
                    phone=EXCLUDED.phone, balance=EXCLUDED.balance,
                    credit=EXCLUDED.credit, leverage=EXCLUDED.leverage,
                    group_name=EXCLUDED.group_name, agent=EXCLUDED.agent,
                    mqid=EXCLUDED.mqid, platform='MT4'
            ]
[parameters: {'login': 10149, 'name': 'Ahmed Faid', 'email': 'faidawy97@gmail.com', 'phone': '+201288428890', 'country': 'EG', 'city': 'Alexandria', 'balance': 7.0, 'credit': 0.0, 'leverage': 400, 'group_name': '2-STD-IS-FSA', 'agent': 0, 'mqid': '', 'reg_date': '2020-09-05'}]
(Background on this error at: https://sqlalche.me/e/20/e3q8)
2026-06-18 02:30:33,292 INFO save_mt4_clients done
2026-06-18 02:30:33,293 INFO Fetching closed trade history (last 2 days)...
2026-06-18 02:30:34,514 INFO sync_trade_journal: 65914 records, 6217 closed trades in last 2d
2026-06-18 02:30:34,515 INFO Got 6217 closed trades, saving to deals...
2026-06-18 02:30:41,130 INFO MT4 journal deals saved: 6217
2026-06-18 02:30:41,131 INFO save_journal_deals done
2026-06-18 02:30:41,131 INFO === ONE-SHOT FETCH COMPLETE ===
2026-06-18 02:31:42,832 INFO Connecting to MT4...
2026-06-18 02:31:42,996 INFO mtmanapi64.dll loaded
2026-06-18 02:31:42,998 INFO MT4 manager instance created (ver=26215873)
2026-06-18 02:31:43,249 INFO MT4 connected and logged in. IsConnected=1
2026-06-18 02:31:43,250 INFO Fetching all users...
2026-06-18 02:31:43,459 INFO AdmUsersRequest: 5301 users
2026-06-18 02:31:43,460 INFO Got 5301 users, saving to clients/trading_accounts...
2026-06-18 02:31:45,371 INFO MT4 clients: 500 saved...
2026-06-18 02:31:45,836 INFO MT4 clients: 1000 saved...
2026-06-18 02:31:46,323 INFO MT4 clients: 1500 saved...
2026-06-18 02:31:46,772 INFO MT4 clients: 2000 saved...
2026-06-18 02:31:47,242 INFO MT4 clients: 2500 saved...
2026-06-18 02:31:47,650 INFO MT4 clients: 3000 saved...
2026-06-18 02:31:48,090 INFO MT4 clients: 3500 saved...
2026-06-18 02:31:48,528 INFO MT4 clients: 4000 saved...
2026-06-18 02:31:48,955 INFO MT4 clients: 4500 saved...
2026-06-18 02:31:49,378 INFO MT4 clients: 5000 saved...
2026-06-18 02:31:49,638 INFO MT4: 5301 clients saved
2026-06-18 02:31:49,639 INFO save_mt4_clients done
2026-06-18 02:31:49,639 INFO Fetching closed trade history (last 2 days)...
2026-06-18 02:31:51,276 INFO sync_trade_journal: 65929 records, 6218 closed trades in last 2d
2026-06-18 02:31:51,277 INFO Got 6218 closed trades, saving to deals...
2026-06-18 02:31:59,214 INFO MT4 journal deals saved: 6218
2026-06-18 02:31:59,215 INFO save_journal_deals done
2026-06-18 02:31:59,216 INFO === ONE-SHOT FETCH COMPLETE ===
2026-06-18 02:33:00,899 INFO Connecting to MT4...
2026-06-18 02:33:01,075 INFO mtmanapi64.dll loaded
2026-06-18 02:33:01,077 INFO MT4 manager instance created (ver=26215873)
2026-06-18 02:33:01,327 INFO MT4 connected and logged in. IsConnected=1
2026-06-18 02:33:01,328 INFO Fetching all users...
2026-06-18 02:33:01,535 INFO AdmUsersRequest: 5301 users
2026-06-18 02:33:01,536 INFO Got 5301 users, saving to clients/trading_accounts...
2026-06-18 02:33:02,981 INFO MT4 clients: 500 saved...
2026-06-18 02:33:03,399 INFO MT4 clients: 1000 saved...
2026-06-18 02:33:03,794 INFO MT4 clients: 1500 saved...
2026-06-18 02:33:04,222 INFO MT4 clients: 2000 saved...
2026-06-18 02:33:04,682 INFO MT4 clients: 2500 saved...
2026-06-18 02:33:05,149 INFO MT4 clients: 3000 saved...
2026-06-18 02:33:05,589 INFO MT4 clients: 3500 saved...
2026-06-18 02:33:06,053 INFO MT4 clients: 4000 saved...
2026-06-18 02:33:06,506 INFO MT4 clients: 4500 saved...
2026-06-18 02:33:07,002 INFO MT4 clients: 5000 saved...
2026-06-18 02:33:07,273 INFO MT4: 5301 clients saved
2026-06-18 02:33:07,274 INFO save_mt4_clients done
2026-06-18 02:33:07,275 INFO Fetching closed trade history (last 2 days)...
2026-06-18 02:33:08,876 INFO sync_trade_journal: 65931 records, 6219 closed trades in last 2d
2026-06-18 02:33:08,877 INFO Got 6219 closed trades, saving to deals...
2026-06-18 02:35:09,253 INFO MT4 journal deals saved: 6219
2026-06-18 02:35:09,255 INFO save_journal_deals done
2026-06-18 02:35:09,255 INFO === ONE-SHOT FETCH COMPLETE ===
2026-06-18 02:36:11,939 INFO Connecting to MT4...
2026-06-18 02:36:12,139 INFO mtmanapi64.dll loaded
2026-06-18 02:36:12,140 INFO MT4 manager instance created (ver=26215873)
2026-06-18 02:36:12,391 INFO MT4 connected and logged in. IsConnected=1
2026-06-18 02:36:12,392 INFO Fetching all users...
2026-06-18 02:36:12,590 INFO AdmUsersRequest: 5301 users
2026-06-18 02:36:12,591 INFO Got 5301 users, saving to clients/trading_accounts...
2026-06-18 02:36:13,732 INFO MT4 clients: 500 saved...
2026-06-18 02:36:14,139 INFO MT4 clients: 1000 saved...
2026-06-18 02:36:14,563 INFO MT4 clients: 1500 saved...
2026-06-18 02:36:15,030 INFO MT4 clients: 2000 saved...
2026-06-18 02:36:15,505 INFO MT4 clients: 2500 saved...
2026-06-18 02:36:15,986 INFO MT4 clients: 3000 saved...
2026-06-18 02:36:16,447 INFO MT4 clients: 3500 saved...
2026-06-18 02:36:16,875 INFO MT4 clients: 4000 saved...
2026-06-18 02:36:17,313 INFO MT4 clients: 4500 saved...
2026-06-18 02:36:17,756 INFO MT4 clients: 5000 saved...
2026-06-18 02:36:18,002 INFO MT4: 5301 clients saved
2026-06-18 02:36:18,003 INFO save_mt4_clients done
2026-06-18 02:36:18,004 INFO Fetching closed trade history (last 2 days)...
2026-06-18 02:36:19,263 INFO sync_trade_journal: 65950 records, 6226 closed trades in last 2d
2026-06-18 02:36:19,264 INFO Got 6226 closed trades, saving to deals...
2026-06-18 02:36:26,415 INFO MT4 journal deals saved: 6226
2026-06-18 02:36:26,416 INFO save_journal_deals done
2026-06-18 02:36:26,416 INFO === ONE-SHOT FETCH COMPLETE ===
2026-06-18 02:36:27,750 INFO mtmanapi64.dll loaded
2026-06-18 02:36:27,753 INFO MT4 manager instance created (ver=26215873)
2026-06-18 02:36:28,009 INFO MT4 connected and logged in. IsConnected=1
2026-06-18 02:37:29,935 INFO Connecting to MT4...
2026-06-18 02:37:30,073 INFO mtmanapi64.dll loaded
2026-06-18 02:37:30,074 INFO MT4 manager instance created (ver=26215873)
2026-06-18 02:37:30,326 INFO MT4 connected and logged in. IsConnected=1
2026-06-18 02:37:30,327 INFO Fetching all users...
2026-06-18 02:37:30,535 INFO AdmUsersRequest: 5301 users
2026-06-18 02:37:30,536 INFO Got 5301 users, saving to clients/trading_accounts...
2026-06-18 02:37:31,801 INFO MT4 clients: 500 saved...
2026-06-18 02:37:32,199 INFO MT4 clients: 1000 saved...
2026-06-18 02:37:32,590 INFO MT4 clients: 1500 saved...
2026-06-18 02:37:32,949 INFO MT4 clients: 2000 saved...
2026-06-18 02:37:33,300 INFO MT4 clients: 2500 saved...
2026-06-18 02:37:33,659 INFO MT4 clients: 3000 saved...
2026-06-18 02:37:34,024 INFO MT4 clients: 3500 saved...
2026-06-18 02:37:34,399 INFO MT4 clients: 4000 saved...
2026-06-18 02:37:34,762 INFO MT4 clients: 4500 saved...
2026-06-18 02:37:35,099 INFO MT4 clients: 5000 saved...
2026-06-18 02:37:35,331 INFO MT4: 5301 clients saved
2026-06-18 02:37:35,332 INFO save_mt4_clients done
2026-06-18 02:37:35,333 INFO Fetching closed trade history (last 2 days)...
2026-06-18 02:37:36,547 INFO sync_trade_journal: 65960 records, 6229 closed trades in last 2d
2026-06-18 02:37:36,547 INFO Got 6229 closed trades, saving to deals...
2026-06-18 02:37:42,822 INFO MT4 journal deals saved: 6229
2026-06-18 02:37:42,823 INFO save_journal_deals done
2026-06-18 02:37:42,824 INFO === ONE-SHOT FETCH COMPLETE ===
2026-06-18 02:38:43,930 INFO Connecting to MT4...
2026-06-18 02:38:44,120 INFO mtmanapi64.dll loaded
2026-06-18 02:38:44,121 INFO MT4 manager instance created (ver=26215873)
2026-06-18 02:38:44,324 INFO MT4 connected and logged in. IsConnected=1
2026-06-18 02:38:44,325 INFO Fetching all users...
2026-06-18 02:38:44,528 INFO AdmUsersRequest: 5301 users
2026-06-18 02:38:44,529 INFO Got 5301 users, saving to clients/trading_accounts...
2026-06-18 02:38:46,886 INFO MT4 clients: 500 saved...
2026-06-18 02:38:47,332 INFO MT4 clients: 1000 saved...
2026-06-18 02:38:47,756 INFO MT4 clients: 1500 saved...
2026-06-18 02:38:48,177 INFO MT4 clients: 2000 saved...
2026-06-18 02:38:48,582 INFO MT4 clients: 2500 saved...
2026-06-18 02:38:49,063 INFO MT4 clients: 3000 saved...
2026-06-18 02:38:49,463 INFO MT4 clients: 3500 saved...
2026-06-18 02:38:49,900 INFO MT4 clients: 4000 saved...
2026-06-18 02:38:50,310 INFO MT4 clients: 4500 saved...
2026-06-18 02:38:50,723 INFO MT4 clients: 5000 saved...
2026-06-18 02:38:50,956 INFO MT4: 5301 clients saved
2026-06-18 02:38:50,957 INFO save_mt4_clients done
2026-06-18 02:38:50,957 INFO Fetching closed trade history (last 2 days)...
2026-06-18 02:38:52,183 INFO sync_trade_journal: 65979 records, 6232 closed trades in last 2d
2026-06-18 02:38:52,183 INFO Got 6232 closed trades, saving to deals...
2026-06-18 02:38:58,795 INFO MT4 journal deals saved: 6232
2026-06-18 02:38:58,796 INFO save_journal_deals done
2026-06-18 02:38:58,796 INFO === ONE-SHOT FETCH COMPLETE ===
2026-06-18 02:39:59,956 INFO Connecting to MT4...
2026-06-18 02:40:00,131 INFO mtmanapi64.dll loaded
2026-06-18 02:40:00,132 INFO MT4 manager instance created (ver=26215873)
2026-06-18 02:40:00,385 INFO MT4 connected and logged in. IsConnected=1
2026-06-18 02:40:00,385 INFO Fetching all users...
2026-06-18 02:40:00,586 INFO AdmUsersRequest: 5301 users
2026-06-18 02:40:00,587 INFO Got 5301 users, saving to clients/trading_accounts...
2026-06-18 02:40:02,662 INFO MT4 clients: 500 saved...
2026-06-18 02:40:03,308 INFO MT4 clients: 1000 saved...
2026-06-18 02:40:03,830 INFO MT4 clients: 1500 saved...
2026-06-18 02:40:04,282 INFO MT4 clients: 2000 saved...
2026-06-18 02:40:04,757 INFO MT4 clients: 2500 saved...
2026-06-18 02:40:05,163 INFO MT4 clients: 3000 saved...
2026-06-18 02:40:05,627 INFO MT4 clients: 3500 saved...
2026-06-18 02:40:06,085 INFO MT4 clients: 4000 saved...
2026-06-18 02:40:06,546 INFO MT4 clients: 4500 saved...
2026-06-18 02:40:07,061 INFO MT4 clients: 5000 saved...
2026-06-18 02:40:07,354 INFO MT4: 5301 clients saved
2026-06-18 02:40:07,355 INFO save_mt4_clients done
2026-06-18 02:40:07,355 INFO Fetching closed trade history (last 2 days)...
2026-06-18 02:40:08,809 INFO sync_trade_journal: 66000 records, 6233 closed trades in last 2d
2026-06-18 02:40:08,809 INFO Got 6233 closed trades, saving to deals...
2026-06-18 02:40:17,598 INFO MT4 journal deals saved: 6233
2026-06-18 02:40:17,598 INFO save_journal_deals done
2026-06-18 02:40:17,599 INFO === ONE-SHOT FETCH COMPLETE ===
2026-06-18 02:41:19,245 INFO Connecting to MT4...
2026-06-18 02:41:20,303 INFO mtmanapi64.dll loaded
2026-06-18 02:41:20,306 INFO MT4 manager instance created (ver=26215873)
2026-06-18 02:41:20,560 INFO MT4 connected and logged in. IsConnected=1
2026-06-18 02:41:20,561 INFO Fetching all users...
2026-06-18 02:41:20,763 INFO AdmUsersRequest: 5301 users
2026-06-18 02:41:20,764 INFO Got 5301 users, saving to clients/trading_accounts...
2026-06-18 02:41:22,933 INFO MT4 clients: 500 saved...
2026-06-18 02:41:23,390 INFO MT4 clients: 1000 saved...
2026-06-18 02:41:23,810 INFO MT4 clients: 1500 saved...
2026-06-18 02:41:24,209 INFO MT4 clients: 2000 saved...
2026-06-18 02:41:24,616 INFO MT4 clients: 2500 saved...
2026-06-18 02:41:25,019 INFO MT4 clients: 3000 saved...
2026-06-18 02:41:25,411 INFO MT4 clients: 3500 saved...
2026-06-18 02:41:25,831 INFO MT4 clients: 4000 saved...
2026-06-18 02:41:26,231 INFO MT4 clients: 4500 saved...
2026-06-18 02:41:26,623 INFO MT4 clients: 5000 saved...
2026-06-18 02:41:26,857 INFO MT4: 5301 clients saved
2026-06-18 02:41:26,858 INFO save_mt4_clients done
2026-06-18 02:41:26,858 INFO Fetching closed trade history (last 2 days)...
2026-06-18 02:41:28,123 INFO sync_trade_journal: 66012 records, 6236 closed trades in last 2d
2026-06-18 02:41:28,123 INFO Got 6236 closed trades, saving to deals...
2026-06-18 02:42:15,572 INFO MT4 journal deals saved: 6236
2026-06-18 02:42:15,572 INFO save_journal_deals done
2026-06-18 02:42:15,573 INFO === ONE-SHOT FETCH COMPLETE ===
2026-06-18 02:43:17,201 INFO Connecting to MT4...
2026-06-18 02:43:17,558 INFO mtmanapi64.dll loaded
2026-06-18 02:43:17,559 INFO MT4 manager instance created (ver=26215873)
2026-06-18 02:43:17,769 INFO MT4 connected and logged in. IsConnected=1
2026-06-18 02:43:17,770 INFO Fetching all users...
2026-06-18 02:43:17,994 INFO AdmUsersRequest: 5301 users
2026-06-18 02:43:17,994 INFO Got 5301 users, saving to clients/trading_accounts...
2026-06-18 02:43:20,854 INFO MT4 clients: 500 saved...
2026-06-18 02:43:21,292 INFO MT4 clients: 1000 saved...
2026-06-18 02:43:21,709 INFO MT4 clients: 1500 saved...
2026-06-18 02:43:22,146 INFO MT4 clients: 2000 saved...
2026-06-18 02:43:22,640 INFO MT4 clients: 2500 saved...
2026-06-18 02:43:23,142 INFO MT4 clients: 3000 saved...
2026-06-18 02:43:23,583 INFO MT4 clients: 3500 saved...
2026-06-18 02:43:24,025 INFO MT4 clients: 4000 saved...
2026-06-18 02:43:24,433 INFO MT4 clients: 4500 saved...
2026-06-18 02:43:24,855 INFO MT4 clients: 5000 saved...
2026-06-18 02:43:25,095 INFO MT4: 5301 clients saved
2026-06-18 02:43:25,096 INFO save_mt4_clients done
2026-06-18 02:43:25,097 INFO Fetching closed trade history (last 2 days)...
2026-06-18 02:43:27,227 INFO sync_trade_journal: 66028 records, 6242 closed trades in last 2d
2026-06-18 02:43:27,230 INFO Got 6242 closed trades, saving to deals...
2026-06-18 02:45:43,457 INFO MT4 journal deals saved: 6242
2026-06-18 02:45:43,458 INFO save_journal_deals done
2026-06-18 02:45:43,458 INFO === ONE-SHOT FETCH COMPLETE ===
2026-06-18 02:46:45,522 INFO Connecting to MT4...
2026-06-18 02:46:45,673 INFO mtmanapi64.dll loaded
2026-06-18 02:46:45,674 INFO MT4 manager instance created (ver=26215873)
2026-06-18 02:46:45,925 INFO MT4 connected and logged in. IsConnected=1
2026-06-18 02:46:45,926 INFO Fetching all users...
2026-06-18 02:46:46,133 INFO AdmUsersRequest: 5301 users
2026-06-18 02:46:46,134 INFO Got 5301 users, saving to clients/trading_accounts...
2026-06-18 02:46:47,536 INFO MT4 clients: 500 saved...
2026-06-18 02:46:47,963 INFO MT4 clients: 1000 saved...
2026-06-18 02:46:48,385 INFO MT4 clients: 1500 saved...
2026-06-18 02:46:48,792 INFO MT4 clients: 2000 saved...
2026-06-18 02:46:49,229 INFO MT4 clients: 2500 saved...
2026-06-18 02:46:49,679 INFO MT4 clients: 3000 saved...
2026-06-18 02:46:50,117 INFO MT4 clients: 3500 saved...
2026-06-18 02:46:50,507 INFO MT4 clients: 4000 saved...
2026-06-18 02:46:50,931 INFO MT4 clients: 4500 saved...
2026-06-18 02:46:51,355 INFO MT4 clients: 5000 saved...
2026-06-18 02:46:51,579 INFO MT4: 5301 clients saved
2026-06-18 02:46:51,580 INFO save_mt4_clients done
2026-06-18 02:46:51,580 INFO Fetching closed trade history (last 2 days)...
2026-06-18 02:46:52,940 INFO sync_trade_journal: 66064 records, 6246 closed trades in last 2d
2026-06-18 02:46:52,941 INFO Got 6246 closed trades, saving to deals...
2026-06-18 02:46:59,676 INFO MT4 journal deals saved: 6246
2026-06-18 02:46:59,677 INFO save_journal_deals done
2026-06-18 02:46:59,677 INFO === ONE-SHOT FETCH COMPLETE ===
2026-06-18 02:48:00,786 INFO Connecting to MT4...
2026-06-18 02:48:00,972 INFO mtmanapi64.dll loaded
2026-06-18 02:48:00,973 INFO MT4 manager instance created (ver=26215873)
2026-06-18 02:48:01,229 INFO MT4 connected and logged in. IsConnected=1
2026-06-18 02:48:01,230 INFO Fetching all users...
2026-06-18 02:48:01,437 INFO AdmUsersRequest: 5301 users
2026-06-18 02:48:01,438 INFO Got 5301 users, saving to clients/trading_accounts...
2026-06-18 02:48:02,768 INFO MT4 clients: 500 saved...
2026-06-18 02:48:03,201 INFO MT4 clients: 1000 saved...
2026-06-18 02:48:03,623 INFO MT4 clients: 1500 saved...
2026-06-18 02:48:04,040 INFO MT4 clients: 2000 saved...
2026-06-18 02:48:04,528 INFO MT4 clients: 2500 saved...
2026-06-18 02:48:04,984 INFO MT4 clients: 3000 saved...
2026-06-18 02:48:05,520 INFO MT4 clients: 3500 saved...
2026-06-18 02:48:06,039 INFO MT4 clients: 4000 saved...
2026-06-18 02:48:06,451 INFO MT4 clients: 4500 saved...
2026-06-18 02:48:06,855 INFO MT4 clients: 5000 saved...
2026-06-18 02:48:07,099 INFO MT4: 5301 clients saved
2026-06-18 02:48:07,099 INFO save_mt4_clients done
2026-06-18 02:48:07,100 INFO Fetching closed trade history (last 2 days)...
2026-06-18 02:48:08,387 INFO sync_trade_journal: 66110 records, 6250 closed trades in last 2d
2026-06-18 02:48:08,388 INFO Got 6250 closed trades, saving to deals...
2026-06-18 02:48:16,138 INFO MT4 journal deals saved: 6250
2026-06-18 02:48:16,139 INFO save_journal_deals done
2026-06-18 02:48:16,139 INFO === ONE-SHOT FETCH COMPLETE ===
2026-06-18 02:49:17,144 INFO Connecting to MT4...
2026-06-18 02:49:17,283 INFO mtmanapi64.dll loaded
2026-06-18 02:49:17,284 INFO MT4 manager instance created (ver=26215873)
2026-06-18 02:49:17,540 INFO MT4 connected and logged in. IsConnected=1
2026-06-18 02:49:17,541 INFO Fetching all users...
2026-06-18 02:49:17,753 INFO AdmUsersRequest: 5301 users
2026-06-18 02:49:17,754 INFO Got 5301 users, saving to clients/trading_accounts...
2026-06-18 02:49:18,912 INFO MT4 clients: 500 saved...
2026-06-18 02:49:19,310 INFO MT4 clients: 1000 saved...
2026-06-18 02:49:19,702 INFO MT4 clients: 1500 saved...
2026-06-18 02:49:20,106 INFO MT4 clients: 2000 saved...
2026-06-18 02:49:20,490 INFO MT4 clients: 2500 saved...
2026-06-18 02:49:20,872 INFO MT4 clients: 3000 saved...
2026-06-18 02:49:21,255 INFO MT4 clients: 3500 saved...
2026-06-18 02:49:21,634 INFO MT4 clients: 4000 saved...
2026-06-18 02:49:22,026 INFO MT4 clients: 4500 saved...
2026-06-18 02:49:22,419 INFO MT4 clients: 5000 saved...
2026-06-18 02:49:22,652 INFO MT4: 5301 clients saved
2026-06-18 02:49:22,653 INFO save_mt4_clients done
2026-06-18 02:49:22,654 INFO Fetching closed trade history (last 2 days)...
2026-06-18 02:49:23,894 INFO sync_trade_journal: 66150 records, 6254 closed trades in last 2d
2026-06-18 02:49:23,895 INFO Got 6254 closed trades, saving to deals...
2026-06-18 02:49:30,902 INFO MT4 journal deals saved: 6254
2026-06-18 02:49:30,903 INFO save_journal_deals done
2026-06-18 02:49:30,904 INFO === ONE-SHOT FETCH COMPLETE ===
2026-06-18 02:50:31,897 INFO Connecting to MT4...
2026-06-18 02:50:32,058 INFO mtmanapi64.dll loaded
2026-06-18 02:50:32,059 INFO MT4 manager instance created (ver=26215873)
2026-06-18 02:50:32,314 INFO MT4 connected and logged in. IsConnected=1
2026-06-18 02:50:32,316 INFO Fetching all users...
2026-06-18 02:50:32,546 INFO AdmUsersRequest: 5301 users
2026-06-18 02:50:32,547 INFO Got 5301 users, saving to clients/trading_accounts...
2026-06-18 02:50:33,942 INFO MT4 clients: 500 saved...
2026-06-18 02:50:34,426 INFO MT4 clients: 1000 saved...
2026-06-18 02:50:34,847 INFO MT4 clients: 1500 saved...
2026-06-18 02:50:35,248 INFO MT4 clients: 2000 saved...
2026-06-18 02:50:35,658 INFO MT4 clients: 2500 saved...
2026-06-18 02:50:36,091 INFO MT4 clients: 3000 saved...
2026-06-18 02:50:36,567 INFO MT4 clients: 3500 saved...
2026-06-18 02:50:37,126 INFO MT4 clients: 4000 saved...
2026-06-18 02:50:37,554 INFO MT4 clients: 4500 saved...
2026-06-18 02:50:37,996 INFO MT4 clients: 5000 saved...
2026-06-18 02:50:38,275 INFO MT4: 5301 clients saved
2026-06-18 02:50:38,276 INFO save_mt4_clients done
2026-06-18 02:50:38,277 INFO Fetching closed trade history (last 2 days)...
2026-06-18 02:50:39,601 INFO sync_trade_journal: 66162 records, 6255 closed trades in last 2d
2026-06-18 02:50:39,601 INFO Got 6255 closed trades, saving to deals...
2026-06-18 02:50:46,382 INFO MT4 journal deals saved: 6255
2026-06-18 02:50:46,383 INFO save_journal_deals done
2026-06-18 02:50:46,383 INFO === ONE-SHOT FETCH COMPLETE ===
2026-06-18 02:51:47,450 INFO Connecting to MT4...
2026-06-18 02:51:47,586 INFO mtmanapi64.dll loaded
2026-06-18 02:51:47,587 INFO MT4 manager instance created (ver=26215873)
2026-06-18 02:51:47,811 INFO MT4 connected and logged in. IsConnected=1
2026-06-18 02:51:47,813 INFO Fetching all users...
2026-06-18 02:51:48,025 INFO AdmUsersRequest: 5301 users
2026-06-18 02:51:48,026 INFO Got 5301 users, saving to clients/trading_accounts...
2026-06-18 02:51:49,472 INFO MT4 clients: 500 saved...
2026-06-18 02:51:49,954 INFO MT4 clients: 1000 saved...
2026-06-18 02:51:50,464 INFO MT4 clients: 1500 saved...
2026-06-18 02:51:50,935 INFO MT4 clients: 2000 saved...
2026-06-18 02:51:51,441 INFO MT4 clients: 2500 saved...
2026-06-18 02:51:51,860 INFO MT4 clients: 3000 saved...
2026-06-18 02:51:52,281 INFO MT4 clients: 3500 saved...
2026-06-18 02:51:52,710 INFO MT4 clients: 4000 saved...
2026-06-18 02:51:53,163 INFO MT4 clients: 4500 saved...
2026-06-18 02:51:53,761 INFO MT4 clients: 5000 saved...
2026-06-18 02:51:54,037 INFO MT4: 5301 clients saved
2026-06-18 02:51:54,038 INFO save_mt4_clients done
2026-06-18 02:51:54,038 INFO Fetching closed trade history (last 2 days)...
2026-06-18 02:51:55,308 INFO sync_trade_journal: 66180 records, 6260 closed trades in last 2d
2026-06-18 02:51:55,309 INFO Got 6260 closed trades, saving to deals...
2026-06-18 02:52:02,678 INFO MT4 journal deals saved: 6260
2026-06-18 02:52:02,678 INFO save_journal_deals done
2026-06-18 02:52:02,679 INFO === ONE-SHOT FETCH COMPLETE ===
2026-06-18 02:52:04,188 INFO mtmanapi64.dll loaded
2026-06-18 02:52:04,203 INFO MT4 manager instance created (ver=26215873)
2026-06-18 02:52:04,456 INFO MT4 connected and logged in. IsConnected=1
2026-06-18 02:53:06,586 INFO Connecting to MT4...
2026-06-18 02:53:06,746 INFO mtmanapi64.dll loaded
2026-06-18 02:53:06,747 INFO MT4 manager instance created (ver=26215873)
2026-06-18 02:53:07,001 INFO MT4 connected and logged in. IsConnected=1
2026-06-18 02:53:07,002 INFO Fetching all users...
2026-06-18 02:53:07,209 INFO AdmUsersRequest: 5301 users
2026-06-18 02:53:07,210 INFO Got 5301 users, saving to clients/trading_accounts...
2026-06-18 02:53:08,536 INFO MT4 clients: 500 saved...
2026-06-18 02:53:08,998 INFO MT4 clients: 1000 saved...
2026-06-18 02:53:09,393 INFO MT4 clients: 1500 saved...
2026-06-18 02:53:09,781 INFO MT4 clients: 2000 saved...
2026-06-18 02:53:10,152 INFO MT4 clients: 2500 saved...
2026-06-18 02:53:10,521 INFO MT4 clients: 3000 saved...
2026-06-18 02:53:10,952 INFO MT4 clients: 3500 saved...
2026-06-18 02:53:11,319 INFO MT4 clients: 4000 saved...
2026-06-18 02:53:11,724 INFO MT4 clients: 4500 saved...
2026-06-18 02:53:12,154 INFO MT4 clients: 5000 saved...
2026-06-18 02:53:12,391 INFO MT4: 5301 clients saved
2026-06-18 02:53:12,392 INFO save_mt4_clients done
2026-06-18 02:53:12,393 INFO Fetching closed trade history (last 2 days)...
2026-06-18 02:53:13,931 INFO sync_trade_journal: 66195 records, 6261 closed trades in last 2d
2026-06-18 02:53:13,933 INFO Got 6261 closed trades, saving to deals...
2026-06-18 02:55:30,806 INFO MT4 journal deals saved: 6261
2026-06-18 02:55:30,824 INFO save_journal_deals done
2026-06-18 02:55:30,825 INFO === ONE-SHOT FETCH COMPLETE ===
2026-06-18 02:56:32,881 INFO Connecting to MT4...
2026-06-18 02:56:33,048 INFO mtmanapi64.dll loaded
2026-06-18 02:56:33,049 INFO MT4 manager instance created (ver=26215873)
2026-06-18 02:56:33,314 INFO MT4 connected and logged in. IsConnected=1
2026-06-18 02:56:33,315 INFO Fetching all users...
2026-06-18 02:56:33,522 INFO AdmUsersRequest: 5301 users
2026-06-18 02:56:33,523 INFO Got 5301 users, saving to clients/trading_accounts...
2026-06-18 02:56:35,532 INFO MT4 clients: 500 saved...
2026-06-18 02:56:36,020 INFO MT4 clients: 1000 saved...
2026-06-18 02:56:36,447 INFO MT4 clients: 1500 saved...
2026-06-18 02:56:36,904 INFO MT4 clients: 2000 saved...
2026-06-18 02:56:37,340 INFO MT4 clients: 2500 saved...
2026-06-18 02:56:37,760 INFO MT4 clients: 3000 saved...
2026-06-18 02:56:38,197 INFO MT4 clients: 3500 saved...
2026-06-18 02:56:38,693 INFO MT4 clients: 4000 saved...
2026-06-18 02:56:39,112 INFO MT4 clients: 4500 saved...
2026-06-18 02:56:39,544 INFO MT4 clients: 5000 saved...
2026-06-18 02:56:39,782 INFO MT4: 5301 clients saved
2026-06-18 02:56:39,783 INFO save_mt4_clients done
2026-06-18 02:56:39,783 INFO Fetching closed trade history (last 2 days)...
2026-06-18 02:56:41,410 INFO sync_trade_journal: 66219 records, 6263 closed trades in last 2d
2026-06-18 02:56:41,411 INFO Got 6263 closed trades, saving to deals...
2026-06-18 02:57:48,654 INFO MT4 journal deals saved: 6263
2026-06-18 02:57:48,654 INFO save_journal_deals done
2026-06-18 02:57:48,655 INFO === ONE-SHOT FETCH COMPLETE ===
2026-06-18 02:58:50,205 INFO Connecting to MT4...
2026-06-18 02:58:50,443 INFO mtmanapi64.dll loaded
2026-06-18 02:58:50,444 INFO MT4 manager instance created (ver=26215873)
2026-06-18 02:58:50,703 INFO MT4 connected and logged in. IsConnected=1
2026-06-18 02:58:50,704 INFO Fetching all users...
2026-06-18 02:58:50,912 INFO AdmUsersRequest: 5301 users
2026-06-18 02:58:50,913 INFO Got 5301 users, saving to clients/trading_accounts...
2026-06-18 02:58:52,762 INFO MT4 clients: 500 saved...
2026-06-18 02:58:53,126 INFO MT4 clients: 1000 saved...
2026-06-18 02:58:53,477 INFO MT4 clients: 1500 saved...
2026-06-18 02:58:53,818 INFO MT4 clients: 2000 saved...
2026-06-18 02:58:54,197 INFO MT4 clients: 2500 saved...
2026-06-18 02:58:54,645 INFO MT4 clients: 3000 saved...
2026-06-18 02:58:55,129 INFO MT4 clients: 3500 saved...
2026-06-18 02:58:55,613 INFO MT4 clients: 4000 saved...
2026-06-18 02:58:56,075 INFO MT4 clients: 4500 saved...
2026-06-18 02:58:56,527 INFO MT4 clients: 5000 saved...
2026-06-18 02:58:56,782 INFO MT4: 5301 clients saved
2026-06-18 02:58:56,782 INFO save_mt4_clients done
2026-06-18 02:58:56,783 INFO Fetching closed trade history (last 2 days)...
2026-06-18 02:58:58,203 INFO sync_trade_journal: 66250 records, 6270 closed trades in last 2d
2026-06-18 02:58:58,204 INFO Got 6270 closed trades, saving to deals...
2026-06-18 02:59:04,799 INFO MT4 journal deals saved: 6270
2026-06-18 02:59:04,800 INFO save_journal_deals done
2026-06-18 02:59:04,801 INFO === ONE-SHOT FETCH COMPLETE ===
2026-06-18 03:00:06,003 INFO Connecting to MT4...
2026-06-18 03:00:06,160 INFO mtmanapi64.dll loaded
2026-06-18 03:00:06,161 INFO MT4 manager instance created (ver=26215873)
2026-06-18 03:00:06,421 INFO MT4 connected and logged in. IsConnected=1
2026-06-18 03:00:06,421 INFO Fetching all users...
2026-06-18 03:00:06,631 INFO AdmUsersRequest: 5301 users
2026-06-18 03:00:06,632 INFO Got 5301 users, saving to clients/trading_accounts...
2026-06-18 03:00:08,084 INFO MT4 clients: 500 saved...
2026-06-18 03:00:08,554 INFO MT4 clients: 1000 saved...
2026-06-18 03:00:09,044 INFO MT4 clients: 1500 saved...
2026-06-18 03:00:09,687 INFO MT4 clients: 2000 saved...
2026-06-18 03:00:10,132 INFO MT4 clients: 2500 saved...
2026-06-18 03:00:10,590 INFO MT4 clients: 3000 saved...
2026-06-18 03:00:11,062 INFO MT4 clients: 3500 saved...
2026-06-18 03:00:11,579 INFO MT4 clients: 4000 saved...
2026-06-18 03:00:12,082 INFO MT4 clients: 4500 saved...
2026-06-18 03:00:12,575 INFO MT4 clients: 5000 saved...
2026-06-18 03:00:12,878 INFO MT4: 5301 clients saved
2026-06-18 03:00:12,879 INFO save_mt4_clients done
2026-06-18 03:00:12,880 INFO Fetching closed trade history (last 2 days)...
2026-06-18 03:00:14,231 INFO sync_trade_journal: 66253 records, 6271 closed trades in last 2d
2026-06-18 03:00:14,233 INFO Got 6271 closed trades, saving to deals...
2026-06-18 03:00:54,846 INFO MT4 journal deals saved: 6271
2026-06-18 03:00:54,847 INFO save_journal_deals done
2026-06-18 03:00:54,848 INFO === ONE-SHOT FETCH COMPLETE ===
2026-06-18 03:01:55,984 INFO Connecting to MT4...
2026-06-18 03:01:56,123 INFO mtmanapi64.dll loaded
2026-06-18 03:01:56,124 INFO MT4 manager instance created (ver=26215873)
2026-06-18 03:01:56,378 INFO MT4 connected and logged in. IsConnected=1
2026-06-18 03:01:56,379 INFO Fetching all users...
2026-06-18 03:01:56,591 INFO AdmUsersRequest: 5301 users
2026-06-18 03:01:56,592 INFO Got 5301 users, saving to clients/trading_accounts...
2026-06-18 03:01:57,877 INFO MT4 clients: 500 saved...
2026-06-18 03:01:58,335 INFO MT4 clients: 1000 saved...
2026-06-18 03:01:58,804 INFO MT4 clients: 1500 saved...
2026-06-18 03:01:59,238 INFO MT4 clients: 2000 saved...
2026-06-18 03:01:59,666 INFO MT4 clients: 2500 saved...
2026-06-18 03:02:00,114 INFO MT4 clients: 3000 saved...
2026-06-18 03:02:00,548 INFO MT4 clients: 3500 saved...
2026-06-18 03:02:01,021 INFO MT4 clients: 4000 saved...
2026-06-18 03:02:01,488 INFO MT4 clients: 4500 saved...
2026-06-18 03:02:01,945 INFO MT4 clients: 5000 saved...
2026-06-18 03:02:02,246 INFO MT4: 5301 clients saved
2026-06-18 03:02:02,246 INFO save_mt4_clients done
2026-06-18 03:02:02,247 INFO Fetching closed trade history (last 2 days)...
2026-06-18 03:02:03,651 INFO sync_trade_journal: 66275 records, 6271 closed trades in last 2d
2026-06-18 03:02:03,651 INFO Got 6271 closed trades, saving to deals...
2026-06-18 03:02:10,659 INFO MT4 journal deals saved: 6271
2026-06-18 03:02:10,660 INFO save_journal_deals done
2026-06-18 03:02:10,660 INFO === ONE-SHOT FETCH COMPLETE ===
2026-06-18 03:03:16,258 INFO Connecting to MT4...
2026-06-18 03:03:17,670 INFO mtmanapi64.dll loaded
2026-06-18 03:03:17,671 INFO MT4 manager instance created (ver=26215873)
2026-06-18 03:03:17,924 INFO MT4 connected and logged in. IsConnected=1
2026-06-18 03:03:17,925 INFO Fetching all users...
2026-06-18 03:03:18,131 INFO AdmUsersRequest: 5301 users
2026-06-18 03:03:18,132 INFO Got 5301 users, saving to clients/trading_accounts...
2026-06-18 03:03:24,244 INFO MT4 clients: 500 saved...
2026-06-18 03:03:24,749 INFO MT4 clients: 1000 saved...
2026-06-18 03:03:25,202 INFO MT4 clients: 1500 saved...
2026-06-18 03:03:25,636 INFO MT4 clients: 2000 saved...
2026-06-18 03:03:26,075 INFO MT4 clients: 2500 saved...
2026-06-18 03:03:26,565 INFO MT4 clients: 3000 saved...
2026-06-18 03:03:26,986 INFO MT4 clients: 3500 saved...
2026-06-18 03:03:27,413 INFO MT4 clients: 4000 saved...
2026-06-18 03:03:27,847 INFO MT4 clients: 4500 saved...
2026-06-18 03:03:28,310 INFO MT4 clients: 5000 saved...
2026-06-18 03:03:28,567 INFO MT4: 5301 clients saved
2026-06-18 03:03:28,568 INFO save_mt4_clients done
2026-06-18 03:03:28,569 INFO Fetching closed trade history (last 2 days)...
2026-06-18 03:03:30,496 INFO sync_trade_journal: 66284 records, 6274 closed trades in last 2d
2026-06-18 03:03:30,497 INFO Got 6274 closed trades, saving to deals...
2026-06-18 03:05:10,101 INFO MT4 journal deals saved: 6274
2026-06-18 03:05:10,102 INFO save_journal_deals done
2026-06-18 03:05:10,103 INFO === ONE-SHOT FETCH COMPLETE ===
2026-06-18 03:06:11,915 INFO Connecting to MT4...
2026-06-18 03:06:12,050 INFO mtmanapi64.dll loaded
2026-06-18 03:06:12,051 INFO MT4 manager instance created (ver=26215873)
2026-06-18 03:06:12,299 INFO MT4 connected and logged in. IsConnected=1
2026-06-18 03:06:12,300 INFO Fetching all users...
2026-06-18 03:06:12,503 INFO AdmUsersRequest: 5301 users
2026-06-18 03:06:12,504 INFO Got 5301 users, saving to clients/trading_accounts...
2026-06-18 03:06:13,631 INFO MT4 clients: 500 saved...
2026-06-18 03:06:14,002 INFO MT4 clients: 1000 saved...
2026-06-18 03:06:14,397 INFO MT4 clients: 1500 saved...
2026-06-18 03:06:14,792 INFO MT4 clients: 2000 saved...
2026-06-18 03:06:15,185 INFO MT4 clients: 2500 saved...
2026-06-18 03:06:15,590 INFO MT4 clients: 3000 saved...
2026-06-18 03:06:15,970 INFO MT4 clients: 3500 saved...
2026-06-18 03:06:16,378 INFO MT4 clients: 4000 saved...
2026-06-18 03:06:16,743 INFO MT4 clients: 4500 saved...
2026-06-18 03:06:17,104 INFO MT4 clients: 5000 saved...
2026-06-18 03:06:17,317 INFO MT4: 5301 clients saved
2026-06-18 03:06:17,318 INFO save_mt4_clients done
2026-06-18 03:06:17,319 INFO Fetching closed trade history (last 2 days)...
2026-06-18 03:06:18,524 INFO sync_trade_journal: 66314 records, 6280 closed trades in last 2d
2026-06-18 03:06:18,526 INFO Got 6280 closed trades, saving to deals...
2026-06-18 03:06:24,891 INFO MT4 journal deals saved: 6280
2026-06-18 03:06:24,892 INFO save_journal_deals done
2026-06-18 03:06:24,892 INFO === ONE-SHOT FETCH COMPLETE ===
2026-06-18 03:07:25,892 INFO Connecting to MT4...
2026-06-18 03:07:26,028 INFO mtmanapi64.dll loaded
2026-06-18 03:07:26,029 INFO MT4 manager instance created (ver=26215873)
2026-06-18 03:07:26,282 INFO MT4 connected and logged in. IsConnected=1
2026-06-18 03:07:26,283 INFO Fetching all users...
2026-06-18 03:07:26,490 INFO AdmUsersRequest: 5301 users
2026-06-18 03:07:26,491 INFO Got 5301 users, saving to clients/trading_accounts...
2026-06-18 03:07:27,601 INFO MT4 clients: 500 saved...
2026-06-18 03:07:27,975 INFO MT4 clients: 1000 saved...
2026-06-18 03:07:28,349 INFO MT4 clients: 1500 saved...
2026-06-18 03:07:28,731 INFO MT4 clients: 2000 saved...
2026-06-18 03:07:29,188 INFO MT4 clients: 2500 saved...
2026-06-18 03:07:29,560 INFO MT4 clients: 3000 saved...
2026-06-18 03:07:29,934 INFO MT4 clients: 3500 saved...
2026-06-18 03:07:30,423 INFO MT4 clients: 4000 saved...
2026-06-18 03:07:30,874 INFO MT4 clients: 4500 saved...
2026-06-18 03:07:31,258 INFO MT4 clients: 5000 saved...
2026-06-18 03:07:31,490 INFO MT4: 5301 clients saved
2026-06-18 03:07:31,491 INFO save_mt4_clients done
2026-06-18 03:07:31,492 INFO Fetching closed trade history (last 2 days)...
2026-06-18 03:07:32,728 INFO sync_trade_journal: 66326 records, 6281 closed trades in last 2d
2026-06-18 03:07:32,729 INFO Got 6281 closed trades, saving to deals...
2026-06-18 03:07:40,178 INFO MT4 journal deals saved: 6281
2026-06-18 03:07:40,178 INFO save_journal_deals done
2026-06-18 03:07:40,179 INFO === ONE-SHOT FETCH COMPLETE ===
2026-06-18 03:08:41,299 INFO Connecting to MT4...
2026-06-18 03:08:41,434 INFO mtmanapi64.dll loaded
2026-06-18 03:08:41,435 INFO MT4 manager instance created (ver=26215873)
2026-06-18 03:08:41,687 INFO MT4 connected and logged in. IsConnected=1
2026-06-18 03:08:41,688 INFO Fetching all users...
2026-06-18 03:08:41,888 INFO AdmUsersRequest: 5301 users
2026-06-18 03:08:41,889 INFO Got 5301 users, saving to clients/trading_accounts...
2026-06-18 03:08:43,039 INFO MT4 clients: 500 saved...
2026-06-18 03:08:43,395 INFO MT4 clients: 1000 saved...
2026-06-18 03:08:43,749 INFO MT4 clients: 1500 saved...
2026-06-18 03:08:44,151 INFO MT4 clients: 2000 saved...
2026-06-18 03:08:44,554 INFO MT4 clients: 2500 saved...
2026-06-18 03:08:44,919 INFO MT4 clients: 3000 saved...
2026-06-18 03:08:45,353 INFO MT4 clients: 3500 saved...
2026-06-18 03:08:45,756 INFO MT4 clients: 4000 saved...
2026-06-18 03:08:46,100 INFO MT4 clients: 4500 saved...
2026-06-18 03:08:46,467 INFO MT4 clients: 5000 saved...
2026-06-18 03:08:46,658 INFO MT4: 5301 clients saved
2026-06-18 03:08:46,659 INFO save_mt4_clients done
2026-06-18 03:08:46,659 INFO Fetching closed trade history (last 2 days)...
2026-06-18 03:08:47,845 INFO sync_trade_journal: 66332 records, 6281 closed trades in last 2d
2026-06-18 03:08:47,846 INFO Got 6281 closed trades, saving to deals...
2026-06-18 03:08:53,885 INFO MT4 journal deals saved: 6281
2026-06-18 03:08:53,886 INFO save_journal_deals done
2026-06-18 03:08:53,886 INFO === ONE-SHOT FETCH COMPLETE ===
2026-06-18 03:09:54,719 INFO Connecting to MT4...
2026-06-18 03:09:54,851 INFO mtmanapi64.dll loaded
2026-06-18 03:09:54,853 INFO MT4 manager instance created (ver=26215873)
2026-06-18 03:09:55,103 INFO MT4 connected and logged in. IsConnected=1
2026-06-18 03:09:55,105 INFO Fetching all users...
2026-06-18 03:09:55,307 INFO AdmUsersRequest: 5301 users
2026-06-18 03:09:55,308 INFO Got 5301 users, saving to clients/trading_accounts...
2026-06-18 03:09:56,438 INFO MT4 clients: 500 saved...
2026-06-18 03:09:56,801 INFO MT4 clients: 1000 saved...
2026-06-18 03:09:57,160 INFO MT4 clients: 1500 saved...
2026-06-18 03:09:57,527 INFO MT4 clients: 2000 saved...
2026-06-18 03:09:57,898 INFO MT4 clients: 2500 saved...
2026-06-18 03:09:58,256 INFO MT4 clients: 3000 saved...
2026-06-18 03:09:58,652 INFO MT4 clients: 3500 saved...
2026-06-18 03:09:59,010 INFO MT4 clients: 4000 saved...
2026-06-18 03:09:59,356 INFO MT4 clients: 4500 saved...
2026-06-18 03:09:59,703 INFO MT4 clients: 5000 saved...
2026-06-18 03:09:59,913 INFO MT4: 5301 clients saved
2026-06-18 03:09:59,914 INFO save_mt4_clients done
2026-06-18 03:09:59,915 INFO Fetching closed trade history (last 2 days)...
2026-06-18 03:10:01,099 INFO sync_trade_journal: 66337 records, 6282 closed trades in last 2d
2026-06-18 03:10:01,100 INFO Got 6282 closed trades, saving to deals...
2026-06-18 03:10:06,906 INFO MT4 journal deals saved: 6282
2026-06-18 03:10:06,907 INFO save_journal_deals done
2026-06-18 03:10:06,908 INFO === ONE-SHOT FETCH COMPLETE ===
2026-06-18 03:10:07,880 INFO mtmanapi64.dll loaded
2026-06-18 03:10:07,882 INFO MT4 manager instance created (ver=26215873)
2026-06-18 03:10:08,132 INFO MT4 connected and logged in. IsConnected=1
2026-06-18 03:11:10,528 INFO Connecting to MT4...
2026-06-18 03:11:10,755 INFO mtmanapi64.dll loaded
2026-06-18 03:11:10,757 INFO MT4 manager instance created (ver=26215873)
2026-06-18 03:11:11,007 INFO MT4 connected and logged in. IsConnected=1
2026-06-18 03:11:11,008 INFO Fetching all users...
2026-06-18 03:11:11,216 INFO AdmUsersRequest: 5301 users
2026-06-18 03:11:11,218 INFO Got 5301 users, saving to clients/trading_accounts...
2026-06-18 03:11:13,003 INFO MT4 clients: 500 saved...
2026-06-18 03:11:13,415 INFO MT4 clients: 1000 saved...
2026-06-18 03:11:13,806 INFO MT4 clients: 1500 saved...
2026-06-18 03:11:14,198 INFO MT4 clients: 2000 saved...
2026-06-18 03:11:14,612 INFO MT4 clients: 2500 saved...
2026-06-18 03:11:15,026 INFO MT4 clients: 3000 saved...
2026-06-18 03:11:15,430 INFO MT4 clients: 3500 saved...
2026-06-18 03:11:15,855 INFO MT4 clients: 4000 saved...
2026-06-18 03:11:16,273 INFO MT4 clients: 4500 saved...
2026-06-18 03:11:16,706 INFO MT4 clients: 5000 saved...
2026-06-18 03:11:16,955 INFO MT4: 5301 clients saved
2026-06-18 03:11:16,959 INFO save_mt4_clients done
2026-06-18 03:11:16,959 INFO Fetching closed trade history (last 2 days)...
2026-06-18 03:11:18,214 INFO sync_trade_journal: 66352 records, 6287 closed trades in last 2d
2026-06-18 03:11:18,219 INFO Got 6287 closed trades, saving to deals...
2026-06-18 03:11:25,537 INFO MT4 journal deals saved: 6287
2026-06-18 03:11:25,538 INFO save_journal_deals done
2026-06-18 03:11:25,538 INFO === ONE-SHOT FETCH COMPLETE ===
2026-06-18 03:12:26,513 INFO Connecting to MT4...
2026-06-18 03:12:26,655 INFO mtmanapi64.dll loaded
2026-06-18 03:12:26,655 INFO MT4 manager instance created (ver=26215873)
2026-06-18 03:12:26,906 INFO MT4 connected and logged in. IsConnected=1
2026-06-18 03:12:26,907 INFO Fetching all users...
2026-06-18 03:12:27,104 INFO AdmUsersRequest: 5301 users
2026-06-18 03:12:27,105 INFO Got 5301 users, saving to clients/trading_accounts...
2026-06-18 03:12:28,091 INFO MT4 clients: 500 saved...
2026-06-18 03:12:28,436 INFO MT4 clients: 1000 saved...
2026-06-18 03:12:28,761 INFO MT4 clients: 1500 saved...
2026-06-18 03:12:29,085 INFO MT4 clients: 2000 saved...
2026-06-18 03:12:29,400 INFO MT4 clients: 2500 saved...
2026-06-18 03:12:29,719 INFO MT4 clients: 3000 saved...
2026-06-18 03:12:30,034 INFO MT4 clients: 3500 saved...
2026-06-18 03:12:30,360 INFO MT4 clients: 4000 saved...
2026-06-18 03:12:30,690 INFO MT4 clients: 4500 saved...
2026-06-18 03:12:31,020 INFO MT4 clients: 5000 saved...
2026-06-18 03:12:31,234 INFO MT4: 5301 clients saved
2026-06-18 03:12:31,235 INFO save_mt4_clients done
2026-06-18 03:12:31,235 INFO Fetching closed trade history (last 2 days)...
2026-06-18 03:12:32,482 INFO sync_trade_journal: 66354 records, 6287 closed trades in last 2d
2026-06-18 03:12:32,483 INFO Got 6287 closed trades, saving to deals...
2026-06-18 03:12:38,716 INFO MT4 journal deals saved: 6287
2026-06-18 03:12:38,717 INFO save_journal_deals done
2026-06-18 03:12:38,717 INFO === ONE-SHOT FETCH COMPLETE ===
2026-06-18 03:13:40,104 INFO Connecting to MT4...
2026-06-18 03:13:40,315 INFO mtmanapi64.dll loaded
2026-06-18 03:13:40,317 INFO MT4 manager instance created (ver=26215873)
2026-06-18 03:13:40,571 INFO MT4 connected and logged in. IsConnected=1
2026-06-18 03:13:40,572 INFO Fetching all users...
2026-06-18 03:13:40,768 INFO AdmUsersRequest: 5301 users
2026-06-18 03:13:40,769 INFO Got 5301 users, saving to clients/trading_accounts...
2026-06-18 03:13:42,048 INFO MT4 clients: 500 saved...
2026-06-18 03:13:42,474 INFO MT4 clients: 1000 saved...
2026-06-18 03:13:42,912 INFO MT4 clients: 1500 saved...
2026-06-18 03:13:43,358 INFO MT4 clients: 2000 saved...
2026-06-18 03:13:43,782 INFO MT4 clients: 2500 saved...
2026-06-18 03:13:44,177 INFO MT4 clients: 3000 saved...
2026-06-18 03:13:44,571 INFO MT4 clients: 3500 saved...
2026-06-18 03:13:45,001 INFO MT4 clients: 4000 saved...
2026-06-18 03:13:45,408 INFO MT4 clients: 4500 saved...
2026-06-18 03:13:45,811 INFO MT4 clients: 5000 saved...
2026-06-18 03:13:46,031 INFO MT4: 5301 clients saved
2026-06-18 03:13:46,032 INFO save_mt4_clients done
2026-06-18 03:13:46,033 INFO Fetching closed trade history (last 2 days)...
2026-06-18 03:13:47,291 INFO sync_trade_journal: 66362 records, 6289 closed trades in last 2d
2026-06-18 03:13:47,292 INFO Got 6289 closed trades, saving to deals...
2026-06-18 03:15:03,708 INFO MT4 journal deals saved: 6289
2026-06-18 03:15:03,722 INFO save_journal_deals done
2026-06-18 03:15:03,723 INFO === ONE-SHOT FETCH COMPLETE ===
2026-06-18 03:16:05,684 INFO Connecting to MT4...
2026-06-18 03:16:06,094 INFO mtmanapi64.dll loaded
2026-06-18 03:16:06,102 INFO MT4 manager instance created (ver=26215873)
2026-06-18 03:16:06,354 INFO MT4 connected and logged in. IsConnected=1
2026-06-18 03:16:06,360 INFO Fetching all users...
2026-06-18 03:16:06,582 INFO AdmUsersRequest: 5301 users
2026-06-18 03:16:06,584 INFO Got 5301 users, saving to clients/trading_accounts...
2026-06-18 03:16:09,020 INFO MT4 clients: 500 saved...
2026-06-18 03:16:09,460 INFO MT4 clients: 1000 saved...
2026-06-18 03:16:09,881 INFO MT4 clients: 1500 saved...
2026-06-18 03:16:10,410 INFO MT4 clients: 2000 saved...
2026-06-18 03:16:10,841 INFO MT4 clients: 2500 saved...
2026-06-18 03:16:11,264 INFO MT4 clients: 3000 saved...
2026-06-18 03:16:11,683 INFO MT4 clients: 3500 saved...
2026-06-18 03:16:12,278 INFO MT4 clients: 4000 saved...
2026-06-18 03:16:12,737 INFO MT4 clients: 4500 saved...
2026-06-18 03:16:13,226 INFO MT4 clients: 5000 saved...
2026-06-18 03:16:13,480 INFO MT4: 5301 clients saved
2026-06-18 03:16:13,486 INFO save_mt4_clients done
2026-06-18 03:16:13,487 INFO Fetching closed trade history (last 2 days)...
2026-06-18 03:16:15,845 INFO sync_trade_journal: 66370 records, 6290 closed trades in last 2d
2026-06-18 03:16:15,869 INFO Got 6290 closed trades, saving to deals...
2026-06-18 03:16:23,568 INFO MT4 journal deals saved: 6290
2026-06-18 03:16:23,579 INFO save_journal_deals done
2026-06-18 03:16:23,580 INFO === ONE-SHOT FETCH COMPLETE ===
2026-06-18 03:17:25,999 INFO Connecting to MT4...
2026-06-18 03:17:26,278 INFO mtmanapi64.dll loaded
2026-06-18 03:17:26,285 INFO MT4 manager instance created (ver=26215873)
2026-06-18 03:17:26,503 INFO MT4 connected and logged in. IsConnected=1
2026-06-18 03:17:26,509 INFO Fetching all users...
2026-06-18 03:17:26,734 INFO AdmUsersRequest: 5301 users
2026-06-18 03:17:26,736 INFO Got 5301 users, saving to clients/trading_accounts...
2026-06-18 03:17:29,226 INFO MT4 clients: 500 saved...
2026-06-18 03:17:29,620 INFO MT4 clients: 1000 saved...
2026-06-18 03:17:30,111 INFO MT4 clients: 1500 saved...
2026-06-18 03:17:30,571 INFO MT4 clients: 2000 saved...
2026-06-18 03:17:31,023 INFO MT4 clients: 2500 saved...
2026-06-18 03:17:31,504 INFO MT4 clients: 3000 saved...
2026-06-18 03:17:31,937 INFO MT4 clients: 3500 saved...
2026-06-18 03:17:32,357 INFO MT4 clients: 4000 saved...
2026-06-18 03:17:32,856 INFO MT4 clients: 4500 saved...
2026-06-18 03:17:33,273 INFO MT4 clients: 5000 saved...
2026-06-18 03:17:33,505 INFO MT4: 5301 clients saved
2026-06-18 03:17:33,512 INFO save_mt4_clients done
2026-06-18 03:17:33,512 INFO Fetching closed trade history (last 2 days)...
2026-06-18 03:17:36,327 INFO sync_trade_journal: 66370 records, 6290 closed trades in last 2d
2026-06-18 03:17:36,337 INFO Got 6290 closed trades, saving to deals...
2026-06-18 03:17:44,809 INFO MT4 journal deals saved: 6290
2026-06-18 03:17:44,813 INFO save_journal_deals done
2026-06-18 03:17:44,814 INFO === ONE-SHOT FETCH COMPLETE ===
2026-06-18 03:18:47,190 INFO Connecting to MT4...
2026-06-18 03:18:47,493 INFO mtmanapi64.dll loaded
2026-06-18 03:18:47,495 INFO MT4 manager instance created (ver=26215873)
2026-06-18 03:18:47,757 INFO MT4 connected and logged in. IsConnected=1
2026-06-18 03:18:47,763 INFO Fetching all users...
2026-06-18 03:18:47,978 INFO AdmUsersRequest: 5301 users
2026-06-18 03:18:47,983 INFO Got 5301 users, saving to clients/trading_accounts...
2026-06-18 03:18:51,195 INFO MT4 clients: 500 saved...
2026-06-18 03:18:51,569 INFO MT4 clients: 1000 saved...
2026-06-18 03:18:52,024 INFO MT4 clients: 1500 saved...
2026-06-18 03:18:52,448 INFO MT4 clients: 2000 saved...
2026-06-18 03:18:52,877 INFO MT4 clients: 2500 saved...
2026-06-18 03:18:53,356 INFO MT4 clients: 3000 saved...
2026-06-18 03:18:53,765 INFO MT4 clients: 3500 saved...
2026-06-18 03:18:54,167 INFO MT4 clients: 4000 saved...
2026-06-18 03:18:54,605 INFO MT4 clients: 4500 saved...
2026-06-18 03:18:54,989 INFO MT4 clients: 5000 saved...
2026-06-18 03:18:55,216 INFO MT4: 5301 clients saved
2026-06-18 03:18:55,222 INFO save_mt4_clients done
2026-06-18 03:18:55,222 INFO Fetching closed trade history (last 2 days)...
2026-06-18 03:18:57,562 INFO sync_trade_journal: 66370 records, 6290 closed trades in last 2d
2026-06-18 03:18:57,570 INFO Got 6290 closed trades, saving to deals...
2026-06-18 03:19:04,741 INFO MT4 journal deals saved: 6290
2026-06-18 03:19:04,751 INFO save_journal_deals done
2026-06-18 03:19:04,751 INFO === ONE-SHOT FETCH COMPLETE ===
2026-06-18 03:20:07,519 INFO Connecting to MT4...
2026-06-18 03:20:08,065 INFO mtmanapi64.dll loaded
2026-06-18 03:20:08,075 INFO MT4 manager instance created (ver=26215873)
2026-06-18 03:20:08,324 INFO MT4 connected and logged in. IsConnected=1
2026-06-18 03:20:08,330 INFO Fetching all users...
2026-06-18 03:20:08,537 INFO AdmUsersRequest: 5301 users
2026-06-18 03:20:08,542 INFO Got 5301 users, saving to clients/trading_accounts...
2026-06-18 03:20:12,146 INFO MT4 clients: 500 saved...
2026-06-18 03:20:12,502 INFO MT4 clients: 1000 saved...
2026-06-18 03:20:12,873 INFO MT4 clients: 1500 saved...
2026-06-18 03:20:13,249 INFO MT4 clients: 2000 saved...
2026-06-18 03:20:13,650 INFO MT4 clients: 2500 saved...
2026-06-18 03:20:14,047 INFO MT4 clients: 3000 saved...
2026-06-18 03:20:14,445 INFO MT4 clients: 3500 saved...
2026-06-18 03:20:14,828 INFO MT4 clients: 4000 saved...
2026-06-18 03:20:15,298 INFO MT4 clients: 4500 saved...
2026-06-18 03:20:15,687 INFO MT4 clients: 5000 saved...
2026-06-18 03:20:15,922 INFO MT4: 5301 clients saved
2026-06-18 03:20:15,928 INFO save_mt4_clients done
2026-06-18 03:20:15,929 INFO Fetching closed trade history (last 2 days)...
2026-06-18 03:20:19,235 INFO sync_trade_journal: 66372 records, 6290 closed trades in last 2d
2026-06-18 03:20:19,243 INFO Got 6290 closed trades, saving to deals...
2026-06-18 03:20:26,614 INFO MT4 journal deals saved: 6290
2026-06-18 03:20:26,642 INFO save_journal_deals done
2026-06-18 03:20:26,643 INFO === ONE-SHOT FETCH COMPLETE ===
2026-06-18 03:21:29,492 INFO Connecting to MT4...
2026-06-18 03:21:30,310 INFO mtmanapi64.dll loaded
2026-06-18 03:21:30,340 INFO MT4 manager instance created (ver=26215873)
2026-06-18 03:21:30,624 INFO MT4 connected and logged in. IsConnected=1
2026-06-18 03:21:30,632 INFO Fetching all users...
2026-06-18 03:21:30,835 INFO AdmUsersRequest: 5301 users
2026-06-18 03:21:30,841 INFO Got 5301 users, saving to clients/trading_accounts...
2026-06-18 03:21:34,095 INFO MT4 clients: 500 saved...
2026-06-18 03:21:34,468 INFO MT4 clients: 1000 saved...
2026-06-18 03:21:34,950 INFO MT4 clients: 1500 saved...
2026-06-18 03:21:35,339 INFO MT4 clients: 2000 saved...
2026-06-18 03:21:35,724 INFO MT4 clients: 2500 saved...
2026-06-18 03:21:36,187 INFO MT4 clients: 3000 saved...
2026-06-18 03:21:36,549 INFO MT4 clients: 3500 saved...
2026-06-18 03:21:36,922 INFO MT4 clients: 4000 saved...
2026-06-18 03:21:37,279 INFO MT4 clients: 4500 saved...
2026-06-18 03:21:37,720 INFO MT4 clients: 5000 saved...
2026-06-18 03:21:37,931 INFO MT4: 5301 clients saved
2026-06-18 03:21:37,940 INFO save_mt4_clients done
2026-06-18 03:21:37,941 INFO Fetching closed trade history (last 2 days)...
2026-06-18 03:21:40,621 INFO sync_trade_journal: 66372 records, 6290 closed trades in last 2d
2026-06-18 03:21:40,631 INFO Got 6290 closed trades, saving to deals...
2026-06-18 03:21:47,884 INFO MT4 journal deals saved: 6290
2026-06-18 03:21:47,891 INFO save_journal_deals done
2026-06-18 03:21:47,892 INFO === ONE-SHOT FETCH COMPLETE ===
2026-06-18 03:22:50,290 INFO Connecting to MT4...
2026-06-18 03:22:50,681 INFO mtmanapi64.dll loaded
2026-06-18 03:22:50,688 INFO MT4 manager instance created (ver=26215873)
2026-06-18 03:22:50,939 INFO MT4 connected and logged in. IsConnected=1
2026-06-18 03:22:50,946 INFO Fetching all users...
2026-06-18 03:22:51,161 INFO AdmUsersRequest: 5301 users
2026-06-18 03:22:51,167 INFO Got 5301 users, saving to clients/trading_accounts...
2026-06-18 03:22:54,442 INFO MT4 clients: 500 saved...
2026-06-18 03:22:54,867 INFO MT4 clients: 1000 saved...
2026-06-18 03:22:55,363 INFO MT4 clients: 1500 saved...
2026-06-18 03:22:55,872 INFO MT4 clients: 2000 saved...
2026-06-18 03:22:56,292 INFO MT4 clients: 2500 saved...
2026-06-18 03:22:56,765 INFO MT4 clients: 3000 saved...
2026-06-18 03:22:57,181 INFO MT4 clients: 3500 saved...
2026-06-18 03:22:57,547 INFO MT4 clients: 4000 saved...
2026-06-18 03:22:57,930 INFO MT4 clients: 4500 saved...
2026-06-18 03:22:58,310 INFO MT4 clients: 5000 saved...
2026-06-18 03:22:58,577 INFO MT4: 5301 clients saved
2026-06-18 03:22:58,602 INFO save_mt4_clients done
2026-06-18 03:22:58,602 INFO Fetching closed trade history (last 2 days)...
2026-06-18 03:23:01,395 INFO sync_trade_journal: 66372 records, 6290 closed trades in last 2d
2026-06-18 03:23:01,443 INFO Got 6290 closed trades, saving to deals...
2026-06-18 03:25:37,201 INFO MT4 journal deals saved: 6290
2026-06-18 03:25:37,204 INFO save_journal_deals done
2026-06-18 03:25:37,205 INFO === ONE-SHOT FETCH COMPLETE ===
2026-06-18 03:26:39,178 INFO Connecting to MT4...
2026-06-18 03:26:39,349 INFO mtmanapi64.dll loaded
2026-06-18 03:26:39,351 INFO MT4 manager instance created (ver=26215873)
2026-06-18 03:26:39,605 INFO MT4 connected and logged in. IsConnected=1
2026-06-18 03:26:39,611 INFO Fetching all users...
2026-06-18 03:26:39,827 INFO AdmUsersRequest: 5301 users
2026-06-18 03:26:39,829 INFO Got 5301 users, saving to clients/trading_accounts...
2026-06-18 03:26:41,511 INFO MT4 clients: 500 saved...
2026-06-18 03:26:41,885 INFO MT4 clients: 1000 saved...
2026-06-18 03:26:42,303 INFO MT4 clients: 1500 saved...
2026-06-18 03:26:42,684 INFO MT4 clients: 2000 saved...
2026-06-18 03:26:43,088 INFO MT4 clients: 2500 saved...
2026-06-18 03:26:43,491 INFO MT4 clients: 3000 saved...
2026-06-18 03:26:43,873 INFO MT4 clients: 3500 saved...
2026-06-18 03:26:44,299 INFO MT4 clients: 4000 saved...
2026-06-18 03:26:44,676 INFO MT4 clients: 4500 saved...
2026-06-18 03:26:45,049 INFO MT4 clients: 5000 saved...
2026-06-18 03:26:45,274 INFO MT4: 5301 clients saved
2026-06-18 03:26:45,278 INFO save_mt4_clients done
2026-06-18 03:26:45,279 INFO Fetching closed trade history (last 2 days)...
2026-06-18 03:26:47,019 INFO sync_trade_journal: 66408 records, 6294 closed trades in last 2d
2026-06-18 03:26:47,021 INFO Got 6294 closed trades, saving to deals...
2026-06-18 03:26:53,847 INFO MT4 journal deals saved: 6294
2026-06-18 03:26:53,849 INFO save_journal_deals done
2026-06-18 03:26:53,850 INFO === ONE-SHOT FETCH COMPLETE ===
2026-06-18 03:26:55,274 INFO mtmanapi64.dll loaded
2026-06-18 03:26:55,281 INFO MT4 manager instance created (ver=26215873)
2026-06-18 03:26:55,485 INFO MT4 connected and logged in. IsConnected=1
2026-06-18 03:27:57,664 INFO Connecting to MT4...
2026-06-18 03:27:57,832 INFO mtmanapi64.dll loaded
2026-06-18 03:27:57,833 INFO MT4 manager instance created (ver=26215873)
2026-06-18 03:27:58,095 INFO MT4 connected and logged in. IsConnected=1
2026-06-18 03:27:58,146 INFO Fetching all users...
2026-06-18 03:27:58,357 INFO AdmUsersRequest: 5301 users
2026-06-18 03:27:58,360 INFO Got 5301 users, saving to clients/trading_accounts...
2026-06-18 03:27:59,819 INFO MT4 clients: 500 saved...
2026-06-18 03:28:00,226 INFO MT4 clients: 1000 saved...
2026-06-18 03:28:00,640 INFO MT4 clients: 1500 saved...
2026-06-18 03:28:01,106 INFO MT4 clients: 2000 saved...
2026-06-18 03:28:01,479 INFO MT4 clients: 2500 saved...
2026-06-18 03:28:01,856 INFO MT4 clients: 3000 saved...
2026-06-18 03:28:02,297 INFO MT4 clients: 3500 saved...
2026-06-18 03:28:02,699 INFO MT4 clients: 4000 saved...
2026-06-18 03:28:03,091 INFO MT4 clients: 4500 saved...
2026-06-18 03:28:03,448 INFO MT4 clients: 5000 saved...
2026-06-18 03:28:03,682 INFO MT4: 5301 clients saved
2026-06-18 03:28:03,685 INFO save_mt4_clients done
2026-06-18 03:28:03,686 INFO Fetching closed trade history (last 2 days)...
2026-06-18 03:28:05,267 INFO sync_trade_journal: 66412 records, 6294 closed trades in last 2d
2026-06-18 03:28:05,274 INFO Got 6294 closed trades, saving to deals...
2026-06-18 03:28:12,622 INFO MT4 journal deals saved: 6294
2026-06-18 03:28:12,629 INFO save_journal_deals done
2026-06-18 03:28:12,629 INFO === ONE-SHOT FETCH COMPLETE ===
2026-06-18 03:29:13,616 INFO Connecting to MT4...
2026-06-18 03:29:13,797 INFO mtmanapi64.dll loaded
2026-06-18 03:29:13,801 INFO MT4 manager instance created (ver=26215873)
2026-06-18 03:29:14,058 INFO MT4 connected and logged in. IsConnected=1
2026-06-18 03:29:14,063 INFO Fetching all users...
2026-06-18 03:29:14,269 INFO AdmUsersRequest: 5301 users
2026-06-18 03:29:14,272 INFO Got 5301 users, saving to clients/trading_accounts...
2026-06-18 03:29:15,631 INFO MT4 clients: 500 saved...
2026-06-18 03:29:15,967 INFO MT4 clients: 1000 saved...
2026-06-18 03:29:16,337 INFO MT4 clients: 1500 saved...
2026-06-18 03:29:16,703 INFO MT4 clients: 2000 saved...
2026-06-18 03:29:17,058 INFO MT4 clients: 2500 saved...
2026-06-18 03:29:17,410 INFO MT4 clients: 3000 saved...
2026-06-18 03:29:17,769 INFO MT4 clients: 3500 saved...
2026-06-18 03:29:18,124 INFO MT4 clients: 4000 saved...
2026-06-18 03:29:18,486 INFO MT4 clients: 4500 saved...
2026-06-18 03:29:18,816 INFO MT4 clients: 5000 saved...
2026-06-18 03:29:19,012 INFO MT4: 5301 clients saved
2026-06-18 03:29:19,013 INFO save_mt4_clients done
2026-06-18 03:29:19,014 INFO Fetching closed trade history (last 2 days)...
2026-06-18 03:29:20,300 INFO sync_trade_journal: 66420 records, 6296 closed trades in last 2d
2026-06-18 03:29:20,301 INFO Got 6296 closed trades, saving to deals...
2026-06-18 03:29:27,289 INFO MT4 journal deals saved: 6296
2026-06-18 03:29:27,290 INFO save_journal_deals done
2026-06-18 03:29:27,291 INFO === ONE-SHOT FETCH COMPLETE ===
2026-06-18 03:30:28,398 INFO Connecting to MT4...
2026-06-18 03:30:28,614 INFO mtmanapi64.dll loaded
2026-06-18 03:30:28,616 INFO MT4 manager instance created (ver=26215873)
2026-06-18 03:30:28,868 INFO MT4 connected and logged in. IsConnected=1
2026-06-18 03:30:28,870 INFO Fetching all users...
2026-06-18 03:30:29,072 INFO AdmUsersRequest: 5301 users
2026-06-18 03:30:29,074 INFO Got 5301 users, saving to clients/trading_accounts...
2026-06-18 03:30:30,424 INFO MT4 clients: 500 saved...
2026-06-18 03:30:30,791 INFO MT4 clients: 1000 saved...
2026-06-18 03:30:31,192 INFO MT4 clients: 1500 saved...
2026-06-18 03:30:31,540 INFO MT4 clients: 2000 saved...
2026-06-18 03:30:31,870 INFO MT4 clients: 2500 saved...
2026-06-18 03:30:32,219 INFO MT4 clients: 3000 saved...
2026-06-18 03:30:32,638 INFO MT4 clients: 3500 saved...
2026-06-18 03:30:32,999 INFO MT4 clients: 4000 saved...
2026-06-18 03:30:33,385 INFO MT4 clients: 4500 saved...
2026-06-18 03:30:33,764 INFO MT4 clients: 5000 saved...
2026-06-18 03:30:34,022 INFO MT4: 5301 clients saved
2026-06-18 03:30:34,024 INFO save_mt4_clients done
2026-06-18 03:30:34,025 INFO Fetching closed trade history (last 2 days)...
2026-06-18 03:30:35,442 INFO sync_trade_journal: 66420 records, 6296 closed trades in last 2d
2026-06-18 03:30:35,444 INFO Got 6296 closed trades, saving to deals...
2026-06-18 03:30:42,003 INFO MT4 journal deals saved: 6296
2026-06-18 03:30:42,004 INFO save_journal_deals done
2026-06-18 03:30:42,005 INFO === ONE-SHOT FETCH COMPLETE ===
2026-06-18 03:31:43,004 INFO Connecting to MT4...
2026-06-18 03:31:43,146 INFO mtmanapi64.dll loaded
2026-06-18 03:31:43,147 INFO MT4 manager instance created (ver=26215873)
2026-06-18 03:31:43,399 INFO MT4 connected and logged in. IsConnected=1
2026-06-18 03:31:43,400 INFO Fetching all users...
2026-06-18 03:31:43,604 INFO AdmUsersRequest: 5301 users
2026-06-18 03:31:43,606 INFO Got 5301 users, saving to clients/trading_accounts...
2026-06-18 03:31:44,942 INFO MT4 clients: 500 saved...
2026-06-18 03:31:45,289 INFO MT4 clients: 1000 saved...
2026-06-18 03:31:45,622 INFO MT4 clients: 1500 saved...
2026-06-18 03:31:45,941 INFO MT4 clients: 2000 saved...
2026-06-18 03:31:46,269 INFO MT4 clients: 2500 saved...
2026-06-18 03:31:46,618 INFO MT4 clients: 3000 saved...
2026-06-18 03:31:46,927 INFO MT4 clients: 3500 saved...
2026-06-18 03:31:47,246 INFO MT4 clients: 4000 saved...
2026-06-18 03:31:47,563 INFO MT4 clients: 4500 saved...
2026-06-18 03:31:47,916 INFO MT4 clients: 5000 saved...
2026-06-18 03:31:48,096 INFO MT4: 5301 clients saved
2026-06-18 03:31:48,098 INFO save_mt4_clients done
2026-06-18 03:31:48,098 INFO Fetching closed trade history (last 2 days)...
2026-06-18 03:31:49,326 INFO sync_trade_journal: 66425 records, 6297 closed trades in last 2d
2026-06-18 03:31:49,327 INFO Got 6297 closed trades, saving to deals...
2026-06-18 03:31:56,944 INFO MT4 journal deals saved: 6297
2026-06-18 03:31:56,945 INFO save_journal_deals done
2026-06-18 03:31:56,945 INFO === ONE-SHOT FETCH COMPLETE ===
2026-06-18 03:32:58,618 INFO Connecting to MT4...
2026-06-18 03:32:59,436 INFO mtmanapi64.dll loaded
2026-06-18 03:32:59,439 INFO MT4 manager instance created (ver=26215873)
2026-06-18 03:32:59,691 INFO MT4 connected and logged in. IsConnected=1
2026-06-18 03:32:59,736 INFO Fetching all users...
2026-06-18 03:32:59,946 INFO AdmUsersRequest: 5301 users
2026-06-18 03:32:59,948 INFO Got 5301 users, saving to clients/trading_accounts...
2026-06-18 03:33:02,629 INFO MT4 clients: 500 saved...
2026-06-18 03:33:03,088 INFO MT4 clients: 1000 saved...
2026-06-18 03:33:03,492 INFO MT4 clients: 1500 saved...
2026-06-18 03:33:03,896 INFO MT4 clients: 2000 saved...
2026-06-18 03:33:04,304 INFO MT4 clients: 2500 saved...
2026-06-18 03:33:04,716 INFO MT4 clients: 3000 saved...
2026-06-18 03:33:05,132 INFO MT4 clients: 3500 saved...
2026-06-18 03:33:05,566 INFO MT4 clients: 4000 saved...
2026-06-18 03:33:05,962 INFO MT4 clients: 4500 saved...
2026-06-18 03:33:06,344 INFO MT4 clients: 5000 saved...
2026-06-18 03:33:06,581 INFO MT4: 5301 clients saved
2026-06-18 03:33:06,582 INFO save_mt4_clients done
2026-06-18 03:33:06,583 INFO Fetching closed trade history (last 2 days)...
2026-06-18 03:33:08,214 INFO sync_trade_journal: 66425 records, 6297 closed trades in last 2d
2026-06-18 03:33:08,216 INFO Got 6297 closed trades, saving to deals...
2026-06-18 03:35:15,166 INFO MT4 journal deals saved: 6297
2026-06-18 03:35:15,194 INFO save_journal_deals done
2026-06-18 03:35:15,194 INFO === ONE-SHOT FETCH COMPLETE ===
2026-06-18 03:36:16,362 INFO Connecting to MT4...
2026-06-18 03:36:16,503 INFO mtmanapi64.dll loaded
2026-06-18 03:36:16,504 INFO MT4 manager instance created (ver=26215873)
2026-06-18 03:36:16,758 INFO MT4 connected and logged in. IsConnected=1
2026-06-18 03:36:16,759 INFO Fetching all users...
2026-06-18 03:36:16,961 INFO AdmUsersRequest: 5301 users
2026-06-18 03:36:16,962 INFO Got 5301 users, saving to clients/trading_accounts...
2026-06-18 03:36:18,154 INFO MT4 clients: 500 saved...
2026-06-18 03:36:18,488 INFO MT4 clients: 1000 saved...
2026-06-18 03:36:18,815 INFO MT4 clients: 1500 saved...
2026-06-18 03:36:19,173 INFO MT4 clients: 2000 saved...
2026-06-18 03:36:19,506 INFO MT4 clients: 2500 saved...
2026-06-18 03:36:19,842 INFO MT4 clients: 3000 saved...
2026-06-18 03:36:20,171 INFO MT4 clients: 3500 saved...
2026-06-18 03:36:20,510 INFO MT4 clients: 4000 saved...
2026-06-18 03:36:20,855 INFO MT4 clients: 4500 saved...
2026-06-18 03:36:21,211 INFO MT4 clients: 5000 saved...
2026-06-18 03:36:21,418 INFO MT4: 5301 clients saved
2026-06-18 03:36:21,419 INFO save_mt4_clients done
2026-06-18 03:36:21,420 INFO Fetching closed trade history (last 2 days)...
2026-06-18 03:36:22,615 INFO sync_trade_journal: 66425 records, 6297 closed trades in last 2d
2026-06-18 03:36:22,616 INFO Got 6297 closed trades, saving to deals...
2026-06-18 03:36:28,470 INFO MT4 journal deals saved: 6297
2026-06-18 03:36:28,471 INFO save_journal_deals done
2026-06-18 03:36:28,472 INFO === ONE-SHOT FETCH COMPLETE ===
2026-06-18 03:37:29,377 INFO Connecting to MT4...
2026-06-18 03:37:29,507 INFO mtmanapi64.dll loaded
2026-06-18 03:37:29,508 INFO MT4 manager instance created (ver=26215873)
2026-06-18 03:37:29,750 INFO MT4 connected and logged in. IsConnected=1
2026-06-18 03:37:29,751 INFO Fetching all users...
2026-06-18 03:37:29,949 INFO AdmUsersRequest: 5301 users
2026-06-18 03:37:29,950 INFO Got 5301 users, saving to clients/trading_accounts...
2026-06-18 03:37:31,030 INFO MT4 clients: 500 saved...
2026-06-18 03:37:31,370 INFO MT4 clients: 1000 saved...
2026-06-18 03:37:31,671 INFO MT4 clients: 1500 saved...
2026-06-18 03:37:31,989 INFO MT4 clients: 2000 saved...
2026-06-18 03:37:32,319 INFO MT4 clients: 2500 saved...
2026-06-18 03:37:32,643 INFO MT4 clients: 3000 saved...
2026-06-18 03:37:32,959 INFO MT4 clients: 3500 saved...
2026-06-18 03:37:33,264 INFO MT4 clients: 4000 saved...
2026-06-18 03:37:33,581 INFO MT4 clients: 4500 saved...
2026-06-18 03:37:33,896 INFO MT4 clients: 5000 saved...
2026-06-18 03:37:34,102 INFO MT4: 5301 clients saved
2026-06-18 03:37:34,103 INFO save_mt4_clients done
2026-06-18 03:37:34,103 INFO Fetching closed trade history (last 2 days)...
2026-06-18 03:37:35,383 INFO sync_trade_journal: 66427 records, 6297 closed trades in last 2d
2026-06-18 03:37:35,384 INFO Got 6297 closed trades, saving to deals...
2026-06-18 03:37:41,337 INFO MT4 journal deals saved: 6297
2026-06-18 03:37:41,338 INFO save_journal_deals done
2026-06-18 03:37:41,339 INFO === ONE-SHOT FETCH COMPLETE ===
2026-06-18 03:38:42,178 INFO Connecting to MT4...
2026-06-18 03:38:42,309 INFO mtmanapi64.dll loaded
2026-06-18 03:38:42,311 INFO MT4 manager instance created (ver=26215873)
2026-06-18 03:38:42,529 INFO MT4 connected and logged in. IsConnected=1
2026-06-18 03:38:42,530 INFO Fetching all users...
2026-06-18 03:38:42,756 INFO AdmUsersRequest: 5301 users
2026-06-18 03:38:42,757 INFO Got 5301 users, saving to clients/trading_accounts...
2026-06-18 03:38:43,746 INFO MT4 clients: 500 saved...
2026-06-18 03:38:44,031 INFO MT4 clients: 1000 saved...
2026-06-18 03:38:44,320 INFO MT4 clients: 1500 saved...
2026-06-18 03:38:44,626 INFO MT4 clients: 2000 saved...
2026-06-18 03:38:44,923 INFO MT4 clients: 2500 saved...
2026-06-18 03:38:45,237 INFO MT4 clients: 3000 saved...
2026-06-18 03:38:45,572 INFO MT4 clients: 3500 saved...
2026-06-18 03:38:45,893 INFO MT4 clients: 4000 saved...
2026-06-18 03:38:46,215 INFO MT4 clients: 4500 saved...
2026-06-18 03:38:46,523 INFO MT4 clients: 5000 saved...
2026-06-18 03:38:46,691 INFO MT4: 5301 clients saved
2026-06-18 03:38:46,693 INFO save_mt4_clients done
2026-06-18 03:38:46,693 INFO Fetching closed trade history (last 2 days)...
2026-06-18 03:38:47,932 INFO sync_trade_journal: 66427 records, 6297 closed trades in last 2d
2026-06-18 03:38:47,932 INFO Got 6297 closed trades, saving to deals...
2026-06-18 03:38:53,523 INFO MT4 journal deals saved: 6297
2026-06-18 03:38:53,524 INFO save_journal_deals done
2026-06-18 03:38:53,524 INFO === ONE-SHOT FETCH COMPLETE ===
2026-06-18 03:39:54,323 INFO Connecting to MT4...
2026-06-18 03:39:54,454 INFO mtmanapi64.dll loaded
2026-06-18 03:39:54,456 INFO MT4 manager instance created (ver=26215873)
2026-06-18 03:39:54,713 INFO MT4 connected and logged in. IsConnected=1
2026-06-18 03:39:54,713 INFO Fetching all users...
2026-06-18 03:39:54,926 INFO AdmUsersRequest: 5301 users
2026-06-18 03:39:54,927 INFO Got 5301 users, saving to clients/trading_accounts...
2026-06-18 03:39:55,985 INFO MT4 clients: 500 saved...
2026-06-18 03:39:56,312 INFO MT4 clients: 1000 saved...
2026-06-18 03:39:56,655 INFO MT4 clients: 1500 saved...
2026-06-18 03:39:56,991 INFO MT4 clients: 2000 saved...
2026-06-18 03:39:57,308 INFO MT4 clients: 2500 saved...
2026-06-18 03:39:57,637 INFO MT4 clients: 3000 saved...
2026-06-18 03:39:57,951 INFO MT4 clients: 3500 saved...
2026-06-18 03:39:58,266 INFO MT4 clients: 4000 saved...
2026-06-18 03:39:58,589 INFO MT4 clients: 4500 saved...
2026-06-18 03:39:58,901 INFO MT4 clients: 5000 saved...
2026-06-18 03:39:59,083 INFO MT4: 5301 clients saved
2026-06-18 03:39:59,084 INFO save_mt4_clients done
2026-06-18 03:39:59,084 INFO Fetching closed trade history (last 2 days)...
2026-06-18 03:40:00,316 INFO sync_trade_journal: 66429 records, 6297 closed trades in last 2d
2026-06-18 03:40:00,317 INFO Got 6297 closed trades, saving to deals...
2026-06-18 03:40:06,248 INFO MT4 journal deals saved: 6297
2026-06-18 03:40:06,249 INFO save_journal_deals done
2026-06-18 03:40:06,249 INFO === ONE-SHOT FETCH COMPLETE ===
2026-06-18 03:41:07,113 INFO Connecting to MT4...
2026-06-18 03:41:07,249 INFO mtmanapi64.dll loaded
2026-06-18 03:41:07,250 INFO MT4 manager instance created (ver=26215873)
2026-06-18 03:41:07,451 INFO MT4 connected and logged in. IsConnected=1
2026-06-18 03:41:07,452 INFO Fetching all users...
2026-06-18 03:41:07,668 INFO AdmUsersRequest: 5301 users
2026-06-18 03:41:07,669 INFO Got 5301 users, saving to clients/trading_accounts...
2026-06-18 03:41:08,665 INFO MT4 clients: 500 saved...
2026-06-18 03:41:08,948 INFO MT4 clients: 1000 saved...
2026-06-18 03:41:09,245 INFO MT4 clients: 1500 saved...
2026-06-18 03:41:09,548 INFO MT4 clients: 2000 saved...
2026-06-18 03:41:09,843 INFO MT4 clients: 2500 saved...
2026-06-18 03:41:10,144 INFO MT4 clients: 3000 saved...
2026-06-18 03:41:10,439 INFO MT4 clients: 3500 saved...
2026-06-18 03:41:10,745 INFO MT4 clients: 4000 saved...
2026-06-18 03:41:11,031 INFO MT4 clients: 4500 saved...
2026-06-18 03:41:11,330 INFO MT4 clients: 5000 saved...
2026-06-18 03:41:11,497 INFO MT4: 5301 clients saved
2026-06-18 03:41:11,498 INFO save_mt4_clients done
2026-06-18 03:41:11,498 INFO Fetching closed trade history (last 2 days)...
2026-06-18 03:41:12,728 INFO sync_trade_journal: 66439 records, 6299 closed trades in last 2d
2026-06-18 03:41:12,729 INFO Got 6299 closed trades, saving to deals...
2026-06-18 03:41:18,436 INFO MT4 journal deals saved: 6299
2026-06-18 03:41:18,437 INFO save_journal_deals done
2026-06-18 03:41:18,437 INFO === ONE-SHOT FETCH COMPLETE ===
2026-06-18 03:41:19,349 INFO mtmanapi64.dll loaded
2026-06-18 03:41:19,351 INFO MT4 manager instance created (ver=26215873)
2026-06-18 03:41:19,600 INFO MT4 connected and logged in. IsConnected=1
2026-06-18 03:42:21,344 INFO Connecting to MT4...
2026-06-18 03:42:21,476 INFO mtmanapi64.dll loaded
2026-06-18 03:42:21,477 INFO MT4 manager instance created (ver=26215873)
2026-06-18 03:42:21,743 INFO MT4 connected and logged in. IsConnected=1
2026-06-18 03:42:21,744 INFO Fetching all users...
2026-06-18 03:42:21,982 INFO AdmUsersRequest: 5301 users
2026-06-18 03:42:21,983 INFO Got 5301 users, saving to clients/trading_accounts...
2026-06-18 03:42:22,878 INFO MT4 clients: 500 saved...
2026-06-18 03:42:23,142 INFO MT4 clients: 1000 saved...
2026-06-18 03:42:23,411 INFO MT4 clients: 1500 saved...
2026-06-18 03:42:23,690 INFO MT4 clients: 2000 saved...
2026-06-18 03:42:23,957 INFO MT4 clients: 2500 saved...
2026-06-18 03:42:24,234 INFO MT4 clients: 3000 saved...
2026-06-18 03:42:24,517 INFO MT4 clients: 3500 saved...
2026-06-18 03:42:24,786 INFO MT4 clients: 4000 saved...
2026-06-18 03:42:25,042 INFO MT4 clients: 4500 saved...
2026-06-18 03:42:25,308 INFO MT4 clients: 5000 saved...
2026-06-18 03:42:25,462 INFO MT4: 5301 clients saved
2026-06-18 03:42:25,463 INFO save_mt4_clients done
2026-06-18 03:42:25,463 INFO Fetching closed trade history (last 2 days)...
2026-06-18 03:42:26,667 INFO sync_trade_journal: 66445 records, 6300 closed trades in last 2d
2026-06-18 03:42:26,668 INFO Got 6300 closed trades, saving to deals...
2026-06-18 03:42:31,621 INFO MT4 journal deals saved: 6300
2026-06-18 03:42:31,622 INFO save_journal_deals done
2026-06-18 03:42:31,622 INFO === ONE-SHOT FETCH COMPLETE ===
2026-06-18 03:43:32,436 INFO Connecting to MT4...
2026-06-18 03:43:32,586 INFO mtmanapi64.dll loaded
2026-06-18 03:43:32,587 INFO MT4 manager instance created (ver=26215873)
2026-06-18 03:43:32,836 INFO MT4 connected and logged in. IsConnected=1
2026-06-18 03:43:32,837 INFO Fetching all users...
2026-06-18 03:43:33,048 INFO AdmUsersRequest: 5301 users
2026-06-18 03:43:33,049 INFO Got 5301 users, saving to clients/trading_accounts...
2026-06-18 03:43:34,280 INFO MT4 clients: 500 saved...
2026-06-18 03:43:34,621 INFO MT4 clients: 1000 saved...
2026-06-18 03:43:34,968 INFO MT4 clients: 1500 saved...
2026-06-18 03:43:35,319 INFO MT4 clients: 2000 saved...
2026-06-18 03:43:35,674 INFO MT4 clients: 2500 saved...
2026-06-18 03:43:36,017 INFO MT4 clients: 3000 saved...
2026-06-18 03:43:36,350 INFO MT4 clients: 3500 saved...
2026-06-18 03:43:36,723 INFO MT4 clients: 4000 saved...
2026-06-18 03:43:37,075 INFO MT4 clients: 4500 saved...
2026-06-18 03:43:37,432 INFO MT4 clients: 5000 saved...
2026-06-18 03:43:37,656 INFO MT4: 5301 clients saved
2026-06-18 03:43:37,657 INFO save_mt4_clients done
2026-06-18 03:43:37,658 INFO Fetching closed trade history (last 2 days)...
2026-06-18 03:43:38,986 INFO sync_trade_journal: 66445 records, 6300 closed trades in last 2d
2026-06-18 03:43:38,987 INFO Got 6300 closed trades, saving to deals...
2026-06-18 03:44:49,184 INFO MT4 journal deals saved: 6300
2026-06-18 03:44:49,185 INFO save_journal_deals done
2026-06-18 03:44:49,186 INFO === ONE-SHOT FETCH COMPLETE ===
2026-06-18 03:45:50,074 INFO Connecting to MT4...
2026-06-18 03:45:50,212 INFO mtmanapi64.dll loaded
2026-06-18 03:45:50,214 INFO MT4 manager instance created (ver=26215873)
2026-06-18 03:45:50,463 INFO MT4 connected and logged in. IsConnected=1
2026-06-18 03:45:50,464 INFO Fetching all users...
2026-06-18 03:45:50,675 INFO AdmUsersRequest: 5301 users
2026-06-18 03:45:50,675 INFO Got 5301 users, saving to clients/trading_accounts...
2026-06-18 03:45:51,749 INFO MT4 clients: 500 saved...
2026-06-18 03:45:52,081 INFO MT4 clients: 1000 saved...
2026-06-18 03:45:52,407 INFO MT4 clients: 1500 saved...
2026-06-18 03:45:52,714 INFO MT4 clients: 2000 saved...
2026-06-18 03:45:53,018 INFO MT4 clients: 2500 saved...
2026-06-18 03:45:53,327 INFO MT4 clients: 3000 saved...
2026-06-18 03:45:53,637 INFO MT4 clients: 3500 saved...
2026-06-18 03:45:53,952 INFO MT4 clients: 4000 saved...
2026-06-18 03:45:54,269 INFO MT4 clients: 4500 saved...
2026-06-18 03:45:54,569 INFO MT4 clients: 5000 saved...
2026-06-18 03:45:54,740 INFO MT4: 5301 clients saved
2026-06-18 03:45:54,741 INFO save_mt4_clients done
2026-06-18 03:45:54,741 INFO Fetching closed trade history (last 2 days)...
2026-06-18 03:45:55,998 INFO sync_trade_journal: 66449 records, 6300 closed trades in last 2d
2026-06-18 03:45:56,000 INFO Got 6300 closed trades, saving to deals...
2026-06-18 03:46:01,412 INFO MT4 journal deals saved: 6300
2026-06-18 03:46:01,412 INFO save_journal_deals done
2026-06-18 03:46:01,413 INFO === ONE-SHOT FETCH COMPLETE ===
2026-06-18 03:47:02,146 INFO Connecting to MT4...
2026-06-18 03:47:02,274 INFO mtmanapi64.dll loaded
2026-06-18 03:47:02,275 INFO MT4 manager instance created (ver=26215873)
2026-06-18 03:47:02,483 INFO MT4 connected and logged in. IsConnected=1
2026-06-18 03:47:02,484 INFO Fetching all users...
2026-06-18 03:47:02,684 INFO AdmUsersRequest: 5301 users
2026-06-18 03:47:02,684 INFO Got 5301 users, saving to clients/trading_accounts...
2026-06-18 03:47:03,525 INFO MT4 clients: 500 saved...
2026-06-18 03:47:03,791 INFO MT4 clients: 1000 saved...
2026-06-18 03:47:04,070 INFO MT4 clients: 1500 saved...
2026-06-18 03:47:04,325 INFO MT4 clients: 2000 saved...
2026-06-18 03:47:04,599 INFO MT4 clients: 2500 saved...
2026-06-18 03:47:04,877 INFO MT4 clients: 3000 saved...
2026-06-18 03:47:05,146 INFO MT4 clients: 3500 saved...
2026-06-18 03:47:05,435 INFO MT4 clients: 4000 saved...
2026-06-18 03:47:05,749 INFO MT4 clients: 4500 saved...
2026-06-18 03:47:06,062 INFO MT4 clients: 5000 saved...
2026-06-18 03:47:06,249 INFO MT4: 5301 clients saved
2026-06-18 03:47:06,250 INFO save_mt4_clients done
2026-06-18 03:47:06,251 INFO Fetching closed trade history (last 2 days)...
2026-06-18 03:47:07,443 INFO sync_trade_journal: 66451 records, 6300 closed trades in last 2d
2026-06-18 03:47:07,444 INFO Got 6300 closed trades, saving to deals...
2026-06-18 03:47:13,079 INFO MT4 journal deals saved: 6300
2026-06-18 03:47:13,080 INFO save_journal_deals done
2026-06-18 03:47:13,081 INFO === ONE-SHOT FETCH COMPLETE ===
2026-06-18 03:48:13,873 INFO Connecting to MT4...
2026-06-18 03:48:14,007 INFO mtmanapi64.dll loaded
2026-06-18 03:48:14,010 INFO MT4 manager instance created (ver=26215873)
2026-06-18 03:48:14,261 INFO MT4 connected and logged in. IsConnected=1
2026-06-18 03:48:14,262 INFO Fetching all users...
2026-06-18 03:48:14,472 INFO AdmUsersRequest: 5301 users
2026-06-18 03:48:14,473 INFO Got 5301 users, saving to clients/trading_accounts...
2026-06-18 03:48:15,442 INFO MT4 clients: 500 saved...
2026-06-18 03:48:15,718 INFO MT4 clients: 1000 saved...
2026-06-18 03:48:15,991 INFO MT4 clients: 1500 saved...
2026-06-18 03:48:16,263 INFO MT4 clients: 2000 saved...
2026-06-18 03:48:16,526 INFO MT4 clients: 2500 saved...
2026-06-18 03:48:16,799 INFO MT4 clients: 3000 saved...
2026-06-18 03:48:17,079 INFO MT4 clients: 3500 saved...
2026-06-18 03:48:17,352 INFO MT4 clients: 4000 saved...
2026-06-18 03:48:17,628 INFO MT4 clients: 4500 saved...
2026-06-18 03:48:17,910 INFO MT4 clients: 5000 saved...
2026-06-18 03:48:18,078 INFO MT4: 5301 clients saved
2026-06-18 03:48:18,079 INFO save_mt4_clients done
2026-06-18 03:48:18,079 INFO Fetching closed trade history (last 2 days)...
2026-06-18 03:48:19,295 INFO sync_trade_journal: 66453 records, 6300 closed trades in last 2d
2026-06-18 03:48:19,296 INFO Got 6300 closed trades, saving to deals...
2026-06-18 03:48:24,659 INFO MT4 journal deals saved: 6300
2026-06-18 03:48:24,659 INFO save_journal_deals done
2026-06-18 03:48:24,660 INFO === ONE-SHOT FETCH COMPLETE ===
2026-06-18 03:49:25,473 INFO Connecting to MT4...
2026-06-18 03:49:25,607 INFO mtmanapi64.dll loaded
2026-06-18 03:49:25,608 INFO MT4 manager instance created (ver=26215873)
2026-06-18 03:49:25,863 INFO MT4 connected and logged in. IsConnected=1
2026-06-18 03:49:25,864 INFO Fetching all users...
2026-06-18 03:49:26,083 INFO AdmUsersRequest: 5301 users
2026-06-18 03:49:26,084 INFO Got 5301 users, saving to clients/trading_accounts...
2026-06-18 03:49:27,059 INFO MT4 clients: 500 saved...
2026-06-18 03:49:27,364 INFO MT4 clients: 1000 saved...
2026-06-18 03:49:27,657 INFO MT4 clients: 1500 saved...
2026-06-18 03:49:27,933 INFO MT4 clients: 2000 saved...
2026-06-18 03:49:28,200 INFO MT4 clients: 2500 saved...
2026-06-18 03:49:28,477 INFO MT4 clients: 3000 saved...
2026-06-18 03:49:28,767 INFO MT4 clients: 3500 saved...
2026-06-18 03:49:29,054 INFO MT4 clients: 4000 saved...
2026-06-18 03:49:29,354 INFO MT4 clients: 4500 saved...
2026-06-18 03:49:29,660 INFO MT4 clients: 5000 saved...
2026-06-18 03:49:29,833 INFO MT4: 5301 clients saved
2026-06-18 03:49:29,833 INFO save_mt4_clients done
2026-06-18 03:49:29,834 INFO Fetching closed trade history (last 2 days)...
2026-06-18 03:49:31,013 INFO sync_trade_journal: 66453 records, 6300 closed trades in last 2d
2026-06-18 03:49:31,014 INFO Got 6300 closed trades, saving to deals...
2026-06-18 03:49:36,749 INFO MT4 journal deals saved: 6300
2026-06-18 03:49:36,749 INFO save_journal_deals done
2026-06-18 03:49:36,750 INFO === ONE-SHOT FETCH COMPLETE ===
2026-06-18 03:50:37,522 INFO Connecting to MT4...
2026-06-18 03:50:37,655 INFO mtmanapi64.dll loaded
2026-06-18 03:50:37,656 INFO MT4 manager instance created (ver=26215873)
2026-06-18 03:50:37,917 INFO MT4 connected and logged in. IsConnected=1
2026-06-18 03:50:37,918 INFO Fetching all users...
2026-06-18 03:50:38,119 INFO AdmUsersRequest: 5301 users
2026-06-18 03:50:38,119 INFO Got 5301 users, saving to clients/trading_accounts...
2026-06-18 03:50:39,142 INFO MT4 clients: 500 saved...
2026-06-18 03:50:39,469 INFO MT4 clients: 1000 saved...
2026-06-18 03:50:39,785 INFO MT4 clients: 1500 saved...
2026-06-18 03:50:40,099 INFO MT4 clients: 2000 saved...
2026-06-18 03:50:40,398 INFO MT4 clients: 2500 saved...
2026-06-18 03:50:40,737 INFO MT4 clients: 3000 saved...
2026-06-18 03:50:41,078 INFO MT4 clients: 3500 saved...
2026-06-18 03:50:41,433 INFO MT4 clients: 4000 saved...
2026-06-18 03:50:41,788 INFO MT4 clients: 4500 saved...
2026-06-18 03:50:42,121 INFO MT4 clients: 5000 saved...
2026-06-18 03:50:42,317 INFO MT4: 5301 clients saved
2026-06-18 03:50:42,318 INFO save_mt4_clients done
2026-06-18 03:50:42,319 INFO Fetching closed trade history (last 2 days)...
2026-06-18 03:50:43,534 INFO sync_trade_journal: 66463 records, 6302 closed trades in last 2d
2026-06-18 03:50:43,535 INFO Got 6302 closed trades, saving to deals...
2026-06-18 03:50:49,177 INFO MT4 journal deals saved: 6302
2026-06-18 03:50:49,178 INFO save_journal_deals done
2026-06-18 03:50:49,179 INFO === ONE-SHOT FETCH COMPLETE ===
